movie_id,title,variant,predicted_genre_ids,predicted_genres,predicted_label_count
1210,Control,original,18;35,Drama; Comedy,2
1288,Shang-Chi and the Legend of the Ten Rings,original,12;14;16;28,Adventure; Fantasy; Animation; Action,4
6147,Dry,original,18;27,Drama; Horror,2
120,Shutter Island,original,18;28;53;80;9648,Drama; Action; Thriller; Crime; Mystery,5
3105,Galaxy Quest,original,12;28;53;878,Adventure; Action; Thriller; Science Fiction,4
4250,Spy,original,18;28;35;53;80,Drama; Action; Comedy; Thriller; Crime,5
350,Million Dollar Baby,original,18;35;10751,Drama; Comedy; Family,3
6325,Spree,original,28;35;53,Action; Comedy; Thriller,3
1898,The Time Machine,original,12;18;53;878,Adventure; Drama; Thriller; Science Fiction,4
9290,Survivor,original,18;28;53;80,Drama; Action; Thriller; Crime,4
9395,The Hunters,original,12;14;27;28;878;10751,Adventure; Fantasy; Horror; Action; Science Fiction; Family,6
7853,Goosebumps 2: Haunted Halloween,original,12;27;35;10751,Adventure; Horror; Comedy; Family,4
2734,Petite Maman,original,18;9648,Drama; Mystery,2
2181,Victor/Victoria,original,18;35;10749,Drama; Comedy; Romance,3
8548,Volcano,original,18;27;35;53;878,Drama; Horror; Comedy; Thriller; Science Fiction,5
4191,About Schmidt,original,18;35;10749,Drama; Comedy; Romance,3
1320,The Rules of the Game,original,18;35,Drama; Comedy,2
1419,The Reader,original,18;53;10749,Drama; Thriller; Romance,3
1016,In a Lonely Place,original,18;35;53;80;10749,Drama; Comedy; Thriller; Crime; Romance,5
110,Puss in Boots: The Last Wish,original,12;16;18;10751,Adventure; Animation; Drama; Family,4
8307,The 6th Day,original,12;28;53;878,Adventure; Action; Thriller; Science Fiction,4
6202,Jackie,original,18;36,Drama; History,2
5861,I'm Not There,original,18;35;10402,Drama; Comedy; Music,3
764,Manhattan,original,18;35;10749,Drama; Comedy; Romance,3
4105,Margin Call,original,18;53,Drama; Thriller,2
6763,Three Floors,original,18;35,Drama; Comedy,2
8256,Neuilly Yo Mama!,original,18;28;35;80,Drama; Action; Comedy; Crime,4
3483,10 Cloverfield Lane,original,18;27;28;53;878,Drama; Horror; Action; Thriller; Science Fiction,5
8226,How to Lose Friends & Alienate People,original,18;35,Drama; Comedy,2
4316,Ashfall,original,12;14;16;28;35;10751,Adventure; Fantasy; Animation; Action; Comedy; Family,6
3917,Clash of the Titans,original,12;14;16;28;35;878;10749;10751,Adventure; Fantasy; Animation; Action; Comedy; Science Fiction; Romance; Family,8
1199,The Train,original,12;18;28;35;10752,Adventure; Drama; Action; Comedy; War,5
731,Safety Last!,original,12;35,Adventure; Comedy,2
5218,Rambo: First Blood Part II,original,12;18;28;53;80,Adventure; Drama; Action; Thriller; Crime,5
5136,The Trip,original,35;10749,Comedy; Romance,2
8940,Henry's Crime,original,18;28;53;80,Drama; Action; Thriller; Crime,4
6940,Archive,original,18;28;53;878,Drama; Action; Thriller; Science Fiction,4
4263,Justice League: The New Frontier,original,12;16;28;878,Adventure; Animation; Action; Science Fiction,4
6066,God Willing,original,18;35,Drama; Comedy,2
2945,Gia,original,18;35;10749,Drama; Comedy; Romance,3
4732,The Longest Yard,original,18;53;80,Drama; Thriller; Crime,3
8744,Phantom,original,12;18;28;53;9648,Adventure; Drama; Action; Thriller; Mystery,5
6262,A California Christmas,original,18;35;10749;10751,Drama; Comedy; Romance; Family,4
5233,Something's Gotta Give,original,18;35;10749,Drama; Comedy; Romance,3
6947,Return of the Hero,original,12;18;35;10749,Adventure; Drama; Comedy; Romance,4
6591,The Collection,original,12;14;27;28,Adventure; Fantasy; Horror; Action,4
997,Harold and Maude,original,18;35;10749,Drama; Comedy; Romance,3
5071,Pollock,original,18;36,Drama; History,2
8027,Fortress,original,18;27;28;53;878,Drama; Horror; Action; Thriller; Science Fiction,5
9716,17 Girls,original,35,Comedy,1
9919,Toys,original,12;14;18;35;10751,Adventure; Fantasy; Drama; Comedy; Family,5
8209,House of Wax,original,12;27;878,Adventure; Horror; Science Fiction,3
7139,The Little Shop of Horrors,original,18;35;10749,Drama; Comedy; Romance,3
9944,The Phantom,original,12;14;16;28;35;878;10751,Adventure; Fantasy; Animation; Action; Comedy; Science Fiction; Family,7
8063,The Brats,original,18;35;10749,Drama; Comedy; Romance,3
5046,Patriot Games,original,18;28;35;53,Drama; Action; Comedy; Thriller,4
293,Barry Lyndon,original,14;18;28;35,Fantasy; Drama; Action; Comedy,4
553,Sunrise: A Song of Two Humans,original,18;35;10749,Drama; Comedy; Romance,3
7939,The 51st State,original,18;35;53;80,Drama; Comedy; Thriller; Crime,4
4233,Underworld,original,14;27;28,Fantasy; Horror; Action,3
9238,Maggie's Plan,original,18;35;10749,Drama; Comedy; Romance,3
4951,Harold and the Purple Crayon,original,12;14;18;35;10751,Adventure; Fantasy; Drama; Comedy; Family,5
7035,The Assistant,original,18;53,Drama; Thriller,2
8603,Robin Hood,original,12;14;18;28;36;10752,Adventure; Fantasy; Drama; Action; History; War,6
3330,Hoosiers,original,18;35,Drama; Comedy,2
4255,The Pit and the Pendulum,original,18;36;9648,Drama; History; Mystery,3
1293,Training Day,original,18;28;35;53;80,Drama; Action; Comedy; Thriller; Crime,5
540,F1,original,18;28;35,Drama; Action; Comedy,3
4235,Barbarian,original,18;35;53;10749,Drama; Comedy; Thriller; Romance,4
6601,FernGully: The Last Rainforest,original,12;14;16;35;10751,Adventure; Fantasy; Animation; Comedy; Family,5
1973,Spider-Man: Homecoming,original,12;18;28;878,Adventure; Drama; Action; Science Fiction,4
6557,Nighthawks,original,28;53;80,Action; Thriller; Crime,3
5705,Super Troopers,original,18;28;35;53;80,Drama; Action; Comedy; Thriller; Crime,5
5731,The Witches of Eastwick,original,18;35;10749,Drama; Comedy; Romance,3
7665,Push,original,28;53;80;9648,Action; Thriller; Crime; Mystery,4
7180,Insidious: The Last Key,original,18;27;53;9648,Drama; Horror; Thriller; Mystery,4
977,Stagecoach,original,12;18;53,Adventure; Drama; Thriller,3
9691,Be Cool,original,18;35;80;10402;10749,Drama; Comedy; Crime; Music; Romance,5
8418,Tin & Tina,original,18;35;10749,Drama; Comedy; Romance,3
3626,Compartment No. 6,original,18;53;10749,Drama; Thriller; Romance,3
2034,Justice League: Crisis on Two Earths,original,12;14;16;28;878,Adventure; Fantasy; Animation; Action; Science Fiction,5
4098,The Strange Thing About the Johnsons,original,18;53,Drama; Thriller,2
9643,Wanderlust,original,18;35;10749,Drama; Comedy; Romance,3
4179,Flight,original,18;28;35;53;80,Drama; Action; Comedy; Thriller; Crime,5
6176,For Love of the Game,original,18;35;10749,Drama; Comedy; Romance,3
7119,Taken 3,original,18;28;53;80;9648,Drama; Action; Thriller; Crime; Mystery,5
2173,Stardust,original,12;14;18,Adventure; Fantasy; Drama,3
189,The Father,original,18;53,Drama; Thriller,2
7372,He Never Died,original,14;18;35;53,Fantasy; Drama; Comedy; Thriller,4
1626,Saw,original,12;27;28;35;53;80,Adventure; Horror; Action; Comedy; Thriller; Crime,6
563,The Avengers,original,12;18;28;35;53;878,Adventure; Drama; Action; Comedy; Thriller; Science Fiction,6
1784,Grease,original,18;35;10749,Drama; Comedy; Romance,3
6167,Bride & Prejudice,original,18;35;10749,Drama; Comedy; Romance,3
7022,Severance,original,27;28;35;53,Horror; Action; Comedy; Thriller,4
7046,Child 44,original,18;53;80;9648,Drama; Thriller; Crime; Mystery,4
6244,Life,original,12;35;878,Adventure; Comedy; Science Fiction,3
1057,10 Things I Hate About You,original,18;35;10749,Drama; Comedy; Romance,3
645,The King of Comedy,original,18;35,Drama; Comedy,2
371,Don't Look Now... We're Being Shot At!,original,12;18;28;36;10752,Adventure; Drama; Action; History; War,5
5995,Assassins,original,18;28;53;80,Drama; Action; Thriller; Crime,4
8216,Shaft,original,18;28;53;80,Drama; Action; Thriller; Crime,4
3421,Wild,original,18;53,Drama; Thriller,2
1869,Possession,original,18;27;53;9648,Drama; Horror; Thriller; Mystery,4
5536,Star Trek III: The Search for Spock,original,28;35;878,Action; Comedy; Science Fiction,3
6922,King Arthur,original,12;14;18;28;36,Adventure; Fantasy; Drama; Action; History,5
6810,Second Act,original,18;35;10749,Drama; Comedy; Romance,3
4033,Mad God,original,12;14;16;27;28;53;878,Adventure; Fantasy; Animation; Horror; Action; Thriller; Science Fiction,7
8510,She-Devil,original,18;35;53;10749,Drama; Comedy; Thriller; Romance,4
8582,The Karate Kid Part III,original,18;28,Drama; Action,2
8712,Righteous Kill,original,18;28;53;80;9648,Drama; Action; Thriller; Crime; Mystery,5
1427,Glory,original,18;36;10752,Drama; History; War,3
2328,"Planes, Trains and Automobiles",original,35;10749,Comedy; Romance,2
7303,Chernobyl: Abyss,original,18;36;878,Drama; History; Science Fiction,3
4803,Escape Plan,original,18;28;53;80,Drama; Action; Thriller; Crime,4
2657,The Driver,original,18;28;35;53;80,Drama; Action; Comedy; Thriller; Crime,5
530,An Autumn Afternoon,original,18;10749,Drama; Romance,2
3412,The Zone of Interest,original,18;35;36;10752,Drama; Comedy; History; War,4
7021,Great Balls of Fire!,original,18;35;36;10402,Drama; Comedy; History; Music,4
3863,The Substitute,original,28;35;53;80,Action; Comedy; Thriller; Crime,4
769,BPM (Beats per Minute),original,18;53;878,Drama; Thriller; Science Fiction,3
603,Land of Mine,original,18;28;53;10752,Drama; Action; Thriller; War,4
1826,The Way of the Dragon,original,12;18;28;35;80,Adventure; Drama; Action; Comedy; Crime,5
9990,Marmaduke,original,18;35;10751,Drama; Comedy; Family,3
5454,Titan A.E.,original,12;18;28;878,Adventure; Drama; Action; Science Fiction,4
4689,King of New York,original,18;28;35;53;80,Drama; Action; Comedy; Thriller; Crime,5
1769,Babylon,original,18;35;36;10402,Drama; Comedy; History; Music,4
7109,The Noel Diary,original,18;9648,Drama; Mystery,2
7040,Basilicata Coast to Coast,original,18;35;10402,Drama; Comedy; Music,3
2951,Bitter Moon,original,18;35;10749,Drama; Comedy; Romance,3
4916,Return to Oz,original,14;18;10749,Fantasy; Drama; Romance,3
8894,6 Below: Miracle on the Mountain,original,18;53,Drama; Thriller,2
3547,Mamma Mia!,original,18;35;10749,Drama; Comedy; Romance,3
4476,Winter's Bone,original,18;27,Drama; Horror,2
5633,Seeking a Friend for the End of the World,original,35;53;878;10749,Comedy; Thriller; Science Fiction; Romance,4
3732,The Isle,original,16;18;35;10749,Animation; Drama; Comedy; Romance,4
9559,The Conference,original,18;28;53;80,Drama; Action; Thriller; Crime,4
365,Spider-Man: No Way Home,original,12;14;16;28;35;878,Adventure; Fantasy; Animation; Action; Comedy; Science Fiction,6
9417,Admission,original,18;35;10749,Drama; Comedy; Romance,3
1174,The Six Triple Eight,original,18;28;36;10752,Drama; Action; History; War,4
6956,Bandits,original,18;28;35;53;80;10749,Drama; Action; Comedy; Thriller; Crime; Romance,6
259,Amadeus,original,18;35,Drama; Comedy,2
5569,Flesh + Blood,original,12;14;28;35;53,Adventure; Fantasy; Action; Comedy; Thriller,5
1042,Evangelion: 1.0 You Are (Not) Alone,original,16;27;28;878,Animation; Horror; Action; Science Fiction,4
5282,Colombiana,original,27;28;53;80,Horror; Action; Thriller; Crime,4
9250,Alvin and the Chipmunks: Chipwrecked,original,12;16;27;35;878;10751,Adventure; Animation; Horror; Comedy; Science Fiction; Family,6
7326,There's No Place Like Home,original,18;35;10749,Drama; Comedy; Romance,3
475,A Bronx Tale,original,18;80,Drama; Crime,2
7344,Waiting...,original,27;28;35;53,Horror; Action; Comedy; Thriller,4
3786,White Chicks,original,18;28;35;53;80,Drama; Action; Comedy; Thriller; Crime,5
6347,Shaft,original,12;28;53;80;9648,Adventure; Action; Thriller; Crime; Mystery,5
9922,Mutant Chronicles,original,12;18;28;53;878,Adventure; Drama; Action; Thriller; Science Fiction,5
4664,He Got Game,original,18;35,Drama; Comedy,2
5439,The Finest Hours,original,12;18;28;53;10752,Adventure; Drama; Action; Thriller; War,5
2950,Cross of Iron,original,18;28;36;53;10752,Drama; Action; History; Thriller; War,5
9117,Rules Don't Apply,original,18;35;10749,Drama; Comedy; Romance,3
5908,Seoul Station,original,16;27;28;53;878,Animation; Horror; Action; Thriller; Science Fiction,5
8203,Up for Love,original,18;35;53;10749,Drama; Comedy; Thriller; Romance,4
6735,"Roman J. Israel, Esq.",original,18;35,Drama; Comedy,2
2161,Swades,original,18;35;878,Drama; Comedy; Science Fiction,3
1965,All That Heaven Allows,original,18;35;10749,Drama; Comedy; Romance,3
21,Fight Club,original,18;28;35;53;80,Drama; Action; Comedy; Thriller; Crime,5
6143,Ice Age: A Mammoth Christmas,original,12;14;16;35;10751,Adventure; Fantasy; Animation; Comedy; Family,5
3839,Antwone Fisher,original,18;53,Drama; Thriller,2
8704,Cooties,original,12;27;28;53;878,Adventure; Horror; Action; Thriller; Science Fiction,5
5092,Charlie Bartlett,original,18;35,Drama; Comedy,2
868,A Charlie Brown Christmas,original,14;16;18;35;10751,Fantasy; Animation; Drama; Comedy; Family,5
4932,The Stepford Wives,original,18;35;10749,Drama; Comedy; Romance,3
5225,Jack Reacher,original,18;27;28;53;80;9648,Drama; Horror; Action; Thriller; Crime; Mystery,6
2573,Upgraded,original,18;35;10749,Drama; Comedy; Romance,3
3624,A Conspiracy of Faith,original,18;27;53;9648,Drama; Horror; Thriller; Mystery,4
2062,Kung Fu Panda,original,12;14;16;28;35;10751,Adventure; Fantasy; Animation; Action; Comedy; Family,6
8654,Men in Black: International,original,12;28;53;878,Adventure; Action; Thriller; Science Fiction,4
1791,Asterix & Obelix: Mission Cleopatra,original,12;18;35;36,Adventure; Drama; Comedy; History,4
5534,May December,original,18;35;10749,Drama; Comedy; Romance,3
7704,Crossing Over,original,18;28;53;878,Drama; Action; Thriller; Science Fiction,4
8983,The Man,original,18;28;35;53;80;9648,Drama; Action; Comedy; Thriller; Crime; Mystery,6
5453,Main Hoon Na,original,18;28;35;53,Drama; Action; Comedy; Thriller,4
9626,Leprechaun 2,original,12;14;16;28,Adventure; Fantasy; Animation; Action,4
4336,Time After Time,original,18;28;53;80;878,Drama; Action; Thriller; Crime; Science Fiction,5
5568,"I Love You, Man",original,18;35;10749,Drama; Comedy; Romance,3
8488,An American Werewolf in Paris,original,14;27;28;35;53;878,Fantasy; Horror; Action; Comedy; Thriller; Science Fiction,6
4057,Flavors of Youth,original,18,Drama,1
3456,The Dressmaker,original,18;35;10749,Drama; Comedy; Romance,3
2164,The Seventh Company Has Been Found,original,12;16;35;10751,Adventure; Animation; Comedy; Family,4
9966,With Open Arms,original,18;35,Drama; Comedy,2
7617,28 Days,original,18;35;80,Drama; Comedy; Crime,3
5215,Brother Bear 2,original,12;14;16;35;10751,Adventure; Fantasy; Animation; Comedy; Family,5
5899,Thor: The Dark World,original,12;14;16;28;878,Adventure; Fantasy; Animation; Action; Science Fiction,5
5683,Trust,original,18;35;53;10749,Drama; Comedy; Thriller; Romance,4
8688,King Cobra,original,18;28;35;53,Drama; Action; Comedy; Thriller,4
6197,Your Sister's Sister,original,18;35;10749;10751,Drama; Comedy; Romance; Family,4
9850,Sleeping Beauty,original,14;18;27;10749,Fantasy; Drama; Horror; Romance,4
6159,Judgment Night,original,18;27;28;53;80,Drama; Horror; Action; Thriller; Crime,5
3199,Far from Heaven,original,18;10749,Drama; Romance,2
8679,Problem Child 2,original,18;35,Drama; Comedy,2
1942,High Plains Drifter,original,28;37;53;80,Action; Western; Thriller; Crime,4
9317,The Pact,original,18;27;53;9648,Drama; Horror; Thriller; Mystery,4
481,Bad Genius,original,18;35,Drama; Comedy,2
3280,The Proposition,original,18;53;80,Drama; Thriller; Crime,3
1169,Moulin Rouge!,original,18;35;10402;10749,Drama; Comedy; Music; Romance,4
7475,The Crew,original,18;28;35;53;80,Drama; Action; Comedy; Thriller; Crime,5
6721,Smurfs: The Lost Village,original,12;14;16;35;10751,Adventure; Fantasy; Animation; Comedy; Family,5
297,The Passion of Joan of Arc,original,18;27,Drama; Horror,2
5367,Suicide Kings,original,12;18;28;35;53;80,Adventure; Drama; Action; Comedy; Thriller; Crime,6
6173,Super Fuzz,original,12;28;35;53;878,Adventure; Action; Comedy; Thriller; Science Fiction,5
7924,Monster Trucks,original,12;16;28;35;10751,Adventure; Animation; Action; Comedy; Family,5
2700,Troy,original,12;18;28;36;10749,Adventure; Drama; Action; History; Romance,5
4379,Dark Water,original,18;27;53;9648,Drama; Horror; Thriller; Mystery,4
6784,The Wrath of Becky,original,18;27;53,Drama; Horror; Thriller,3
8228,Kidnapping Mr. Heineken,original,18;35;80,Drama; Comedy; Crime,3
5132,JCVD,original,18;28;35;80,Drama; Action; Comedy; Crime,4
9687,Drive-Away Dolls,original,18;27;35;53;10749,Drama; Horror; Comedy; Thriller; Romance,5
1595,The SpongeBob Movie: Sponge on the Run,original,12;16;28;35;10751,Adventure; Animation; Action; Comedy; Family,5
1329,Breaking the Waves,original,18;35;10749,Drama; Comedy; Romance,3
1923,Nowhere,original,18;53,Drama; Thriller,2
8010,The Pacifier,original,12;18;28;53;878,Adventure; Drama; Action; Thriller; Science Fiction,5
5896,Tideland,original,18;27;53,Drama; Horror; Thriller,3
6459,Cargo,original,18;27;53,Drama; Horror; Thriller,3
9013,Exit Wounds,original,28;35;53;80,Action; Comedy; Thriller; Crime,4
3324,Ip Man 3,original,28;35;53;80,Action; Comedy; Thriller; Crime,4
5770,Little Monsters,original,18;27;35;10402,Drama; Horror; Comedy; Music,4
5902,The Neon Demon,original,18;35;10749,Drama; Comedy; Romance,3
3230,Moby Dick,original,12;18,Adventure; Drama,2
285,Song of the Sea,original,12;14;18;10751,Adventure; Fantasy; Drama; Family,4
5939,The Jane Austen Book Club,original,18;10749,Drama; Romance,2
7077,Extinction,original,12;16;18;27;878,Adventure; Animation; Drama; Horror; Science Fiction,5
1471,High School of the Dead: Drifters of the Dead,original,12;27;28;35;53,Adventure; Horror; Action; Comedy; Thriller,5
4106,Loft,original,18;53;80;9648,Drama; Thriller; Crime; Mystery,4
5257,The Man in the Iron Mask,original,12;18;28,Adventure; Drama; Action,3
1837,The Great Gatsby,original,18;35;10749,Drama; Comedy; Romance,3
4529,In Her Name,original,18;53;80,Drama; Thriller; Crime,3
6063,Colors,original,18;28;53;80,Drama; Action; Thriller; Crime,4
9741,Incarnate,original,14;18;27;53,Fantasy; Drama; Horror; Thriller,4
1257,The Birds,original,27;28;53,Horror; Action; Thriller,3
7900,The Night Before,original,35,Comedy,1
4861,Nymphomaniac: Vol. II,original,18;10749,Drama; Romance,2
9380,Inside,original,18;28;53;80,Drama; Action; Thriller; Crime,4
145,Good Will Hunting,original,18;35,Drama; Comedy,2
2347,Pearl,original,18;10749,Drama; Romance,2
1047,Steins;Gate: The Movie - Load Region of Déjà Vu,original,12;16;18;28;878,Adventure; Animation; Drama; Action; Science Fiction,5
6199,Drag Me to Hell,original,18;27;53,Drama; Horror; Thriller,3
2878,The Dark Crystal,original,12;14;16;27;28;35;878,Adventure; Fantasy; Animation; Horror; Action; Comedy; Science Fiction,7
5053,Emily the Criminal,original,18;35;53;80,Drama; Comedy; Thriller; Crime,4
3147,I Hate Summer,original,18;35,Drama; Comedy,2
4581,The DUFF,original,16;35;10749;10751,Animation; Comedy; Romance; Family,4
5254,White God,original,12;14;18;35;10751,Adventure; Fantasy; Drama; Comedy; Family,5
503,Shoplifters,original,18,Drama,1
6101,Police Story 4: First Strike,original,18;28;35;53;80,Drama; Action; Comedy; Thriller; Crime,5
7290,Mean Machine,original,18;28;53;80,Drama; Action; Thriller; Crime,4
9036,Paranormal Activity 2,original,14;27;35,Fantasy; Horror; Comedy,3
1097,The Hobbit: The Desolation of Smaug,original,12;14;16;28;35;10751,Adventure; Fantasy; Animation; Action; Comedy; Family,6
7192,Ghosts of War,original,14;18;27;28;53;10752,Fantasy; Drama; Horror; Action; Thriller; War,6
826,Black Swan,original,18;35;10749,Drama; Comedy; Romance,3
1943,Red River,original,12;18;37,Adventure; Drama; Western,3
1783,My Sister's Keeper,original,18;35,Drama; Comedy,2
6847,Dark Skies,original,27;53;9648,Horror; Thriller; Mystery,3
5990,Mother's Day,original,18;27;53,Drama; Horror; Thriller,3
4698,First Love,original,18;28;53;80;10749,Drama; Action; Thriller; Crime; Romance,5
4319,The Ghost Writer,original,18;35;53;10749,Drama; Comedy; Thriller; Romance,4
1309,Almost Famous,original,18;35;10402;10749,Drama; Comedy; Music; Romance,4
6541,The Knight Before Christmas,original,12;14;18;35;10749,Adventure; Fantasy; Drama; Comedy; Romance,5
6728,Doc Hollywood,original,18;28;35;80,Drama; Action; Comedy; Crime,4
68,Given,original,18;35;10749,Drama; Comedy; Romance,3
6565,The Assassin,original,12;18;28;53,Adventure; Drama; Action; Thriller,4
3340,Lethal Weapon 2,original,12;18;28;53,Adventure; Drama; Action; Thriller,4
5380,Conspiracy Theory,original,28;35;53;9648,Action; Comedy; Thriller; Mystery,4
5732,The Chronicles of Riddick,original,12;28;878,Adventure; Action; Science Fiction,3
1738,Mad Max 2,original,12;18;28,Adventure; Drama; Action,3
9357,My Best Friend's Girl,original,18;35;10749,Drama; Comedy; Romance,3
93,Klaus,original,14;18;35;10751,Fantasy; Drama; Comedy; Family,4
7555,Murder by Numbers,original,18;28;53;80;9648,Drama; Action; Thriller; Crime; Mystery,5
4648,Oedipus Rex,original,12;18;28,Adventure; Drama; Action,3
5928,The Bookshop,original,18;35,Drama; Comedy,2
4387,200 Pounds Beauty,original,16;18;35;10749,Animation; Drama; Comedy; Romance,4
7601,Splinter,original,12;27;35;53;878;10751,Adventure; Horror; Comedy; Thriller; Science Fiction; Family,6
8944,Kicking & Screaming,original,18;35;10751,Drama; Comedy; Family,3
76,The Intouchables,original,18;35;10749,Drama; Comedy; Romance,3
2319,Betty Blue,original,18;35;10749,Drama; Comedy; Romance,3
7425,The Prince & Me,original,14;18;35;10749,Fantasy; Drama; Comedy; Romance,4
916,Laurence Anyways,original,18;35;10749,Drama; Comedy; Romance,3
9369,The Maiden Heist,original,28;35;53;80,Action; Comedy; Thriller; Crime,4
4345,An Unfinished Life,original,18;53,Drama; Thriller,2
7191,No Escape,original,12;18;28;53;80,Adventure; Drama; Action; Thriller; Crime,5
8369,The Marvels,original,12;16;28;35;878;10749;10751,Adventure; Animation; Action; Comedy; Science Fiction; Romance; Family,7
2010,Carrie,original,18;27;53,Drama; Horror; Thriller,3
7722,Happily Mixed Up,original,18;27;53,Drama; Horror; Thriller,3
194,The Hunt,original,18,Drama,1
7314,The Other Woman,original,18;35;10749,Drama; Comedy; Romance,3
6475,Flypaper,original,18;28;35;53;80;10749,Drama; Action; Comedy; Thriller; Crime; Romance,6
9513,Truth or Dare,original,18;27;35;53,Drama; Horror; Comedy; Thriller,4
7049,Your Place or Mine,original,16;35;10749;10751,Animation; Comedy; Romance; Family,4
6424,Don't Think Twice,original,18;35;53,Drama; Comedy; Thriller,3
4977,Troll Hunter,original,18;27;53;9648,Drama; Horror; Thriller; Mystery,4
998,Mortal Kombat Legends: Battle of the Realms,original,12;14;16;28;878,Adventure; Fantasy; Animation; Action; Science Fiction,5
6904,Beauty Shop,original,18;35;53,Drama; Comedy; Thriller,3
8099,Arcadian,original,12;27;28;53;878,Adventure; Horror; Action; Thriller; Science Fiction,5
5448,Silent Hill,original,18;27;53;9648,Drama; Horror; Thriller; Mystery,4
9327,Momentum,original,28;53;80;9648,Action; Thriller; Crime; Mystery,4
7114,The Dead Pool,original,18;35;53;80,Drama; Comedy; Thriller; Crime,4
3408,Mickey's Twice Upon a Christmas,original,12;14;16;35;10751,Adventure; Fantasy; Animation; Comedy; Family,5
5405,The Wizard of Lies,original,18;53;80,Drama; Thriller; Crime,3
2850,Tangled Ever After,original,12;14;16;35;10749;10751,Adventure; Fantasy; Animation; Comedy; Romance; Family,6
8088,Sanctum,original,12;18;10751,Adventure; Drama; Family,3
2705,Kiss Kiss Bang Bang,original,18;28;35;53;80,Drama; Action; Comedy; Thriller; Crime,5
6846,The Visit,original,18;27;35,Drama; Horror; Comedy,3
432,Divorce Italian Style,original,18;35;10749,Drama; Comedy; Romance,3
7851,F,original,18;28;53,Drama; Action; Thriller,3
4028,Rango,original,12;16;28;35;10751,Adventure; Animation; Action; Comedy; Family,5
1048,The Fault in Our Stars,original,18;878,Drama; Science Fiction,2
4923,RED,original,18;28;35;53;80,Drama; Action; Comedy; Thriller; Crime,5
1935,A Nightmare on Elm Street,original,18;27;53;9648,Drama; Horror; Thriller; Mystery,4
4569,Asterix in Britain,original,12;14;16;28;35;10751,Adventure; Fantasy; Animation; Action; Comedy; Family,6
195,New Gods: Nezha Reborn,original,12;14;16;18;28;35;878,Adventure; Fantasy; Animation; Drama; Action; Comedy; Science Fiction,7
4697,Superman II,original,12;16;28;878,Adventure; Animation; Action; Science Fiction,4
392,We Are the Nobles,original,18;35,Drama; Comedy,2
8213,Alvin and the Chipmunks: The Road Chip,original,18;35;10749,Drama; Comedy; Romance,3
6304,Wild Target,original,18;28;53;80,Drama; Action; Thriller; Crime,4
3110,What's Love Got to Do with It,original,18;35;10749,Drama; Comedy; Romance,3
4715,Road House,original,18;35;53;80,Drama; Comedy; Thriller; Crime,4
5549,Lionheart,original,18;28,Drama; Action,2
2066,Red Dog,original,12;16;18;10751,Adventure; Animation; Drama; Family,4
1716,Rushmore,original,18;35;10749,Drama; Comedy; Romance,3
537,The Shadow in My Eye,original,18;28;36;53;10752,Drama; Action; History; Thriller; War,5
7092,Legends of Oz: Dorothy's Return,original,12;14;16;10751,Adventure; Fantasy; Animation; Family,4
6211,The Uninvited,original,18;27;53;9648,Drama; Horror; Thriller; Mystery,4
4824,Bumblebee,original,12;16;35;10751,Adventure; Animation; Comedy; Family,4
2220,Riders of Justice,original,18;27;53;9648,Drama; Horror; Thriller; Mystery,4
2109,Sonic the Hedgehog,original,12;14;16;28;35;878;10751,Adventure; Fantasy; Animation; Action; Comedy; Science Fiction; Family,7
2137,The Fundamentals of Caring,original,18;35,Drama; Comedy,2
8471,Alexander,original,12;18;28;36;10752,Adventure; Drama; Action; History; War,5
8919,Neighbors 2: Sorority Rising,original,18;35,Drama; Comedy,2
7279,Accident Man,original,18;28;35;53;80,Drama; Action; Comedy; Thriller; Crime,5
2200,Land of Bad,original,28;35;53;878,Action; Comedy; Thriller; Science Fiction,4
954,The Longest Ride,original,18;10749,Drama; Romance,2
5846,Dragonslayer,original,12;14;28,Adventure; Fantasy; Action,3
2761,Confession of Murder,original,18;27;28;53;80;9648,Drama; Horror; Action; Thriller; Crime; Mystery,6
3169,Patriots Day,original,18;28;53,Drama; Action; Thriller,3
4930,Night Moves,original,18;35;53;80;9648,Drama; Comedy; Thriller; Crime; Mystery,5
7857,V/H/S/94,original,27;28;53;878;9648,Horror; Action; Thriller; Science Fiction; Mystery,5
459,Persepolis,original,18;36,Drama; History,2
3793,Nine to Five,original,18;35;80,Drama; Comedy; Crime,3
742,Slumdog Millionaire,original,18;35;80,Drama; Comedy; Crime,3
9458,Leatherface,original,18;27;53,Drama; Horror; Thriller,3
5743,Looking for Eric,original,18;35;10749,Drama; Comedy; Romance,3
50,American History X,original,18;28;53;80,Drama; Action; Thriller; Crime,4
2108,Stolen Kisses,original,18;35,Drama; Comedy,2
3005,Ariel,original,18;53,Drama; Thriller,2
2698,Monsieur Lazhar,original,18,Drama,1
6130,The Love Witch,original,14;35;10749,Fantasy; Comedy; Romance,3
2762,House of Sand and Fog,original,18;53;80,Drama; Thriller; Crime,3
8909,Analyze That,original,18;35;53;80,Drama; Comedy; Thriller; Crime,4
4555,Kill the Irishman,original,18;28;36;53;80,Drama; Action; History; Thriller; Crime,5
3314,My Neighbors the Yamadas,original,18;27,Drama; Horror,2
6867,Yara,original,18;27;53;80;9648,Drama; Horror; Thriller; Crime; Mystery,5
866,Scooby-Doo on Zombie Island,original,12;14;16;35;10751,Adventure; Fantasy; Animation; Comedy; Family,5
5897,Bubba Ho-tep,original,18;35,Drama; Comedy,2
3362,An Officer and a Gentleman,original,18;28;35,Drama; Action; Comedy,3
5462,Goya's Ghosts,original,18;28;53,Drama; Action; Thriller,3
3704,RocknRolla,original,35;53;80,Comedy; Thriller; Crime,3
2058,"Good Morning, Vietnam",original,18;35,Drama; Comedy,2
3919,Finestkind,original,18;28;35;53;80,Drama; Action; Comedy; Thriller; Crime,5
7768,Ad Astra,original,12;18;28;53;878,Adventure; Drama; Action; Thriller; Science Fiction,5
8004,No Filter,original,18;35;10749,Drama; Comedy; Romance,3
7957,Kill Your Friends,original,18;35;53;80;10402,Drama; Comedy; Thriller; Crime; Music,5
8023,My Life Without Me,original,18;27;53,Drama; Horror; Thriller,3
8173,Bee Movie,original,18;35;80;878,Drama; Comedy; Crime; Science Fiction,4
3737,Fly Away Home,original,18;27;35;10751,Drama; Horror; Comedy; Family,4
5273,Aline,original,18;10402,Drama; Music,2
2229,Jeremiah Johnson,original,12;14;18;28,Adventure; Fantasy; Drama; Action,4
4706,Tucker: The Man and His Dream,original,18;36,Drama; History,2
9060,We Are What We Are,original,18;27;28;53,Drama; Horror; Action; Thriller,4
2063,Duck Soup,original,12;18,Adventure; Drama,2
3257,Elephant,original,18;35,Drama; Comedy,2
9891,Behaving Badly,original,18;35;10749,Drama; Comedy; Romance,3
3808,Project Silence,original,18;27;53;878,Drama; Horror; Thriller; Science Fiction,4
6370,"My Donkey, My Lover & I",original,12;18;35;10751,Adventure; Drama; Comedy; Family,4
863,12 Angry Men,original,18;80,Drama; Crime,2
2830,After the Wedding,original,18;53,Drama; Thriller,2
6596,The Imaginarium of Doctor Parnassus,original,12;14;28;35,Adventure; Fantasy; Action; Comedy,4
7661,Ben 10: Alien Swarm,original,12;28;53;878,Adventure; Action; Thriller; Science Fiction,4
9043,Black Sheep,original,27;53;878,Horror; Thriller; Science Fiction,3
3112,The Thirteenth Floor,original,18;35;53,Drama; Comedy; Thriller,3
6154,Olaf's Frozen Adventure,original,12;14;16;35;10751,Adventure; Fantasy; Animation; Comedy; Family,5
1132,Gattaca,original,12;28;35;878,Adventure; Action; Comedy; Science Fiction,4
6679,New Kids Turbo,original,18;35;80,Drama; Comedy; Crime,3
6352,Operation Christmas Drop,original,18;28;35;53,Drama; Action; Comedy; Thriller,4
6897,Flushed Away,original,12;16;35;10751,Adventure; Animation; Comedy; Family,4
9302,Damaged,original,18;53;80;9648,Drama; Thriller; Crime; Mystery,4
4186,Moonstruck,original,18;35;10749,Drama; Comedy; Romance,3
9506,Deep Blue Sea 3,original,12;35;878;10751,Adventure; Comedy; Science Fiction; Family,4
1553,Scarface,original,18;28;53;80,Drama; Action; Thriller; Crime,4
8924,Young Adult,original,18;35;10749,Drama; Comedy; Romance,3
2655,Identity,original,27;53;9648,Horror; Thriller; Mystery,3
9460,Family Pack,original,12;14;16;27;28;35;10751,Adventure; Fantasy; Animation; Horror; Action; Comedy; Family,7
919,Vampire Hunter D: Bloodlust,original,12;27;28;35,Adventure; Horror; Action; Comedy,4
2957,A Writer's Odyssey,original,12;14;16;18;28,Adventure; Fantasy; Animation; Drama; Action,5
5598,Who You Think I Am,original,18;35;10749,Drama; Comedy; Romance,3
9215,Porky's II: The Next Day,original,18;27;35,Drama; Horror; Comedy,3
9951,Havoc,original,18;35;53;80,Drama; Comedy; Thriller; Crime,4
5870,Turbo Kid,original,12;18;28,Adventure; Drama; Action,3
2826,The Rock,original,18;28;53;80,Drama; Action; Thriller; Crime,4
4831,Dreamgirls,original,18;35;10402;10749,Drama; Comedy; Music; Romance,4
899,Onward,original,12;14;16;35;10751,Adventure; Fantasy; Animation; Comedy; Family,5
7350,Alice and the Mayor,original,18;35;10749,Drama; Comedy; Romance,3
5022,Yes Man,original,18;35,Drama; Comedy,2
8371,When in Rome,original,18;35;10749;10751,Drama; Comedy; Romance; Family,4
3153,SPY x FAMILY CODE: White,original,12;35;53,Adventure; Comedy; Thriller,3
6119,Bridget Jones: Mad About the Boy,original,18;35;10749,Drama; Comedy; Romance,3
6726,The Only Living Boy in New York,original,18;35;10749,Drama; Comedy; Romance,3
6890,Dead in a Week (Or Your Money Back),original,18;35;53,Drama; Comedy; Thriller,3
53,Princess Mononoke,original,12;14;16;18;28,Adventure; Fantasy; Animation; Drama; Action,5
4530,Perfect Addiction,original,18;28;53,Drama; Action; Thriller,3
7321,Megan Is Missing,original,18;53,Drama; Thriller,2
7738,Housesitter,original,18;35,Drama; Comedy,2
1058,The Wizard of Oz,original,12;14;16;18;10751,Adventure; Fantasy; Animation; Drama; Family,5
7960,Duplex,original,27;35;53,Horror; Comedy; Thriller,3
3944,The Hidden,original,18;53;80;9648,Drama; Thriller; Crime; Mystery,4
5543,Ender's Game,original,12;18;28;878,Adventure; Drama; Action; Science Fiction,4
4162,Denial,original,18;36,Drama; History,2
290,Citizen Kane,original,18;80,Drama; Crime,2
717,Gran Turismo,original,12;18;35;10751,Adventure; Drama; Comedy; Family,4
584,Spotlight,original,18;27;35;53,Drama; Horror; Comedy; Thriller,4
3508,This Must Be the Place,original,18;35;53;80,Drama; Comedy; Thriller; Crime,4
1103,Spies in Disguise,original,12;18;28;35;878,Adventure; Drama; Action; Comedy; Science Fiction,5
7365,The Night Clerk,original,18;27;35;53;80;9648,Drama; Horror; Comedy; Thriller; Crime; Mystery,6
7951,The SpongeBob Movie: Sponge Out of Water,original,12;14;16;28;35;10751,Adventure; Fantasy; Animation; Action; Comedy; Family,6
1112,"Girl, Interrupted",original,14;18;10749,Fantasy; Drama; Romance,3
8563,Curse of Chucky,original,14;16;18;27;53;9648,Fantasy; Animation; Drama; Horror; Thriller; Mystery,6
8522,Pyewacket,original,14;18;27;53;9648,Fantasy; Drama; Horror; Thriller; Mystery,5
4553,Anna and the King,original,18;36;10749,Drama; History; Romance,3
5111,The Spiderwick Chronicles,original,12;14;16;35;10751,Adventure; Fantasy; Animation; Comedy; Family,5
9159,Arthur and the Revenge of Maltazard,original,14;18;35,Fantasy; Drama; Comedy,3
8686,Line of Duty,original,18;35;53;80,Drama; Comedy; Thriller; Crime,4
542,Two Women,original,18;10749;10752,Drama; Romance; War,3
5531,Star Wars: Episode II - Attack of the Clones,original,12;18;28;53;878,Adventure; Drama; Action; Thriller; Science Fiction,5
5529,House of Gucci,original,18;35,Drama; Comedy,2
1683,Boys Don't Cry,original,18;10749,Drama; Romance,2
8472,"Farewell, My Queen",original,18;36;10749,Drama; History; Romance,3
4976,Time Freak,original,18;35;878;10749,Drama; Comedy; Science Fiction; Romance,4
5687,Fragile,original,14;18;27;53;9648,Fantasy; Drama; Horror; Thriller; Mystery,5
2550,The Animatrix,original,12;16;28;35;878,Adventure; Animation; Action; Comedy; Science Fiction,5
5810,Ramona and Beezus,original,14;16;18;35;10751,Fantasy; Animation; Drama; Comedy; Family,5
4386,The Women on the 6th Floor,original,18;35;10749,Drama; Comedy; Romance,3
7751,Big Trouble,original,18;35;80,Drama; Comedy; Crime,3
995,The Others,original,14;18;27,Fantasy; Drama; Horror,3
4023,Mike's New Car,original,35;10751,Comedy; Family,2
6574,Baba Yaga: Terror of the Dark Forest,original,14;18;27;35;9648;10751,Fantasy; Drama; Horror; Comedy; Mystery; Family,6
3210,Futurama: Into the Wild Green Yonder,original,12;14;28;35;878,Adventure; Fantasy; Action; Comedy; Science Fiction,5
402,Amélie,original,18;35;10749,Drama; Comedy; Romance,3
7862,The Zero Theorem,original,18;53;878,Drama; Thriller; Science Fiction,3
4335,The Dry,original,18;35,Drama; Comedy,2
9059,A Christmas Horror Story,original,35;10751,Comedy; Family,2
7776,Cocktail,original,18;35;80,Drama; Comedy; Crime,3
1341,Boyhood,original,18;35;10749,Drama; Comedy; Romance,3
6666,Octopussy,original,12;28;53;80;9648,Adventure; Action; Thriller; Crime; Mystery,5
2993,Welcome to the Dollhouse,original,18;35,Drama; Comedy,2
6943,Mighty Joe Young,original,18;27;53,Drama; Horror; Thriller,3
3669,Insomnia,original,27;53;80;9648,Horror; Thriller; Crime; Mystery,4
1993,The Magnificent Ambersons,original,14;18;35;10749,Fantasy; Drama; Comedy; Romance,4
7315,Knight and Day,original,18;53;80,Drama; Thriller; Crime,3
3411,The High Note,original,18;35;10402;10749,Drama; Comedy; Music; Romance,4
9198,Red Planet,original,12;28;35;53;878,Adventure; Action; Comedy; Thriller; Science Fiction,5
4056,Hellraiser,original,12;14;18;35;10751,Adventure; Fantasy; Drama; Comedy; Family,5
286,Robot Dreams,original,16;18;35;878;10749;10751,Animation; Drama; Comedy; Science Fiction; Romance; Family,6
5815,RED 2,original,18;28;53;878,Drama; Action; Thriller; Science Fiction,4
8807,Sgt. Bilko,original,18;28;35;10752,Drama; Action; Comedy; War,4
6362,Drop,original,18;27;35;10749,Drama; Horror; Comedy; Romance,4
2517,Maria Full of Grace,original,18;35;80,Drama; Comedy; Crime,3
7212,Sky High,original,12;14;18;28;878,Adventure; Fantasy; Drama; Action; Science Fiction,5
3346,After We Fell,original,18;53;10749,Drama; Thriller; Romance,3
1720,Once Were Warriors,original,18,Drama,1
714,Notorious,original,18;28;53;80,Drama; Action; Thriller; Crime,4
1554,Erin Brockovich,original,18;35;53,Drama; Comedy; Thriller,3
8887,Fading Gigolo,original,18;35,Drama; Comedy,2
9701,Forces of Nature,original,12;35,Adventure; Comedy,2
178,Portrait of a Lady on Fire,original,18;10749,Drama; Romance,2
304,Sound of Freedom,original,18;53,Drama; Thriller,2
3262,Apollo 10½: A Space Age Childhood,original,14;18,Fantasy; Drama,2
4420,Black or White,original,18,Drama,1
2071,Dog,original,18;35,Drama; Comedy,2
7008,Cannibal Holocaust,original,12;18;878,Adventure; Drama; Science Fiction,3
5176,House of Usher,original,27;53,Horror; Thriller,2
5834,The Ref,original,27;35;53,Horror; Comedy; Thriller,3
7352,Zambezia,original,12;16;18;10751,Adventure; Animation; Drama; Family,4
9847,Slumber,original,14;27;53,Fantasy; Horror; Thriller,3
2049,Deliverance,original,18;53,Drama; Thriller,2
3354,C'est la vie!,original,35;10749,Comedy; Romance,2
1715,Hour of the Wolf,original,18;35;53;10749,Drama; Comedy; Thriller; Romance,4
6888,Bad Taste,original,12;28;35;53;878,Adventure; Action; Comedy; Thriller; Science Fiction,5
9031,Big Momma's House 2,original,28;35;10751,Action; Comedy; Family,3
5442,Brewster's Millions,original,18;35;53,Drama; Comedy; Thriller,3
5007,The Return,original,18;27,Drama; Horror,2
1430,Fist of Legend,original,18;28;53,Drama; Action; Thriller,3
2489,Little Manhattan,original,18;35,Drama; Comedy,2
2545,Time to Hunt,original,18;28;35;53;80,Drama; Action; Comedy; Thriller; Crime,5
4713,Germinal,original,18;36;53;80,Drama; History; Thriller; Crime,4
1146,Inside Out 2,original,18;27;35;53;9648,Drama; Horror; Comedy; Thriller; Mystery,5
8853,Replicant,original,27;28;53;80;878,Horror; Action; Thriller; Crime; Science Fiction,5
6468,Baggio: The Divine Ponytail,original,18;35,Drama; Comedy,2
3347,One Night in Miami...,original,18;28;36,Drama; Action; History,3
1334,Band of Outsiders,original,18;35,Drama; Comedy,2
9438,Diana,original,18;10749,Drama; Romance,2
967,The Turin Horse,original,18,Drama,1
8297,Anon,original,18;27;53;80;9648,Drama; Horror; Thriller; Crime; Mystery,5
5244,Contagion,original,27;28;53;878,Horror; Action; Thriller; Science Fiction,4
4592,Teen Beach 2,original,18;35;10751,Drama; Comedy; Family,3
8526,Thanks for Sharing,original,18;35;10749,Drama; Comedy; Romance,3
9994,Hollywood Homicide,original,18;28;35;53;80,Drama; Action; Comedy; Thriller; Crime,5
496,Perfect Strangers,original,18;35,Drama; Comedy,2
971,Sniper: The White Raven,original,18;28;53;10752,Drama; Action; Thriller; War,4
7663,That Awkward Moment,original,18;35;10749,Drama; Comedy; Romance,3
9161,Urban Legend,original,18;27;53;80;9648,Drama; Horror; Thriller; Crime; Mystery,5
3785,Streets of Fire,original,35;10749,Comedy; Romance,2
9172,The Midnight Sky,original,12;18;53;878,Adventure; Drama; Thriller; Science Fiction,4
4882,Boiler Room,original,18;35,Drama; Comedy,2
7824,Trouble at Timpetill,original,18;27,Drama; Horror,2
2979,Lamp Life,original,16;18;35;10751,Animation; Drama; Comedy; Family,4
8429,The Oxford Murders,original,18;27;53;80;9648,Drama; Horror; Thriller; Crime; Mystery,5
1654,They Call Me Jeeg,original,12;28;35,Adventure; Action; Comedy,3
7583,Never Been Kissed,original,18;35;80;10749,Drama; Comedy; Crime; Romance,4
5921,The Invisible Guardian,original,14;18;27;53;9648,Fantasy; Drama; Horror; Thriller; Mystery,5
8963,Robinson Crusoe,original,12;14;16;35;10751,Adventure; Fantasy; Animation; Comedy; Family,5
382,"Batman: The Dark Knight Returns, Part 2",original,16;28;878,Animation; Action; Science Fiction,3
1746,Law Abiding Citizen,original,18;28;53;80,Drama; Action; Thriller; Crime,4
7134,Ant-Man and the Wasp: Quantumania,original,12;28;35;878,Adventure; Action; Comedy; Science Fiction,4
1215,The Second Tragic Fantozzi,original,18;35;10751,Drama; Comedy; Family,3
7345,Jigsaw,original,27;28;53;80;878;9648,Horror; Action; Thriller; Crime; Science Fiction; Mystery,6
2859,Matthias & Maxime,original,18;35;10749,Drama; Comedy; Romance,3
2502,The Ten Commandments: The Movie,original,12;18;36,Adventure; Drama; History,3
1396,Birdman of Alcatraz,original,18;53;80,Drama; Thriller; Crime,3
1465,The Croods: A New Age,original,12;27;35;10751,Adventure; Horror; Comedy; Family,4
5305,Valerian and the City of a Thousand Planets,original,12;18;28;878,Adventure; Drama; Action; Science Fiction,4
4897,Just Go with It,original,18;35;53;10749,Drama; Comedy; Thriller; Romance,4
1598,Trinity Is Still My Name,original,28;35;80,Action; Comedy; Crime,3
4615,Primer,original,18;878,Drama; Science Fiction,2
9232,The Art of War,original,18;28;53;80,Drama; Action; Thriller; Crime,4
5315,Mr. Morgan's Last Love,original,18;35;10749,Drama; Comedy; Romance,3
1609,American Me,original,18;28;53;80,Drama; Action; Thriller; Crime,4
6534,Creep,original,18;35;53,Drama; Comedy; Thriller,3
3561,The White Tiger,original,12;18;28;35,Adventure; Drama; Action; Comedy,4
3143,The Matrix Reloaded,original,12;28;53;878,Adventure; Action; Thriller; Science Fiction,4
1986,Just Another Christmas,original,35,Comedy,1
8285,Flight of the Phoenix,original,12;18;28;35,Adventure; Drama; Action; Comedy,4
8843,The Big Wedding,original,35;10749,Comedy; Romance,2
1234,The Girl with the Dragon Tattoo,original,18;53;9648,Drama; Thriller; Mystery,3
4540,Battlestar Galactica: The Plan,original,28;53;878,Action; Thriller; Science Fiction,3
5519,The Lord of the Rings,original,12;16;28;878,Adventure; Animation; Action; Science Fiction,4
3791,Tracks,original,12;18;35;10749;10751,Adventure; Drama; Comedy; Romance; Family,5
1189,Let the Right One In,original,18;35;10749,Drama; Comedy; Romance,3
9436,Max Steel,original,12;16;28;35;878;10751,Adventure; Animation; Action; Comedy; Science Fiction; Family,6
4641,Jersey Boys,original,18;35;10402;10749,Drama; Comedy; Music; Romance,4
4769,The Fog,original,14;27;53;9648,Fantasy; Horror; Thriller; Mystery,4
5031,Meet the Parents,original,35;10749,Comedy; Romance,2
7593,Jumper,original,12;18;35;878,Adventure; Drama; Comedy; Science Fiction,4
7709,The Amityville Horror,original,18;35;10749,Drama; Comedy; Romance,3
8969,Fantastic Four,original,12;14;28;35;878,Adventure; Fantasy; Action; Comedy; Science Fiction,5
6047,The Last Days of American Crime,original,18;28;53;878,Drama; Action; Thriller; Science Fiction,4
7284,Bridget Jones: The Edge of Reason,original,18;35;53;80;10749,Drama; Comedy; Thriller; Crime; Romance,5
8021,Sleepover,original,35;10749;10751,Comedy; Romance; Family,3
7868,Village of the Damned,original,18;27,Drama; Horror,2
6837,Bend It Like Beckham,original,18;35;10749,Drama; Comedy; Romance,3
2632,Invictus,original,18;35;36,Drama; Comedy; History,3
1775,Burning,original,18;35;10749;10751,Drama; Comedy; Romance; Family,4
6545,Wonder Wheel,original,18;35;10751,Drama; Comedy; Family,3
8751,The Spy Next Door,original,18;35;53;80,Drama; Comedy; Thriller; Crime,4
5118,Back to Black,original,18;35;10402;10749,Drama; Comedy; Music; Romance,4
1843,The Big Short,original,18;28;35;36,Drama; Action; Comedy; History,4
4243,The Man Who Invented Christmas,original,14;18;35;10751,Fantasy; Drama; Comedy; Family,4
7744,Once Upon a Time in Bethlehem,original,12;14;27;28;35;878,Adventure; Fantasy; Horror; Action; Comedy; Science Fiction,6
9752,Poison Ivy,original,18;35;10749,Drama; Comedy; Romance,3
2286,Star Wars: The Force Awakens,original,12;16;28;878,Adventure; Animation; Action; Science Fiction,4
7217,"Marry Me, Dude",original,18;35;10749,Drama; Comedy; Romance,3
2203,Heathers,original,18;35,Drama; Comedy,2
8900,Big Momma's House,original,28;35;80,Action; Comedy; Crime,3
6554,The Awakening,original,18;27;53;9648,Drama; Horror; Thriller; Mystery,4
2003,The Sea Beast,original,12;14;16;28;35;878;10751,Adventure; Fantasy; Animation; Action; Comedy; Science Fiction; Family,7
1265,Tell It to the Bees,original,18;35;10751,Drama; Comedy; Family,3
3555,The Amateur,original,18;28;53;80,Drama; Action; Thriller; Crime,4
2763,Peter Pan,original,12;14;16;35;10751,Adventure; Fantasy; Animation; Comedy; Family,5
755,The Sound of Music,original,18;35;10752,Drama; Comedy; War,3
8019,French Twist,original,18;35;10749,Drama; Comedy; Romance,3
5983,Kinds of Kindness,original,14;18;35,Fantasy; Drama; Comedy,3
6710,The Good Shepherd,original,18,Drama,1
5045,Geek Charming,original,35;10749,Comedy; Romance,2
8534,The Specialist,original,28;35;53;80,Action; Comedy; Thriller; Crime,4
3843,Crazy Heart,original,18;35;10402;10749,Drama; Comedy; Music; Romance,4
6830,The Bar,original,18;27;53;80;9648,Drama; Horror; Thriller; Crime; Mystery,5
6072,The Manchurian Candidate,original,18;28;35;53,Drama; Action; Comedy; Thriller,4
9814,Downsizing,original,18;35;10749,Drama; Comedy; Romance,3
7982,Justice League,original,12;14;16;28;35;878;10751,Adventure; Fantasy; Animation; Action; Comedy; Science Fiction; Family,7
3996,Saboteur,original,18;28;53;80,Drama; Action; Thriller; Crime,4
651,Dune,original,12;18;28;53;878,Adventure; Drama; Action; Thriller; Science Fiction,5
555,A Fistful of Dollars,original,18;28;53;80,Drama; Action; Thriller; Crime,4
2284,The Hurt Locker,original,18;28;35;10752,Drama; Action; Comedy; War,4
3708,The Angels' Share,original,18;35,Drama; Comedy,2
6832,The Immigrant,original,18;35;10749,Drama; Comedy; Romance,3
40,Se7en,original,27;53;80;9648,Horror; Thriller; Crime; Mystery,4
1083,Brother,original,18;28;53;80,Drama; Action; Thriller; Crime,4
3234,Red One,original,12;14;16;27;28;35;53;10751,Adventure; Fantasy; Animation; Horror; Action; Comedy; Thriller; Family,8
8155,Despite Everything,original,18;35;10749,Drama; Comedy; Romance,3
92,Avengers: Infinity War,original,12;14;16;28;878,Adventure; Fantasy; Animation; Action; Science Fiction,5
1154,We Need to Talk About Kevin,original,18;27,Drama; Horror,2
5901,Revenge,original,18;35;10749,Drama; Comedy; Romance,3
521,Dances with Wolves,original,18;53,Drama; Thriller,2
7454,Elizabethtown,original,18;35;53,Drama; Comedy; Thriller,3
2694,Boyka: Undisputed IV,original,28;80,Action; Crime,2
8724,Beverly Hills Cop III,original,12;28;35;53;80;9648,Adventure; Action; Comedy; Thriller; Crime; Mystery,6
7149,Killer Elite,original,12;28;53;80,Adventure; Action; Thriller; Crime,4
6778,I Want You Back,original,18;35;10749;10751,Drama; Comedy; Romance; Family,4
414,Army of Shadows,original,18;28;53;10752,Drama; Action; Thriller; War,4
7587,Bright,original,28;35;53,Action; Comedy; Thriller,3
3261,The Lake House,original,18;35;9648;10749,Drama; Comedy; Mystery; Romance,4
7476,The Big White,original,28;35;53;80;9648,Action; Comedy; Thriller; Crime; Mystery,5
2780,Stargate: The Ark of Truth,original,12;16;28;878,Adventure; Animation; Action; Science Fiction,4
2331,Team Thor,original,12;18;28;36;878;10752,Adventure; Drama; Action; History; Science Fiction; War,6
3596,Addams Family Values,original,35;10751,Comedy; Family,2
9724,Serenity,original,18;35;10749,Drama; Comedy; Romance,3
6912,The Fury,original,12;28;53,Adventure; Action; Thriller,3
6482,"Hello, My Name Is Doris",original,18;35;10749,Drama; Comedy; Romance,3
1105,Ferris Bueller's Day Off,original,18;35;10749;10751,Drama; Comedy; Romance; Family,4
5399,Side Effects,original,18;53,Drama; Thriller,2
4460,2048: Nowhere to Run,original,18;28;35;878,Drama; Action; Comedy; Science Fiction,4
6071,School Ties,original,18;35,Drama; Comedy,2
5999,Borgman,original,18;27;35,Drama; Horror; Comedy,3
4712,What If,original,18;35;10749,Drama; Comedy; Romance,3
1640,The Muppet Christmas Carol,original,14;18;35;10751,Fantasy; Drama; Comedy; Family,4
709,The Color Purple,original,18;35;10749,Drama; Comedy; Romance,3
7223,Parkland,original,18,Drama,1
6026,A Guide to Recognizing Your Saints,original,18,Drama,1
9249,Office Christmas Party,original,18;35,Drama; Comedy,2
3899,36th Precinct,original,18;28;35;53;80,Drama; Action; Comedy; Thriller; Crime,5
1056,Beasts of No Nation,original,12;18;10752,Adventure; Drama; War,3
2852,Suspicion,original,18;35;53;80;10749,Drama; Comedy; Thriller; Crime; Romance,5
5621,Star Wars: Episode I - The Phantom Menace,original,12;16;28;878,Adventure; Animation; Action; Science Fiction,4
946,Boogie Nights,original,18;35;10749,Drama; Comedy; Romance,3
689,The Untouchables,original,18;28;35;80,Drama; Action; Comedy; Crime,4
6974,Single White Female,original,18;35;10749,Drama; Comedy; Romance,3
1686,The Omen,original,12;14;27;9648,Adventure; Fantasy; Horror; Mystery,4
4271,The Red Sea Diving Resort,original,12;18;28;36;53;10752,Adventure; Drama; Action; History; Thriller; War,6
9555,The Platform 2,original,28;53;80;878,Action; Thriller; Crime; Science Fiction,4
5844,Young Guns II,original,18;28;80,Drama; Action; Crime,3
9511,Horizon Line,original,18;35;10749,Drama; Comedy; Romance,3
1034,Sin Nombre,original,18;28,Drama; Action,2
6309,Halloween Kills,original,12;27;28;53,Adventure; Horror; Action; Thriller,4
7233,Rock Dog,original,16;18;35;10402;10751,Animation; Drama; Comedy; Music; Family,5
3638,Tsotsi,original,18;28;53;80,Drama; Action; Thriller; Crime,4
900,Cat on a Hot Tin Roof,original,18;35;10749,Drama; Comedy; Romance,3
9763,King Solomon's Mines,original,12;18;28,Adventure; Drama; Action,3
2635,Sweeney Todd: The Demon Barber of Fleet Street,original,18;35;10749,Drama; Comedy; Romance,3
1948,Christiane F.,original,18;35;10402,Drama; Comedy; Music,3
132,Bicycle Thieves,original,18;28;35;53;80,Drama; Action; Comedy; Thriller; Crime,5
5596,No Man of God,original,18;53;80,Drama; Thriller; Crime,3
1819,Waves,original,18;53,Drama; Thriller,2
4439,The Swan,original,18;35,Drama; Comedy,2
349,Mirror,original,18;36;10752,Drama; History; War,3
1163,The Snowman,original,14;16;18;35;10751,Fantasy; Animation; Drama; Comedy; Family,5
2929,Punch-Drunk Love,original,18;35;53;80;10749,Drama; Comedy; Thriller; Crime; Romance,5
9539,King of Thieves,original,12;18;53;80,Adventure; Drama; Thriller; Crime,4
341,All Your Faces,original,18;53;80,Drama; Thriller; Crime,3
4040,No Way Out,original,18;28;53;9648;10749,Drama; Action; Thriller; Mystery; Romance,5
2580,Barbara,original,18,Drama,1
6187,The Great Outdoors,original,18;35;10749,Drama; Comedy; Romance,3
776,Rurouni Kenshin Part III: The Legend Ends,original,12;16;18;28;10751,Adventure; Animation; Drama; Action; Family,5
2406,Crazy About Her,original,18;35;10749,Drama; Comedy; Romance,3
4254,Outlaw King,original,12;18;28;36,Adventure; Drama; Action; History,4
5105,A Good Year,original,18;35;53,Drama; Comedy; Thriller,3
6701,The Taking of Pelham 1 2 3,original,12;28;35;53;80,Adventure; Action; Comedy; Thriller; Crime,5
8319,Poltergeist II: The Other Side,original,12;14;27;10751,Adventure; Fantasy; Horror; Family,4
6647,The Man Who Knew Too Little,original,18;35;53;80,Drama; Comedy; Thriller; Crime,4
9463,The Sweetest Thing,original,18;35;10749,Drama; Comedy; Romance,3
5469,Angel Has Fallen,original,18;28;53;80,Drama; Action; Thriller; Crime,4
7305,Kidnap,original,12;18;28;53,Adventure; Drama; Action; Thriller,4
4563,High Tension,original,16;35;10749,Animation; Comedy; Romance,3
7657,Cujo,original,18;27;53,Drama; Horror; Thriller,3
8270,Guess Who,original,18;35;10749,Drama; Comedy; Romance,3
5602,Welcome to the Rileys,original,18;35,Drama; Comedy,2
2400,The Lego Batman Movie,original,12;16;28;35;80,Adventure; Animation; Action; Comedy; Crime,5
1004,The Philadelphia Story,original,18;35;53;10749,Drama; Comedy; Thriller; Romance,4
3083,Superman: Man of Tomorrow,original,12;28;878,Adventure; Action; Science Fiction,3
30,The Lord of the Rings: The Two Towers,original,12;14;16;28;35,Adventure; Fantasy; Animation; Action; Comedy,5
1263,The Conversation,original,18;28;53;80;9648,Drama; Action; Thriller; Crime; Mystery,5
3810,Fear of Rain,original,18;27;53;9648,Drama; Horror; Thriller; Mystery,4
8803,Mighty Morphin Power Rangers: The Movie,original,12;14;16;28;35;878;10751,Adventure; Fantasy; Animation; Action; Comedy; Science Fiction; Family,7
583,Demon Slayer: Kimetsu no Yaiba Infinity Castle,original,12;14;16;27;28,Adventure; Fantasy; Animation; Horror; Action,5
6256,The Girl on the Train,original,18;35;53;9648;10749,Drama; Comedy; Thriller; Mystery; Romance,5
5639,Ocean's Twelve,original,18;28;35;80,Drama; Action; Comedy; Crime,4
7245,Like Father,original,18;35;10749,Drama; Comedy; Romance,3
5319,Cypher,original,28;35;53;80,Action; Comedy; Thriller; Crime,4
5952,Love at First Fight,original,18;10749,Drama; Romance,2
6771,Yummy,original,27;35;53;878,Horror; Comedy; Thriller; Science Fiction,4
2704,After We Collided,original,18;10749,Drama; Romance,2
4232,The Taste of Others,original,18;35,Drama; Comedy,2
8102,Starry Eyes,original,12;28;35;878,Adventure; Action; Comedy; Science Fiction,4
1271,E.T. the Extra-Terrestrial,original,12;28;35;53;878;10751,Adventure; Action; Comedy; Thriller; Science Fiction; Family,6
1771,The Fighter,original,18;28;35,Drama; Action; Comedy,3
4190,Iron Man 2,original,12;18;28;35;878,Adventure; Drama; Action; Comedy; Science Fiction,5
9336,Babe: Pig in the City,original,16;18;35;10749;10751,Animation; Drama; Comedy; Romance; Family,5
278,Scooby-Doo! and Kiss: Rock and Roll Mystery,original,12;14;16;28;35;878;10751,Adventure; Fantasy; Animation; Action; Comedy; Science Fiction; Family,7
6246,Pontypool,original,16;27;35;10751,Animation; Horror; Comedy; Family,4
606,Die Hard,original,28;35;53;80,Action; Comedy; Thriller; Crime,4
638,Freaks,original,18;35;10749,Drama; Comedy; Romance,3
2320,"Lust, Caution",original,18;28;35;53;80,Drama; Action; Comedy; Thriller; Crime,5
1711,Happy as Lazzaro,original,18;35,Drama; Comedy,2
7726,Pacific Rim: Uprising,original,12;18;28;53;878,Adventure; Drama; Action; Thriller; Science Fiction,5
5162,Tron,original,28;35;53;878,Action; Comedy; Thriller; Science Fiction,4
8223,The Last Summer,original,18;35;10749,Drama; Comedy; Romance,3
507,Scooby-Doo! Camp Scare,original,16;27;35;10751,Animation; Horror; Comedy; Family,4
6279,Outland,original,18;35;53;80,Drama; Comedy; Thriller; Crime,4
9998,Repossessed,original,14;27,Fantasy; Horror,2
2817,Dragon Ball Z: Bojack Unbound,original,12;14;28;35;80,Adventure; Fantasy; Action; Comedy; Crime,5
7110,#realityhigh,original,18;35;10749,Drama; Comedy; Romance,3
7215,Clean,original,18;35;80,Drama; Comedy; Crime,3
8956,Brick,original,27;53;878,Horror; Thriller; Science Fiction,3
1225,Father There Is Only One 2,original,18;35,Drama; Comedy,2
2844,Bad Boys for Life,original,18;28;35;53;80,Drama; Action; Comedy; Thriller; Crime,5
7171,Unsane,original,18;27;53;9648,Drama; Horror; Thriller; Mystery,4
9108,The Ward,original,27;53;9648,Horror; Thriller; Mystery,3
353,Tel chi el telùn,original,18;35,Drama; Comedy,2
5141,Overboard,original,18;28;35;53;80,Drama; Action; Comedy; Thriller; Crime,5
4401,The Family Man,original,18;35;10749,Drama; Comedy; Romance,3
8003,Infinity Pool,original,18;28;53;80,Drama; Action; Thriller; Crime,4
7218,The Expendables,original,12;28;35;53;80,Adventure; Action; Comedy; Thriller; Crime,5
1513,Dunkirk,original,18;36;10752,Drama; History; War,3
4096,The Jacket,original,18;878;10752,Drama; Science Fiction; War,3
9377,Darkness,original,18;27;53,Drama; Horror; Thriller,3
5039,Planet Terror,original,18;27;35,Drama; Horror; Comedy,3
10,Parasite,original,18;35,Drama; Comedy,2
9857,Wrecked,original,18;28;53;80,Drama; Action; Thriller; Crime,4
7319,The Incredible Hulk,original,12;18;28;878,Adventure; Drama; Action; Science Fiction,4
1604,Bullet Train,original,12;16;28;35;878,Adventure; Animation; Action; Comedy; Science Fiction,5
2652,Compagni di scuola,original,18;35,Drama; Comedy,2
7969,Erased,original,18;28;35;53;80,Drama; Action; Comedy; Thriller; Crime,5
4844,Nosferatu,original,14;18;27;53;9648,Fantasy; Drama; Horror; Thriller; Mystery,5
9453,Inconceivable,original,18;27;53,Drama; Horror; Thriller,3
4308,World War Z,original,18;27;28;53;878,Drama; Horror; Action; Thriller; Science Fiction,5
4367,Danger Close: The Battle of Long Tan,original,18;28;36;10752,Drama; Action; History; War,4
4104,Barbie: A Fairy Secret,original,14;16;35;10751,Fantasy; Animation; Comedy; Family,4
5831,The Amazing Spider-Man 2,original,14;16;28;35;10751,Fantasy; Animation; Action; Comedy; Family,5
8014,Spoiled Brats,original,18;35;10751,Drama; Comedy; Family,3
7036,Insidious: Chapter 3,original,18;27;53;9648,Drama; Horror; Thriller; Mystery,4
6669,The Blair Witch Project,original,18;27;9648,Drama; Horror; Mystery,3
1478,Lifted,original,27;35;878,Horror; Comedy; Science Fiction,3
7325,Monster-in-Law,original,18;35;10749,Drama; Comedy; Romance,3
7483,Hummingbird,original,18;28;53;80,Drama; Action; Thriller; Crime,4
5542,Get the Gringo,original,18;28;53;80,Drama; Action; Thriller; Crime,4
4516,Chappie,original,12;14;16;18;35;878;10751,Adventure; Fantasy; Animation; Drama; Comedy; Science Fiction; Family,7
440,Miracle in Cell No. 7,original,18;53;80,Drama; Thriller; Crime,3
6612,Curly Sue,original,18;35;80;10749,Drama; Comedy; Crime; Romance,4
8885,Drillbit Taylor,original,18;28;35;53;80,Drama; Action; Comedy; Thriller; Crime,5
1335,Emergency Declaration,original,18;27;28;53,Drama; Horror; Action; Thriller,4
7269,Red Heat,original,18;28;53;80,Drama; Action; Thriller; Crime,4
2238,Trolls Band Together,original,12;18;35;10402,Adventure; Drama; Comedy; Music,4
1158,Pandora,original,18;53;878,Drama; Thriller; Science Fiction,3
2104,Kiss and Cry,original,18;10749,Drama; Romance,2
5863,Rio 2,original,12;14;16;35;10751,Adventure; Fantasy; Animation; Comedy; Family,5
4764,Altered States,original,18;878,Drama; Science Fiction,2
9468,Iron Eagle,original,18;28;35;53,Drama; Action; Comedy; Thriller,4
4952,Hillbilly Elegy,original,18;35;10749,Drama; Comedy; Romance,3
9004,Josie and the Pussycats,original,18;35;10402;10749,Drama; Comedy; Music; Romance,4
1976,Glengarry Glen Ross,original,35;80,Comedy; Crime,2
5068,Parenthood,original,18,Drama,1
5629,The Brothers Bloom,original,12;35,Adventure; Comedy,2
6355,The Second Best Exotic Marigold Hotel,original,18;35,Drama; Comedy,2
1066,Tombstone,original,12;18;28;35,Adventure; Drama; Action; Comedy,4
928,Mickey's Christmas Carol,original,14;16;18;35;10749;10751,Fantasy; Animation; Drama; Comedy; Romance; Family,6
2189,Nosferatu the Vampyre,original,14;18;27;53,Fantasy; Drama; Horror; Thriller,4
3026,Batman: Death in the Family,original,18;28,Drama; Action,2
7938,Queen of the Damned,original,12;14;16;28;878,Adventure; Fantasy; Animation; Action; Science Fiction,5
5436,"Me, Myself & Irene",original,18;35;80;10749,Drama; Comedy; Crime; Romance,4
3215,Caché,original,18;35,Drama; Comedy,2
8379,Friends with Kids,original,18;35;10749,Drama; Comedy; Romance,3
455,My Hero Academia: Two Heroes,original,12;16;28;35;878,Adventure; Animation; Action; Comedy; Science Fiction,5
8199,Leaves of Grass,original,18;35,Drama; Comedy,2
7507,Blood Father,original,18;28;35;53;80,Drama; Action; Comedy; Thriller; Crime,5
7647,The Weather Man,original,18;35;10749,Drama; Comedy; Romance,3
2317,The Past,original,18;10749,Drama; Romance,2
6662,Talladega Nights: The Ballad of Ricky Bobby,original,18;28;35,Drama; Action; Comedy,3
1645,Women on the Verge of a Nervous Breakdown,original,35;53,Comedy; Thriller,2
4317,To All the Boys: P.S. I Still Love You,original,18;35;10749,Drama; Comedy; Romance,3
2774,Descendants,original,12;14;16;35;10751,Adventure; Fantasy; Animation; Comedy; Family,5
6250,Luther,original,18;36,Drama; History,2
3387,Stargate,original,12;14;16;28;878,Adventure; Fantasy; Animation; Action; Science Fiction,5
3710,24 Hour Party People,original,18;35,Drama; Comedy,2
6835,Heist,original,18;28;35;53;80,Drama; Action; Comedy; Thriller; Crime,5
3696,Silkwood,original,18;27;53;80;878,Drama; Horror; Thriller; Crime; Science Fiction,5
8622,Little Man,original,35;80,Comedy; Crime,2
4822,Terrified,original,18;27;35;53;80;9648,Drama; Horror; Comedy; Thriller; Crime; Mystery,6
1832,Scooby-Doo and the Ghoul School,original,16;35;10751,Animation; Comedy; Family,3
7530,Throw Momma from the Train,original,18;53,Drama; Thriller,2
7327,Force 10 from Navarone,original,12;18;28;36;53;10752,Adventure; Drama; Action; History; Thriller; War,6
9367,Time Cut,original,28;53;878,Action; Thriller; Science Fiction,3
6840,Windtalkers,original,18;28;53,Drama; Action; Thriller,3
7734,Ip Man: The Final Fight,original,12;28;878,Adventure; Action; Science Fiction,3
2313,Z-O-M-B-I-E-S,original,18;35;10749,Drama; Comedy; Romance,3
684,Life of Brian,original,18;35,Drama; Comedy,2
169,Red Beard,original,18;35,Drama; Comedy,2
1443,Free Guy,original,12;18;28;35;53,Adventure; Drama; Action; Comedy; Thriller,5
5612,The Son of Bigfoot,original,12;14;16;27;35;878;10751,Adventure; Fantasy; Animation; Horror; Comedy; Science Fiction; Family,7
3381,Martin Eden,original,18;36;10749,Drama; History; Romance,3
6677,Roald Dahl's The Witches,original,14;18;27;35;10751,Fantasy; Drama; Horror; Comedy; Family,5
6123,Fantozzi Still Suffers,original,35;10751,Comedy; Family,2
3317,Brain on Fire,original,18;27;53;9648,Drama; Horror; Thriller; Mystery,4
4636,Frankie and Johnny,original,18;35;80;10749,Drama; Comedy; Crime; Romance,4
923,Time of the Gypsies,original,18;28;53,Drama; Action; Thriller,3
5063,The Words,original,18;35;10749,Drama; Comedy; Romance,3
3713,The Three Musketeers: D'Artagnan,original,12;14;18;28;35;10749,Adventure; Fantasy; Drama; Action; Comedy; Romance,6
7235,The Astronaut Farmer,original,18;28;35,Drama; Action; Comedy,3
2570,Utøya: July 22,original,18;27;53,Drama; Horror; Thriller,3
8696,The Jungle Book 2,original,12;16;35;10751,Adventure; Animation; Comedy; Family,4
3942,Locke,original,18;53,Drama; Thriller,2
5856,Beverly Hills Cop II,original,28;35;53;80,Action; Comedy; Thriller; Crime,4
2986,Starred Up,original,18;28;53;80,Drama; Action; Thriller; Crime,4
1224,Anonymously Yours,original,18;35;10749,Drama; Comedy; Romance,3
8447,Beyond Re-Animator,original,18;28;53;878,Drama; Action; Thriller; Science Fiction,4
2611,Toy Story of Terror!,original,12;16;27;35;10751,Adventure; Animation; Horror; Comedy; Family,5
4338,City of Angels,original,14;18;35;10749,Fantasy; Drama; Comedy; Romance,4
269,For a Few Dollars More,original,18;28;35;80,Drama; Action; Comedy; Crime,4
9122,Miss Congeniality 2: Armed and Fabulous,original,18;35,Drama; Comedy,2
4983,21,original,18;35,Drama; Comedy,2
7521,Bad Lieutenant: Port of Call - New Orleans,original,18;28;53;80,Drama; Action; Thriller; Crime,4
9100,The Jack in the Box,original,14;16;27;35;878;10751,Fantasy; Animation; Horror; Comedy; Science Fiction; Family,6
4660,The Mummy,original,14;18;27,Fantasy; Drama; Horror,3
5841,Just Wright,original,18;35;10749,Drama; Comedy; Romance,3
3986,The X-Files,original,28;53;80;878;9648,Action; Thriller; Crime; Science Fiction; Mystery,5
144,Vertigo,original,18;27;53;80;9648,Drama; Horror; Thriller; Crime; Mystery,5
3414,Anplagghed al Cinema,original,18;35;53,Drama; Comedy; Thriller,3
3086,"The Legend of Al, John and Jack",original,35;53;80,Comedy; Thriller; Crime,3
5530,Black Rain,original,18;28;53;80,Drama; Action; Thriller; Crime,4
4848,Oliver & Company,original,12;16;35;10751,Adventure; Animation; Comedy; Family,4
8399,The Men Who Stare at Goats,original,18;35;53,Drama; Comedy; Thriller,3
616,Into the Wild,original,18;35,Drama; Comedy,2
1632,Crush,original,18;35;10402;10749,Drama; Comedy; Music; Romance,4
5034,The Replacements,original,18;35;53,Drama; Comedy; Thriller,3
8507,Cyrus,original,18;35;53;10749,Drama; Comedy; Thriller; Romance,4
4975,Fear Street: 1994,original,18;27;28;53,Drama; Horror; Action; Thriller,4
5437,Annabelle: Creation,original,14;27,Fantasy; Horror,2
56,The Wild Robot,original,12;16;18;35;878;10751,Adventure; Animation; Drama; Comedy; Science Fiction; Family,6
4069,My Spy,original,18;28;53;80;9648,Drama; Action; Thriller; Crime; Mystery,5
6787,Zack and Miri Make a Porno,original,18;35;10749,Drama; Comedy; Romance,3
6758,The Last Mimzy,original,12;14;18;35;10751,Adventure; Fantasy; Drama; Comedy; Family,5
9038,The Bay,original,27;53;9648,Horror; Thriller; Mystery,3
4071,The Ice Storm,original,18;35;53,Drama; Comedy; Thriller,3
3020,Drugstore Cowboy,original,18;35,Drama; Comedy,2
3243,Radiofreccia,original,18;35,Drama; Comedy,2
8174,Spanglish,original,18;35;10749,Drama; Comedy; Romance,3
8898,Department Store,original,18;35,Drama; Comedy,2
256,The Wolf of Wall Street,original,18;35;53;80,Drama; Comedy; Thriller; Crime,4
4276,The Blob,original,27;878,Horror; Science Fiction,2
307,"Love, Simon",original,18;35;10749,Drama; Comedy; Romance,3
1719,The Long Goodbye,original,18;53;80;9648,Drama; Thriller; Crime; Mystery,4
4377,Easy A,original,18;35;10749,Drama; Comedy; Romance,3
1360,"Play It Again, Sam",original,18;35;10749,Drama; Comedy; Romance,3
1294,Mars Express,original,28;53;80;878;9648,Action; Thriller; Crime; Science Fiction; Mystery,5
5554,The Lion King 1½,original,12;14;16;35;10751,Adventure; Fantasy; Animation; Comedy; Family,5
8719,Planet 51,original,12;18;35;878,Adventure; Drama; Comedy; Science Fiction,4
5660,Blade II,original,14;27;28,Fantasy; Horror; Action,3
4771,Beau Is Afraid,original,18;27;53,Drama; Horror; Thriller,3
9355,Cool World,original,35,Comedy,1
9982,And Soon the Darkness,original,18;35;53,Drama; Comedy; Thriller,3
4705,The Gilded Cage,original,18,Drama,1
4714,Flawless,original,18;35;53;80;10749,Drama; Comedy; Thriller; Crime; Romance,5
159,Togo,original,12;18;10751,Adventure; Drama; Family,3
3345,"I'm a Cyborg, But That's OK",original,18;35;878,Drama; Comedy; Science Fiction,3
5605,Hitch,original,18;35;10749,Drama; Comedy; Romance,3
5835,Joy Ride,original,18;27;53,Drama; Horror; Thriller,3
88,Le Trou,original,18;27;35;53;80,Drama; Horror; Comedy; Thriller; Crime,5
5794,Red Sparrow,original,12;16;35;10751,Adventure; Animation; Comedy; Family,4
3166,Trash,original,12;27;35;53;80,Adventure; Horror; Comedy; Thriller; Crime,5
5760,Jurassic World: Fallen Kingdom,original,12;18;28;878,Adventure; Drama; Action; Science Fiction,4
2083,American Fiction,original,18;35,Drama; Comedy,2
354,The Sixth Sense,original,18;53;9648,Drama; Thriller; Mystery,3
9465,Blue Mountain State: The Rise of Thadland,original,18;35,Drama; Comedy,2
9630,Don't Knock Twice,original,14;18;27,Fantasy; Drama; Horror,3
604,Mr. Nobody,original,14;18;28;35;878,Fantasy; Drama; Action; Comedy; Science Fiction,5
9133,Life of Crime,original,18;28;35;53;80,Drama; Action; Comedy; Thriller; Crime,5
439,Dangal,original,18;35;10751,Drama; Comedy; Family,3
5242,The Harder They Fall,original,12;28;35;53;80,Adventure; Action; Comedy; Thriller; Crime,5
5089,"Mektoub, My Love: Canto Uno",original,18;35;10749,Drama; Comedy; Romance,3
9187,MILF,original,18;35;10749,Drama; Comedy; Romance,3
9662,My Soul to Take,original,18;27;9648,Drama; Horror; Mystery,3
6237,Cloudy with a Chance of Meatballs 2,original,12;16;35;878;10751,Adventure; Animation; Comedy; Science Fiction; Family,5
4155,Den of Thieves,original,18;28;35;37;53;80,Drama; Action; Comedy; Western; Thriller; Crime,6
1235,Hard Boiled,original,28;35;53;80,Action; Comedy; Thriller; Crime,4
458,A Whisker Away,original,16;18;35;10749;10751,Animation; Drama; Comedy; Romance; Family,5
480,Kill Bill: Vol. 2,original,18;28;53;80,Drama; Action; Thriller; Crime,4
7672,Last Night,original,18;35;10749,Drama; Comedy; Romance,3
8738,Love Addict,original,18;35;10749,Drama; Comedy; Romance,3
4017,Tales from the Crypt: Demon Knight,original,12;14;28;53;80,Adventure; Fantasy; Action; Thriller; Crime,5
726,Deep Red,original,18;27;53;9648,Drama; Horror; Thriller; Mystery,4
222,My Neighbor Totoro,original,12;14;18;27;35;10751,Adventure; Fantasy; Drama; Horror; Comedy; Family,6
1221,Angels with Dirty Faces,original,18;35;80,Drama; Comedy; Crime,3
1256,The Passion of the Christ,original,18;27,Drama; Horror,2
9620,Blackhat,original,28;53;80;9648,Action; Thriller; Crime; Mystery,4
5287,Barefoot,original,18;35;10749,Drama; Comedy; Romance,3
2645,Alien: Romulus,original,12;27;53;878,Adventure; Horror; Thriller; Science Fiction,4
8601,Mean Girls,original,16;35;10751,Animation; Comedy; Family,3
2568,Irreversible,original,18;28;53;80,Drama; Action; Thriller; Crime,4
8171,Franklyn,original,18;10749,Drama; Romance,2
9547,Open Water,original,18;53,Drama; Thriller,2
2384,"The Good, the Bart, and the Loki",original,12;14;16;28;35;878;10751,Adventure; Fantasy; Animation; Action; Comedy; Science Fiction; Family,7
6491,Vantage Point,original,18;28;53,Drama; Action; Thriller,3
7684,Every Which Way but Loose,original,18;35;80,Drama; Comedy; Crime,3
4330,Pooh's Heffalump Movie,original,12;14;16;35;10751,Adventure; Fantasy; Animation; Comedy; Family,5
2210,Labyrinth,original,12;14;16;35;10751,Adventure; Fantasy; Animation; Comedy; Family,5
1332,Batman: Mask of the Phantasm,original,18;28;53;80;9648,Drama; Action; Thriller; Crime; Mystery,5
2861,This Boy's Life,original,18;53,Drama; Thriller,2
7870,Valhalla Rising,original,12;14;18;28;53,Adventure; Fantasy; Drama; Action; Thriller,5
813,Divines,original,18;35,Drama; Comedy,2
4858,Anna Karenina,original,18;53;10749,Drama; Thriller; Romance,3
4637,Danny Collins,original,18;35;10749,Drama; Comedy; Romance,3
4591,The Girl in the Fog,original,18;27;53;9648,Drama; Horror; Thriller; Mystery,4
9045,Trespass Against Us,original,18;28;35;80,Drama; Action; Comedy; Crime,4
8481,Paradise Hills,original,18;27;53,Drama; Horror; Thriller,3
2302,Mask,original,18;53,Drama; Thriller,2
9943,Welcome Home,original,35,Comedy,1
8338,Dead Snow,original,18;27;53,Drama; Horror; Thriller,3
8262,Mission to Mars,original,18;27;28;53;878,Drama; Horror; Action; Thriller; Science Fiction,5
1764,Mudbound,original,18;10752,Drama; War,2
9988,Halloween III: Season of the Witch,original,27;35;53;10751,Horror; Comedy; Thriller; Family,4
1603,The Secret Garden,original,14;18;10749;10751,Fantasy; Drama; Romance; Family,4
9989,Poltergeist III,original,27;53,Horror; Thriller,2
8535,1922,original,18;35;80,Drama; Comedy; Crime,3
8708,Hitman: Agent 47,original,28;53;80;9648,Action; Thriller; Crime; Mystery,4
2858,Your Fault,original,18;35;10749;10751,Drama; Comedy; Romance; Family,4
8086,All Good Things,original,18;53;80;9648,Drama; Thriller; Crime; Mystery,4
6753,Security,original,18;28;35;53;80,Drama; Action; Comedy; Thriller; Crime,5
2722,The Man Who Knew Infinity,original,18;36;10749,Drama; History; Romance,3
6178,Cobweb,original,14;18;27;53;9648,Fantasy; Drama; Horror; Thriller; Mystery,5
57,The Quintessential Quintuplets Movie,original,18;35;10749,Drama; Comedy; Romance,3
4650,Coma,original,18;27;35;53;9648,Drama; Horror; Comedy; Thriller; Mystery,5
3683,Rescue Dawn,original,12;18;28;36;53;10752,Adventure; Drama; Action; History; Thriller; War,6
7963,Journey to the Center of the Earth,original,12;18;53;878;10751,Adventure; Drama; Thriller; Science Fiction; Family,5
2275,The Names of Love,original,18;35,Drama; Comedy,2
8384,Elvis & Nixon,original,18;35,Drama; Comedy,2
2126,Lights Out,original,14;27;53;9648,Fantasy; Horror; Thriller; Mystery,4
4528,Last Flag Flying,original,18,Drama,1
8652,The Riot Club,original,18;35;53,Drama; Comedy; Thriller,3
5581,Greta,original,18;35;10749,Drama; Comedy; Romance,3
7976,Alien Nation,original,27;28;878,Horror; Action; Science Fiction,3
452,Roman Holiday,original,18;35;10749,Drama; Comedy; Romance,3
9321,Captive State,original,18;28;53;878,Drama; Action; Thriller; Science Fiction,4
2136,Star Trek: First Contact,original,12;28;878,Adventure; Action; Science Fiction,3
5207,Ninja: Shadow of a Tear,original,28;53;80,Action; Thriller; Crime,3
3373,Emma.,original,18;36;10749,Drama; History; Romance,3
4361,Wild Rose,original,18;35;10402;10749,Drama; Comedy; Music; Romance,4
8255,Sudden Death,original,18;28;35;53,Drama; Action; Comedy; Thriller,4
9020,The Town that Dreaded Sundown,original,27;28;53;80;9648,Horror; Action; Thriller; Crime; Mystery,5
9744,The Dead Don't Die,original,14;27;35,Fantasy; Horror; Comedy,3
1291,Prison Break: The Final Break,original,18;35;53;80,Drama; Comedy; Thriller; Crime,4
4674,Fantomas Unleashed,original,12;28;35;878,Adventure; Action; Comedy; Science Fiction,4
3253,Say Anything...,original,18;35;10749,Drama; Comedy; Romance,3
2587,"Ruby Gillman, Teenage Kraken",original,12;14;16;28;10751,Adventure; Fantasy; Animation; Action; Family,5
5753,Harold & Kumar Go to White Castle,original,35;80;10751,Comedy; Crime; Family,3
7793,Kin,original,12;28;53;80,Adventure; Action; Thriller; Crime,4
8698,Stuck Together,original,18;27;53,Drama; Horror; Thriller,3
2524,"Are You There God? It's Me, Margaret.",original,18;35;10749,Drama; Comedy; Romance,3
8467,Mars Needs Moms,original,12;28;35;878;10751,Adventure; Action; Comedy; Science Fiction; Family,5
8225,12 Feet Deep,original,18;27;35;53,Drama; Horror; Comedy; Thriller,4
7360,Short Circuit 2,original,12;28;35;878,Adventure; Action; Comedy; Science Fiction,4
7800,The Inbetweeners 2,original,35;10749,Comedy; Romance,2
7262,Unknown Origins,original,18;28;53;80,Drama; Action; Thriller; Crime,4
5690,The Vast of Night,original,18;878,Drama; Science Fiction,2
1613,Hedwig and the Angry Inch,original,18;35;10402;10749,Drama; Comedy; Music; Romance,4
1054,The Longest Day,original,18;36;10752,Drama; History; War,3
9170,The Order,original,18;27;28;53;80,Drama; Horror; Action; Thriller; Crime,5
446,The Notebook,original,18;35;10749,Drama; Comedy; Romance,3
6194,Da 5 Bloods,original,18;28;10752,Drama; Action; War,3
6702,Shrek the Halls,original,14;16;27;35;10751,Fantasy; Animation; Horror; Comedy; Family,5
1526,Marty,original,18;35;10749,Drama; Comedy; Romance,3
6737,Looney Tunes: Back in Action,original,12;14;16;28;35;10751,Adventure; Fantasy; Animation; Action; Comedy; Family,6
935,The Spirit of the Beehive,original,14;18;27;53;9648,Fantasy; Drama; Horror; Thriller; Mystery,5
4749,Maze Runner: The Scorch Trials,original,12;28;35,Adventure; Action; Comedy,3
2642,The Broken Hearts Gallery,original,14;18;35;10749,Fantasy; Drama; Comedy; Romance,4
141,Innocent Voices,original,18;28;10752,Drama; Action; War,3
6091,The United States of Leland,original,18;53;80;9648,Drama; Thriller; Crime; Mystery,4
532,The Big Lebowski,original,18;35,Drama; Comedy,2
704,How to Train Your Dragon: The Hidden World,original,12;14;16;28;35;10751,Adventure; Fantasy; Animation; Action; Comedy; Family,6
1277,Escape from Alcatraz,original,18;28;53;80,Drama; Action; Thriller; Crime,4
3806,Meet the Robinsons,original,12;18;35;878;10751,Adventure; Drama; Comedy; Science Fiction; Family,5
6470,Kick-Ass 2,original,12;28;35;878,Adventure; Action; Comedy; Science Fiction,4
7101,Unfriended: Dark Web,original,27;28;53;878;9648,Horror; Action; Thriller; Science Fiction; Mystery,5
8133,Prey,original,12;18;27;28;53,Adventure; Drama; Horror; Action; Thriller,5
2481,It's Only the End of the World,original,18;35,Drama; Comedy,2
5156,Fire in the Sky,original,18;27;35;53;80;9648,Drama; Horror; Comedy; Thriller; Crime; Mystery,6
3418,Naked Lunch,original,27;35;80,Horror; Comedy; Crime,3
7481,El Conde,original,27;28;53,Horror; Action; Thriller,3
1109,Imagine Me & You,original,18;35;10749,Drama; Comedy; Romance,3
9659,Sandy Wexler,original,18;35;10402;10749,Drama; Comedy; Music; Romance,4
2155,A Monster Calls,original,14;18;27;10751,Fantasy; Drama; Horror; Family,4
9842,The Flintstones,original,16;35;10751,Animation; Comedy; Family,3
1476,Man on Fire,original,18;28;35;53;80,Drama; Action; Comedy; Thriller; Crime,5
2743,Talk to Me,original,27;53,Horror; Thriller,2
3742,Chicken Run: Dawn of the Nugget,original,35;53,Comedy; Thriller,2
2768,Seven Brides for Seven Brothers,original,18;35;37;10749,Drama; Comedy; Western; Romance,4
5670,Reminiscence,original,18;53;10749,Drama; Thriller; Romance,3
1894,Eraserhead,original,18;35,Drama; Comedy,2
3695,Four Lions,original,12;18;35,Adventure; Drama; Comedy,3
276,Harry Potter and the Prisoner of Azkaban,original,12;14;16;35;10751,Adventure; Fantasy; Animation; Comedy; Family,5
389,Heat,original,12;28;35;53;80;9648,Adventure; Action; Comedy; Thriller; Crime; Mystery,6
2500,Monster,original,18;27;28;53;80,Drama; Horror; Action; Thriller; Crime,5
4675,Sightless,original,18;27;28;53;9648,Drama; Horror; Action; Thriller; Mystery,5
5163,The Hunger,original,14;18;27;878;10749,Fantasy; Drama; Horror; Science Fiction; Romance,5
7397,Stretch,original,18;28;35;53;80,Drama; Action; Comedy; Thriller; Crime,5
1805,The Impossible,original,18,Drama,1
7148,Deadstream,original,18;27;35;53,Drama; Horror; Comedy; Thriller,4
3272,The Lobster,original,18;35;10749,Drama; Comedy; Romance,3
1741,Braindead,original,14;16;27;35;10751,Fantasy; Animation; Horror; Comedy; Family,5
992,The Anthem of the Heart,original,16;18;35;10402;10749,Animation; Drama; Comedy; Music; Romance,5
9001,Ricki and the Flash,original,18;35;10402,Drama; Comedy; Music,3
3841,Isi & Ossi,original,18;35;10749,Drama; Comedy; Romance,3
1575,Mr. Church,original,18;35;10749,Drama; Comedy; Romance,3
4004,The Night Comes for Us,original,28;53;80,Action; Thriller; Crime,3
8695,Suburbicon,original,18;27;35;53,Drama; Horror; Comedy; Thriller,4
9457,Earth Girls Are Easy,original,35;878;10749,Comedy; Science Fiction; Romance,3
9385,Semi-Pro,original,18;35,Drama; Comedy,2
8987,Joe's Apartment,original,35,Comedy,1
1415,C.R.A.Z.Y.,original,18;35,Drama; Comedy,2
6478,Hot Rod,original,18;28;35,Drama; Action; Comedy,3
9618,Dirty Dancing,original,18;35;10749;10751,Drama; Comedy; Romance; Family,4
2350,Frozen II,original,12;14;16;27;35;10751,Adventure; Fantasy; Animation; Horror; Comedy; Family,6
4942,A Nightmare on Elm Street 3: Dream Warriors,original,18;27;53;80,Drama; Horror; Thriller; Crime,4
1458,Balkan Line,original,18;28;53;10752,Drama; Action; Thriller; War,4
7723,Jackass Presents: Bad Grandpa,original,18;35;10751,Drama; Comedy; Family,3
8997,Vanity Fair,original,18;27,Drama; Horror,2
4514,Don't Worry Darling,original,35;53,Comedy; Thriller,2
8848,A Classic Horror Story,original,18;27,Drama; Horror,2
7374,Blown Away,original,18;28;53;878,Drama; Action; Thriller; Science Fiction,4
4010,Sleeper,original,18;35;878;10749,Drama; Comedy; Science Fiction; Romance,4
5486,The Fury of a Patient Man,original,18;35;10749,Drama; Comedy; Romance,3
7473,Under the Riccione Sun,original,18;35;10749,Drama; Comedy; Romance,3
7071,Gemini Man,original,12;18;28;35;53,Adventure; Drama; Action; Comedy; Thriller,5
7029,I ♥ Huckabees,original,35;53;80;9648;10749,Comedy; Thriller; Crime; Mystery; Romance,5
4653,Twitches,original,14;27;35;10749,Fantasy; Horror; Comedy; Romance,4
3016,Aladdin,original,12;14;16;35;10751,Adventure; Fantasy; Animation; Comedy; Family,5
8194,Tracers,original,28;35;53;80,Action; Comedy; Thriller; Crime,4
9594,Budapest,original,18;35;10749,Drama; Comedy; Romance,3
6034,Hey Arnold! The Movie,original,28;35;53;80,Action; Comedy; Thriller; Crime,4
9080,The Smurfs,original,12;14;16;28;35;10751,Adventure; Fantasy; Animation; Action; Comedy; Family,6
5733,Saving Grace,original,18;35,Drama; Comedy,2
3927,Supernova,original,18;10749,Drama; Romance,2
5580,The Mask of Zorro,original,18;28,Drama; Action,2
2296,One Man Band,original,16;18;35;10749;10751,Animation; Drama; Comedy; Romance; Family,5
5976,Four Flies on Grey Velvet,original,18;35;53;80;9648,Drama; Comedy; Thriller; Crime; Mystery,5
3517,The Bob's Burgers Movie,original,27;35;53,Horror; Comedy; Thriller,3
2050,Total Recall,original,12;18;35;53;878,Adventure; Drama; Comedy; Thriller; Science Fiction,5
1426,The Discreet Charm of the Bourgeoisie,original,18;35;10749,Drama; Comedy; Romance,3
6691,A Dangerous Method,original,18;53,Drama; Thriller,2
6945,The Gendarme in New York,original,18;28;35;80;10752,Drama; Action; Comedy; Crime; War,5
728,Guy Ritchie's The Covenant,original,18;28;53;10752,Drama; Action; Thriller; War,4
7850,Haunter,original,18;53,Drama; Thriller,2
8524,All You Need is Crime,original,18;35;80,Drama; Comedy; Crime,3
4313,Smallfoot,original,12;14;16;18;27;35;10751,Adventure; Fantasy; Animation; Drama; Horror; Comedy; Family,7
148,Silenced,original,18,Drama,1
4468,I Walked with a Zombie,original,18;27;10749,Drama; Horror; Romance,3
2699,"The Good, the Bad, the Weird",original,12;18;28;36;80,Adventure; Drama; Action; History; Crime,5
3028,Immortal Beloved,original,18;36;10749,Drama; History; Romance,3
2474,The Princess and the Frog,original,18;35;10749,Drama; Comedy; Romance,3
4080,AKA,original,18;28;35;53;80,Drama; Action; Comedy; Thriller; Crime,5
4455,Babysitting,original,35;53,Comedy; Thriller,2
732,Accattone,original,18;35;53;80,Drama; Comedy; Thriller; Crime,4
9622,102 Dalmatians,original,12;14;16;28;35;10751,Adventure; Fantasy; Animation; Action; Comedy; Family,6
3629,Superman vs. The Elite,original,18;28;80,Drama; Action; Crime,3
7579,The Belko Experiment,original,18;53,Drama; Thriller,2
5666,Return of the Living Dead III,original,18;27;53,Drama; Horror; Thriller,3
1126,Bao,original,16;18;35;10751,Animation; Drama; Comedy; Family,4
3446,"Extremely Wicked, Shockingly Evil and Vile",original,18;53;80;9648,Drama; Thriller; Crime; Mystery,4
5726,Bad Santa,original,14;35;10751,Fantasy; Comedy; Family,3
7407,The Yards,original,18;35;53;80,Drama; Comedy; Thriller; Crime,4
5932,The Rebound,original,18;35;80;10749,Drama; Comedy; Crime; Romance,4
6000,Stir Crazy,original,35;80,Comedy; Crime,2
3539,The Way We Were,original,18;35;10749,Drama; Comedy; Romance,3
2847,Greenland,original,12;35;878,Adventure; Comedy; Science Fiction,3
6716,The Expendables 2,original,18;28;35;53;80,Drama; Action; Comedy; Thriller; Crime,5
4167,Bill & Ted's Excellent Adventure,original,12;18;35;878,Adventure; Drama; Comedy; Science Fiction,4
4963,The Boxtrolls,original,12;14;16;27;878;10751,Adventure; Fantasy; Animation; Horror; Science Fiction; Family,6
1456,Sin City,original,18;28;35;53;80,Drama; Action; Comedy; Thriller; Crime,5
1387,Running on Empty,original,18;28;35,Drama; Action; Comedy,3
7015,The Three Caballeros,original,12;35;10751,Adventure; Comedy; Family,3
2438,Beating Hearts,original,18;10749,Drama; Romance,2
8273,Gretel & Hansel,original,12;14;16;18;27;10751,Adventure; Fantasy; Animation; Drama; Horror; Family,6
6741,Lady and the Tramp II: Scamp's Adventure,original,16;18;35;10749;10751,Animation; Drama; Comedy; Romance; Family,5
6386,Game of Death,original,18;28;53;80,Drama; Action; Thriller; Crime,4
3406,Boy Erased,original,18;35,Drama; Comedy,2
7635,We're No Angels,original,18;28;53,Drama; Action; Thriller,3
62,Léon: The Professional,original,18;28;35;80,Drama; Action; Comedy; Crime,4
9345,Old People,original,18;27;53,Drama; Horror; Thriller,3
7311,Wimbledon,original,18;35,Drama; Comedy,2
8681,Child's Play 3,original,18;35;10751,Drama; Comedy; Family,3
4758,Silver Streak,original,18;27;53;80;9648,Drama; Horror; Thriller; Crime; Mystery,5
2188,The Texas Chain Saw Massacre,original,27;53;9648,Horror; Thriller; Mystery,3
9278,Cosmopolis,original,18;28;35,Drama; Action; Comedy,3
9375,The House,original,18;35;10749,Drama; Comedy; Romance,3
2504,Only Lovers Left Alive,original,18;35;10402;10749,Drama; Comedy; Music; Romance,4
7361,Sabrina,original,18;35;10749,Drama; Comedy; Romance,3
8890,21 & Over,original,18;35,Drama; Comedy,2
5301,Taxidermia,original,14;18;35,Fantasy; Drama; Comedy,3
7172,Cold Prey,original,18;27;35;53,Drama; Horror; Comedy; Thriller,4
44,Gabriel's Inferno: Part III,original,18;27;53,Drama; Horror; Thriller,3
5765,Indiana Jones and the Dial of Destiny,original,18;28;35,Drama; Action; Comedy,3
5260,Alan Partridge: Alpha Papa,original,18;28;35;53,Drama; Action; Comedy; Thriller,4
9326,Horse Girl,original,14;18;35;10749,Fantasy; Drama; Comedy; Romance,4
202,Green Snake,original,18;28;53;9648;10749,Drama; Action; Thriller; Mystery; Romance,5
7655,The Eiger Sanction,original,18;28;53;80,Drama; Action; Thriller; Crime,4
2662,"Ciao, Professore!",original,18;35,Drama; Comedy,2
1696,Irma la Douce,original,18;35;53;80;10749,Drama; Comedy; Thriller; Crime; Romance,5
7162,Pacific Heights,original,18;35,Drama; Comedy,2
158,Palmer,original,18;35;53;80,Drama; Comedy; Thriller; Crime,4
9686,School for Scoundrels,original,35;10749,Comedy; Romance,2
3226,Climax,original,18;27;35;10402,Drama; Horror; Comedy; Music,4
5555,A Cinderella Story,original,27;35;10749,Horror; Comedy; Romance,3
8549,The Mexican,original,18;28;35;53;80,Drama; Action; Comedy; Thriller; Crime,5
1608,Predestination,original,28;53;878;9648,Action; Thriller; Science Fiction; Mystery,4
2571,No,original,18;35,Drama; Comedy,2
6950,The Cheetah Girls 2,original,16;18;35;10402;10749;10751,Animation; Drama; Comedy; Music; Romance; Family,6
8108,The Den,original,18;27;53;80;9648,Drama; Horror; Thriller; Crime; Mystery,5
1253,Barbie: Princess Charm School,original,12;14;16;35;10749;10751,Adventure; Fantasy; Animation; Comedy; Romance; Family,6
5341,The Eagle Has Landed,original,12;18;35;36;10752,Adventure; Drama; Comedy; History; War,5
1474,Key Largo,original,18;53,Drama; Thriller,2
3282,Cleopatra,original,18;28;53,Drama; Action; Thriller,3
963,Boyz n the Hood,original,18;28;35;53;80,Drama; Action; Comedy; Thriller; Crime,5
8661,The Break-Up,original,18;35;53;10749,Drama; Comedy; Thriller; Romance,4
4989,About a Boy,original,18;35;10749,Drama; Comedy; Romance,3
9883,Get a Job,original,35,Comedy,1
3034,Maleficent,original,12;14;16;18;35;10749,Adventure; Fantasy; Animation; Drama; Comedy; Romance,6
2688,Kahaani,original,18;53;9648;10749,Drama; Thriller; Mystery; Romance,4
2482,Wonder Woman,original,12;14;16;18;28;10751,Adventure; Fantasy; Animation; Drama; Action; Family,6
4851,The Thieves,original,12;28;35;53;80,Adventure; Action; Comedy; Thriller; Crime,5
8942,To the Wonder,original,18;35;10749,Drama; Comedy; Romance,3
5456,Underworld: Evolution,original,28;35,Action; Comedy,2
7706,God's Not Dead 2,original,18;35,Drama; Comedy,2
7658,World Trade Center,original,12;18;28;53;80,Adventure; Drama; Action; Thriller; Crime,5
8952,Eight Legged Freaks,original,12;27;28;35;878;10751,Adventure; Horror; Action; Comedy; Science Fiction; Family,6
1644,"Jeanne Dielman, 23, quai du Commerce, 1080 Bruxelles",original,18;35;10749,Drama; Comedy; Romance,3
6621,Into the Labyrinth,original,18;27;53;80;878;9648,Drama; Horror; Thriller; Crime; Science Fiction; Mystery,6
5564,Halloween II,original,27;53,Horror; Thriller,2
939,Another Round,original,18;35,Drama; Comedy,2
9245,I'm So Excited!,original,18;35,Drama; Comedy,2
7335,Senseless,original,18;27;53,Drama; Horror; Thriller,3
5848,The Tearsmith,original,18;35;10749,Drama; Comedy; Romance,3
2053,Air,original,18;35,Drama; Comedy,2
1987,Jungle Cruise,original,14;18;10751,Fantasy; Drama; Family,3
9387,Snow Dogs,original,35;10751,Comedy; Family,2
9452,Spinning Man,original,18;35;53;9648,Drama; Comedy; Thriller; Mystery,4
8302,The Cable Guy,original,35;53;80,Comedy; Thriller; Crime,3
2994,Where the Heart Is,original,18;35;10749,Drama; Comedy; Romance,3
6884,¡Three Amigos!,original,18;28;35;80,Drama; Action; Comedy; Crime,4
1018,Butch Cassidy and the Sundance Kid,original,12;18;28;37;53;80,Adventure; Drama; Action; Western; Thriller; Crime,6
1296,All That Jazz,original,18;35;10402,Drama; Comedy; Music,3
4193,RETURN,original,18,Drama,1
359,The Cure,original,18;35;10749,Drama; Comedy; Romance,3
1979,The Judge,original,18;53;80;9648,Drama; Thriller; Crime; Mystery,4
405,Death Note Relight 1: Visions of a God,original,18;28;53;878,Drama; Action; Thriller; Science Fiction,4
1050,The Curious Case of Benjamin Button,original,18;35;10749,Drama; Comedy; Romance,3
1495,Three Colors: White,original,18;35;10749,Drama; Comedy; Romance,3
5427,The Addams Family,original,18;35,Drama; Comedy,2
5806,Act of Valor,original,12;28;53;878,Adventure; Action; Thriller; Science Fiction,4
8208,Birth,original,18;53;10749,Drama; Thriller; Romance,3
9313,Playing for Keeps,original,18;35;10751,Drama; Comedy; Family,3
3279,The Northman,original,12;28;53,Adventure; Action; Thriller,3
5095,Hellboy,original,12;14;27;28,Adventure; Fantasy; Horror; Action,4
9482,Hellboy,original,12;14;16;28,Adventure; Fantasy; Animation; Action,4
770,"I, Daniel Blake",original,18;35;53,Drama; Comedy; Thriller,3
8670,No One Gets Out Alive,original,18;27;53,Drama; Horror; Thriller,3
177,"“The Shorts” by Aldo, Giovanni and Giacomo",original,18;35;36,Drama; Comedy; History,3
2246,Lean On Me,original,18;28;35;53;80,Drama; Action; Comedy; Thriller; Crime,5
3333,Malcolm & Marie,original,18;35;10749,Drama; Comedy; Romance,3
1844,Dragon Ball: The Path to Power,original,12;14;16;28;35;10751,Adventure; Fantasy; Animation; Action; Comedy; Family,6
2060,True Grit,original,18;28;53;80,Drama; Action; Thriller; Crime,4
3195,The Ministry of Ungentlemanly Warfare,original,12;18;28;36;53;10752,Adventure; Drama; Action; History; Thriller; War,6
6548,District 13: Ultimatum,original,18;28;35,Drama; Action; Comedy,3
8833,Coexister,original,18;27;35;10402,Drama; Horror; Comedy; Music,4
796,The Man from Nowhere,original,18;28;35;53;80,Drama; Action; Comedy; Thriller; Crime,5
4116,Mean Creek,original,18;27;35,Drama; Horror; Comedy,3
8212,Orange County,original,18;35,Drama; Comedy,2
467,My Way,original,12;18;28;36;10752,Adventure; Drama; Action; History; War,5
3641,The Eight Hundred,original,18;28;36;10752,Drama; Action; History; War,4
3085,22 July,original,18;27;28;36;53,Drama; Horror; Action; History; Thriller,5
1757,Twin Peaks: Fire Walk with Me,original,18;27;53;80;9648,Drama; Horror; Thriller; Crime; Mystery,5
3189,Death Note: The Last Name,original,18;28,Drama; Action,2
8097,The Gendarme and the Creatures from Outer Space,original,27;35;878,Horror; Comedy; Science Fiction,3
9101,The Tunnel,original,18;27;53;9648,Drama; Horror; Thriller; Mystery,4
1656,Summer of 85,original,18;10749,Drama; Romance,2
8274,What to Expect When You're Expecting,original,18;35;10749,Drama; Comedy; Romance,3
5940,Star Trek: Generations,original,12;18;28;35;878,Adventure; Drama; Action; Comedy; Science Fiction,5
4725,Mermaids,original,18;35;10749;10751,Drama; Comedy; Romance; Family,4
6282,Borat Subsequent Moviefilm,original,18;35;878,Drama; Comedy; Science Fiction,3
6195,Café Society,original,18;35;10749,Drama; Comedy; Romance,3
1033,Elemental,original,18;35;10749,Drama; Comedy; Romance,3
7769,Blood Ties,original,18;28;53;80,Drama; Action; Thriller; Crime,4
6731,In a World...,original,18;35;10402;10749;10751,Drama; Comedy; Music; Romance; Family,5
5081,Martian Child,original,12;18;35;878,Adventure; Drama; Comedy; Science Fiction,4
7639,Final Destination 5,original,14;27;28;53;878,Fantasy; Horror; Action; Thriller; Science Fiction,5
2157,Weekend,original,35;10749,Comedy; Romance,2
3203,Lee,original,18;36;10749;10752,Drama; History; Romance; War,4
2237,The Hours,original,18;35;10749,Drama; Comedy; Romance,3
2600,The Caine Mutiny,original,18;28,Drama; Action,2
9444,Airport '77,original,12;18;53,Adventure; Drama; Thriller,3
6273,The Chronicles of Narnia: The Voyage of the Dawn Treader,original,12;14;16;35;10751,Adventure; Fantasy; Animation; Comedy; Family,5
1210,Control,mask_10,18;35,Drama; Comedy,2
1288,Shang-Chi and the Legend of the Ten Rings,mask_10,12;14;16;18;28,Adventure; Fantasy; Animation; Drama; Action,5
6147,Dry,mask_10,18;27;35,Drama; Horror; Comedy,3
120,Shutter Island,mask_10,18;28;53;9648,Drama; Action; Thriller; Mystery,4
3105,Galaxy Quest,mask_10,12;28;35;53;878,Adventure; Action; Comedy; Thriller; Science Fiction,5
4250,Spy,mask_10,18;28;35;53;80,Drama; Action; Comedy; Thriller; Crime,5
350,Million Dollar Baby,mask_10,18;35;10751,Drama; Comedy; Family,3
6325,Spree,mask_10,12;28;35,Adventure; Action; Comedy,3
1898,The Time Machine,mask_10,12;18;878,Adventure; Drama; Science Fiction,3
9290,Survivor,mask_10,18;28;53;80,Drama; Action; Thriller; Crime,4
9395,The Hunters,mask_10,12;14;16;27;28;878;10751,Adventure; Fantasy; Animation; Horror; Action; Science Fiction; Family,7
7853,Goosebumps 2: Haunted Halloween,mask_10,12;16;35;10751,Adventure; Animation; Comedy; Family,4
2734,Petite Maman,mask_10,12;14;18;10751,Adventure; Fantasy; Drama; Family,4
2181,Victor/Victoria,mask_10,18;35;10749,Drama; Comedy; Romance,3
8548,Volcano,mask_10,27;35;53;878,Horror; Comedy; Thriller; Science Fiction,4
4191,About Schmidt,mask_10,12;18;35;10749,Adventure; Drama; Comedy; Romance,4
1320,The Rules of the Game,mask_10,18;35,Drama; Comedy,2
1419,The Reader,mask_10,18;53;10749,Drama; Thriller; Romance,3
1016,In a Lonely Place,mask_10,18;27;35;53;80;10749,Drama; Horror; Comedy; Thriller; Crime; Romance,6
110,Puss in Boots: The Last Wish,mask_10,12;14;16;18;35;10751,Adventure; Fantasy; Animation; Drama; Comedy; Family,6
8307,The 6th Day,mask_10,12;28;35;53;878,Adventure; Action; Comedy; Thriller; Science Fiction,5
6202,Jackie,mask_10,18;36,Drama; History,2
5861,I'm Not There,mask_10,18;35,Drama; Comedy,2
764,Manhattan,mask_10,18;35;10749,Drama; Comedy; Romance,3
4105,Margin Call,mask_10,18;53,Drama; Thriller,2
6763,Three Floors,mask_10,18;35,Drama; Comedy,2
8256,Neuilly Yo Mama!,mask_10,18;28;35;80,Drama; Action; Comedy; Crime,4
3483,10 Cloverfield Lane,mask_10,18;27;28;53;878,Drama; Horror; Action; Thriller; Science Fiction,5
8226,How to Lose Friends & Alienate People,mask_10,18;35,Drama; Comedy,2
4316,Ashfall,mask_10,12;14;16;28;35;10751,Adventure; Fantasy; Animation; Action; Comedy; Family,6
3917,Clash of the Titans,mask_10,12;14;16;28;35;878;10749;10751,Adventure; Fantasy; Animation; Action; Comedy; Science Fiction; Romance; Family,8
1199,The Train,mask_10,12;18;28;35;10752,Adventure; Drama; Action; Comedy; War,5
731,Safety Last!,mask_10,12;35,Adventure; Comedy,2
5218,Rambo: First Blood Part II,mask_10,12;28;35;53,Adventure; Action; Comedy; Thriller,4
5136,The Trip,mask_10,35;10749,Comedy; Romance,2
8940,Henry's Crime,mask_10,18;28;35;53;80,Drama; Action; Comedy; Thriller; Crime,5
6940,Archive,mask_10,18;28;53;878,Drama; Action; Thriller; Science Fiction,4
4263,Justice League: The New Frontier,mask_10,12;16;28;878,Adventure; Animation; Action; Science Fiction,4
6066,God Willing,mask_10,18;35,Drama; Comedy,2
2945,Gia,mask_10,18;35;10749,Drama; Comedy; Romance,3
4732,The Longest Yard,mask_10,18;28;35;53;80,Drama; Action; Comedy; Thriller; Crime,5
8744,Phantom,mask_10,12;18;28;53;9648,Adventure; Drama; Action; Thriller; Mystery,5
6262,A California Christmas,mask_10,18;35;10749;10751,Drama; Comedy; Romance; Family,4
5233,Something's Gotta Give,mask_10,18;35;10749,Drama; Comedy; Romance,3
6947,Return of the Hero,mask_10,12;18;35;10749,Adventure; Drama; Comedy; Romance,4
6591,The Collection,mask_10,12;14;27;28,Adventure; Fantasy; Horror; Action,4
997,Harold and Maude,mask_10,18;35;10749,Drama; Comedy; Romance,3
5071,Pollock,mask_10,18;35;36,Drama; Comedy; History,3
8027,Fortress,mask_10,27;53,Horror; Thriller,2
9716,17 Girls,mask_10,35,Comedy,1
9919,Toys,mask_10,12;14;18;35;10751,Adventure; Fantasy; Drama; Comedy; Family,5
8209,House of Wax,mask_10,12;27;878,Adventure; Horror; Science Fiction,3
7139,The Little Shop of Horrors,mask_10,18;35;10749;10751,Drama; Comedy; Romance; Family,4
9944,The Phantom,mask_10,12;14;16;28;35;878;10751,Adventure; Fantasy; Animation; Action; Comedy; Science Fiction; Family,7
8063,The Brats,mask_10,18;35;10749,Drama; Comedy; Romance,3
5046,Patriot Games,mask_10,18;28;35;53,Drama; Action; Comedy; Thriller,4
293,Barry Lyndon,mask_10,14;18;28;35,Fantasy; Drama; Action; Comedy,4
553,Sunrise: A Song of Two Humans,mask_10,14;18;35;10749,Fantasy; Drama; Comedy; Romance,4
7939,The 51st State,mask_10,35,Comedy,1
4233,Underworld,mask_10,12;14;27;28,Adventure; Fantasy; Horror; Action,4
9238,Maggie's Plan,mask_10,35;10749,Comedy; Romance,2
4951,Harold and the Purple Crayon,mask_10,12;14;16;18;35;10751,Adventure; Fantasy; Animation; Drama; Comedy; Family,6
7035,The Assistant,mask_10,18;53,Drama; Thriller,2
8603,Robin Hood,mask_10,12;14;18;28;36;10752,Adventure; Fantasy; Drama; Action; History; War,6
3330,Hoosiers,mask_10,18;35,Drama; Comedy,2
4255,The Pit and the Pendulum,mask_10,18;36;9648,Drama; History; Mystery,3
1293,Training Day,mask_10,28;35;53;80,Action; Comedy; Thriller; Crime,4
540,F1,mask_10,18;28;35,Drama; Action; Comedy,3
4235,Barbarian,mask_10,18;35;53;10749,Drama; Comedy; Thriller; Romance,4
6601,FernGully: The Last Rainforest,mask_10,12;14;16;35;10751,Adventure; Fantasy; Animation; Comedy; Family,5
1973,Spider-Man: Homecoming,mask_10,12;18;28;878,Adventure; Drama; Action; Science Fiction,4
6557,Nighthawks,mask_10,12;28;35;53;80,Adventure; Action; Comedy; Thriller; Crime,5
5705,Super Troopers,mask_10,28;35;53;80,Action; Comedy; Thriller; Crime,4
5731,The Witches of Eastwick,mask_10,18;35;10749,Drama; Comedy; Romance,3
7665,Push,mask_10,28;35;53;80,Action; Comedy; Thriller; Crime,4
7180,Insidious: The Last Key,mask_10,18;27;53;9648,Drama; Horror; Thriller; Mystery,4
977,Stagecoach,mask_10,12;18,Adventure; Drama,2
9691,Be Cool,mask_10,18;35;80;10402;10749,Drama; Comedy; Crime; Music; Romance,5
8418,Tin & Tina,mask_10,18;35;10749,Drama; Comedy; Romance,3
3626,Compartment No. 6,mask_10,18;53;10749,Drama; Thriller; Romance,3
2034,Justice League: Crisis on Two Earths,mask_10,12;14;16;28;878,Adventure; Fantasy; Animation; Action; Science Fiction,5
4098,The Strange Thing About the Johnsons,mask_10,18;35;53,Drama; Comedy; Thriller,3
9643,Wanderlust,mask_10,18;35;10749,Drama; Comedy; Romance,3
4179,Flight,mask_10,18;28;35,Drama; Action; Comedy,3
6176,For Love of the Game,mask_10,18;35;10751,Drama; Comedy; Family,3
7119,Taken 3,mask_10,18;28;35;53;80,Drama; Action; Comedy; Thriller; Crime,5
2173,Stardust,mask_10,12;14;16;35;10751,Adventure; Fantasy; Animation; Comedy; Family,5
189,The Father,mask_10,18;53,Drama; Thriller,2
7372,He Never Died,mask_10,12;14;35,Adventure; Fantasy; Comedy,3
1626,Saw,mask_10,12;27;28;35;53;80,Adventure; Horror; Action; Comedy; Thriller; Crime,6
563,The Avengers,mask_10,12;28;35;53;878,Adventure; Action; Comedy; Thriller; Science Fiction,5
1784,Grease,mask_10,18;35;10749;10751,Drama; Comedy; Romance; Family,4
6167,Bride & Prejudice,mask_10,18;35;10749,Drama; Comedy; Romance,3
7022,Severance,mask_10,28;35;53,Action; Comedy; Thriller,3
7046,Child 44,mask_10,18;53;80;9648,Drama; Thriller; Crime; Mystery,4
6244,Life,mask_10,12;35;878,Adventure; Comedy; Science Fiction,3
1057,10 Things I Hate About You,mask_10,35;10749,Comedy; Romance,2
645,The King of Comedy,mask_10,18;35,Drama; Comedy,2
371,Don't Look Now... We're Being Shot At!,mask_10,12;18;28;35;10752,Adventure; Drama; Action; Comedy; War,5
5995,Assassins,mask_10,18;28;53;80,Drama; Action; Thriller; Crime,4
8216,Shaft,mask_10,18;28;53;80,Drama; Action; Thriller; Crime,4
3421,Wild,mask_10,18,Drama,1
1869,Possession,mask_10,18;27;53;9648,Drama; Horror; Thriller; Mystery,4
5536,Star Trek III: The Search for Spock,mask_10,28;35;878,Action; Comedy; Science Fiction,3
6922,King Arthur,mask_10,12;14;16;18;28,Adventure; Fantasy; Animation; Drama; Action,5
6810,Second Act,mask_10,18;35;10749,Drama; Comedy; Romance,3
4033,Mad God,mask_10,12;14;16;28;53;878,Adventure; Fantasy; Animation; Action; Thriller; Science Fiction,6
8510,She-Devil,mask_10,18;35;53;10749,Drama; Comedy; Thriller; Romance,4
8582,The Karate Kid Part III,mask_10,18;28,Drama; Action,2
8712,Righteous Kill,mask_10,28;53;80;9648,Action; Thriller; Crime; Mystery,4
1427,Glory,mask_10,18;36;10752,Drama; History; War,3
2328,"Planes, Trains and Automobiles",mask_10,35;10749,Comedy; Romance,2
7303,Chernobyl: Abyss,mask_10,12;18;878,Adventure; Drama; Science Fiction,3
4803,Escape Plan,mask_10,18;28;53;80,Drama; Action; Thriller; Crime,4
2657,The Driver,mask_10,18;28;35;53;80,Drama; Action; Comedy; Thriller; Crime,5
530,An Autumn Afternoon,mask_10,18;35;10749,Drama; Comedy; Romance,3
3412,The Zone of Interest,mask_10,14;18;35,Fantasy; Drama; Comedy,3
7021,Great Balls of Fire!,mask_10,18;35;36;10402,Drama; Comedy; History; Music,4
3863,The Substitute,mask_10,28;35;53;80,Action; Comedy; Thriller; Crime,4
769,BPM (Beats per Minute),mask_10,18;53;878,Drama; Thriller; Science Fiction,3
603,Land of Mine,mask_10,12;18;28;53;10752,Adventure; Drama; Action; Thriller; War,5
1826,The Way of the Dragon,mask_10,12;18;28;35;80,Adventure; Drama; Action; Comedy; Crime,5
9990,Marmaduke,mask_10,18;35;10751,Drama; Comedy; Family,3
5454,Titan A.E.,mask_10,12;18;28;878,Adventure; Drama; Action; Science Fiction,4
4689,King of New York,mask_10,12;18;28;35;53;80,Adventure; Drama; Action; Comedy; Thriller; Crime,6
1769,Babylon,mask_10,18;35;36;10402,Drama; Comedy; History; Music,4
7109,The Noel Diary,mask_10,14;18;35;10751,Fantasy; Drama; Comedy; Family,4
7040,Basilicata Coast to Coast,mask_10,18;35;10402,Drama; Comedy; Music,3
2951,Bitter Moon,mask_10,18;35;10749,Drama; Comedy; Romance,3
4916,Return to Oz,mask_10,12;14;16;18;10749,Adventure; Fantasy; Animation; Drama; Romance,5
8894,6 Below: Miracle on the Mountain,mask_10,18;53,Drama; Thriller,2
3547,Mamma Mia!,mask_10,18;35;10749,Drama; Comedy; Romance,3
4476,Winter's Bone,mask_10,18;27,Drama; Horror,2
5633,Seeking a Friend for the End of the World,mask_10,35;53;878;10749,Comedy; Thriller; Science Fiction; Romance,4
3732,The Isle,mask_10,16;18;35,Animation; Drama; Comedy,3
9559,The Conference,mask_10,18;28;35,Drama; Action; Comedy,3
365,Spider-Man: No Way Home,mask_10,12;14;16;28;35;878,Adventure; Fantasy; Animation; Action; Comedy; Science Fiction,6
9417,Admission,mask_10,18;35;10749,Drama; Comedy; Romance,3
1174,The Six Triple Eight,mask_10,12;18;28;35;10752,Adventure; Drama; Action; Comedy; War,5
6956,Bandits,mask_10,12;28;35;53;10749,Adventure; Action; Comedy; Thriller; Romance,5
259,Amadeus,mask_10,18;35,Drama; Comedy,2
5569,Flesh + Blood,mask_10,12;14;28;35;53,Adventure; Fantasy; Action; Comedy; Thriller,5
1042,Evangelion: 1.0 You Are (Not) Alone,mask_10,12;16;28;878,Adventure; Animation; Action; Science Fiction,4
5282,Colombiana,mask_10,14;28;53;80,Fantasy; Action; Thriller; Crime,4
9250,Alvin and the Chipmunks: Chipwrecked,mask_10,12;16;27;35;878;10751,Adventure; Animation; Horror; Comedy; Science Fiction; Family,6
7326,There's No Place Like Home,mask_10,12;18;35;10751,Adventure; Drama; Comedy; Family,4
475,A Bronx Tale,mask_10,18;35;80,Drama; Comedy; Crime,3
7344,Waiting...,mask_10,27;28;35;53,Horror; Action; Comedy; Thriller,4
3786,White Chicks,mask_10,28;35;53;80,Action; Comedy; Thriller; Crime,4
6347,Shaft,mask_10,12;14;28;53;10751,Adventure; Fantasy; Action; Thriller; Family,5
9922,Mutant Chronicles,mask_10,12;28;53;878,Adventure; Action; Thriller; Science Fiction,4
4664,He Got Game,mask_10,18;35,Drama; Comedy,2
5439,The Finest Hours,mask_10,12;18;28;53;10752,Adventure; Drama; Action; Thriller; War,5
2950,Cross of Iron,mask_10,18;28;36;53;10752,Drama; Action; History; Thriller; War,5
9117,Rules Don't Apply,mask_10,18;35;10749,Drama; Comedy; Romance,3
5908,Seoul Station,mask_10,27;28;53;878,Horror; Action; Thriller; Science Fiction,4
8203,Up for Love,mask_10,18;35;10749,Drama; Comedy; Romance,3
6735,"Roman J. Israel, Esq.",mask_10,18;35,Drama; Comedy,2
2161,Swades,mask_10,18;35;878,Drama; Comedy; Science Fiction,3
1965,All That Heaven Allows,mask_10,18;35;10749,Drama; Comedy; Romance,3
21,Fight Club,mask_10,18;28;35;53;80,Drama; Action; Comedy; Thriller; Crime,5
6143,Ice Age: A Mammoth Christmas,mask_10,12;14;16;35;10751,Adventure; Fantasy; Animation; Comedy; Family,5
3839,Antwone Fisher,mask_10,18;53,Drama; Thriller,2
8704,Cooties,mask_10,12;27;28;878;10751,Adventure; Horror; Action; Science Fiction; Family,5
5092,Charlie Bartlett,mask_10,18;35,Drama; Comedy,2
868,A Charlie Brown Christmas,mask_10,12;14;16;18;35;10751,Adventure; Fantasy; Animation; Drama; Comedy; Family,6
4932,The Stepford Wives,mask_10,18;35;10749,Drama; Comedy; Romance,3
5225,Jack Reacher,mask_10,18;27;28;53;80;9648,Drama; Horror; Action; Thriller; Crime; Mystery,6
2573,Upgraded,mask_10,18;35;10749,Drama; Comedy; Romance,3
3624,A Conspiracy of Faith,mask_10,18;27;53,Drama; Horror; Thriller,3
2062,Kung Fu Panda,mask_10,12;14;16;28;35;10751,Adventure; Fantasy; Animation; Action; Comedy; Family,6
8654,Men in Black: International,mask_10,12;28;53;878,Adventure; Action; Thriller; Science Fiction,4
1791,Asterix & Obelix: Mission Cleopatra,mask_10,12;14;18;35,Adventure; Fantasy; Drama; Comedy,4
5534,May December,mask_10,18;35;10749,Drama; Comedy; Romance,3
7704,Crossing Over,mask_10,18;28;53;878,Drama; Action; Thriller; Science Fiction,4
8983,The Man,mask_10,28;35;53;80;9648,Action; Comedy; Thriller; Crime; Mystery,5
5453,Main Hoon Na,mask_10,18;28;35;53,Drama; Action; Comedy; Thriller,4
9626,Leprechaun 2,mask_10,12;14;16;28;35;10751,Adventure; Fantasy; Animation; Action; Comedy; Family,6
4336,Time After Time,mask_10,12;18;28;53;878,Adventure; Drama; Action; Thriller; Science Fiction,5
5568,"I Love You, Man",mask_10,35;10749,Comedy; Romance,2
8488,An American Werewolf in Paris,mask_10,14;27;28;35;53;878,Fantasy; Horror; Action; Comedy; Thriller; Science Fiction,6
4057,Flavors of Youth,mask_10,18,Drama,1
3456,The Dressmaker,mask_10,14;18;35;10749;10751,Fantasy; Drama; Comedy; Romance; Family,5
2164,The Seventh Company Has Been Found,mask_10,12;16;35;10751,Adventure; Animation; Comedy; Family,4
9966,With Open Arms,mask_10,18;35,Drama; Comedy,2
7617,28 Days,mask_10,18;35;80,Drama; Comedy; Crime,3
5215,Brother Bear 2,mask_10,12;14;16;35;10751,Adventure; Fantasy; Animation; Comedy; Family,5
5899,Thor: The Dark World,mask_10,12;14;16;28;878,Adventure; Fantasy; Animation; Action; Science Fiction,5
5683,Trust,mask_10,18;35;10749;10751,Drama; Comedy; Romance; Family,4
8688,King Cobra,mask_10,18;28;35;53,Drama; Action; Comedy; Thriller,4
6197,Your Sister's Sister,mask_10,18;35;10749;10751,Drama; Comedy; Romance; Family,4
9850,Sleeping Beauty,mask_10,14;18;27;35;10751,Fantasy; Drama; Horror; Comedy; Family,5
6159,Judgment Night,mask_10,18;35,Drama; Comedy,2
3199,Far from Heaven,mask_10,18;35,Drama; Comedy,2
8679,Problem Child 2,mask_10,18;35,Drama; Comedy,2
1942,High Plains Drifter,mask_10,12;28;53;80,Adventure; Action; Thriller; Crime,4
9317,The Pact,mask_10,18;27;53;9648,Drama; Horror; Thriller; Mystery,4
481,Bad Genius,mask_10,18;35,Drama; Comedy,2
3280,The Proposition,mask_10,18;53;80,Drama; Thriller; Crime,3
1169,Moulin Rouge!,mask_10,18;35,Drama; Comedy,2
7475,The Crew,mask_10,12;18;28;35;53;80,Adventure; Drama; Action; Comedy; Thriller; Crime,6
6721,Smurfs: The Lost Village,mask_10,12;14;16;35;10751,Adventure; Fantasy; Animation; Comedy; Family,5
297,The Passion of Joan of Arc,mask_10,18;27,Drama; Horror,2
5367,Suicide Kings,mask_10,12;28;35;53;80,Adventure; Action; Comedy; Thriller; Crime,5
6173,Super Fuzz,mask_10,12;28;35;53;878,Adventure; Action; Comedy; Thriller; Science Fiction,5
7924,Monster Trucks,mask_10,12;16;28;35;10751,Adventure; Animation; Action; Comedy; Family,5
2700,Troy,mask_10,12;18;28;36;10749,Adventure; Drama; Action; History; Romance,5
4379,Dark Water,mask_10,18;27;53;9648;10749,Drama; Horror; Thriller; Mystery; Romance,5
6784,The Wrath of Becky,mask_10,18;27;53,Drama; Horror; Thriller,3
8228,Kidnapping Mr. Heineken,mask_10,12;18;35;80;10751,Adventure; Drama; Comedy; Crime; Family,5
5132,JCVD,mask_10,18;35;80,Drama; Comedy; Crime,3
9687,Drive-Away Dolls,mask_10,18;27;35;53;10749,Drama; Horror; Comedy; Thriller; Romance,5
1595,The SpongeBob Movie: Sponge on the Run,mask_10,12;16;35;10751,Adventure; Animation; Comedy; Family,4
1329,Breaking the Waves,mask_10,18;35;10749,Drama; Comedy; Romance,3
1923,Nowhere,mask_10,12;18;53,Adventure; Drama; Thriller,3
8010,The Pacifier,mask_10,12;28;878;10751,Adventure; Action; Science Fiction; Family,4
5896,Tideland,mask_10,18;35;10751,Drama; Comedy; Family,3
6459,Cargo,mask_10,18;27;53,Drama; Horror; Thriller,3
9013,Exit Wounds,mask_10,12;28;35;53;80,Adventure; Action; Comedy; Thriller; Crime,5
3324,Ip Man 3,mask_10,28;35;53;80,Action; Comedy; Thriller; Crime,4
5770,Little Monsters,mask_10,18;27;35,Drama; Horror; Comedy,3
5902,The Neon Demon,mask_10,18;35;10749,Drama; Comedy; Romance,3
3230,Moby Dick,mask_10,12;16;18;35;10751,Adventure; Animation; Drama; Comedy; Family,5
285,Song of the Sea,mask_10,12;14;16;18;10751,Adventure; Fantasy; Animation; Drama; Family,5
5939,The Jane Austen Book Club,mask_10,18;10749,Drama; Romance,2
7077,Extinction,mask_10,12;14;16;27;878;10751,Adventure; Fantasy; Animation; Horror; Science Fiction; Family,6
1471,High School of the Dead: Drifters of the Dead,mask_10,12;16;27;28;35;53;878,Adventure; Animation; Horror; Action; Comedy; Thriller; Science Fiction,7
4106,Loft,mask_10,35;53;10749,Comedy; Thriller; Romance,3
5257,The Man in the Iron Mask,mask_10,12;18;28,Adventure; Drama; Action,3
1837,The Great Gatsby,mask_10,18;35;10749,Drama; Comedy; Romance,3
4529,In Her Name,mask_10,18;53;80,Drama; Thriller; Crime,3
6063,Colors,mask_10,18;53,Drama; Thriller,2
9741,Incarnate,mask_10,14;27;35;53,Fantasy; Horror; Comedy; Thriller,4
1257,The Birds,mask_10,27;28;53,Horror; Action; Thriller,3
7900,The Night Before,mask_10,14;16;35;10751,Fantasy; Animation; Comedy; Family,4
4861,Nymphomaniac: Vol. II,mask_10,18;10749,Drama; Romance,2
9380,Inside,mask_10,18;28;53;80,Drama; Action; Thriller; Crime,4
145,Good Will Hunting,mask_10,18;35,Drama; Comedy,2
2347,Pearl,mask_10,18;10749,Drama; Romance,2
1047,Steins;Gate: The Movie - Load Region of Déjà Vu,mask_10,12;16;18;28;878,Adventure; Animation; Drama; Action; Science Fiction,5
6199,Drag Me to Hell,mask_10,18;27;53,Drama; Horror; Thriller,3
2878,The Dark Crystal,mask_10,12;14;16;28;35;878;10751,Adventure; Fantasy; Animation; Action; Comedy; Science Fiction; Family,7
5053,Emily the Criminal,mask_10,18;35;53;80,Drama; Comedy; Thriller; Crime,4
3147,I Hate Summer,mask_10,18;35;10751,Drama; Comedy; Family,3
4581,The DUFF,mask_10,16;35;10749;10751,Animation; Comedy; Romance; Family,4
5254,White God,mask_10,12;14;16;18;35;10751,Adventure; Fantasy; Animation; Drama; Comedy; Family,6
503,Shoplifters,mask_10,18,Drama,1
6101,Police Story 4: First Strike,mask_10,12;18;28;35;53,Adventure; Drama; Action; Comedy; Thriller,5
7290,Mean Machine,mask_10,18;28;35;53;80,Drama; Action; Comedy; Thriller; Crime,5
9036,Paranormal Activity 2,mask_10,14;27;35,Fantasy; Horror; Comedy,3
1097,The Hobbit: The Desolation of Smaug,mask_10,12;14;16;28;35;10751,Adventure; Fantasy; Animation; Action; Comedy; Family,6
7192,Ghosts of War,mask_10,12;14;27;28;53;10752,Adventure; Fantasy; Horror; Action; Thriller; War,6
826,Black Swan,mask_10,18;35;10749;10751,Drama; Comedy; Romance; Family,4
1943,Red River,mask_10,12;18;35;37;10751,Adventure; Drama; Comedy; Western; Family,5
1783,My Sister's Keeper,mask_10,18;35,Drama; Comedy,2
6847,Dark Skies,mask_10,14;27;53;9648,Fantasy; Horror; Thriller; Mystery,4
5990,Mother's Day,mask_10,18;27;53,Drama; Horror; Thriller,3
4698,First Love,mask_10,18;28;53;80;10749,Drama; Action; Thriller; Crime; Romance,5
4319,The Ghost Writer,mask_10,18;35;53,Drama; Comedy; Thriller,3
1309,Almost Famous,mask_10,18;35;10402;10749,Drama; Comedy; Music; Romance,4
6541,The Knight Before Christmas,mask_10,12;14;18;35;10749,Adventure; Fantasy; Drama; Comedy; Romance,5
6728,Doc Hollywood,mask_10,18;28;35;80,Drama; Action; Comedy; Crime,4
68,Given,mask_10,18;35;10749,Drama; Comedy; Romance,3
6565,The Assassin,mask_10,12;18;28,Adventure; Drama; Action,3
3340,Lethal Weapon 2,mask_10,12;28;35;53,Adventure; Action; Comedy; Thriller,4
5380,Conspiracy Theory,mask_10,35;53,Comedy; Thriller,2
5732,The Chronicles of Riddick,mask_10,12;28;878,Adventure; Action; Science Fiction,3
1738,Mad Max 2,mask_10,12;18;28,Adventure; Drama; Action,3
9357,My Best Friend's Girl,mask_10,18;35;10749,Drama; Comedy; Romance,3
93,Klaus,mask_10,14;18;35;10751,Fantasy; Drama; Comedy; Family,4
7555,Murder by Numbers,mask_10,28;53;80;9648,Action; Thriller; Crime; Mystery,4
4648,Oedipus Rex,mask_10,12;18;10751,Adventure; Drama; Family,3
5928,The Bookshop,mask_10,18;35,Drama; Comedy,2
4387,200 Pounds Beauty,mask_10,16;18;35;10749,Animation; Drama; Comedy; Romance,4
7601,Splinter,mask_10,12;27;28;35;53;878;10751,Adventure; Horror; Action; Comedy; Thriller; Science Fiction; Family,7
8944,Kicking & Screaming,mask_10,18;35;10751,Drama; Comedy; Family,3
76,The Intouchables,mask_10,18;35,Drama; Comedy,2
2319,Betty Blue,mask_10,18;35;10749,Drama; Comedy; Romance,3
7425,The Prince & Me,mask_10,14;18;35;10749;10751,Fantasy; Drama; Comedy; Romance; Family,5
916,Laurence Anyways,mask_10,14;18;35;10749,Fantasy; Drama; Comedy; Romance,4
9369,The Maiden Heist,mask_10,12;28;53,Adventure; Action; Thriller,3
4345,An Unfinished Life,mask_10,18;35,Drama; Comedy,2
7191,No Escape,mask_10,12;18;28;53,Adventure; Drama; Action; Thriller,4
8369,The Marvels,mask_10,12;16;28;35;878;10749;10751,Adventure; Animation; Action; Comedy; Science Fiction; Romance; Family,7
2010,Carrie,mask_10,18;27;53,Drama; Horror; Thriller,3
7722,Happily Mixed Up,mask_10,18;27;53,Drama; Horror; Thriller,3
194,The Hunt,mask_10,18;35,Drama; Comedy,2
7314,The Other Woman,mask_10,18;35;10749,Drama; Comedy; Romance,3
6475,Flypaper,mask_10,28;35;53;80,Action; Comedy; Thriller; Crime,4
9513,Truth or Dare,mask_10,27;35;53,Horror; Comedy; Thriller,3
7049,Your Place or Mine,mask_10,16;35;10749;10751,Animation; Comedy; Romance; Family,4
6424,Don't Think Twice,mask_10,18;35;53,Drama; Comedy; Thriller,3
4977,Troll Hunter,mask_10,27;53,Horror; Thriller,2
998,Mortal Kombat Legends: Battle of the Realms,mask_10,12;14;16;28;878,Adventure; Fantasy; Animation; Action; Science Fiction,5
6904,Beauty Shop,mask_10,18;35;53,Drama; Comedy; Thriller,3
8099,Arcadian,mask_10,12;27;28;53;878,Adventure; Horror; Action; Thriller; Science Fiction,5
5448,Silent Hill,mask_10,18;27;53,Drama; Horror; Thriller,3
9327,Momentum,mask_10,12;28;53;80;9648,Adventure; Action; Thriller; Crime; Mystery,5
7114,The Dead Pool,mask_10,35;53;80,Comedy; Thriller; Crime,3
3408,Mickey's Twice Upon a Christmas,mask_10,12;14;16;35;10751,Adventure; Fantasy; Animation; Comedy; Family,5
5405,The Wizard of Lies,mask_10,18;53;80,Drama; Thriller; Crime,3
2850,Tangled Ever After,mask_10,12;14;16;35;10749;10751,Adventure; Fantasy; Animation; Comedy; Romance; Family,6
8088,Sanctum,mask_10,12;18;10751,Adventure; Drama; Family,3
2705,Kiss Kiss Bang Bang,mask_10,28;35;53;80,Action; Comedy; Thriller; Crime,4
6846,The Visit,mask_10,18;27;35;10751,Drama; Horror; Comedy; Family,4
432,Divorce Italian Style,mask_10,18;35;10749,Drama; Comedy; Romance,3
7851,F,mask_10,18;28;53,Drama; Action; Thriller,3
4028,Rango,mask_10,12;16;28;35;10751,Adventure; Animation; Action; Comedy; Family,5
1048,The Fault in Our Stars,mask_10,14;18;878,Fantasy; Drama; Science Fiction,3
4923,RED,mask_10,18;28;35;53,Drama; Action; Comedy; Thriller,4
1935,A Nightmare on Elm Street,mask_10,18;27;53;9648,Drama; Horror; Thriller; Mystery,4
4569,Asterix in Britain,mask_10,12;14;16;28;35;10751,Adventure; Fantasy; Animation; Action; Comedy; Family,6
195,New Gods: Nezha Reborn,mask_10,12;14;16;28;35,Adventure; Fantasy; Animation; Action; Comedy,5
4697,Superman II,mask_10,12;16;28;878,Adventure; Animation; Action; Science Fiction,4
392,We Are the Nobles,mask_10,12;18;35;10751,Adventure; Drama; Comedy; Family,4
8213,Alvin and the Chipmunks: The Road Chip,mask_10,18;35;10749,Drama; Comedy; Romance,3
6304,Wild Target,mask_10,18;35;53,Drama; Comedy; Thriller,3
3110,What's Love Got to Do with It,mask_10,18;35;10749,Drama; Comedy; Romance,3
4715,Road House,mask_10,18;35;53;80,Drama; Comedy; Thriller; Crime,4
5549,Lionheart,mask_10,18;28,Drama; Action,2
2066,Red Dog,mask_10,12;18;35;10751,Adventure; Drama; Comedy; Family,4
1716,Rushmore,mask_10,18;35;10749;10751,Drama; Comedy; Romance; Family,4
537,The Shadow in My Eye,mask_10,18;28;36;53;10752,Drama; Action; History; Thriller; War,5
7092,Legends of Oz: Dorothy's Return,mask_10,12;14;16;10751,Adventure; Fantasy; Animation; Family,4
6211,The Uninvited,mask_10,18;27;53,Drama; Horror; Thriller,3
4824,Bumblebee,mask_10,12;16;35;10751,Adventure; Animation; Comedy; Family,4
2220,Riders of Justice,mask_10,18;27;53;9648,Drama; Horror; Thriller; Mystery,4
2109,Sonic the Hedgehog,mask_10,12;14;16;28;35;878;10751,Adventure; Fantasy; Animation; Action; Comedy; Science Fiction; Family,7
2137,The Fundamentals of Caring,mask_10,18;35,Drama; Comedy,2
8471,Alexander,mask_10,12;16;18;28;36;878,Adventure; Animation; Drama; Action; History; Science Fiction,6
8919,Neighbors 2: Sorority Rising,mask_10,18;35,Drama; Comedy,2
7279,Accident Man,mask_10,28;35;53,Action; Comedy; Thriller,3
2200,Land of Bad,mask_10,12;28;35;53;878,Adventure; Action; Comedy; Thriller; Science Fiction,5
954,The Longest Ride,mask_10,18;35;10749,Drama; Comedy; Romance,3
5846,Dragonslayer,mask_10,12;14;16;28;10751,Adventure; Fantasy; Animation; Action; Family,5
2761,Confession of Murder,mask_10,27;28;53;80;9648,Horror; Action; Thriller; Crime; Mystery,5
3169,Patriots Day,mask_10,12;18;28;53,Adventure; Drama; Action; Thriller,4
4930,Night Moves,mask_10,18;35;53;80;9648,Drama; Comedy; Thriller; Crime; Mystery,5
7857,V/H/S/94,mask_10,27;28;53;80;878;9648,Horror; Action; Thriller; Crime; Science Fiction; Mystery,6
459,Persepolis,mask_10,18;36,Drama; History,2
3793,Nine to Five,mask_10,18;35;80,Drama; Comedy; Crime,3
742,Slumdog Millionaire,mask_10,18;35;10751,Drama; Comedy; Family,3
9458,Leatherface,mask_10,14;18;27;53,Fantasy; Drama; Horror; Thriller,4
5743,Looking for Eric,mask_10,18;35,Drama; Comedy,2
50,American History X,mask_10,18;28;53;80,Drama; Action; Thriller; Crime,4
2108,Stolen Kisses,mask_10,18;35,Drama; Comedy,2
3005,Ariel,mask_10,18;53,Drama; Thriller,2
2698,Monsieur Lazhar,mask_10,18,Drama,1
6130,The Love Witch,mask_10,12;14;16;27;35,Adventure; Fantasy; Animation; Horror; Comedy,5
2762,House of Sand and Fog,mask_10,18;53;80,Drama; Thriller; Crime,3
8909,Analyze That,mask_10,18;35;53;80,Drama; Comedy; Thriller; Crime,4
4555,Kill the Irishman,mask_10,18;28;53;80,Drama; Action; Thriller; Crime,4
3314,My Neighbors the Yamadas,mask_10,18;35,Drama; Comedy,2
6867,Yara,mask_10,18;27;53;9648,Drama; Horror; Thriller; Mystery,4
866,Scooby-Doo on Zombie Island,mask_10,12;14;16;35;10751,Adventure; Fantasy; Animation; Comedy; Family,5
5897,Bubba Ho-tep,mask_10,18;35,Drama; Comedy,2
3362,An Officer and a Gentleman,mask_10,18;28;35,Drama; Action; Comedy,3
5462,Goya's Ghosts,mask_10,18;28;53,Drama; Action; Thriller,3
3704,RocknRolla,mask_10,35;53;80,Comedy; Thriller; Crime,3
2058,"Good Morning, Vietnam",mask_10,12;16;18;35;10751,Adventure; Animation; Drama; Comedy; Family,5
3919,Finestkind,mask_10,12;18;35;80,Adventure; Drama; Comedy; Crime,4
7768,Ad Astra,mask_10,12;18;878,Adventure; Drama; Science Fiction,3
8004,No Filter,mask_10,18;35;10749,Drama; Comedy; Romance,3
7957,Kill Your Friends,mask_10,18;35;53;80;10402,Drama; Comedy; Thriller; Crime; Music,5
8023,My Life Without Me,mask_10,18;27;53,Drama; Horror; Thriller,3
8173,Bee Movie,mask_10,35;878,Comedy; Science Fiction,2
3737,Fly Away Home,mask_10,14;16;18;27;35;10751,Fantasy; Animation; Drama; Horror; Comedy; Family,6
5273,Aline,mask_10,18;35,Drama; Comedy,2
2229,Jeremiah Johnson,mask_10,12;14;18;28,Adventure; Fantasy; Drama; Action,4
4706,Tucker: The Man and His Dream,mask_10,18;36,Drama; History,2
9060,We Are What We Are,mask_10,12;18;27;53,Adventure; Drama; Horror; Thriller,4
2063,Duck Soup,mask_10,12;16;18;35;10751,Adventure; Animation; Drama; Comedy; Family,5
3257,Elephant,mask_10,18;35,Drama; Comedy,2
9891,Behaving Badly,mask_10,35;53,Comedy; Thriller,2
3808,Project Silence,mask_10,12;16;27;53;878,Adventure; Animation; Horror; Thriller; Science Fiction,5
6370,"My Donkey, My Lover & I",mask_10,12;18;35;10751,Adventure; Drama; Comedy; Family,4
863,12 Angry Men,mask_10,18;80,Drama; Crime,2
2830,After the Wedding,mask_10,18;53,Drama; Thriller,2
6596,The Imaginarium of Doctor Parnassus,mask_10,12;14;28;35,Adventure; Fantasy; Action; Comedy,4
7661,Ben 10: Alien Swarm,mask_10,12;14;28;35;53;878,Adventure; Fantasy; Action; Comedy; Thriller; Science Fiction,6
9043,Black Sheep,mask_10,27;53;878,Horror; Thriller; Science Fiction,3
3112,The Thirteenth Floor,mask_10,18;35,Drama; Comedy,2
6154,Olaf's Frozen Adventure,mask_10,12;14;16;35;10751,Adventure; Fantasy; Animation; Comedy; Family,5
1132,Gattaca,mask_10,12;14;28;35,Adventure; Fantasy; Action; Comedy,4
6679,New Kids Turbo,mask_10,28;35,Action; Comedy,2
6352,Operation Christmas Drop,mask_10,18;28;35;53,Drama; Action; Comedy; Thriller,4
6897,Flushed Away,mask_10,12;16;35;10751,Adventure; Animation; Comedy; Family,4
9302,Damaged,mask_10,18;53;80;9648,Drama; Thriller; Crime; Mystery,4
4186,Moonstruck,mask_10,18;35;10749,Drama; Comedy; Romance,3
9506,Deep Blue Sea 3,mask_10,12;35;10751,Adventure; Comedy; Family,3
1553,Scarface,mask_10,18;28;35;53;80,Drama; Action; Comedy; Thriller; Crime,5
8924,Young Adult,mask_10,18;35;10749,Drama; Comedy; Romance,3
2655,Identity,mask_10,27;53,Horror; Thriller,2
9460,Family Pack,mask_10,12;14;16;27;28;35;10751,Adventure; Fantasy; Animation; Horror; Action; Comedy; Family,7
919,Vampire Hunter D: Bloodlust,mask_10,12;28;35,Adventure; Action; Comedy,3
2957,A Writer's Odyssey,mask_10,12;14;16;18;28,Adventure; Fantasy; Animation; Drama; Action,5
5598,Who You Think I Am,mask_10,18;35;10749,Drama; Comedy; Romance,3
9215,Porky's II: The Next Day,mask_10,18;27;35,Drama; Horror; Comedy,3
9951,Havoc,mask_10,18;35;53;80,Drama; Comedy; Thriller; Crime,4
5870,Turbo Kid,mask_10,12;14;18;28,Adventure; Fantasy; Drama; Action,4
2826,The Rock,mask_10,18;28;53;80,Drama; Action; Thriller; Crime,4
4831,Dreamgirls,mask_10,18;35;10402;10749,Drama; Comedy; Music; Romance,4
899,Onward,mask_10,12;14;16;35;10751,Adventure; Fantasy; Animation; Comedy; Family,5
7350,Alice and the Mayor,mask_10,18;35,Drama; Comedy,2
5022,Yes Man,mask_10,18;35;878,Drama; Comedy; Science Fiction,3
8371,When in Rome,mask_10,12;16;35;10749;10751,Adventure; Animation; Comedy; Romance; Family,5
3153,SPY x FAMILY CODE: White,mask_10,12;35;53,Adventure; Comedy; Thriller,3
6119,Bridget Jones: Mad About the Boy,mask_10,18;35;10749,Drama; Comedy; Romance,3
6726,The Only Living Boy in New York,mask_10,18;35;10749,Drama; Comedy; Romance,3
6890,Dead in a Week (Or Your Money Back),mask_10,18;35,Drama; Comedy,2
53,Princess Mononoke,mask_10,12;14;16;28,Adventure; Fantasy; Animation; Action,4
4530,Perfect Addiction,mask_10,18;28;53,Drama; Action; Thriller,3
7321,Megan Is Missing,mask_10,18;53,Drama; Thriller,2
7738,Housesitter,mask_10,18;35,Drama; Comedy,2
1058,The Wizard of Oz,mask_10,12;14;16;10751,Adventure; Fantasy; Animation; Family,4
7960,Duplex,mask_10,14;16;27;35;10751,Fantasy; Animation; Horror; Comedy; Family,5
3944,The Hidden,mask_10,18;53;80,Drama; Thriller; Crime,3
5543,Ender's Game,mask_10,12;16;18;28;878;10751,Adventure; Animation; Drama; Action; Science Fiction; Family,6
4162,Denial,mask_10,18;36,Drama; History,2
290,Citizen Kane,mask_10,18;35,Drama; Comedy,2
717,Gran Turismo,mask_10,12;14;16;18;35;10751,Adventure; Fantasy; Animation; Drama; Comedy; Family,6
584,Spotlight,mask_10,18;27;35;53,Drama; Horror; Comedy; Thriller,4
3508,This Must Be the Place,mask_10,18;35;53;80,Drama; Comedy; Thriller; Crime,4
1103,Spies in Disguise,mask_10,12;18;28;35;878,Adventure; Drama; Action; Comedy; Science Fiction,5
7365,The Night Clerk,mask_10,18;27;35;53;80;9648,Drama; Horror; Comedy; Thriller; Crime; Mystery,6
7951,The SpongeBob Movie: Sponge Out of Water,mask_10,12;14;16;28;35;10751,Adventure; Fantasy; Animation; Action; Comedy; Family,6
1112,"Girl, Interrupted",mask_10,14;18;10749,Fantasy; Drama; Romance,3
8563,Curse of Chucky,mask_10,14;16;27;10751,Fantasy; Animation; Horror; Family,4
8522,Pyewacket,mask_10,14;16;18;27;9648;10751,Fantasy; Animation; Drama; Horror; Mystery; Family,6
4553,Anna and the King,mask_10,12;18;10749,Adventure; Drama; Romance,3
5111,The Spiderwick Chronicles,mask_10,12;14;16;27;35;10751,Adventure; Fantasy; Animation; Horror; Comedy; Family,6
9159,Arthur and the Revenge of Maltazard,mask_10,12;14;18;35,Adventure; Fantasy; Drama; Comedy,4
8686,Line of Duty,mask_10,18;35;53;80,Drama; Comedy; Thriller; Crime,4
542,Two Women,mask_10,18,Drama,1
5531,Star Wars: Episode II - Attack of the Clones,mask_10,12;18;28;53;878,Adventure; Drama; Action; Thriller; Science Fiction,5
5529,House of Gucci,mask_10,18;35,Drama; Comedy,2
1683,Boys Don't Cry,mask_10,18;35,Drama; Comedy,2
8472,"Farewell, My Queen",mask_10,18;35;36;10749,Drama; Comedy; History; Romance,4
4976,Time Freak,mask_10,18;28;35;878,Drama; Action; Comedy; Science Fiction,4
5687,Fragile,mask_10,14;27;53;9648,Fantasy; Horror; Thriller; Mystery,4
2550,The Animatrix,mask_10,12;16;18;28;35;878,Adventure; Animation; Drama; Action; Comedy; Science Fiction,6
5810,Ramona and Beezus,mask_10,14;16;18;35;10751,Fantasy; Animation; Drama; Comedy; Family,5
4386,The Women on the 6th Floor,mask_10,18;35;10749,Drama; Comedy; Romance,3
7751,Big Trouble,mask_10,18;35,Drama; Comedy,2
995,The Others,mask_10,14;18;27,Fantasy; Drama; Horror,3
4023,Mike's New Car,mask_10,35;10751,Comedy; Family,2
6574,Baba Yaga: Terror of the Dark Forest,mask_10,14;18;27;35;9648;10751,Fantasy; Drama; Horror; Comedy; Mystery; Family,6
3210,Futurama: Into the Wild Green Yonder,mask_10,12;14;28;35;878,Adventure; Fantasy; Action; Comedy; Science Fiction,5
402,Amélie,mask_10,14;18;35;10749,Fantasy; Drama; Comedy; Romance,4
7862,The Zero Theorem,mask_10,12;18;35;53;878,Adventure; Drama; Comedy; Thriller; Science Fiction,5
4335,The Dry,mask_10,18;35,Drama; Comedy,2
9059,A Christmas Horror Story,mask_10,35;10751,Comedy; Family,2
7776,Cocktail,mask_10,18;35;10751,Drama; Comedy; Family,3
1341,Boyhood,mask_10,18;35;10751,Drama; Comedy; Family,3
6666,Octopussy,mask_10,12;28;53;80;9648,Adventure; Action; Thriller; Crime; Mystery,5
2993,Welcome to the Dollhouse,mask_10,18;35;10751,Drama; Comedy; Family,3
6943,Mighty Joe Young,mask_10,12;18;27;53,Adventure; Drama; Horror; Thriller,4
3669,Insomnia,mask_10,27;35;53;80;9648,Horror; Comedy; Thriller; Crime; Mystery,5
1993,The Magnificent Ambersons,mask_10,12;14;18;35;10749;10751,Adventure; Fantasy; Drama; Comedy; Romance; Family,6
7315,Knight and Day,mask_10,12;18;53,Adventure; Drama; Thriller,3
3411,The High Note,mask_10,18;35;10402;10749;10751,Drama; Comedy; Music; Romance; Family,5
9198,Red Planet,mask_10,12;35;53;878,Adventure; Comedy; Thriller; Science Fiction,4
4056,Hellraiser,mask_10,12;14;16;18;35;10751,Adventure; Fantasy; Animation; Drama; Comedy; Family,6
286,Robot Dreams,mask_10,16;18;35;878;10749;10751,Animation; Drama; Comedy; Science Fiction; Romance; Family,6
5815,RED 2,mask_10,12;18;28;35;878,Adventure; Drama; Action; Comedy; Science Fiction,5
8807,Sgt. Bilko,mask_10,18;28;35;10752,Drama; Action; Comedy; War,4
6362,Drop,mask_10,18;27;35;10749,Drama; Horror; Comedy; Romance,4
2517,Maria Full of Grace,mask_10,12;18;35;10751,Adventure; Drama; Comedy; Family,4
7212,Sky High,mask_10,12;14;16;28;878;10751,Adventure; Fantasy; Animation; Action; Science Fiction; Family,6
3346,After We Fell,mask_10,18;35;53;10749,Drama; Comedy; Thriller; Romance,4
1720,Once Were Warriors,mask_10,18,Drama,1
714,Notorious,mask_10,18;28;53,Drama; Action; Thriller,3
1554,Erin Brockovich,mask_10,18;35;53,Drama; Comedy; Thriller,3
8887,Fading Gigolo,mask_10,12;35;10751,Adventure; Comedy; Family,3
9701,Forces of Nature,mask_10,12;35;10751,Adventure; Comedy; Family,3
178,Portrait of a Lady on Fire,mask_10,18;10749,Drama; Romance,2
304,Sound of Freedom,mask_10,18;35;53,Drama; Comedy; Thriller,3
3262,Apollo 10½: A Space Age Childhood,mask_10,12;14;18;35;10751,Adventure; Fantasy; Drama; Comedy; Family,5
4420,Black or White,mask_10,18,Drama,1
2071,Dog,mask_10,18;35,Drama; Comedy,2
7008,Cannibal Holocaust,mask_10,12;18;878,Adventure; Drama; Science Fiction,3
5176,House of Usher,mask_10,,,0
5834,The Ref,mask_10,27;35;53,Horror; Comedy; Thriller,3
7352,Zambezia,mask_10,12;16;18;10751,Adventure; Animation; Drama; Family,4
9847,Slumber,mask_10,14;27;53,Fantasy; Horror; Thriller,3
2049,Deliverance,mask_10,18;53,Drama; Thriller,2
3354,C'est la vie!,mask_10,35;10749,Comedy; Romance,2
1715,Hour of the Wolf,mask_10,18;35;10749,Drama; Comedy; Romance,3
6888,Bad Taste,mask_10,12;28;35;53;878,Adventure; Action; Comedy; Thriller; Science Fiction,5
9031,Big Momma's House 2,mask_10,12;28;35;10751,Adventure; Action; Comedy; Family,4
5442,Brewster's Millions,mask_10,18;35;53,Drama; Comedy; Thriller,3
5007,The Return,mask_10,14;18;27;35;10751,Fantasy; Drama; Horror; Comedy; Family,5
1430,Fist of Legend,mask_10,12;18;28;35,Adventure; Drama; Action; Comedy,4
2489,Little Manhattan,mask_10,14;18;35;10751,Fantasy; Drama; Comedy; Family,4
2545,Time to Hunt,mask_10,12;28;35;53;80,Adventure; Action; Comedy; Thriller; Crime,5
4713,Germinal,mask_10,18;53;80,Drama; Thriller; Crime,3
1146,Inside Out 2,mask_10,18;27;35;53;9648,Drama; Horror; Comedy; Thriller; Mystery,5
8853,Replicant,mask_10,28;35;53;80;878,Action; Comedy; Thriller; Crime; Science Fiction,5
6468,Baggio: The Divine Ponytail,mask_10,18;35,Drama; Comedy,2
3347,One Night in Miami...,mask_10,18;28;36,Drama; Action; History,3
1334,Band of Outsiders,mask_10,35,Comedy,1
9438,Diana,mask_10,18,Drama,1
967,The Turin Horse,mask_10,18,Drama,1
8297,Anon,mask_10,18;27;53;878;9648,Drama; Horror; Thriller; Science Fiction; Mystery,5
5244,Contagion,mask_10,27;28;53;878,Horror; Action; Thriller; Science Fiction,4
4592,Teen Beach 2,mask_10,35;10751,Comedy; Family,2
8526,Thanks for Sharing,mask_10,18;35;10749,Drama; Comedy; Romance,3
9994,Hollywood Homicide,mask_10,18;35;53;80,Drama; Comedy; Thriller; Crime,4
496,Perfect Strangers,mask_10,18;35,Drama; Comedy,2
971,Sniper: The White Raven,mask_10,12;18;28,Adventure; Drama; Action,3
7663,That Awkward Moment,mask_10,18;35;10749,Drama; Comedy; Romance,3
9161,Urban Legend,mask_10,27;35;53;9648,Horror; Comedy; Thriller; Mystery,4
3785,Streets of Fire,mask_10,35;10749,Comedy; Romance,2
9172,The Midnight Sky,mask_10,12;18;53;878,Adventure; Drama; Thriller; Science Fiction,4
4882,Boiler Room,mask_10,18;35,Drama; Comedy,2
7824,Trouble at Timpetill,mask_10,18;27,Drama; Horror,2
2979,Lamp Life,mask_10,16;18;35;10751,Animation; Drama; Comedy; Family,4
8429,The Oxford Murders,mask_10,18;27;53;80;9648,Drama; Horror; Thriller; Crime; Mystery,5
1654,They Call Me Jeeg,mask_10,12;28;35,Adventure; Action; Comedy,3
7583,Never Been Kissed,mask_10,18;35,Drama; Comedy,2
5921,The Invisible Guardian,mask_10,14;18;27;53;9648,Fantasy; Drama; Horror; Thriller; Mystery,5
8963,Robinson Crusoe,mask_10,12;14;16;35;10751,Adventure; Fantasy; Animation; Comedy; Family,5
382,"Batman: The Dark Knight Returns, Part 2",mask_10,12;16;28;878,Adventure; Animation; Action; Science Fiction,4
1746,Law Abiding Citizen,mask_10,18;28;53;80,Drama; Action; Thriller; Crime,4
7134,Ant-Man and the Wasp: Quantumania,mask_10,12;16;28;35;878;10751,Adventure; Animation; Action; Comedy; Science Fiction; Family,6
1215,The Second Tragic Fantozzi,mask_10,18;35;10751,Drama; Comedy; Family,3
7345,Jigsaw,mask_10,27;28;53;80;878,Horror; Action; Thriller; Crime; Science Fiction,5
2859,Matthias & Maxime,mask_10,18;35;10749,Drama; Comedy; Romance,3
2502,The Ten Commandments: The Movie,mask_10,12;18;36,Adventure; Drama; History,3
1396,Birdman of Alcatraz,mask_10,18;53;80,Drama; Thriller; Crime,3
1465,The Croods: A New Age,mask_10,12;16;35;10751,Adventure; Animation; Comedy; Family,4
5305,Valerian and the City of a Thousand Planets,mask_10,12;18;28;878,Adventure; Drama; Action; Science Fiction,4
4897,Just Go with It,mask_10,18;35;53;10749,Drama; Comedy; Thriller; Romance,4
1598,Trinity Is Still My Name,mask_10,12;28;35;80;10751,Adventure; Action; Comedy; Crime; Family,5
4615,Primer,mask_10,18;878,Drama; Science Fiction,2
9232,The Art of War,mask_10,18;28;53;80,Drama; Action; Thriller; Crime,4
5315,Mr. Morgan's Last Love,mask_10,18;35;10749,Drama; Comedy; Romance,3
1609,American Me,mask_10,18;28;53;80,Drama; Action; Thriller; Crime,4
6534,Creep,mask_10,18;35,Drama; Comedy,2
3561,The White Tiger,mask_10,12;18;28;35,Adventure; Drama; Action; Comedy,4
3143,The Matrix Reloaded,mask_10,12;28;53;878,Adventure; Action; Thriller; Science Fiction,4
1986,Just Another Christmas,mask_10,16;35;10751,Animation; Comedy; Family,3
8285,Flight of the Phoenix,mask_10,12;18;28;35,Adventure; Drama; Action; Comedy,4
8843,The Big Wedding,mask_10,35;10749;10751,Comedy; Romance; Family,3
1234,The Girl with the Dragon Tattoo,mask_10,18;53,Drama; Thriller,2
4540,Battlestar Galactica: The Plan,mask_10,12;28;53;878,Adventure; Action; Thriller; Science Fiction,4
5519,The Lord of the Rings,mask_10,12;14;16;28;35;878,Adventure; Fantasy; Animation; Action; Comedy; Science Fiction,6
3791,Tracks,mask_10,12;18;35;10749;10751,Adventure; Drama; Comedy; Romance; Family,5
1189,Let the Right One In,mask_10,16;18;35;10751,Animation; Drama; Comedy; Family,4
9436,Max Steel,mask_10,12;14;16;28;35;878;10751,Adventure; Fantasy; Animation; Action; Comedy; Science Fiction; Family,7
4641,Jersey Boys,mask_10,18;35;10402;10751,Drama; Comedy; Music; Family,4
4769,The Fog,mask_10,14;27;35;53;878;9648,Fantasy; Horror; Comedy; Thriller; Science Fiction; Mystery,6
5031,Meet the Parents,mask_10,35;53,Comedy; Thriller,2
7593,Jumper,mask_10,12;18;35;878;10751,Adventure; Drama; Comedy; Science Fiction; Family,5
7709,The Amityville Horror,mask_10,18;35;10749,Drama; Comedy; Romance,3
8969,Fantastic Four,mask_10,12;14;16;28;35;878;10751,Adventure; Fantasy; Animation; Action; Comedy; Science Fiction; Family,7
6047,The Last Days of American Crime,mask_10,18;35;53;878,Drama; Comedy; Thriller; Science Fiction,4
7284,Bridget Jones: The Edge of Reason,mask_10,18;35;80;10749,Drama; Comedy; Crime; Romance,4
8021,Sleepover,mask_10,16;35;10749;10751,Animation; Comedy; Romance; Family,4
7868,Village of the Damned,mask_10,12;27;35;10751,Adventure; Horror; Comedy; Family,4
6837,Bend It Like Beckham,mask_10,18;35;10749;10751,Drama; Comedy; Romance; Family,4
2632,Invictus,mask_10,18;35;36,Drama; Comedy; History,3
1775,Burning,mask_10,12;14;16;35;10749;10751,Adventure; Fantasy; Animation; Comedy; Romance; Family,6
6545,Wonder Wheel,mask_10,16;18;35;10751,Animation; Drama; Comedy; Family,4
8751,The Spy Next Door,mask_10,35;53,Comedy; Thriller,2
5118,Back to Black,mask_10,18;35;10402;10749,Drama; Comedy; Music; Romance,4
1843,The Big Short,mask_10,18;28;35;36,Drama; Action; Comedy; History,4
4243,The Man Who Invented Christmas,mask_10,14;18;35;10751,Fantasy; Drama; Comedy; Family,4
7744,Once Upon a Time in Bethlehem,mask_10,12;14;27;28;35;878,Adventure; Fantasy; Horror; Action; Comedy; Science Fiction,6
9752,Poison Ivy,mask_10,18;35;10749,Drama; Comedy; Romance,3
2286,Star Wars: The Force Awakens,mask_10,12;16;28;35;878,Adventure; Animation; Action; Comedy; Science Fiction,5
7217,"Marry Me, Dude",mask_10,18;35;10749,Drama; Comedy; Romance,3
2203,Heathers,mask_10,18;35,Drama; Comedy,2
8900,Big Momma's House,mask_10,12;35;10751,Adventure; Comedy; Family,3
6554,The Awakening,mask_10,18;27;53;9648,Drama; Horror; Thriller; Mystery,4
2003,The Sea Beast,mask_10,12;14;16;28;35;878;10751,Adventure; Fantasy; Animation; Action; Comedy; Science Fiction; Family,7
1265,Tell It to the Bees,mask_10,18;35;10751,Drama; Comedy; Family,3
3555,The Amateur,mask_10,18;28;53;80,Drama; Action; Thriller; Crime,4
2763,Peter Pan,mask_10,12;14;16;35;10751,Adventure; Fantasy; Animation; Comedy; Family,5
755,The Sound of Music,mask_10,12;14;18;35;10751,Adventure; Fantasy; Drama; Comedy; Family,5
8019,French Twist,mask_10,18;35;10749,Drama; Comedy; Romance,3
5983,Kinds of Kindness,mask_10,12;14;16;35;10751,Adventure; Fantasy; Animation; Comedy; Family,5
6710,The Good Shepherd,mask_10,12;18,Adventure; Drama,2
5045,Geek Charming,mask_10,35;10749,Comedy; Romance,2
8534,The Specialist,mask_10,28;35;53;80,Action; Comedy; Thriller; Crime,4
3843,Crazy Heart,mask_10,18;35,Drama; Comedy,2
6830,The Bar,mask_10,27;35;53;80,Horror; Comedy; Thriller; Crime,4
6072,The Manchurian Candidate,mask_10,12;18;28;35,Adventure; Drama; Action; Comedy,4
9814,Downsizing,mask_10,18;35;10749,Drama; Comedy; Romance,3
7982,Justice League,mask_10,12;14;16;28;35;878;10751,Adventure; Fantasy; Animation; Action; Comedy; Science Fiction; Family,7
3996,Saboteur,mask_10,18;28;53;80,Drama; Action; Thriller; Crime,4
651,Dune,mask_10,12;28;53;878,Adventure; Action; Thriller; Science Fiction,4
555,A Fistful of Dollars,mask_10,12;18;28;53,Adventure; Drama; Action; Thriller,4
2284,The Hurt Locker,mask_10,12;28;35;10752,Adventure; Action; Comedy; War,4
3708,The Angels' Share,mask_10,18;35,Drama; Comedy,2
6832,The Immigrant,mask_10,18;35;10749,Drama; Comedy; Romance,3
40,Se7en,mask_10,27;53;80;9648,Horror; Thriller; Crime; Mystery,4
1083,Brother,mask_10,28;35;53,Action; Comedy; Thriller,3
3234,Red One,mask_10,12;14;16;28;35;53;878;10751,Adventure; Fantasy; Animation; Action; Comedy; Thriller; Science Fiction; Family,8
8155,Despite Everything,mask_10,18;35;10749,Drama; Comedy; Romance,3
92,Avengers: Infinity War,mask_10,12;14;16;28;878,Adventure; Fantasy; Animation; Action; Science Fiction,5
1154,We Need to Talk About Kevin,mask_10,18;27,Drama; Horror,2
5901,Revenge,mask_10,18;35;10749,Drama; Comedy; Romance,3
521,Dances with Wolves,mask_10,18;53,Drama; Thriller,2
7454,Elizabethtown,mask_10,18;35,Drama; Comedy,2
2694,Boyka: Undisputed IV,mask_10,12;16;28,Adventure; Animation; Action,3
8724,Beverly Hills Cop III,mask_10,12;28;35;53;80;9648,Adventure; Action; Comedy; Thriller; Crime; Mystery,6
7149,Killer Elite,mask_10,12;16;28;35;53;10751,Adventure; Animation; Action; Comedy; Thriller; Family,6
6778,I Want You Back,mask_10,16;35;10749;10751,Animation; Comedy; Romance; Family,4
414,Army of Shadows,mask_10,12;18;28;53,Adventure; Drama; Action; Thriller,4
7587,Bright,mask_10,28;35;53;878,Action; Comedy; Thriller; Science Fiction,4
3261,The Lake House,mask_10,18;35;9648;10749,Drama; Comedy; Mystery; Romance,4
7476,The Big White,mask_10,12;28;35;53;80,Adventure; Action; Comedy; Thriller; Crime,5
2780,Stargate: The Ark of Truth,mask_10,12;16;28;878,Adventure; Animation; Action; Science Fiction,4
2331,Team Thor,mask_10,12;18;28;36;878;10752,Adventure; Drama; Action; History; Science Fiction; War,6
3596,Addams Family Values,mask_10,35;10751,Comedy; Family,2
9724,Serenity,mask_10,18;35,Drama; Comedy,2
6912,The Fury,mask_10,12;28;35;53;878;10751,Adventure; Action; Comedy; Thriller; Science Fiction; Family,6
6482,"Hello, My Name Is Doris",mask_10,18;35;10749,Drama; Comedy; Romance,3
1105,Ferris Bueller's Day Off,mask_10,18;35;10749;10751,Drama; Comedy; Romance; Family,4
5399,Side Effects,mask_10,18;53;10749,Drama; Thriller; Romance,3
4460,2048: Nowhere to Run,mask_10,18;28;35;878,Drama; Action; Comedy; Science Fiction,4
6071,School Ties,mask_10,18;35,Drama; Comedy,2
5999,Borgman,mask_10,14;18;27;35,Fantasy; Drama; Horror; Comedy,4
4712,What If,mask_10,18;35;10749,Drama; Comedy; Romance,3
1640,The Muppet Christmas Carol,mask_10,14;18;35;10751,Fantasy; Drama; Comedy; Family,4
709,The Color Purple,mask_10,18;35;10749;10751,Drama; Comedy; Romance; Family,4
7223,Parkland,mask_10,18,Drama,1
6026,A Guide to Recognizing Your Saints,mask_10,18,Drama,1
9249,Office Christmas Party,mask_10,18;35,Drama; Comedy,2
3899,36th Precinct,mask_10,18;28;35;53;80,Drama; Action; Comedy; Thriller; Crime,5
1056,Beasts of No Nation,mask_10,12;16;18;10751,Adventure; Animation; Drama; Family,4
2852,Suspicion,mask_10,18;35;53;10749,Drama; Comedy; Thriller; Romance,4
5621,Star Wars: Episode I - The Phantom Menace,mask_10,12;16;28;878,Adventure; Animation; Action; Science Fiction,4
946,Boogie Nights,mask_10,18;35;10749,Drama; Comedy; Romance,3
689,The Untouchables,mask_10,18;35,Drama; Comedy,2
6974,Single White Female,mask_10,18;35;10749,Drama; Comedy; Romance,3
1686,The Omen,mask_10,12;14;27;9648,Adventure; Fantasy; Horror; Mystery,4
4271,The Red Sea Diving Resort,mask_10,12;18;28;36;53;10752,Adventure; Drama; Action; History; Thriller; War,6
9555,The Platform 2,mask_10,12;16;28;53;878,Adventure; Animation; Action; Thriller; Science Fiction,5
5844,Young Guns II,mask_10,18;28;80,Drama; Action; Crime,3
9511,Horizon Line,mask_10,18;35;10749,Drama; Comedy; Romance,3
1034,Sin Nombre,mask_10,12;18;28;35,Adventure; Drama; Action; Comedy,4
6309,Halloween Kills,mask_10,12;27;28;53,Adventure; Horror; Action; Thriller,4
7233,Rock Dog,mask_10,12;14;16;18;35;10751,Adventure; Fantasy; Animation; Drama; Comedy; Family,6
3638,Tsotsi,mask_10,12;18;35;53,Adventure; Drama; Comedy; Thriller,4
900,Cat on a Hot Tin Roof,mask_10,18;35;10749,Drama; Comedy; Romance,3
9763,King Solomon's Mines,mask_10,12;18;28,Adventure; Drama; Action,3
2635,Sweeney Todd: The Demon Barber of Fleet Street,mask_10,18;35;10749;10751,Drama; Comedy; Romance; Family,4
1948,Christiane F.,mask_10,18;35;10402,Drama; Comedy; Music,3
132,Bicycle Thieves,mask_10,18;28;35;53;80,Drama; Action; Comedy; Thriller; Crime,5
5596,No Man of God,mask_10,18;80,Drama; Crime,2
1819,Waves,mask_10,18;53,Drama; Thriller,2
4439,The Swan,mask_10,12;16;18;35;10751,Adventure; Animation; Drama; Comedy; Family,5
349,Mirror,mask_10,18;10752,Drama; War,2
1163,The Snowman,mask_10,12;14;16;18;35;10751,Adventure; Fantasy; Animation; Drama; Comedy; Family,6
2929,Punch-Drunk Love,mask_10,18;35;53;80,Drama; Comedy; Thriller; Crime,4
9539,King of Thieves,mask_10,12;18;35;53;80,Adventure; Drama; Comedy; Thriller; Crime,5
341,All Your Faces,mask_10,18;53;80,Drama; Thriller; Crime,3
4040,No Way Out,mask_10,18;28;53;9648;10749,Drama; Action; Thriller; Mystery; Romance,5
2580,Barbara,mask_10,18,Drama,1
6187,The Great Outdoors,mask_10,35;10749,Comedy; Romance,2
776,Rurouni Kenshin Part III: The Legend Ends,mask_10,12;14;16;28;35;10751,Adventure; Fantasy; Animation; Action; Comedy; Family,6
2406,Crazy About Her,mask_10,18;35;10749,Drama; Comedy; Romance,3
4254,Outlaw King,mask_10,12;14;18;28;36,Adventure; Fantasy; Drama; Action; History,5
5105,A Good Year,mask_10,18;35;53,Drama; Comedy; Thriller,3
6701,The Taking of Pelham 1 2 3,mask_10,12;28;35;53;80,Adventure; Action; Comedy; Thriller; Crime,5
8319,Poltergeist II: The Other Side,mask_10,12;14;27;10751,Adventure; Fantasy; Horror; Family,4
6647,The Man Who Knew Too Little,mask_10,18;35;53;80,Drama; Comedy; Thriller; Crime,4
9463,The Sweetest Thing,mask_10,16;35;10749,Animation; Comedy; Romance,3
5469,Angel Has Fallen,mask_10,18;28;53;80,Drama; Action; Thriller; Crime,4
7305,Kidnap,mask_10,12;18;10751,Adventure; Drama; Family,3
4563,High Tension,mask_10,16;35;10749,Animation; Comedy; Romance,3
7657,Cujo,mask_10,18;27;53,Drama; Horror; Thriller,3
8270,Guess Who,mask_10,18;35;10749,Drama; Comedy; Romance,3
5602,Welcome to the Rileys,mask_10,18;35,Drama; Comedy,2
2400,The Lego Batman Movie,mask_10,12;16;28;35;80,Adventure; Animation; Action; Comedy; Crime,5
1004,The Philadelphia Story,mask_10,18;35;53;10749,Drama; Comedy; Thriller; Romance,4
3083,Superman: Man of Tomorrow,mask_10,12;16;28;878,Adventure; Animation; Action; Science Fiction,4
30,The Lord of the Rings: The Two Towers,mask_10,12;14;16;28;35,Adventure; Fantasy; Animation; Action; Comedy,5
1263,The Conversation,mask_10,18;28;53;80;9648,Drama; Action; Thriller; Crime; Mystery,5
3810,Fear of Rain,mask_10,18;27;53;9648,Drama; Horror; Thriller; Mystery,4
8803,Mighty Morphin Power Rangers: The Movie,mask_10,12;14;16;28;35;878;10751,Adventure; Fantasy; Animation; Action; Comedy; Science Fiction; Family,7
583,Demon Slayer: Kimetsu no Yaiba Infinity Castle,mask_10,12;14;16;27;28,Adventure; Fantasy; Animation; Horror; Action,5
6256,The Girl on the Train,mask_10,18;35;10749,Drama; Comedy; Romance,3
5639,Ocean's Twelve,mask_10,18;28;35;80,Drama; Action; Comedy; Crime,4
7245,Like Father,mask_10,18;35;10749,Drama; Comedy; Romance,3
5319,Cypher,mask_10,28;35;53;80,Action; Comedy; Thriller; Crime,4
5952,Love at First Fight,mask_10,18;10749,Drama; Romance,2
6771,Yummy,mask_10,27;35;53;878,Horror; Comedy; Thriller; Science Fiction,4
2704,After We Collided,mask_10,18;10749,Drama; Romance,2
4232,The Taste of Others,mask_10,18;35,Drama; Comedy,2
8102,Starry Eyes,mask_10,12;28;35;878,Adventure; Action; Comedy; Science Fiction,4
1271,E.T. the Extra-Terrestrial,mask_10,12;16;28;35;53;878;10751,Adventure; Animation; Action; Comedy; Thriller; Science Fiction; Family,7
1771,The Fighter,mask_10,18;28;35,Drama; Action; Comedy,3
4190,Iron Man 2,mask_10,12;18;28;35;878,Adventure; Drama; Action; Comedy; Science Fiction,5
9336,Babe: Pig in the City,mask_10,12;16;18;35;10749;10751,Adventure; Animation; Drama; Comedy; Romance; Family,6
278,Scooby-Doo! and Kiss: Rock and Roll Mystery,mask_10,12;14;16;28;35;878;10751,Adventure; Fantasy; Animation; Action; Comedy; Science Fiction; Family,7
6246,Pontypool,mask_10,16;27;35;10751,Animation; Horror; Comedy; Family,4
606,Die Hard,mask_10,28;35;53;80,Action; Comedy; Thriller; Crime,4
638,Freaks,mask_10,18;35;10749,Drama; Comedy; Romance,3
2320,"Lust, Caution",mask_10,12;28;35;53,Adventure; Action; Comedy; Thriller,4
1711,Happy as Lazzaro,mask_10,14;18;35;10751,Fantasy; Drama; Comedy; Family,4
7726,Pacific Rim: Uprising,mask_10,12;18;28;53;878,Adventure; Drama; Action; Thriller; Science Fiction,5
5162,Tron,mask_10,28;35;53;878,Action; Comedy; Thriller; Science Fiction,4
8223,The Last Summer,mask_10,18;35;10749,Drama; Comedy; Romance,3
507,Scooby-Doo! Camp Scare,mask_10,16;27;35;10751,Animation; Horror; Comedy; Family,4
6279,Outland,mask_10,18;35;53;80,Drama; Comedy; Thriller; Crime,4
9998,Repossessed,mask_10,14;27;35,Fantasy; Horror; Comedy,3
2817,Dragon Ball Z: Bojack Unbound,mask_10,12;14;28;35;80,Adventure; Fantasy; Action; Comedy; Crime,5
7110,#realityhigh,mask_10,18;35;10749,Drama; Comedy; Romance,3
7215,Clean,mask_10,18;35,Drama; Comedy,2
8956,Brick,mask_10,27;53;878,Horror; Thriller; Science Fiction,3
1225,Father There Is Only One 2,mask_10,18;35,Drama; Comedy,2
2844,Bad Boys for Life,mask_10,28;35;53;80,Action; Comedy; Thriller; Crime,4
7171,Unsane,mask_10,18;27;53;9648,Drama; Horror; Thriller; Mystery,4
9108,The Ward,mask_10,27;53;9648,Horror; Thriller; Mystery,3
353,Tel chi el telùn,mask_10,14;16;18;35;10751,Fantasy; Animation; Drama; Comedy; Family,5
5141,Overboard,mask_10,18;28;35;53;80,Drama; Action; Comedy; Thriller; Crime,5
4401,The Family Man,mask_10,14;35;10749;10751,Fantasy; Comedy; Romance; Family,4
8003,Infinity Pool,mask_10,18;28;53;80,Drama; Action; Thriller; Crime,4
7218,The Expendables,mask_10,12;28;35;53,Adventure; Action; Comedy; Thriller,4
1513,Dunkirk,mask_10,12;18;36;10752,Adventure; Drama; History; War,4
4096,The Jacket,mask_10,12;14;18;28;878,Adventure; Fantasy; Drama; Action; Science Fiction,5
9377,Darkness,mask_10,18;27;53,Drama; Horror; Thriller,3
5039,Planet Terror,mask_10,18;27;35,Drama; Horror; Comedy,3
10,Parasite,mask_10,18;35,Drama; Comedy,2
9857,Wrecked,mask_10,18;28;53,Drama; Action; Thriller,3
7319,The Incredible Hulk,mask_10,12;16;18;28;878,Adventure; Animation; Drama; Action; Science Fiction,5
1604,Bullet Train,mask_10,12;14;16;28;35;878;10751,Adventure; Fantasy; Animation; Action; Comedy; Science Fiction; Family,7
2652,Compagni di scuola,mask_10,18;35,Drama; Comedy,2
7969,Erased,mask_10,12;18;28;35;53;80,Adventure; Drama; Action; Comedy; Thriller; Crime,6
4844,Nosferatu,mask_10,14;18;27;53,Fantasy; Drama; Horror; Thriller,4
9453,Inconceivable,mask_10,18;27;53,Drama; Horror; Thriller,3
4308,World War Z,mask_10,18;27;28;53;878,Drama; Horror; Action; Thriller; Science Fiction,5
4367,Danger Close: The Battle of Long Tan,mask_10,12;18;28;36;10752,Adventure; Drama; Action; History; War,5
4104,Barbie: A Fairy Secret,mask_10,12;14;16;35;10751,Adventure; Fantasy; Animation; Comedy; Family,5
5831,The Amazing Spider-Man 2,mask_10,14;16;28;35;10751,Fantasy; Animation; Action; Comedy; Family,5
8014,Spoiled Brats,mask_10,12;18;35;10751,Adventure; Drama; Comedy; Family,4
7036,Insidious: Chapter 3,mask_10,18;27;53;9648,Drama; Horror; Thriller; Mystery,4
6669,The Blair Witch Project,mask_10,18;27;9648,Drama; Horror; Mystery,3
1478,Lifted,mask_10,12;27;35;878;10751,Adventure; Horror; Comedy; Science Fiction; Family,5
7325,Monster-in-Law,mask_10,18;35;10749,Drama; Comedy; Romance,3
7483,Hummingbird,mask_10,18;28;53,Drama; Action; Thriller,3
5542,Get the Gringo,mask_10,12;18;28;80,Adventure; Drama; Action; Crime,4
4516,Chappie,mask_10,12;14;16;18;35;10751,Adventure; Fantasy; Animation; Drama; Comedy; Family,6
440,Miracle in Cell No. 7,mask_10,18;53;80,Drama; Thriller; Crime,3
6612,Curly Sue,mask_10,18;35;80,Drama; Comedy; Crime,3
8885,Drillbit Taylor,mask_10,18;28;35;80,Drama; Action; Comedy; Crime,4
1335,Emergency Declaration,mask_10,12;18;27;28;53,Adventure; Drama; Horror; Action; Thriller,5
7269,Red Heat,mask_10,18;28;53;80,Drama; Action; Thriller; Crime,4
2238,Trolls Band Together,mask_10,12;18;35;10751,Adventure; Drama; Comedy; Family,4
1158,Pandora,mask_10,18;53;878,Drama; Thriller; Science Fiction,3
2104,Kiss and Cry,mask_10,18,Drama,1
5863,Rio 2,mask_10,12;14;35;10751,Adventure; Fantasy; Comedy; Family,4
4764,Altered States,mask_10,18;878,Drama; Science Fiction,2
9468,Iron Eagle,mask_10,18;28;35;53,Drama; Action; Comedy; Thriller,4
4952,Hillbilly Elegy,mask_10,18;35;10749,Drama; Comedy; Romance,3
9004,Josie and the Pussycats,mask_10,18;35;10402;10749,Drama; Comedy; Music; Romance,4
1976,Glengarry Glen Ross,mask_10,35;80,Comedy; Crime,2
5068,Parenthood,mask_10,12;18;35;10751,Adventure; Drama; Comedy; Family,4
5629,The Brothers Bloom,mask_10,12;35;10751,Adventure; Comedy; Family,3
6355,The Second Best Exotic Marigold Hotel,mask_10,18;35,Drama; Comedy,2
1066,Tombstone,mask_10,12;18;28;35,Adventure; Drama; Action; Comedy,4
928,Mickey's Christmas Carol,mask_10,14;16;35;10751,Fantasy; Animation; Comedy; Family,4
2189,Nosferatu the Vampyre,mask_10,14;18;27;35;10749,Fantasy; Drama; Horror; Comedy; Romance,5
3026,Batman: Death in the Family,mask_10,18;28,Drama; Action,2
7938,Queen of the Damned,mask_10,12;14;16;28,Adventure; Fantasy; Animation; Action,4
5436,"Me, Myself & Irene",mask_10,18;35;80,Drama; Comedy; Crime,3
3215,Caché,mask_10,18;35;10751,Drama; Comedy; Family,3
8379,Friends with Kids,mask_10,18;35;10749;10751,Drama; Comedy; Romance; Family,4
455,My Hero Academia: Two Heroes,mask_10,12;16;28;35;878;10751,Adventure; Animation; Action; Comedy; Science Fiction; Family,6
8199,Leaves of Grass,mask_10,35,Comedy,1
7507,Blood Father,mask_10,18;28;35;53;80,Drama; Action; Comedy; Thriller; Crime,5
7647,The Weather Man,mask_10,18;35;10749,Drama; Comedy; Romance,3
2317,The Past,mask_10,18;35;10749,Drama; Comedy; Romance,3
6662,Talladega Nights: The Ballad of Ricky Bobby,mask_10,18;28;35,Drama; Action; Comedy,3
1645,Women on the Verge of a Nervous Breakdown,mask_10,35;53,Comedy; Thriller,2
4317,To All the Boys: P.S. I Still Love You,mask_10,14;35;10749,Fantasy; Comedy; Romance,3
2774,Descendants,mask_10,12;14;16;35;10751,Adventure; Fantasy; Animation; Comedy; Family,5
6250,Luther,mask_10,18;36,Drama; History,2
3387,Stargate,mask_10,12;14;16;878,Adventure; Fantasy; Animation; Science Fiction,4
3710,24 Hour Party People,mask_10,18;35,Drama; Comedy,2
6835,Heist,mask_10,18;28;35;53;80,Drama; Action; Comedy; Thriller; Crime,5
3696,Silkwood,mask_10,18;27;53;80;878,Drama; Horror; Thriller; Crime; Science Fiction,5
8622,Little Man,mask_10,12;14;35;10751,Adventure; Fantasy; Comedy; Family,4
4822,Terrified,mask_10,18;35;53;9648,Drama; Comedy; Thriller; Mystery,4
1832,Scooby-Doo and the Ghoul School,mask_10,16;35;10751,Animation; Comedy; Family,3
7530,Throw Momma from the Train,mask_10,18;35;53,Drama; Comedy; Thriller,3
7327,Force 10 from Navarone,mask_10,12;28;53;10752,Adventure; Action; Thriller; War,4
9367,Time Cut,mask_10,35;53;878,Comedy; Thriller; Science Fiction,3
6840,Windtalkers,mask_10,18;28;53,Drama; Action; Thriller,3
7734,Ip Man: The Final Fight,mask_10,12;28;878,Adventure; Action; Science Fiction,3
2313,Z-O-M-B-I-E-S,mask_10,18;35;10749,Drama; Comedy; Romance,3
684,Life of Brian,mask_10,18;35,Drama; Comedy,2
169,Red Beard,mask_10,18;35,Drama; Comedy,2
1443,Free Guy,mask_10,12;14;28;35,Adventure; Fantasy; Action; Comedy,4
5612,The Son of Bigfoot,mask_10,12;14;16;27;35;878;10751,Adventure; Fantasy; Animation; Horror; Comedy; Science Fiction; Family,7
3381,Martin Eden,mask_10,18;36,Drama; History,2
6677,Roald Dahl's The Witches,mask_10,12;14;18;27;35;10751,Adventure; Fantasy; Drama; Horror; Comedy; Family,6
6123,Fantozzi Still Suffers,mask_10,35;10751,Comedy; Family,2
3317,Brain on Fire,mask_10,18;27;53;9648,Drama; Horror; Thriller; Mystery,4
4636,Frankie and Johnny,mask_10,18;35;80;10749,Drama; Comedy; Crime; Romance,4
923,Time of the Gypsies,mask_10,12;14;16;18;878,Adventure; Fantasy; Animation; Drama; Science Fiction,5
5063,The Words,mask_10,18;35,Drama; Comedy,2
3713,The Three Musketeers: D'Artagnan,mask_10,12;14;18;28;35,Adventure; Fantasy; Drama; Action; Comedy,5
7235,The Astronaut Farmer,mask_10,12;18;28;35,Adventure; Drama; Action; Comedy,4
2570,Utøya: July 22,mask_10,18;53,Drama; Thriller,2
8696,The Jungle Book 2,mask_10,12;14;16;35;10751,Adventure; Fantasy; Animation; Comedy; Family,5
3942,Locke,mask_10,12;18;53,Adventure; Drama; Thriller,3
5856,Beverly Hills Cop II,mask_10,12;28;35;53;80,Adventure; Action; Comedy; Thriller; Crime,5
2986,Starred Up,mask_10,18;35;53;80,Drama; Comedy; Thriller; Crime,4
1224,Anonymously Yours,mask_10,18;35;10749,Drama; Comedy; Romance,3
8447,Beyond Re-Animator,mask_10,18;53;878,Drama; Thriller; Science Fiction,3
2611,Toy Story of Terror!,mask_10,12;16;27;35;10751,Adventure; Animation; Horror; Comedy; Family,5
4338,City of Angels,mask_10,14;27;28;35;878,Fantasy; Horror; Action; Comedy; Science Fiction,5
269,For a Few Dollars More,mask_10,18;28;35;80,Drama; Action; Comedy; Crime,4
9122,Miss Congeniality 2: Armed and Fabulous,mask_10,18;35,Drama; Comedy,2
4983,21,mask_10,18;35,Drama; Comedy,2
7521,Bad Lieutenant: Port of Call - New Orleans,mask_10,18;28;53,Drama; Action; Thriller,3
9100,The Jack in the Box,mask_10,14;16;27;35;878;10751,Fantasy; Animation; Horror; Comedy; Science Fiction; Family,6
4660,The Mummy,mask_10,14;18;27,Fantasy; Drama; Horror,3
5841,Just Wright,mask_10,18;35;10749,Drama; Comedy; Romance,3
3986,The X-Files,mask_10,12;28;35;53;80;878,Adventure; Action; Comedy; Thriller; Crime; Science Fiction,6
144,Vertigo,mask_10,18;27;35;53;9648,Drama; Horror; Comedy; Thriller; Mystery,5
3414,Anplagghed al Cinema,mask_10,18;35;53,Drama; Comedy; Thriller,3
3086,"The Legend of Al, John and Jack",mask_10,35,Comedy,1
5530,Black Rain,mask_10,28;35;53;80,Action; Comedy; Thriller; Crime,4
4848,Oliver & Company,mask_10,12;14;16;35;10751,Adventure; Fantasy; Animation; Comedy; Family,5
8399,The Men Who Stare at Goats,mask_10,18;35;53;878,Drama; Comedy; Thriller; Science Fiction,4
616,Into the Wild,mask_10,18;35,Drama; Comedy,2
1632,Crush,mask_10,16;18;35;10749;10751,Animation; Drama; Comedy; Romance; Family,5
5034,The Replacements,mask_10,35;10751,Comedy; Family,2
8507,Cyrus,mask_10,35;10749,Comedy; Romance,2
4975,Fear Street: 1994,mask_10,12;27;28,Adventure; Horror; Action,3
5437,Annabelle: Creation,mask_10,14;27,Fantasy; Horror,2
56,The Wild Robot,mask_10,12;16;18;35;10751,Adventure; Animation; Drama; Comedy; Family,5
4069,My Spy,mask_10,18;28;53;80;9648,Drama; Action; Thriller; Crime; Mystery,5
6787,Zack and Miri Make a Porno,mask_10,18;35;10749,Drama; Comedy; Romance,3
6758,The Last Mimzy,mask_10,12;14;16;18;35;10751,Adventure; Fantasy; Animation; Drama; Comedy; Family,6
9038,The Bay,mask_10,27;53;9648,Horror; Thriller; Mystery,3
4071,The Ice Storm,mask_10,18;35;53,Drama; Comedy; Thriller,3
3020,Drugstore Cowboy,mask_10,18;35,Drama; Comedy,2
3243,Radiofreccia,mask_10,18;35,Drama; Comedy,2
8174,Spanglish,mask_10,18;35;10749,Drama; Comedy; Romance,3
8898,Department Store,mask_10,35,Comedy,1
256,The Wolf of Wall Street,mask_10,18;35;53;80,Drama; Comedy; Thriller; Crime,4
4276,The Blob,mask_10,27;35;878,Horror; Comedy; Science Fiction,3
307,"Love, Simon",mask_10,18;35;10749;10751,Drama; Comedy; Romance; Family,4
1719,The Long Goodbye,mask_10,18;80,Drama; Crime,2
4377,Easy A,mask_10,18;35;10749,Drama; Comedy; Romance,3
1360,"Play It Again, Sam",mask_10,18;35;10749,Drama; Comedy; Romance,3
1294,Mars Express,mask_10,12;28;35;53;80;878,Adventure; Action; Comedy; Thriller; Crime; Science Fiction,6
5554,The Lion King 1½,mask_10,12;14;16;35;10751,Adventure; Fantasy; Animation; Comedy; Family,5
8719,Planet 51,mask_10,12;35;878;10751,Adventure; Comedy; Science Fiction; Family,4
5660,Blade II,mask_10,12;14;27;28;35,Adventure; Fantasy; Horror; Action; Comedy,5
4771,Beau Is Afraid,mask_10,18;27;53,Drama; Horror; Thriller,3
9355,Cool World,mask_10,35,Comedy,1
9982,And Soon the Darkness,mask_10,18;35;53,Drama; Comedy; Thriller,3
4705,The Gilded Cage,mask_10,18,Drama,1
4714,Flawless,mask_10,18;35;80;10749,Drama; Comedy; Crime; Romance,4
159,Togo,mask_10,12;18;10751,Adventure; Drama; Family,3
3345,"I'm a Cyborg, But That's OK",mask_10,18;35;878,Drama; Comedy; Science Fiction,3
5605,Hitch,mask_10,18;35;10749,Drama; Comedy; Romance,3
5835,Joy Ride,mask_10,18;35;53,Drama; Comedy; Thriller,3
88,Le Trou,mask_10,35;53,Comedy; Thriller,2
5794,Red Sparrow,mask_10,12;16;35;10751,Adventure; Animation; Comedy; Family,4
3166,Trash,mask_10,12;27;35;53;80,Adventure; Horror; Comedy; Thriller; Crime,5
5760,Jurassic World: Fallen Kingdom,mask_10,12;28;878,Adventure; Action; Science Fiction,3
2083,American Fiction,mask_10,18;35,Drama; Comedy,2
354,The Sixth Sense,mask_10,18;53,Drama; Thriller,2
9465,Blue Mountain State: The Rise of Thadland,mask_10,18;35,Drama; Comedy,2
9630,Don't Knock Twice,mask_10,14;18;27,Fantasy; Drama; Horror,3
604,Mr. Nobody,mask_10,14;18;28;35;878,Fantasy; Drama; Action; Comedy; Science Fiction,5
9133,Life of Crime,mask_10,18;28;35;53;80,Drama; Action; Comedy; Thriller; Crime,5
439,Dangal,mask_10,12;18;35;10751,Adventure; Drama; Comedy; Family,4
5242,The Harder They Fall,mask_10,12;28;35;53;80,Adventure; Action; Comedy; Thriller; Crime,5
5089,"Mektoub, My Love: Canto Uno",mask_10,12;18;35,Adventure; Drama; Comedy,3
9187,MILF,mask_10,14;18;35;10749;10751,Fantasy; Drama; Comedy; Romance; Family,5
9662,My Soul to Take,mask_10,12;14;27;35;10751,Adventure; Fantasy; Horror; Comedy; Family,5
6237,Cloudy with a Chance of Meatballs 2,mask_10,12;16;35;878;10751,Adventure; Animation; Comedy; Science Fiction; Family,5
4155,Den of Thieves,mask_10,28;35;53;80,Action; Comedy; Thriller; Crime,4
1235,Hard Boiled,mask_10,12;28;35;53;80,Adventure; Action; Comedy; Thriller; Crime,5
458,A Whisker Away,mask_10,16;18;35;10749;10751,Animation; Drama; Comedy; Romance; Family,5
480,Kill Bill: Vol. 2,mask_10,28;35;53;80,Action; Comedy; Thriller; Crime,4
7672,Last Night,mask_10,18;35;10749,Drama; Comedy; Romance,3
8738,Love Addict,mask_10,18;35;10749;10751,Drama; Comedy; Romance; Family,4
4017,Tales from the Crypt: Demon Knight,mask_10,12;14;28;53;80,Adventure; Fantasy; Action; Thriller; Crime,5
726,Deep Red,mask_10,18;27;53;9648,Drama; Horror; Thriller; Mystery,4
222,My Neighbor Totoro,mask_10,12;14;16;27;35;10751,Adventure; Fantasy; Animation; Horror; Comedy; Family,6
1221,Angels with Dirty Faces,mask_10,18;35;80,Drama; Comedy; Crime,3
1256,The Passion of the Christ,mask_10,14;18;27,Fantasy; Drama; Horror,3
9620,Blackhat,mask_10,28;53;80;9648,Action; Thriller; Crime; Mystery,4
5287,Barefoot,mask_10,14;18;35,Fantasy; Drama; Comedy,3
2645,Alien: Romulus,mask_10,12;16;27;53;878,Adventure; Animation; Horror; Thriller; Science Fiction,5
8601,Mean Girls,mask_10,16;35;10751,Animation; Comedy; Family,3
2568,Irreversible,mask_10,18;28;53;80,Drama; Action; Thriller; Crime,4
8171,Franklyn,mask_10,14;18,Fantasy; Drama,2
9547,Open Water,mask_10,18;53,Drama; Thriller,2
2384,"The Good, the Bart, and the Loki",mask_10,12;14;16;28;35;878;10751,Adventure; Fantasy; Animation; Action; Comedy; Science Fiction; Family,7
6491,Vantage Point,mask_10,18;28;53,Drama; Action; Thriller,3
7684,Every Which Way but Loose,mask_10,28;35;80,Action; Comedy; Crime,3
4330,Pooh's Heffalump Movie,mask_10,12;14;16;35;10751,Adventure; Fantasy; Animation; Comedy; Family,5
2210,Labyrinth,mask_10,12;14;16;35;10751,Adventure; Fantasy; Animation; Comedy; Family,5
1332,Batman: Mask of the Phantasm,mask_10,18;28;35;53;80,Drama; Action; Comedy; Thriller; Crime,5
2861,This Boy's Life,mask_10,18;35;53,Drama; Comedy; Thriller,3
7870,Valhalla Rising,mask_10,12;14;16;18;28;53,Adventure; Fantasy; Animation; Drama; Action; Thriller,6
813,Divines,mask_10,18;35,Drama; Comedy,2
4858,Anna Karenina,mask_10,18;53;10749,Drama; Thriller; Romance,3
4637,Danny Collins,mask_10,18;35;10749,Drama; Comedy; Romance,3
4591,The Girl in the Fog,mask_10,18;27;53;9648,Drama; Horror; Thriller; Mystery,4
9045,Trespass Against Us,mask_10,12;18;28;35;80,Adventure; Drama; Action; Comedy; Crime,5
8481,Paradise Hills,mask_10,14;18;27;53,Fantasy; Drama; Horror; Thriller,4
2302,Mask,mask_10,18;35,Drama; Comedy,2
9943,Welcome Home,mask_10,35,Comedy,1
8338,Dead Snow,mask_10,18;27;53,Drama; Horror; Thriller,3
8262,Mission to Mars,mask_10,12;27;53;878,Adventure; Horror; Thriller; Science Fiction,4
1764,Mudbound,mask_10,12;18;35,Adventure; Drama; Comedy,3
9988,Halloween III: Season of the Witch,mask_10,14;27;35;53;10751,Fantasy; Horror; Comedy; Thriller; Family,5
1603,The Secret Garden,mask_10,12;14;16;18;10749;10751,Adventure; Fantasy; Animation; Drama; Romance; Family,6
9989,Poltergeist III,mask_10,27;53,Horror; Thriller,2
8535,1922,mask_10,18;35;10751,Drama; Comedy; Family,3
8708,Hitman: Agent 47,mask_10,12;14;9648,Adventure; Fantasy; Mystery,3
2858,Your Fault,mask_10,18;35;10749;10751,Drama; Comedy; Romance; Family,4
8086,All Good Things,mask_10,18;53;80;9648,Drama; Thriller; Crime; Mystery,4
6753,Security,mask_10,18;28;35;53;80,Drama; Action; Comedy; Thriller; Crime,5
2722,The Man Who Knew Infinity,mask_10,18;36;10749,Drama; History; Romance,3
6178,Cobweb,mask_10,14;16;18;27;10751,Fantasy; Animation; Drama; Horror; Family,5
57,The Quintessential Quintuplets Movie,mask_10,18;35;10749,Drama; Comedy; Romance,3
4650,Coma,mask_10,18;27;35;53;9648,Drama; Horror; Comedy; Thriller; Mystery,5
3683,Rescue Dawn,mask_10,12;18;28;53;10752,Adventure; Drama; Action; Thriller; War,5
7963,Journey to the Center of the Earth,mask_10,12;14;16;878;10751,Adventure; Fantasy; Animation; Science Fiction; Family,5
2275,The Names of Love,mask_10,18;35,Drama; Comedy,2
8384,Elvis & Nixon,mask_10,18;35,Drama; Comedy,2
2126,Lights Out,mask_10,14;27;53;9648,Fantasy; Horror; Thriller; Mystery,4
4528,Last Flag Flying,mask_10,18;35,Drama; Comedy,2
8652,The Riot Club,mask_10,18;35;53,Drama; Comedy; Thriller,3
5581,Greta,mask_10,18;35;10749,Drama; Comedy; Romance,3
7976,Alien Nation,mask_10,12;16;28;35;878,Adventure; Animation; Action; Comedy; Science Fiction,5
452,Roman Holiday,mask_10,18;35;10749,Drama; Comedy; Romance,3
9321,Captive State,mask_10,18;28;53;878,Drama; Action; Thriller; Science Fiction,4
2136,Star Trek: First Contact,mask_10,12;16;28;35;878,Adventure; Animation; Action; Comedy; Science Fiction,5
5207,Ninja: Shadow of a Tear,mask_10,28;53;80,Action; Thriller; Crime,3
3373,Emma.,mask_10,14;18;35;10749,Fantasy; Drama; Comedy; Romance,4
4361,Wild Rose,mask_10,18;35,Drama; Comedy,2
8255,Sudden Death,mask_10,18;28;35;53,Drama; Action; Comedy; Thriller,4
9020,The Town that Dreaded Sundown,mask_10,27;53;80;9648,Horror; Thriller; Crime; Mystery,4
9744,The Dead Don't Die,mask_10,14;27;35,Fantasy; Horror; Comedy,3
1291,Prison Break: The Final Break,mask_10,18;35;10749,Drama; Comedy; Romance,3
4674,Fantomas Unleashed,mask_10,12;28;35;878,Adventure; Action; Comedy; Science Fiction,4
3253,Say Anything...,mask_10,18;35;10749,Drama; Comedy; Romance,3
2587,"Ruby Gillman, Teenage Kraken",mask_10,12;14;16;28;10751,Adventure; Fantasy; Animation; Action; Family,5
5753,Harold & Kumar Go to White Castle,mask_10,35;80;10751,Comedy; Crime; Family,3
7793,Kin,mask_10,12;28;53,Adventure; Action; Thriller,3
8698,Stuck Together,mask_10,18;27;53,Drama; Horror; Thriller,3
2524,"Are You There God? It's Me, Margaret.",mask_10,16;18;35;10749;10751,Animation; Drama; Comedy; Romance; Family,5
8467,Mars Needs Moms,mask_10,12;16;35;878;10751,Adventure; Animation; Comedy; Science Fiction; Family,5
8225,12 Feet Deep,mask_10,18;27;35;53,Drama; Horror; Comedy; Thriller,4
7360,Short Circuit 2,mask_10,12;28;35;10751,Adventure; Action; Comedy; Family,4
7800,The Inbetweeners 2,mask_10,35;10749,Comedy; Romance,2
7262,Unknown Origins,mask_10,18;28;35;53;80,Drama; Action; Comedy; Thriller; Crime,5
5690,The Vast of Night,mask_10,12;16;35;878;10751,Adventure; Animation; Comedy; Science Fiction; Family,5
1613,Hedwig and the Angry Inch,mask_10,14;18;35;10749;10751,Fantasy; Drama; Comedy; Romance; Family,5
1054,The Longest Day,mask_10,18;36;10752,Drama; History; War,3
9170,The Order,mask_10,18;27;28;53,Drama; Horror; Action; Thriller,4
446,The Notebook,mask_10,18;35;10749,Drama; Comedy; Romance,3
6194,Da 5 Bloods,mask_10,12;18;28;10752,Adventure; Drama; Action; War,4
6702,Shrek the Halls,mask_10,14;16;27;35;10751,Fantasy; Animation; Horror; Comedy; Family,5
1526,Marty,mask_10,18;35;10749,Drama; Comedy; Romance,3
6737,Looney Tunes: Back in Action,mask_10,12;14;16;28;35;878;10751,Adventure; Fantasy; Animation; Action; Comedy; Science Fiction; Family,7
935,The Spirit of the Beehive,mask_10,14;18;27;9648,Fantasy; Drama; Horror; Mystery,4
4749,Maze Runner: The Scorch Trials,mask_10,12;28;35,Adventure; Action; Comedy,3
2642,The Broken Hearts Gallery,mask_10,14;18;35;10749,Fantasy; Drama; Comedy; Romance,4
141,Innocent Voices,mask_10,12;18;35;10751,Adventure; Drama; Comedy; Family,4
6091,The United States of Leland,mask_10,18;53,Drama; Thriller,2
532,The Big Lebowski,mask_10,18;35,Drama; Comedy,2
704,How to Train Your Dragon: The Hidden World,mask_10,12;14;16;28;35;10751,Adventure; Fantasy; Animation; Action; Comedy; Family,6
1277,Escape from Alcatraz,mask_10,18;28;53;80,Drama; Action; Thriller; Crime,4
3806,Meet the Robinsons,mask_10,12;18;35;878;10751,Adventure; Drama; Comedy; Science Fiction; Family,5
6470,Kick-Ass 2,mask_10,12;28;35;878,Adventure; Action; Comedy; Science Fiction,4
7101,Unfriended: Dark Web,mask_10,12;27;28;35;53;878,Adventure; Horror; Action; Comedy; Thriller; Science Fiction,6
8133,Prey,mask_10,12;18;27;53;878,Adventure; Drama; Horror; Thriller; Science Fiction,5
2481,It's Only the End of the World,mask_10,18;35,Drama; Comedy,2
5156,Fire in the Sky,mask_10,12;35;53,Adventure; Comedy; Thriller,3
3418,Naked Lunch,mask_10,14;27;35,Fantasy; Horror; Comedy,3
7481,El Conde,mask_10,12;18;28;53,Adventure; Drama; Action; Thriller,4
1109,Imagine Me & You,mask_10,18;35;10749,Drama; Comedy; Romance,3
9659,Sandy Wexler,mask_10,18;35;10402;10749,Drama; Comedy; Music; Romance,4
2155,A Monster Calls,mask_10,14;18;27;10751,Fantasy; Drama; Horror; Family,4
9842,The Flintstones,mask_10,16;35;10751,Animation; Comedy; Family,3
1476,Man on Fire,mask_10,18;28;35;53,Drama; Action; Comedy; Thriller,4
2743,Talk to Me,mask_10,27;35,Horror; Comedy,2
3742,Chicken Run: Dawn of the Nugget,mask_10,35;53,Comedy; Thriller,2
2768,Seven Brides for Seven Brothers,mask_10,18;35;10749,Drama; Comedy; Romance,3
5670,Reminiscence,mask_10,18;53;10749,Drama; Thriller; Romance,3
1894,Eraserhead,mask_10,18;35,Drama; Comedy,2
3695,Four Lions,mask_10,12;18;35,Adventure; Drama; Comedy,3
276,Harry Potter and the Prisoner of Azkaban,mask_10,12;14;16;35;10751,Adventure; Fantasy; Animation; Comedy; Family,5
389,Heat,mask_10,12;28;35;53;80,Adventure; Action; Comedy; Thriller; Crime,5
2500,Monster,mask_10,18;27;28;53;80,Drama; Horror; Action; Thriller; Crime,5
4675,Sightless,mask_10,18;27;28;53;9648,Drama; Horror; Action; Thriller; Mystery,5
5163,The Hunger,mask_10,14;18;27;878;10749,Fantasy; Drama; Horror; Science Fiction; Romance,5
7397,Stretch,mask_10,28;35;80,Action; Comedy; Crime,3
1805,The Impossible,mask_10,18,Drama,1
7148,Deadstream,mask_10,18;35;53,Drama; Comedy; Thriller,3
3272,The Lobster,mask_10,27;35;10749,Horror; Comedy; Romance,3
1741,Braindead,mask_10,14;16;27;35;10751,Fantasy; Animation; Horror; Comedy; Family,5
992,The Anthem of the Heart,mask_10,14;16;18;35;10749;10751,Fantasy; Animation; Drama; Comedy; Romance; Family,6
9001,Ricki and the Flash,mask_10,18;35,Drama; Comedy,2
3841,Isi & Ossi,mask_10,12;18;35;10749,Adventure; Drama; Comedy; Romance,4
1575,Mr. Church,mask_10,18;35;10749,Drama; Comedy; Romance,3
4004,The Night Comes for Us,mask_10,12;28;53;80,Adventure; Action; Thriller; Crime,4
8695,Suburbicon,mask_10,18;27;35,Drama; Horror; Comedy,3
9457,Earth Girls Are Easy,mask_10,35;878;10749,Comedy; Science Fiction; Romance,3
9385,Semi-Pro,mask_10,18;35,Drama; Comedy,2
8987,Joe's Apartment,mask_10,16;35;10751,Animation; Comedy; Family,3
1415,C.R.A.Z.Y.,mask_10,18;35,Drama; Comedy,2
6478,Hot Rod,mask_10,18;28;35,Drama; Action; Comedy,3
9618,Dirty Dancing,mask_10,18;35;10751,Drama; Comedy; Family,3
2350,Frozen II,mask_10,12;14;16;27;35;10751,Adventure; Fantasy; Animation; Horror; Comedy; Family,6
4942,A Nightmare on Elm Street 3: Dream Warriors,mask_10,18;27;53;80,Drama; Horror; Thriller; Crime,4
1458,Balkan Line,mask_10,18;28;53;10752,Drama; Action; Thriller; War,4
7723,Jackass Presents: Bad Grandpa,mask_10,18;35;10751,Drama; Comedy; Family,3
8997,Vanity Fair,mask_10,18;27,Drama; Horror,2
4514,Don't Worry Darling,mask_10,12;35,Adventure; Comedy,2
8848,A Classic Horror Story,mask_10,18;27,Drama; Horror,2
7374,Blown Away,mask_10,18;28;53;878,Drama; Action; Thriller; Science Fiction,4
4010,Sleeper,mask_10,18;35;878,Drama; Comedy; Science Fiction,3
5486,The Fury of a Patient Man,mask_10,18;35;10749,Drama; Comedy; Romance,3
7473,Under the Riccione Sun,mask_10,18;35,Drama; Comedy,2
7071,Gemini Man,mask_10,12;14;28;35,Adventure; Fantasy; Action; Comedy,4
7029,I ♥ Huckabees,mask_10,35;53;80;9648;10749,Comedy; Thriller; Crime; Mystery; Romance,5
4653,Twitches,mask_10,14;27;35;10749,Fantasy; Horror; Comedy; Romance,4
3016,Aladdin,mask_10,12;14;16;35;10751,Adventure; Fantasy; Animation; Comedy; Family,5
8194,Tracers,mask_10,28;35;53;80,Action; Comedy; Thriller; Crime,4
9594,Budapest,mask_10,18;35;10749,Drama; Comedy; Romance,3
6034,Hey Arnold! The Movie,mask_10,12;28;35;53;80,Adventure; Action; Comedy; Thriller; Crime,5
9080,The Smurfs,mask_10,12;14;16;28;35;10751,Adventure; Fantasy; Animation; Action; Comedy; Family,6
5733,Saving Grace,mask_10,18;35,Drama; Comedy,2
3927,Supernova,mask_10,18;10749,Drama; Romance,2
5580,The Mask of Zorro,mask_10,18;28,Drama; Action,2
2296,One Man Band,mask_10,12;14;16;18;35;10751,Adventure; Fantasy; Animation; Drama; Comedy; Family,6
5976,Four Flies on Grey Velvet,mask_10,18;35;53;80,Drama; Comedy; Thriller; Crime,4
3517,The Bob's Burgers Movie,mask_10,12;27;35;53;878;10751,Adventure; Horror; Comedy; Thriller; Science Fiction; Family,6
2050,Total Recall,mask_10,12;18;35;53;878,Adventure; Drama; Comedy; Thriller; Science Fiction,5
1426,The Discreet Charm of the Bourgeoisie,mask_10,18;35;10749,Drama; Comedy; Romance,3
6691,A Dangerous Method,mask_10,18;53,Drama; Thriller,2
6945,The Gendarme in New York,mask_10,18;28;35;80;10752,Drama; Action; Comedy; Crime; War,5
728,Guy Ritchie's The Covenant,mask_10,18;28;53;10752,Drama; Action; Thriller; War,4
7850,Haunter,mask_10,18;35;10751,Drama; Comedy; Family,3
8524,All You Need is Crime,mask_10,35;80,Comedy; Crime,2
4313,Smallfoot,mask_10,12;14;16;35;878;10751,Adventure; Fantasy; Animation; Comedy; Science Fiction; Family,6
148,Silenced,mask_10,18,Drama,1
4468,I Walked with a Zombie,mask_10,14;18;27,Fantasy; Drama; Horror,3
2699,"The Good, the Bad, the Weird",mask_10,12;18;28,Adventure; Drama; Action,3
3028,Immortal Beloved,mask_10,18;36;10749,Drama; History; Romance,3
2474,The Princess and the Frog,mask_10,18;35;10749,Drama; Comedy; Romance,3
4080,AKA,mask_10,18;28;35;80,Drama; Action; Comedy; Crime,4
4455,Babysitting,mask_10,35;53,Comedy; Thriller,2
732,Accattone,mask_10,18;35;53;80,Drama; Comedy; Thriller; Crime,4
9622,102 Dalmatians,mask_10,12;14;16;28;35;10751,Adventure; Fantasy; Animation; Action; Comedy; Family,6
3629,Superman vs. The Elite,mask_10,18;28;80,Drama; Action; Crime,3
7579,The Belko Experiment,mask_10,18;53,Drama; Thriller,2
5666,Return of the Living Dead III,mask_10,18;53,Drama; Thriller,2
1126,Bao,mask_10,16;18;35;10751,Animation; Drama; Comedy; Family,4
3446,"Extremely Wicked, Shockingly Evil and Vile",mask_10,18;53;80;9648,Drama; Thriller; Crime; Mystery,4
5726,Bad Santa,mask_10,14;16;35;10751,Fantasy; Animation; Comedy; Family,4
7407,The Yards,mask_10,18;35;80,Drama; Comedy; Crime,3
5932,The Rebound,mask_10,18;35;10749,Drama; Comedy; Romance,3
6000,Stir Crazy,mask_10,12;16;35;10751,Adventure; Animation; Comedy; Family,4
3539,The Way We Were,mask_10,18;35;10749,Drama; Comedy; Romance,3
2847,Greenland,mask_10,12;35;878,Adventure; Comedy; Science Fiction,3
6716,The Expendables 2,mask_10,28;35;53;80,Action; Comedy; Thriller; Crime,4
4167,Bill & Ted's Excellent Adventure,mask_10,12;18;35,Adventure; Drama; Comedy,3
4963,The Boxtrolls,mask_10,12;14;16;27;35;878;10751,Adventure; Fantasy; Animation; Horror; Comedy; Science Fiction; Family,7
1456,Sin City,mask_10,28;35;53;80,Action; Comedy; Thriller; Crime,4
1387,Running on Empty,mask_10,12;18;28;35,Adventure; Drama; Action; Comedy,4
7015,The Three Caballeros,mask_10,12;14;16;35;10751,Adventure; Fantasy; Animation; Comedy; Family,5
2438,Beating Hearts,mask_10,12;18;35,Adventure; Drama; Comedy,3
8273,Gretel & Hansel,mask_10,12;14;16;18;27;10751,Adventure; Fantasy; Animation; Drama; Horror; Family,6
6741,Lady and the Tramp II: Scamp's Adventure,mask_10,16;18;35;10749;10751,Animation; Drama; Comedy; Romance; Family,5
6386,Game of Death,mask_10,12;28;35,Adventure; Action; Comedy,3
3406,Boy Erased,mask_10,18;35,Drama; Comedy,2
7635,We're No Angels,mask_10,12;28;53,Adventure; Action; Thriller,3
62,Léon: The Professional,mask_10,18;28;35,Drama; Action; Comedy,3
9345,Old People,mask_10,18;27;53,Drama; Horror; Thriller,3
7311,Wimbledon,mask_10,18;35,Drama; Comedy,2
8681,Child's Play 3,mask_10,12;14;16;18;35;10751,Adventure; Fantasy; Animation; Drama; Comedy; Family,6
4758,Silver Streak,mask_10,35;53;80;9648,Comedy; Thriller; Crime; Mystery,4
2188,The Texas Chain Saw Massacre,mask_10,27;53;9648,Horror; Thriller; Mystery,3
9278,Cosmopolis,mask_10,18;28;35,Drama; Action; Comedy,3
9375,The House,mask_10,18;35;10749,Drama; Comedy; Romance,3
2504,Only Lovers Left Alive,mask_10,18;35;10749;10751,Drama; Comedy; Romance; Family,4
7361,Sabrina,mask_10,18;35;10749;10751,Drama; Comedy; Romance; Family,4
8890,21 & Over,mask_10,18;35,Drama; Comedy,2
5301,Taxidermia,mask_10,14;18;35,Fantasy; Drama; Comedy,3
7172,Cold Prey,mask_10,18;27;35;53,Drama; Horror; Comedy; Thriller,4
44,Gabriel's Inferno: Part III,mask_10,18;27;53,Drama; Horror; Thriller,3
5765,Indiana Jones and the Dial of Destiny,mask_10,12;28;35,Adventure; Action; Comedy,3
5260,Alan Partridge: Alpha Papa,mask_10,18;28;35;53,Drama; Action; Comedy; Thriller,4
9326,Horse Girl,mask_10,14;18;35;10749,Fantasy; Drama; Comedy; Romance,4
202,Green Snake,mask_10,18;28;35;53;10749,Drama; Action; Comedy; Thriller; Romance,5
7655,The Eiger Sanction,mask_10,18;35,Drama; Comedy,2
2662,"Ciao, Professore!",mask_10,18;35,Drama; Comedy,2
1696,Irma la Douce,mask_10,18;35;80;10749,Drama; Comedy; Crime; Romance,4
7162,Pacific Heights,mask_10,18;35,Drama; Comedy,2
158,Palmer,mask_10,18;35;53,Drama; Comedy; Thriller,3
9686,School for Scoundrels,mask_10,35,Comedy,1
3226,Climax,mask_10,18;27;35;10402,Drama; Horror; Comedy; Music,4
5555,A Cinderella Story,mask_10,27;35;10749,Horror; Comedy; Romance,3
8549,The Mexican,mask_10,18;28;35;53;80,Drama; Action; Comedy; Thriller; Crime,5
1608,Predestination,mask_10,12;28;53;878;9648,Adventure; Action; Thriller; Science Fiction; Mystery,5
2571,No,mask_10,18;35,Drama; Comedy,2
6950,The Cheetah Girls 2,mask_10,16;18;35;10749;10751,Animation; Drama; Comedy; Romance; Family,5
8108,The Den,mask_10,18;27;53,Drama; Horror; Thriller,3
1253,Barbie: Princess Charm School,mask_10,12;14;16;35;10749;10751,Adventure; Fantasy; Animation; Comedy; Romance; Family,6
5341,The Eagle Has Landed,mask_10,12;18;35,Adventure; Drama; Comedy,3
1474,Key Largo,mask_10,18;53,Drama; Thriller,2
3282,Cleopatra,mask_10,18;28;53,Drama; Action; Thriller,3
963,Boyz n the Hood,mask_10,18;35;53;80,Drama; Comedy; Thriller; Crime,4
8661,The Break-Up,mask_10,18;35;53;10749,Drama; Comedy; Thriller; Romance,4
4989,About a Boy,mask_10,18;35;10751,Drama; Comedy; Family,3
9883,Get a Job,mask_10,12;35;10751,Adventure; Comedy; Family,3
3034,Maleficent,mask_10,12;14;16;35;10749;10751,Adventure; Fantasy; Animation; Comedy; Romance; Family,6
2688,Kahaani,mask_10,18;53;9648;10749,Drama; Thriller; Mystery; Romance,4
2482,Wonder Woman,mask_10,12;14;16;28;10751,Adventure; Fantasy; Animation; Action; Family,5
4851,The Thieves,mask_10,12;28;35;53;80,Adventure; Action; Comedy; Thriller; Crime,5
8942,To the Wonder,mask_10,18;35;10749,Drama; Comedy; Romance,3
5456,Underworld: Evolution,mask_10,28;35,Action; Comedy,2
7706,God's Not Dead 2,mask_10,18;35,Drama; Comedy,2
7658,World Trade Center,mask_10,12;18;28;53;80,Adventure; Drama; Action; Thriller; Crime,5
8952,Eight Legged Freaks,mask_10,12;27;35;878;10751,Adventure; Horror; Comedy; Science Fiction; Family,5
1644,"Jeanne Dielman, 23, quai du Commerce, 1080 Bruxelles",mask_10,18;35;10749,Drama; Comedy; Romance,3
6621,Into the Labyrinth,mask_10,35;53;80,Comedy; Thriller; Crime,3
5564,Halloween II,mask_10,27;53,Horror; Thriller,2
939,Another Round,mask_10,18;35,Drama; Comedy,2
9245,I'm So Excited!,mask_10,12;35;53,Adventure; Comedy; Thriller,3
7335,Senseless,mask_10,18;27;53,Drama; Horror; Thriller,3
5848,The Tearsmith,mask_10,18;35;10749,Drama; Comedy; Romance,3
2053,Air,mask_10,18;35,Drama; Comedy,2
1987,Jungle Cruise,mask_10,14;18;10751,Fantasy; Drama; Family,3
9387,Snow Dogs,mask_10,35;10751,Comedy; Family,2
9452,Spinning Man,mask_10,18;35;53,Drama; Comedy; Thriller,3
8302,The Cable Guy,mask_10,35;53,Comedy; Thriller,2
2994,Where the Heart Is,mask_10,18;35;10749;10751,Drama; Comedy; Romance; Family,4
6884,¡Three Amigos!,mask_10,18;28;35;80,Drama; Action; Comedy; Crime,4
1018,Butch Cassidy and the Sundance Kid,mask_10,12;18;28;37;53;80,Adventure; Drama; Action; Western; Thriller; Crime,6
1296,All That Jazz,mask_10,18;35,Drama; Comedy,2
4193,RETURN,mask_10,18,Drama,1
359,The Cure,mask_10,18;35;10751,Drama; Comedy; Family,3
1979,The Judge,mask_10,18;53;80;9648,Drama; Thriller; Crime; Mystery,4
405,Death Note Relight 1: Visions of a God,mask_10,12;28;53;878,Adventure; Action; Thriller; Science Fiction,4
1050,The Curious Case of Benjamin Button,mask_10,12;18;35;10751,Adventure; Drama; Comedy; Family,4
1495,Three Colors: White,mask_10,18;35;10749,Drama; Comedy; Romance,3
5427,The Addams Family,mask_10,18;35,Drama; Comedy,2
5806,Act of Valor,mask_10,12;28;53;878,Adventure; Action; Thriller; Science Fiction,4
8208,Birth,mask_10,18;53;10749,Drama; Thriller; Romance,3
9313,Playing for Keeps,mask_10,18;35;10751,Drama; Comedy; Family,3
3279,The Northman,mask_10,12;14;28;53,Adventure; Fantasy; Action; Thriller,4
5095,Hellboy,mask_10,12;14;27;28,Adventure; Fantasy; Horror; Action,4
9482,Hellboy,mask_10,12;14;16;28;35;10751,Adventure; Fantasy; Animation; Action; Comedy; Family,6
770,"I, Daniel Blake",mask_10,18;35;53,Drama; Comedy; Thriller,3
8670,No One Gets Out Alive,mask_10,18;27;53,Drama; Horror; Thriller,3
177,"“The Shorts” by Aldo, Giovanni and Giacomo",mask_10,18;35;36,Drama; Comedy; History,3
2246,Lean On Me,mask_10,18;28;35;53;80,Drama; Action; Comedy; Thriller; Crime,5
3333,Malcolm & Marie,mask_10,18;35,Drama; Comedy,2
1844,Dragon Ball: The Path to Power,mask_10,12;14;16;35;10751,Adventure; Fantasy; Animation; Comedy; Family,5
2060,True Grit,mask_10,18;28;53;80,Drama; Action; Thriller; Crime,4
3195,The Ministry of Ungentlemanly Warfare,mask_10,12;18;28;36;10752,Adventure; Drama; Action; History; War,5
6548,District 13: Ultimatum,mask_10,18;28;35,Drama; Action; Comedy,3
8833,Coexister,mask_10,18;27;35;10402,Drama; Horror; Comedy; Music,4
796,The Man from Nowhere,mask_10,18;28;35;53;80,Drama; Action; Comedy; Thriller; Crime,5
4116,Mean Creek,mask_10,18;27;35,Drama; Horror; Comedy,3
8212,Orange County,mask_10,18;35,Drama; Comedy,2
467,My Way,mask_10,12;18;28;35;36;10752,Adventure; Drama; Action; Comedy; History; War,6
3641,The Eight Hundred,mask_10,12;18;28;36;10752,Adventure; Drama; Action; History; War,5
3085,22 July,mask_10,18;27;28;53,Drama; Horror; Action; Thriller,4
1757,Twin Peaks: Fire Walk with Me,mask_10,18;27;53;80;9648,Drama; Horror; Thriller; Crime; Mystery,5
3189,Death Note: The Last Name,mask_10,18;28,Drama; Action,2
8097,The Gendarme and the Creatures from Outer Space,mask_10,16;27;35;878,Animation; Horror; Comedy; Science Fiction,4
9101,The Tunnel,mask_10,18;27;35;53,Drama; Horror; Comedy; Thriller,4
1656,Summer of 85,mask_10,18;35,Drama; Comedy,2
8274,What to Expect When You're Expecting,mask_10,35;10749,Comedy; Romance,2
5940,Star Trek: Generations,mask_10,12;18;28;35;878,Adventure; Drama; Action; Comedy; Science Fiction,5
4725,Mermaids,mask_10,18;35;10749;10751,Drama; Comedy; Romance; Family,4
6282,Borat Subsequent Moviefilm,mask_10,18;35;878,Drama; Comedy; Science Fiction,3
6195,Café Society,mask_10,18;35,Drama; Comedy,2
1033,Elemental,mask_10,12;14;16;35;10751,Adventure; Fantasy; Animation; Comedy; Family,5
7769,Blood Ties,mask_10,18;35;80,Drama; Comedy; Crime,3
6731,In a World...,mask_10,18;35;10402;10749;10751,Drama; Comedy; Music; Romance; Family,5
5081,Martian Child,mask_10,12;18;35;878,Adventure; Drama; Comedy; Science Fiction,4
7639,Final Destination 5,mask_10,14;27;28;53;878,Fantasy; Horror; Action; Thriller; Science Fiction,5
2157,Weekend,mask_10,35;10749,Comedy; Romance,2
3203,Lee,mask_10,18;35;36;10749,Drama; Comedy; History; Romance,4
2237,The Hours,mask_10,14;18;35;10749,Fantasy; Drama; Comedy; Romance,4
2600,The Caine Mutiny,mask_10,18;28,Drama; Action,2
9444,Airport '77,mask_10,12;18;53,Adventure; Drama; Thriller,3
6273,The Chronicles of Narnia: The Voyage of the Dawn Treader,mask_10,12;14;16;35;10751,Adventure; Fantasy; Animation; Comedy; Family,5
1210,Control,mask_30,18;35,Drama; Comedy,2
1288,Shang-Chi and the Legend of the Ten Rings,mask_30,12;14;16;18;28,Adventure; Fantasy; Animation; Drama; Action,5
6147,Dry,mask_30,18;27;35,Drama; Horror; Comedy,3
120,Shutter Island,mask_30,18;28;53;9648,Drama; Action; Thriller; Mystery,4
3105,Galaxy Quest,mask_30,12;28;35;53;878,Adventure; Action; Comedy; Thriller; Science Fiction,5
4250,Spy,mask_30,18;28;35;53;80,Drama; Action; Comedy; Thriller; Crime,5
350,Million Dollar Baby,mask_30,18;35;10751,Drama; Comedy; Family,3
6325,Spree,mask_30,12;28;35,Adventure; Action; Comedy,3
1898,The Time Machine,mask_30,12;18;878,Adventure; Drama; Science Fiction,3
9290,Survivor,mask_30,18;28;53;80,Drama; Action; Thriller; Crime,4
9395,The Hunters,mask_30,12;14;16;27;28;878;10751,Adventure; Fantasy; Animation; Horror; Action; Science Fiction; Family,7
7853,Goosebumps 2: Haunted Halloween,mask_30,12;16;35;10751,Adventure; Animation; Comedy; Family,4
2734,Petite Maman,mask_30,12;14;18;10751,Adventure; Fantasy; Drama; Family,4
2181,Victor/Victoria,mask_30,18;35;10749,Drama; Comedy; Romance,3
8548,Volcano,mask_30,27;35;53;878,Horror; Comedy; Thriller; Science Fiction,4
4191,About Schmidt,mask_30,12;18;35;10749,Adventure; Drama; Comedy; Romance,4
1320,The Rules of the Game,mask_30,18;35,Drama; Comedy,2
1419,The Reader,mask_30,18;53,Drama; Thriller,2
1016,In a Lonely Place,mask_30,18;27;35;53;80;10749,Drama; Horror; Comedy; Thriller; Crime; Romance,6
110,Puss in Boots: The Last Wish,mask_30,12;14;16;18;35;10751,Adventure; Fantasy; Animation; Drama; Comedy; Family,6
8307,The 6th Day,mask_30,12;16;28;35;878;10751,Adventure; Animation; Action; Comedy; Science Fiction; Family,6
6202,Jackie,mask_30,18;36,Drama; History,2
5861,I'm Not There,mask_30,18;35,Drama; Comedy,2
764,Manhattan,mask_30,18;35;10749,Drama; Comedy; Romance,3
4105,Margin Call,mask_30,18;53,Drama; Thriller,2
6763,Three Floors,mask_30,18;35,Drama; Comedy,2
8256,Neuilly Yo Mama!,mask_30,18;28;35;80,Drama; Action; Comedy; Crime,4
3483,10 Cloverfield Lane,mask_30,18;27;28;53;878,Drama; Horror; Action; Thriller; Science Fiction,5
8226,How to Lose Friends & Alienate People,mask_30,18;35,Drama; Comedy,2
4316,Ashfall,mask_30,12;14;16;28;35;10751,Adventure; Fantasy; Animation; Action; Comedy; Family,6
3917,Clash of the Titans,mask_30,12;14;16;28;35;878;10749;10751,Adventure; Fantasy; Animation; Action; Comedy; Science Fiction; Romance; Family,8
1199,The Train,mask_30,12;18;28;35;10752,Adventure; Drama; Action; Comedy; War,5
731,Safety Last!,mask_30,12;35,Adventure; Comedy,2
5218,Rambo: First Blood Part II,mask_30,12;28;35;53,Adventure; Action; Comedy; Thriller,4
5136,The Trip,mask_30,35;10749,Comedy; Romance,2
8940,Henry's Crime,mask_30,18;28;35;53;80,Drama; Action; Comedy; Thriller; Crime,5
6940,Archive,mask_30,18;28;53;878,Drama; Action; Thriller; Science Fiction,4
4263,Justice League: The New Frontier,mask_30,12;16;28;878,Adventure; Animation; Action; Science Fiction,4
6066,God Willing,mask_30,18;35,Drama; Comedy,2
2945,Gia,mask_30,18;35;10749,Drama; Comedy; Romance,3
4732,The Longest Yard,mask_30,18;28;35;53;80,Drama; Action; Comedy; Thriller; Crime,5
8744,Phantom,mask_30,12;18;28;53;9648,Adventure; Drama; Action; Thriller; Mystery,5
6262,A California Christmas,mask_30,18;35;10749;10751,Drama; Comedy; Romance; Family,4
5233,Something's Gotta Give,mask_30,18;35;10749,Drama; Comedy; Romance,3
6947,Return of the Hero,mask_30,12;18;35;10749,Adventure; Drama; Comedy; Romance,4
6591,The Collection,mask_30,12;14;27;28,Adventure; Fantasy; Horror; Action,4
997,Harold and Maude,mask_30,18;35;10751,Drama; Comedy; Family,3
5071,Pollock,mask_30,18;35;36,Drama; Comedy; History,3
8027,Fortress,mask_30,27;53,Horror; Thriller,2
9716,17 Girls,mask_30,35,Comedy,1
9919,Toys,mask_30,12;14;18;35;10751,Adventure; Fantasy; Drama; Comedy; Family,5
8209,House of Wax,mask_30,12;27;878,Adventure; Horror; Science Fiction,3
7139,The Little Shop of Horrors,mask_30,18;35;10749;10751,Drama; Comedy; Romance; Family,4
9944,The Phantom,mask_30,12;14;16;28;35;878;10751,Adventure; Fantasy; Animation; Action; Comedy; Science Fiction; Family,7
8063,The Brats,mask_30,18;35;10749,Drama; Comedy; Romance,3
5046,Patriot Games,mask_30,18;28;35;53,Drama; Action; Comedy; Thriller,4
293,Barry Lyndon,mask_30,14;18;28;35,Fantasy; Drama; Action; Comedy,4
553,Sunrise: A Song of Two Humans,mask_30,14;18;35;10749,Fantasy; Drama; Comedy; Romance,4
7939,The 51st State,mask_30,35,Comedy,1
4233,Underworld,mask_30,12;14;27;28,Adventure; Fantasy; Horror; Action,4
9238,Maggie's Plan,mask_30,35;10749,Comedy; Romance,2
4951,Harold and the Purple Crayon,mask_30,12;14;16;18;35;10751,Adventure; Fantasy; Animation; Drama; Comedy; Family,6
7035,The Assistant,mask_30,18;53,Drama; Thriller,2
8603,Robin Hood,mask_30,12;14;18;28;36;10752,Adventure; Fantasy; Drama; Action; History; War,6
3330,Hoosiers,mask_30,18;35,Drama; Comedy,2
4255,The Pit and the Pendulum,mask_30,18;36;9648,Drama; History; Mystery,3
1293,Training Day,mask_30,28;35;53;80,Action; Comedy; Thriller; Crime,4
540,F1,mask_30,18;28;35,Drama; Action; Comedy,3
4235,Barbarian,mask_30,18;35;53;10749,Drama; Comedy; Thriller; Romance,4
6601,FernGully: The Last Rainforest,mask_30,12;14;16;35;10751,Adventure; Fantasy; Animation; Comedy; Family,5
1973,Spider-Man: Homecoming,mask_30,12;18;28;878,Adventure; Drama; Action; Science Fiction,4
6557,Nighthawks,mask_30,12;28;35;53;80,Adventure; Action; Comedy; Thriller; Crime,5
5705,Super Troopers,mask_30,28;35;53;80,Action; Comedy; Thriller; Crime,4
5731,The Witches of Eastwick,mask_30,18;35;10749,Drama; Comedy; Romance,3
7665,Push,mask_30,28;35;53;80,Action; Comedy; Thriller; Crime,4
7180,Insidious: The Last Key,mask_30,18;27;53;9648,Drama; Horror; Thriller; Mystery,4
977,Stagecoach,mask_30,12;18,Adventure; Drama,2
9691,Be Cool,mask_30,18;35;80;10402;10749,Drama; Comedy; Crime; Music; Romance,5
8418,Tin & Tina,mask_30,18;35;10749,Drama; Comedy; Romance,3
3626,Compartment No. 6,mask_30,18;53;10749,Drama; Thriller; Romance,3
2034,Justice League: Crisis on Two Earths,mask_30,12;16;28;878,Adventure; Animation; Action; Science Fiction,4
4098,The Strange Thing About the Johnsons,mask_30,18;35;53,Drama; Comedy; Thriller,3
9643,Wanderlust,mask_30,18;35;10749,Drama; Comedy; Romance,3
4179,Flight,mask_30,18;28;35,Drama; Action; Comedy,3
6176,For Love of the Game,mask_30,18;35;10751,Drama; Comedy; Family,3
7119,Taken 3,mask_30,18;28;35;53;80,Drama; Action; Comedy; Thriller; Crime,5
2173,Stardust,mask_30,12;14;16;18;35;10751,Adventure; Fantasy; Animation; Drama; Comedy; Family,6
189,The Father,mask_30,18;53,Drama; Thriller,2
7372,He Never Died,mask_30,12;14;35,Adventure; Fantasy; Comedy,3
1626,Saw,mask_30,12;27;28;35;53;80,Adventure; Horror; Action; Comedy; Thriller; Crime,6
563,The Avengers,mask_30,12;28;35;53;878,Adventure; Action; Comedy; Thriller; Science Fiction,5
1784,Grease,mask_30,16;35;10749;10751,Animation; Comedy; Romance; Family,4
6167,Bride & Prejudice,mask_30,18;35;10749,Drama; Comedy; Romance,3
7022,Severance,mask_30,28;35;53,Action; Comedy; Thriller,3
7046,Child 44,mask_30,18;53;80;9648,Drama; Thriller; Crime; Mystery,4
6244,Life,mask_30,12;35;878,Adventure; Comedy; Science Fiction,3
1057,10 Things I Hate About You,mask_30,35;10749,Comedy; Romance,2
645,The King of Comedy,mask_30,18;35,Drama; Comedy,2
371,Don't Look Now... We're Being Shot At!,mask_30,12;18;28;35;10752,Adventure; Drama; Action; Comedy; War,5
5995,Assassins,mask_30,28;35;53;80,Action; Comedy; Thriller; Crime,4
8216,Shaft,mask_30,18;28;35;53;80,Drama; Action; Comedy; Thriller; Crime,5
3421,Wild,mask_30,18,Drama,1
1869,Possession,mask_30,18;27;53;9648,Drama; Horror; Thriller; Mystery,4
5536,Star Trek III: The Search for Spock,mask_30,28;35;878,Action; Comedy; Science Fiction,3
6922,King Arthur,mask_30,12;14;16;18;28,Adventure; Fantasy; Animation; Drama; Action,5
6810,Second Act,mask_30,18;35;10749,Drama; Comedy; Romance,3
4033,Mad God,mask_30,12;14;16;28;53;878,Adventure; Fantasy; Animation; Action; Thriller; Science Fiction,6
8510,She-Devil,mask_30,18;35;53;10749,Drama; Comedy; Thriller; Romance,4
8582,The Karate Kid Part III,mask_30,18;28,Drama; Action,2
8712,Righteous Kill,mask_30,28;53;80;9648,Action; Thriller; Crime; Mystery,4
1427,Glory,mask_30,18;36;10752,Drama; History; War,3
2328,"Planes, Trains and Automobiles",mask_30,35;10749,Comedy; Romance,2
7303,Chernobyl: Abyss,mask_30,12;18;878,Adventure; Drama; Science Fiction,3
4803,Escape Plan,mask_30,18;28;53;80,Drama; Action; Thriller; Crime,4
2657,The Driver,mask_30,12;28;35;53;80,Adventure; Action; Comedy; Thriller; Crime,5
530,An Autumn Afternoon,mask_30,18;35;10749,Drama; Comedy; Romance,3
3412,The Zone of Interest,mask_30,14;18;35,Fantasy; Drama; Comedy,3
7021,Great Balls of Fire!,mask_30,18;35;36;10402,Drama; Comedy; History; Music,4
3863,The Substitute,mask_30,28;35;53;80,Action; Comedy; Thriller; Crime,4
769,BPM (Beats per Minute),mask_30,18;53;878,Drama; Thriller; Science Fiction,3
603,Land of Mine,mask_30,12;18;28;53;10752,Adventure; Drama; Action; Thriller; War,5
1826,The Way of the Dragon,mask_30,12;18;28;35;80,Adventure; Drama; Action; Comedy; Crime,5
9990,Marmaduke,mask_30,18;35;10751,Drama; Comedy; Family,3
5454,Titan A.E.,mask_30,12;18;28;878,Adventure; Drama; Action; Science Fiction,4
4689,King of New York,mask_30,12;18;28;35;53;80,Adventure; Drama; Action; Comedy; Thriller; Crime,6
1769,Babylon,mask_30,18;35;36;10402,Drama; Comedy; History; Music,4
7109,The Noel Diary,mask_30,14;18;35;10751,Fantasy; Drama; Comedy; Family,4
7040,Basilicata Coast to Coast,mask_30,18;35;10402,Drama; Comedy; Music,3
2951,Bitter Moon,mask_30,18;35;10749,Drama; Comedy; Romance,3
4916,Return to Oz,mask_30,12;14;16;18;10749,Adventure; Fantasy; Animation; Drama; Romance,5
8894,6 Below: Miracle on the Mountain,mask_30,18;53,Drama; Thriller,2
3547,Mamma Mia!,mask_30,18;35;10749,Drama; Comedy; Romance,3
4476,Winter's Bone,mask_30,18;27,Drama; Horror,2
5633,Seeking a Friend for the End of the World,mask_30,35;53;878;10749,Comedy; Thriller; Science Fiction; Romance,4
3732,The Isle,mask_30,16;18;35,Animation; Drama; Comedy,3
9559,The Conference,mask_30,18;28;35,Drama; Action; Comedy,3
365,Spider-Man: No Way Home,mask_30,12;14;16;28;35;878,Adventure; Fantasy; Animation; Action; Comedy; Science Fiction,6
9417,Admission,mask_30,18;35;10749,Drama; Comedy; Romance,3
1174,The Six Triple Eight,mask_30,12;18;28;35;10752,Adventure; Drama; Action; Comedy; War,5
6956,Bandits,mask_30,12;28;35;53;10749,Adventure; Action; Comedy; Thriller; Romance,5
259,Amadeus,mask_30,18;35,Drama; Comedy,2
5569,Flesh + Blood,mask_30,12;14;28;35;53,Adventure; Fantasy; Action; Comedy; Thriller,5
1042,Evangelion: 1.0 You Are (Not) Alone,mask_30,12;16;28;878,Adventure; Animation; Action; Science Fiction,4
5282,Colombiana,mask_30,14;28;53;80,Fantasy; Action; Thriller; Crime,4
9250,Alvin and the Chipmunks: Chipwrecked,mask_30,12;16;27;35;878;10751,Adventure; Animation; Horror; Comedy; Science Fiction; Family,6
7326,There's No Place Like Home,mask_30,12;18;35;10751,Adventure; Drama; Comedy; Family,4
475,A Bronx Tale,mask_30,18;35;80,Drama; Comedy; Crime,3
7344,Waiting...,mask_30,27;28;35;53,Horror; Action; Comedy; Thriller,4
3786,White Chicks,mask_30,28;35;53;80,Action; Comedy; Thriller; Crime,4
6347,Shaft,mask_30,12;14;28;53;10751,Adventure; Fantasy; Action; Thriller; Family,5
9922,Mutant Chronicles,mask_30,12;28;53;878,Adventure; Action; Thriller; Science Fiction,4
4664,He Got Game,mask_30,18;35,Drama; Comedy,2
5439,The Finest Hours,mask_30,12;18;28;53;10752,Adventure; Drama; Action; Thriller; War,5
2950,Cross of Iron,mask_30,18;28;36;53;10752,Drama; Action; History; Thriller; War,5
9117,Rules Don't Apply,mask_30,18;35;10749,Drama; Comedy; Romance,3
5908,Seoul Station,mask_30,27;28;53;878,Horror; Action; Thriller; Science Fiction,4
8203,Up for Love,mask_30,18;35;10749,Drama; Comedy; Romance,3
6735,"Roman J. Israel, Esq.",mask_30,18;35,Drama; Comedy,2
2161,Swades,mask_30,18;35;878,Drama; Comedy; Science Fiction,3
1965,All That Heaven Allows,mask_30,18;35;10749,Drama; Comedy; Romance,3
21,Fight Club,mask_30,18;28;35;53;80,Drama; Action; Comedy; Thriller; Crime,5
6143,Ice Age: A Mammoth Christmas,mask_30,12;14;16;35;10751,Adventure; Fantasy; Animation; Comedy; Family,5
3839,Antwone Fisher,mask_30,18;53,Drama; Thriller,2
8704,Cooties,mask_30,12;16;35;10751,Adventure; Animation; Comedy; Family,4
5092,Charlie Bartlett,mask_30,18;35,Drama; Comedy,2
868,A Charlie Brown Christmas,mask_30,12;14;16;18;35;10751,Adventure; Fantasy; Animation; Drama; Comedy; Family,6
4932,The Stepford Wives,mask_30,18;35;10749,Drama; Comedy; Romance,3
5225,Jack Reacher,mask_30,18;27;28;53;80;9648,Drama; Horror; Action; Thriller; Crime; Mystery,6
2573,Upgraded,mask_30,18;35;10749,Drama; Comedy; Romance,3
3624,A Conspiracy of Faith,mask_30,18;27;53,Drama; Horror; Thriller,3
2062,Kung Fu Panda,mask_30,12;14;16;28;35;10751,Adventure; Fantasy; Animation; Action; Comedy; Family,6
8654,Men in Black: International,mask_30,12;28;53;878,Adventure; Action; Thriller; Science Fiction,4
1791,Asterix & Obelix: Mission Cleopatra,mask_30,12;14;18;35,Adventure; Fantasy; Drama; Comedy,4
5534,May December,mask_30,18;35;10749,Drama; Comedy; Romance,3
7704,Crossing Over,mask_30,18;28;53;878,Drama; Action; Thriller; Science Fiction,4
8983,The Man,mask_30,28;35;53;80;9648,Action; Comedy; Thriller; Crime; Mystery,5
5453,Main Hoon Na,mask_30,18;28;35;53,Drama; Action; Comedy; Thriller,4
9626,Leprechaun 2,mask_30,12;14;16;28;35;10751,Adventure; Fantasy; Animation; Action; Comedy; Family,6
4336,Time After Time,mask_30,12;18;28;53;878,Adventure; Drama; Action; Thriller; Science Fiction,5
5568,"I Love You, Man",mask_30,35;10749,Comedy; Romance,2
8488,An American Werewolf in Paris,mask_30,14;27;28;35;53;878,Fantasy; Horror; Action; Comedy; Thriller; Science Fiction,6
4057,Flavors of Youth,mask_30,18,Drama,1
3456,The Dressmaker,mask_30,14;18;35;10749;10751,Fantasy; Drama; Comedy; Romance; Family,5
2164,The Seventh Company Has Been Found,mask_30,12;16;35;10751,Adventure; Animation; Comedy; Family,4
9966,With Open Arms,mask_30,18;35,Drama; Comedy,2
7617,28 Days,mask_30,18;35;80,Drama; Comedy; Crime,3
5215,Brother Bear 2,mask_30,12;14;16;35;10751,Adventure; Fantasy; Animation; Comedy; Family,5
5899,Thor: The Dark World,mask_30,12;14;16;28;878,Adventure; Fantasy; Animation; Action; Science Fiction,5
5683,Trust,mask_30,18;35;10749;10751,Drama; Comedy; Romance; Family,4
8688,King Cobra,mask_30,18;28;35;53,Drama; Action; Comedy; Thriller,4
6197,Your Sister's Sister,mask_30,18;35;10749;10751,Drama; Comedy; Romance; Family,4
9850,Sleeping Beauty,mask_30,14;18;27;35;10751,Fantasy; Drama; Horror; Comedy; Family,5
6159,Judgment Night,mask_30,18;35,Drama; Comedy,2
3199,Far from Heaven,mask_30,18;35,Drama; Comedy,2
8679,Problem Child 2,mask_30,18;35,Drama; Comedy,2
1942,High Plains Drifter,mask_30,12;28;53;80,Adventure; Action; Thriller; Crime,4
9317,The Pact,mask_30,18;27;53;9648,Drama; Horror; Thriller; Mystery,4
481,Bad Genius,mask_30,18;35,Drama; Comedy,2
3280,The Proposition,mask_30,18;53;80,Drama; Thriller; Crime,3
1169,Moulin Rouge!,mask_30,18;35,Drama; Comedy,2
7475,The Crew,mask_30,12;18;28;35;53;80,Adventure; Drama; Action; Comedy; Thriller; Crime,6
6721,Smurfs: The Lost Village,mask_30,12;14;16;35;10751,Adventure; Fantasy; Animation; Comedy; Family,5
297,The Passion of Joan of Arc,mask_30,18;27,Drama; Horror,2
5367,Suicide Kings,mask_30,12;28;35;53;80,Adventure; Action; Comedy; Thriller; Crime,5
6173,Super Fuzz,mask_30,12;28;35;53;878,Adventure; Action; Comedy; Thriller; Science Fiction,5
7924,Monster Trucks,mask_30,12;16;28;35;10751,Adventure; Animation; Action; Comedy; Family,5
2700,Troy,mask_30,12;18;28;36;10749,Adventure; Drama; Action; History; Romance,5
4379,Dark Water,mask_30,18;27;53;9648;10749,Drama; Horror; Thriller; Mystery; Romance,5
6784,The Wrath of Becky,mask_30,18;27;53,Drama; Horror; Thriller,3
8228,Kidnapping Mr. Heineken,mask_30,12;18;35;80;10751,Adventure; Drama; Comedy; Crime; Family,5
5132,JCVD,mask_30,18;35;80,Drama; Comedy; Crime,3
9687,Drive-Away Dolls,mask_30,18;27;35;53;10749,Drama; Horror; Comedy; Thriller; Romance,5
1595,The SpongeBob Movie: Sponge on the Run,mask_30,12;16;35;10751,Adventure; Animation; Comedy; Family,4
1329,Breaking the Waves,mask_30,18;35;10749,Drama; Comedy; Romance,3
1923,Nowhere,mask_30,12;18;53,Adventure; Drama; Thriller,3
8010,The Pacifier,mask_30,12;28;878;10751,Adventure; Action; Science Fiction; Family,4
5896,Tideland,mask_30,18;35;10751,Drama; Comedy; Family,3
6459,Cargo,mask_30,18;27;53,Drama; Horror; Thriller,3
9013,Exit Wounds,mask_30,12;28;35;53;80,Adventure; Action; Comedy; Thriller; Crime,5
3324,Ip Man 3,mask_30,28;35;53;80,Action; Comedy; Thriller; Crime,4
5770,Little Monsters,mask_30,18;27;35,Drama; Horror; Comedy,3
5902,The Neon Demon,mask_30,18;35;10749,Drama; Comedy; Romance,3
3230,Moby Dick,mask_30,12;16;18;35;10751,Adventure; Animation; Drama; Comedy; Family,5
285,Song of the Sea,mask_30,12;14;16;18;10751,Adventure; Fantasy; Animation; Drama; Family,5
5939,The Jane Austen Book Club,mask_30,18;10749,Drama; Romance,2
7077,Extinction,mask_30,12;14;16;27;878;10751,Adventure; Fantasy; Animation; Horror; Science Fiction; Family,6
1471,High School of the Dead: Drifters of the Dead,mask_30,12;16;27;28;35;53;878,Adventure; Animation; Horror; Action; Comedy; Thriller; Science Fiction,7
4106,Loft,mask_30,35;53;10749,Comedy; Thriller; Romance,3
5257,The Man in the Iron Mask,mask_30,12;18;28,Adventure; Drama; Action,3
1837,The Great Gatsby,mask_30,18;35;10749,Drama; Comedy; Romance,3
4529,In Her Name,mask_30,18;53;80,Drama; Thriller; Crime,3
6063,Colors,mask_30,18;53,Drama; Thriller,2
9741,Incarnate,mask_30,14;27;35;53,Fantasy; Horror; Comedy; Thriller,4
1257,The Birds,mask_30,27;28;53,Horror; Action; Thriller,3
7900,The Night Before,mask_30,14;16;35;10751,Fantasy; Animation; Comedy; Family,4
4861,Nymphomaniac: Vol. II,mask_30,18;10749,Drama; Romance,2
9380,Inside,mask_30,18;28;53;80,Drama; Action; Thriller; Crime,4
145,Good Will Hunting,mask_30,18;35,Drama; Comedy,2
2347,Pearl,mask_30,18;10749,Drama; Romance,2
1047,Steins;Gate: The Movie - Load Region of Déjà Vu,mask_30,12;16;18;28;878,Adventure; Animation; Drama; Action; Science Fiction,5
6199,Drag Me to Hell,mask_30,18;27;53,Drama; Horror; Thriller,3
2878,The Dark Crystal,mask_30,12;14;16;35;878;10751,Adventure; Fantasy; Animation; Comedy; Science Fiction; Family,6
5053,Emily the Criminal,mask_30,18;35;53;80,Drama; Comedy; Thriller; Crime,4
3147,I Hate Summer,mask_30,18;35;10751,Drama; Comedy; Family,3
4581,The DUFF,mask_30,16;35;10749;10751,Animation; Comedy; Romance; Family,4
5254,White God,mask_30,12;14;16;18;35;10751,Adventure; Fantasy; Animation; Drama; Comedy; Family,6
503,Shoplifters,mask_30,18,Drama,1
6101,Police Story 4: First Strike,mask_30,12;18;28;35;53,Adventure; Drama; Action; Comedy; Thriller,5
7290,Mean Machine,mask_30,18;28;35;53;80,Drama; Action; Comedy; Thriller; Crime,5
9036,Paranormal Activity 2,mask_30,14;27;35,Fantasy; Horror; Comedy,3
1097,The Hobbit: The Desolation of Smaug,mask_30,12;14;16;28;35;10751,Adventure; Fantasy; Animation; Action; Comedy; Family,6
7192,Ghosts of War,mask_30,12;14;27;28;53,Adventure; Fantasy; Horror; Action; Thriller,5
826,Black Swan,mask_30,18;35;10749;10751,Drama; Comedy; Romance; Family,4
1943,Red River,mask_30,12;18;35;37;10751,Adventure; Drama; Comedy; Western; Family,5
1783,My Sister's Keeper,mask_30,18;35;10751,Drama; Comedy; Family,3
6847,Dark Skies,mask_30,14;27;53;9648,Fantasy; Horror; Thriller; Mystery,4
5990,Mother's Day,mask_30,18;27;53,Drama; Horror; Thriller,3
4698,First Love,mask_30,18;28;53;80;10749,Drama; Action; Thriller; Crime; Romance,5
4319,The Ghost Writer,mask_30,18;35;53,Drama; Comedy; Thriller,3
1309,Almost Famous,mask_30,18;35,Drama; Comedy,2
6541,The Knight Before Christmas,mask_30,12;14;18;35;10749,Adventure; Fantasy; Drama; Comedy; Romance,5
6728,Doc Hollywood,mask_30,18;28;35;80,Drama; Action; Comedy; Crime,4
68,Given,mask_30,18;35;10749,Drama; Comedy; Romance,3
6565,The Assassin,mask_30,12;18;28,Adventure; Drama; Action,3
3340,Lethal Weapon 2,mask_30,12;28;35;53,Adventure; Action; Comedy; Thriller,4
5380,Conspiracy Theory,mask_30,35;53,Comedy; Thriller,2
5732,The Chronicles of Riddick,mask_30,12;28;878,Adventure; Action; Science Fiction,3
1738,Mad Max 2,mask_30,12;18;28,Adventure; Drama; Action,3
9357,My Best Friend's Girl,mask_30,18;35;10749,Drama; Comedy; Romance,3
93,Klaus,mask_30,14;18;35;10751,Fantasy; Drama; Comedy; Family,4
7555,Murder by Numbers,mask_30,28;53;80,Action; Thriller; Crime,3
4648,Oedipus Rex,mask_30,12;18;10751,Adventure; Drama; Family,3
5928,The Bookshop,mask_30,18;35,Drama; Comedy,2
4387,200 Pounds Beauty,mask_30,16;18;35;10749,Animation; Drama; Comedy; Romance,4
7601,Splinter,mask_30,12;27;28;35;53;878;10751,Adventure; Horror; Action; Comedy; Thriller; Science Fiction; Family,7
8944,Kicking & Screaming,mask_30,18;35;10751,Drama; Comedy; Family,3
76,The Intouchables,mask_30,18;35,Drama; Comedy,2
2319,Betty Blue,mask_30,18;35;10749,Drama; Comedy; Romance,3
7425,The Prince & Me,mask_30,14;18;35;10749;10751,Fantasy; Drama; Comedy; Romance; Family,5
916,Laurence Anyways,mask_30,14;18;35;10749;10751,Fantasy; Drama; Comedy; Romance; Family,5
9369,The Maiden Heist,mask_30,12;28;53,Adventure; Action; Thriller,3
4345,An Unfinished Life,mask_30,18;35,Drama; Comedy,2
7191,No Escape,mask_30,12;18;28;53,Adventure; Drama; Action; Thriller,4
8369,The Marvels,mask_30,12;16;28;35;878;10749;10751,Adventure; Animation; Action; Comedy; Science Fiction; Romance; Family,7
2010,Carrie,mask_30,18;27;53,Drama; Horror; Thriller,3
7722,Happily Mixed Up,mask_30,18;27;53,Drama; Horror; Thriller,3
194,The Hunt,mask_30,14;18;35;10751,Fantasy; Drama; Comedy; Family,4
7314,The Other Woman,mask_30,18;35;10749,Drama; Comedy; Romance,3
6475,Flypaper,mask_30,28;35;53;80,Action; Comedy; Thriller; Crime,4
9513,Truth or Dare,mask_30,27;35;53,Horror; Comedy; Thriller,3
7049,Your Place or Mine,mask_30,16;35;10749;10751,Animation; Comedy; Romance; Family,4
6424,Don't Think Twice,mask_30,18;35;53,Drama; Comedy; Thriller,3
4977,Troll Hunter,mask_30,27;53,Horror; Thriller,2
998,Mortal Kombat Legends: Battle of the Realms,mask_30,12;14;16;28;878,Adventure; Fantasy; Animation; Action; Science Fiction,5
6904,Beauty Shop,mask_30,18;35;53,Drama; Comedy; Thriller,3
8099,Arcadian,mask_30,12;27;28;53;878,Adventure; Horror; Action; Thriller; Science Fiction,5
5448,Silent Hill,mask_30,18;27;53,Drama; Horror; Thriller,3
9327,Momentum,mask_30,12;28;53,Adventure; Action; Thriller,3
7114,The Dead Pool,mask_30,35;53;80,Comedy; Thriller; Crime,3
3408,Mickey's Twice Upon a Christmas,mask_30,12;14;16;35;10751,Adventure; Fantasy; Animation; Comedy; Family,5
5405,The Wizard of Lies,mask_30,18;53;80,Drama; Thriller; Crime,3
2850,Tangled Ever After,mask_30,12;14;16;35;10749;10751,Adventure; Fantasy; Animation; Comedy; Romance; Family,6
8088,Sanctum,mask_30,12;18;10751,Adventure; Drama; Family,3
2705,Kiss Kiss Bang Bang,mask_30,28;35;53;80,Action; Comedy; Thriller; Crime,4
6846,The Visit,mask_30,18;27;35;10751,Drama; Horror; Comedy; Family,4
432,Divorce Italian Style,mask_30,18;35;10749,Drama; Comedy; Romance,3
7851,F,mask_30,18;28;53,Drama; Action; Thriller,3
4028,Rango,mask_30,12;16;28;35;10751,Adventure; Animation; Action; Comedy; Family,5
1048,The Fault in Our Stars,mask_30,14;18;878,Fantasy; Drama; Science Fiction,3
4923,RED,mask_30,18;28;35;53,Drama; Action; Comedy; Thriller,4
1935,A Nightmare on Elm Street,mask_30,18;27;53;9648,Drama; Horror; Thriller; Mystery,4
4569,Asterix in Britain,mask_30,12;14;16;28;35;10751,Adventure; Fantasy; Animation; Action; Comedy; Family,6
195,New Gods: Nezha Reborn,mask_30,12;14;16;28;35,Adventure; Fantasy; Animation; Action; Comedy,5
4697,Superman II,mask_30,12;16;28;878,Adventure; Animation; Action; Science Fiction,4
392,We Are the Nobles,mask_30,12;18;35;10751,Adventure; Drama; Comedy; Family,4
8213,Alvin and the Chipmunks: The Road Chip,mask_30,18;35;10749,Drama; Comedy; Romance,3
6304,Wild Target,mask_30,18;35;53,Drama; Comedy; Thriller,3
3110,What's Love Got to Do with It,mask_30,18;35;10749,Drama; Comedy; Romance,3
4715,Road House,mask_30,18;35;53;80,Drama; Comedy; Thriller; Crime,4
5549,Lionheart,mask_30,18;28,Drama; Action,2
2066,Red Dog,mask_30,12;18;35;10751,Adventure; Drama; Comedy; Family,4
1716,Rushmore,mask_30,18;35;10749;10751,Drama; Comedy; Romance; Family,4
537,The Shadow in My Eye,mask_30,18;28;36;53;10752,Drama; Action; History; Thriller; War,5
7092,Legends of Oz: Dorothy's Return,mask_30,12;14;16;10751,Adventure; Fantasy; Animation; Family,4
6211,The Uninvited,mask_30,18;27;53,Drama; Horror; Thriller,3
4824,Bumblebee,mask_30,12;16;35;10751,Adventure; Animation; Comedy; Family,4
2220,Riders of Justice,mask_30,18;27;53;9648,Drama; Horror; Thriller; Mystery,4
2109,Sonic the Hedgehog,mask_30,12;14;16;28;35;878;10751,Adventure; Fantasy; Animation; Action; Comedy; Science Fiction; Family,7
2137,The Fundamentals of Caring,mask_30,18;35,Drama; Comedy,2
8471,Alexander,mask_30,12;16;18;28;878,Adventure; Animation; Drama; Action; Science Fiction,5
8919,Neighbors 2: Sorority Rising,mask_30,18;35,Drama; Comedy,2
7279,Accident Man,mask_30,28;35;53,Action; Comedy; Thriller,3
2200,Land of Bad,mask_30,12;28;35;53;878,Adventure; Action; Comedy; Thriller; Science Fiction,5
954,The Longest Ride,mask_30,18;35;10749,Drama; Comedy; Romance,3
5846,Dragonslayer,mask_30,12;14;16;28;10751,Adventure; Fantasy; Animation; Action; Family,5
2761,Confession of Murder,mask_30,27;28;53;80;9648,Horror; Action; Thriller; Crime; Mystery,5
3169,Patriots Day,mask_30,12;18;28;53,Adventure; Drama; Action; Thriller,4
4930,Night Moves,mask_30,18;35;53;80;9648,Drama; Comedy; Thriller; Crime; Mystery,5
7857,V/H/S/94,mask_30,27;28;53;80;878;9648,Horror; Action; Thriller; Crime; Science Fiction; Mystery,6
459,Persepolis,mask_30,18;36,Drama; History,2
3793,Nine to Five,mask_30,18;35;80,Drama; Comedy; Crime,3
742,Slumdog Millionaire,mask_30,18;35;10751,Drama; Comedy; Family,3
9458,Leatherface,mask_30,14;18;27;53,Fantasy; Drama; Horror; Thriller,4
5743,Looking for Eric,mask_30,18;35,Drama; Comedy,2
50,American History X,mask_30,18;28;53;80,Drama; Action; Thriller; Crime,4
2108,Stolen Kisses,mask_30,18;35,Drama; Comedy,2
3005,Ariel,mask_30,18;53,Drama; Thriller,2
2698,Monsieur Lazhar,mask_30,18,Drama,1
6130,The Love Witch,mask_30,12;14;16;27;35,Adventure; Fantasy; Animation; Horror; Comedy,5
2762,House of Sand and Fog,mask_30,18;53;80,Drama; Thriller; Crime,3
8909,Analyze That,mask_30,18;35;53;80,Drama; Comedy; Thriller; Crime,4
4555,Kill the Irishman,mask_30,18;28;53;80,Drama; Action; Thriller; Crime,4
3314,My Neighbors the Yamadas,mask_30,18;35,Drama; Comedy,2
6867,Yara,mask_30,18;27;53;9648,Drama; Horror; Thriller; Mystery,4
866,Scooby-Doo on Zombie Island,mask_30,12;14;16;35;10751,Adventure; Fantasy; Animation; Comedy; Family,5
5897,Bubba Ho-tep,mask_30,18;35,Drama; Comedy,2
3362,An Officer and a Gentleman,mask_30,18;28;35,Drama; Action; Comedy,3
5462,Goya's Ghosts,mask_30,18;28;53,Drama; Action; Thriller,3
3704,RocknRolla,mask_30,35;53;80,Comedy; Thriller; Crime,3
2058,"Good Morning, Vietnam",mask_30,12;16;18;35;10751,Adventure; Animation; Drama; Comedy; Family,5
3919,Finestkind,mask_30,12;18;35;80,Adventure; Drama; Comedy; Crime,4
7768,Ad Astra,mask_30,12;18;878,Adventure; Drama; Science Fiction,3
8004,No Filter,mask_30,18;35;10749,Drama; Comedy; Romance,3
7957,Kill Your Friends,mask_30,18;35;53;80;10402,Drama; Comedy; Thriller; Crime; Music,5
8023,My Life Without Me,mask_30,18;27;53,Drama; Horror; Thriller,3
8173,Bee Movie,mask_30,35;878,Comedy; Science Fiction,2
3737,Fly Away Home,mask_30,14;16;18;27;35;10751,Fantasy; Animation; Drama; Horror; Comedy; Family,6
5273,Aline,mask_30,18;35,Drama; Comedy,2
2229,Jeremiah Johnson,mask_30,12;14;18;28,Adventure; Fantasy; Drama; Action,4
4706,Tucker: The Man and His Dream,mask_30,18;36,Drama; History,2
9060,We Are What We Are,mask_30,12;18;27;53,Adventure; Drama; Horror; Thriller,4
2063,Duck Soup,mask_30,12;16;18;35;10751,Adventure; Animation; Drama; Comedy; Family,5
3257,Elephant,mask_30,18;35,Drama; Comedy,2
9891,Behaving Badly,mask_30,35;53,Comedy; Thriller,2
3808,Project Silence,mask_30,12;16;27;53;878,Adventure; Animation; Horror; Thriller; Science Fiction,5
6370,"My Donkey, My Lover & I",mask_30,12;18;35;10751,Adventure; Drama; Comedy; Family,4
863,12 Angry Men,mask_30,18;80,Drama; Crime,2
2830,After the Wedding,mask_30,18;53,Drama; Thriller,2
6596,The Imaginarium of Doctor Parnassus,mask_30,12;14;28;35,Adventure; Fantasy; Action; Comedy,4
7661,Ben 10: Alien Swarm,mask_30,12;14;28;35;53;878,Adventure; Fantasy; Action; Comedy; Thriller; Science Fiction,6
9043,Black Sheep,mask_30,27;53;878,Horror; Thriller; Science Fiction,3
3112,The Thirteenth Floor,mask_30,18;35,Drama; Comedy,2
6154,Olaf's Frozen Adventure,mask_30,12;14;16;35;10751,Adventure; Fantasy; Animation; Comedy; Family,5
1132,Gattaca,mask_30,12;14;28;35,Adventure; Fantasy; Action; Comedy,4
6679,New Kids Turbo,mask_30,28;35,Action; Comedy,2
6352,Operation Christmas Drop,mask_30,18;28;35;53,Drama; Action; Comedy; Thriller,4
6897,Flushed Away,mask_30,12;16;35;10751,Adventure; Animation; Comedy; Family,4
9302,Damaged,mask_30,18;53;80;9648,Drama; Thriller; Crime; Mystery,4
4186,Moonstruck,mask_30,18;35;10749,Drama; Comedy; Romance,3
9506,Deep Blue Sea 3,mask_30,12;35;10751,Adventure; Comedy; Family,3
1553,Scarface,mask_30,18;28;35;53;80,Drama; Action; Comedy; Thriller; Crime,5
8924,Young Adult,mask_30,18;35;10749,Drama; Comedy; Romance,3
2655,Identity,mask_30,27;53,Horror; Thriller,2
9460,Family Pack,mask_30,12;14;16;27;28;35;10751,Adventure; Fantasy; Animation; Horror; Action; Comedy; Family,7
919,Vampire Hunter D: Bloodlust,mask_30,12;28;35,Adventure; Action; Comedy,3
2957,A Writer's Odyssey,mask_30,12;14;16;18;28,Adventure; Fantasy; Animation; Drama; Action,5
5598,Who You Think I Am,mask_30,18;35;10749,Drama; Comedy; Romance,3
9215,Porky's II: The Next Day,mask_30,18;27;35,Drama; Horror; Comedy,3
9951,Havoc,mask_30,18;35;53;80,Drama; Comedy; Thriller; Crime,4
5870,Turbo Kid,mask_30,12;14;18;28,Adventure; Fantasy; Drama; Action,4
2826,The Rock,mask_30,18;28;53;80,Drama; Action; Thriller; Crime,4
4831,Dreamgirls,mask_30,18;35;10402;10749,Drama; Comedy; Music; Romance,4
899,Onward,mask_30,12;14;16;35;10751,Adventure; Fantasy; Animation; Comedy; Family,5
7350,Alice and the Mayor,mask_30,18;35,Drama; Comedy,2
5022,Yes Man,mask_30,18;35;878,Drama; Comedy; Science Fiction,3
8371,When in Rome,mask_30,12;16;35;10749;10751,Adventure; Animation; Comedy; Romance; Family,5
3153,SPY x FAMILY CODE: White,mask_30,12;35;53,Adventure; Comedy; Thriller,3
6119,Bridget Jones: Mad About the Boy,mask_30,18;35;10749,Drama; Comedy; Romance,3
6726,The Only Living Boy in New York,mask_30,18;35;10749,Drama; Comedy; Romance,3
6890,Dead in a Week (Or Your Money Back),mask_30,18;35,Drama; Comedy,2
53,Princess Mononoke,mask_30,12;14;16;28,Adventure; Fantasy; Animation; Action,4
4530,Perfect Addiction,mask_30,18;28;53,Drama; Action; Thriller,3
7321,Megan Is Missing,mask_30,18;53,Drama; Thriller,2
7738,Housesitter,mask_30,18;35,Drama; Comedy,2
1058,The Wizard of Oz,mask_30,12;14;16;10751,Adventure; Fantasy; Animation; Family,4
7960,Duplex,mask_30,14;16;27;35;10751,Fantasy; Animation; Horror; Comedy; Family,5
3944,The Hidden,mask_30,18;53;80,Drama; Thriller; Crime,3
5543,Ender's Game,mask_30,12;16;18;28;878;10751,Adventure; Animation; Drama; Action; Science Fiction; Family,6
4162,Denial,mask_30,18;36,Drama; History,2
290,Citizen Kane,mask_30,18;35,Drama; Comedy,2
717,Gran Turismo,mask_30,12;14;16;18;35;10751,Adventure; Fantasy; Animation; Drama; Comedy; Family,6
584,Spotlight,mask_30,18;27;35;53,Drama; Horror; Comedy; Thriller,4
3508,This Must Be the Place,mask_30,18;35;53;80,Drama; Comedy; Thriller; Crime,4
1103,Spies in Disguise,mask_30,12;18;28;35;878,Adventure; Drama; Action; Comedy; Science Fiction,5
7365,The Night Clerk,mask_30,18;27;35;53;80;9648,Drama; Horror; Comedy; Thriller; Crime; Mystery,6
7951,The SpongeBob Movie: Sponge Out of Water,mask_30,12;14;16;28;35;10751,Adventure; Fantasy; Animation; Action; Comedy; Family,6
1112,"Girl, Interrupted",mask_30,14;18;10749,Fantasy; Drama; Romance,3
8563,Curse of Chucky,mask_30,14;16;27;10751,Fantasy; Animation; Horror; Family,4
8522,Pyewacket,mask_30,14;16;18;27;9648;10751,Fantasy; Animation; Drama; Horror; Mystery; Family,6
4553,Anna and the King,mask_30,12;14;18;35;10749;10751,Adventure; Fantasy; Drama; Comedy; Romance; Family,6
5111,The Spiderwick Chronicles,mask_30,12;14;16;27;35;10751,Adventure; Fantasy; Animation; Horror; Comedy; Family,6
9159,Arthur and the Revenge of Maltazard,mask_30,12;14;18;35,Adventure; Fantasy; Drama; Comedy,4
8686,Line of Duty,mask_30,18;35;53;80,Drama; Comedy; Thriller; Crime,4
542,Two Women,mask_30,18,Drama,1
5531,Star Wars: Episode II - Attack of the Clones,mask_30,12;18;28;53;878,Adventure; Drama; Action; Thriller; Science Fiction,5
5529,House of Gucci,mask_30,18;35,Drama; Comedy,2
1683,Boys Don't Cry,mask_30,18;35,Drama; Comedy,2
8472,"Farewell, My Queen",mask_30,18;35;36;10749,Drama; Comedy; History; Romance,4
4976,Time Freak,mask_30,18;28;35;878,Drama; Action; Comedy; Science Fiction,4
5687,Fragile,mask_30,14;27;53;9648,Fantasy; Horror; Thriller; Mystery,4
2550,The Animatrix,mask_30,12;16;18;28;35;878,Adventure; Animation; Drama; Action; Comedy; Science Fiction,6
5810,Ramona and Beezus,mask_30,14;16;18;35;10751,Fantasy; Animation; Drama; Comedy; Family,5
4386,The Women on the 6th Floor,mask_30,18;35;10749,Drama; Comedy; Romance,3
7751,Big Trouble,mask_30,18;35,Drama; Comedy,2
995,The Others,mask_30,14;18;27,Fantasy; Drama; Horror,3
4023,Mike's New Car,mask_30,35;10751,Comedy; Family,2
6574,Baba Yaga: Terror of the Dark Forest,mask_30,14;18;27;35;9648;10751,Fantasy; Drama; Horror; Comedy; Mystery; Family,6
3210,Futurama: Into the Wild Green Yonder,mask_30,12;14;28;35;878,Adventure; Fantasy; Action; Comedy; Science Fiction,5
402,Amélie,mask_30,14;18;35;10749,Fantasy; Drama; Comedy; Romance,4
7862,The Zero Theorem,mask_30,12;18;35;53;878,Adventure; Drama; Comedy; Thriller; Science Fiction,5
4335,The Dry,mask_30,18;35,Drama; Comedy,2
9059,A Christmas Horror Story,mask_30,35;10751,Comedy; Family,2
7776,Cocktail,mask_30,18;35;10751,Drama; Comedy; Family,3
1341,Boyhood,mask_30,12;18;35;10751,Adventure; Drama; Comedy; Family,4
6666,Octopussy,mask_30,12;28;53;80;9648,Adventure; Action; Thriller; Crime; Mystery,5
2993,Welcome to the Dollhouse,mask_30,18;35;10751,Drama; Comedy; Family,3
6943,Mighty Joe Young,mask_30,12;18;27;53,Adventure; Drama; Horror; Thriller,4
3669,Insomnia,mask_30,27;35;53;80;9648,Horror; Comedy; Thriller; Crime; Mystery,5
1993,The Magnificent Ambersons,mask_30,12;14;18;35;10749;10751,Adventure; Fantasy; Drama; Comedy; Romance; Family,6
7315,Knight and Day,mask_30,12;18;53,Adventure; Drama; Thriller,3
3411,The High Note,mask_30,12;16;18;35;10749;10751,Adventure; Animation; Drama; Comedy; Romance; Family,6
9198,Red Planet,mask_30,12;35;53;878,Adventure; Comedy; Thriller; Science Fiction,4
4056,Hellraiser,mask_30,12;14;16;18;35;10751,Adventure; Fantasy; Animation; Drama; Comedy; Family,6
286,Robot Dreams,mask_30,16;18;35;878;10749;10751,Animation; Drama; Comedy; Science Fiction; Romance; Family,6
5815,RED 2,mask_30,12;18;28;35;878,Adventure; Drama; Action; Comedy; Science Fiction,5
8807,Sgt. Bilko,mask_30,18;28;35;10752,Drama; Action; Comedy; War,4
6362,Drop,mask_30,18;27;35;10749,Drama; Horror; Comedy; Romance,4
2517,Maria Full of Grace,mask_30,12;18;35;10751,Adventure; Drama; Comedy; Family,4
7212,Sky High,mask_30,12;14;16;28;878;10751,Adventure; Fantasy; Animation; Action; Science Fiction; Family,6
3346,After We Fell,mask_30,18;35;53;10749,Drama; Comedy; Thriller; Romance,4
1720,Once Were Warriors,mask_30,18,Drama,1
714,Notorious,mask_30,18;28;53,Drama; Action; Thriller,3
1554,Erin Brockovich,mask_30,18;35;53,Drama; Comedy; Thriller,3
8887,Fading Gigolo,mask_30,12;35;10751,Adventure; Comedy; Family,3
9701,Forces of Nature,mask_30,12;28;35;10751,Adventure; Action; Comedy; Family,4
178,Portrait of a Lady on Fire,mask_30,18;10749,Drama; Romance,2
304,Sound of Freedom,mask_30,18;35,Drama; Comedy,2
3262,Apollo 10½: A Space Age Childhood,mask_30,12;14;18;35;10751,Adventure; Fantasy; Drama; Comedy; Family,5
4420,Black or White,mask_30,18,Drama,1
2071,Dog,mask_30,18;35,Drama; Comedy,2
7008,Cannibal Holocaust,mask_30,12;18;878,Adventure; Drama; Science Fiction,3
5176,House of Usher,mask_30,,,0
5834,The Ref,mask_30,27;35;53,Horror; Comedy; Thriller,3
7352,Zambezia,mask_30,12;16;18;10751,Adventure; Animation; Drama; Family,4
9847,Slumber,mask_30,14;27;53,Fantasy; Horror; Thriller,3
2049,Deliverance,mask_30,18;53,Drama; Thriller,2
3354,C'est la vie!,mask_30,35;10749,Comedy; Romance,2
1715,Hour of the Wolf,mask_30,18;35;10749,Drama; Comedy; Romance,3
6888,Bad Taste,mask_30,12;28;35;53;878,Adventure; Action; Comedy; Thriller; Science Fiction,5
9031,Big Momma's House 2,mask_30,12;28;35;10751,Adventure; Action; Comedy; Family,4
5442,Brewster's Millions,mask_30,18;35;53,Drama; Comedy; Thriller,3
5007,The Return,mask_30,14;18;27;35;10751,Fantasy; Drama; Horror; Comedy; Family,5
1430,Fist of Legend,mask_30,12;18;28;35,Adventure; Drama; Action; Comedy,4
2489,Little Manhattan,mask_30,14;18;35;10751,Fantasy; Drama; Comedy; Family,4
2545,Time to Hunt,mask_30,12;28;35;53;80,Adventure; Action; Comedy; Thriller; Crime,5
4713,Germinal,mask_30,18;53;80,Drama; Thriller; Crime,3
1146,Inside Out 2,mask_30,18;27;35;53;9648,Drama; Horror; Comedy; Thriller; Mystery,5
8853,Replicant,mask_30,28;35;53;80;878,Action; Comedy; Thriller; Crime; Science Fiction,5
6468,Baggio: The Divine Ponytail,mask_30,18;35,Drama; Comedy,2
3347,One Night in Miami...,mask_30,18;28;36,Drama; Action; History,3
1334,Band of Outsiders,mask_30,35,Comedy,1
9438,Diana,mask_30,12;18,Adventure; Drama,2
967,The Turin Horse,mask_30,18,Drama,1
8297,Anon,mask_30,18;27;53;878;9648,Drama; Horror; Thriller; Science Fiction; Mystery,5
5244,Contagion,mask_30,27;28;53;878,Horror; Action; Thriller; Science Fiction,4
4592,Teen Beach 2,mask_30,35;10751,Comedy; Family,2
8526,Thanks for Sharing,mask_30,18;35;10749,Drama; Comedy; Romance,3
9994,Hollywood Homicide,mask_30,18;35;53;80,Drama; Comedy; Thriller; Crime,4
496,Perfect Strangers,mask_30,18;35,Drama; Comedy,2
971,Sniper: The White Raven,mask_30,12;18;28,Adventure; Drama; Action,3
7663,That Awkward Moment,mask_30,18;35;10749,Drama; Comedy; Romance,3
9161,Urban Legend,mask_30,27;35;53;9648,Horror; Comedy; Thriller; Mystery,4
3785,Streets of Fire,mask_30,35;10749,Comedy; Romance,2
9172,The Midnight Sky,mask_30,12;18;53;878,Adventure; Drama; Thriller; Science Fiction,4
4882,Boiler Room,mask_30,18;35,Drama; Comedy,2
7824,Trouble at Timpetill,mask_30,18;27,Drama; Horror,2
2979,Lamp Life,mask_30,16;18;35;10751,Animation; Drama; Comedy; Family,4
8429,The Oxford Murders,mask_30,18;27;53;80;9648,Drama; Horror; Thriller; Crime; Mystery,5
1654,They Call Me Jeeg,mask_30,12;28;35,Adventure; Action; Comedy,3
7583,Never Been Kissed,mask_30,18;35,Drama; Comedy,2
5921,The Invisible Guardian,mask_30,14;18;27;9648,Fantasy; Drama; Horror; Mystery,4
8963,Robinson Crusoe,mask_30,12;14;16;35;10751,Adventure; Fantasy; Animation; Comedy; Family,5
382,"Batman: The Dark Knight Returns, Part 2",mask_30,12;16;28;878,Adventure; Animation; Action; Science Fiction,4
1746,Law Abiding Citizen,mask_30,18;28;53;80,Drama; Action; Thriller; Crime,4
7134,Ant-Man and the Wasp: Quantumania,mask_30,12;16;28;35;878;10751,Adventure; Animation; Action; Comedy; Science Fiction; Family,6
1215,The Second Tragic Fantozzi,mask_30,18;35;10751,Drama; Comedy; Family,3
7345,Jigsaw,mask_30,27;28;53;80;878,Horror; Action; Thriller; Crime; Science Fiction,5
2859,Matthias & Maxime,mask_30,18;35;10749,Drama; Comedy; Romance,3
2502,The Ten Commandments: The Movie,mask_30,12;18;36,Adventure; Drama; History,3
1396,Birdman of Alcatraz,mask_30,18;53;80,Drama; Thriller; Crime,3
1465,The Croods: A New Age,mask_30,12;16;35;10751,Adventure; Animation; Comedy; Family,4
5305,Valerian and the City of a Thousand Planets,mask_30,12;28;878,Adventure; Action; Science Fiction,3
4897,Just Go with It,mask_30,18;35;53;10749,Drama; Comedy; Thriller; Romance,4
1598,Trinity Is Still My Name,mask_30,12;28;35;80;10751,Adventure; Action; Comedy; Crime; Family,5
4615,Primer,mask_30,18;878,Drama; Science Fiction,2
9232,The Art of War,mask_30,18;28;53;80,Drama; Action; Thriller; Crime,4
5315,Mr. Morgan's Last Love,mask_30,18;35;10749,Drama; Comedy; Romance,3
1609,American Me,mask_30,18;28;53;80,Drama; Action; Thriller; Crime,4
6534,Creep,mask_30,18;35,Drama; Comedy,2
3561,The White Tiger,mask_30,12;18;28;35,Adventure; Drama; Action; Comedy,4
3143,The Matrix Reloaded,mask_30,12;28;53;878,Adventure; Action; Thriller; Science Fiction,4
1986,Just Another Christmas,mask_30,16;35;10751,Animation; Comedy; Family,3
8285,Flight of the Phoenix,mask_30,12;18;28;35,Adventure; Drama; Action; Comedy,4
8843,The Big Wedding,mask_30,35;10749;10751,Comedy; Romance; Family,3
1234,The Girl with the Dragon Tattoo,mask_30,18;53,Drama; Thriller,2
4540,Battlestar Galactica: The Plan,mask_30,12;28;53;878,Adventure; Action; Thriller; Science Fiction,4
5519,The Lord of the Rings,mask_30,12;14;16;28;35;878,Adventure; Fantasy; Animation; Action; Comedy; Science Fiction,6
3791,Tracks,mask_30,12;18;35;10749;10751,Adventure; Drama; Comedy; Romance; Family,5
1189,Let the Right One In,mask_30,16;18;35;10751,Animation; Drama; Comedy; Family,4
9436,Max Steel,mask_30,12;14;16;28;35;878;10751,Adventure; Fantasy; Animation; Action; Comedy; Science Fiction; Family,7
4641,Jersey Boys,mask_30,18;35;10402;10751,Drama; Comedy; Music; Family,4
4769,The Fog,mask_30,14;27;35;53;878;9648,Fantasy; Horror; Comedy; Thriller; Science Fiction; Mystery,6
5031,Meet the Parents,mask_30,35;53,Comedy; Thriller,2
7593,Jumper,mask_30,12;18;35;878;10751,Adventure; Drama; Comedy; Science Fiction; Family,5
7709,The Amityville Horror,mask_30,18;35;10749,Drama; Comedy; Romance,3
8969,Fantastic Four,mask_30,12;14;16;28;35;878;10751,Adventure; Fantasy; Animation; Action; Comedy; Science Fiction; Family,7
6047,The Last Days of American Crime,mask_30,18;35;53;878,Drama; Comedy; Thriller; Science Fiction,4
7284,Bridget Jones: The Edge of Reason,mask_30,18;35;80;10749,Drama; Comedy; Crime; Romance,4
8021,Sleepover,mask_30,16;35;10749;10751,Animation; Comedy; Romance; Family,4
7868,Village of the Damned,mask_30,12;27;35;10751,Adventure; Horror; Comedy; Family,4
6837,Bend It Like Beckham,mask_30,18;35;10749;10751,Drama; Comedy; Romance; Family,4
2632,Invictus,mask_30,18;35;36,Drama; Comedy; History,3
1775,Burning,mask_30,12;14;16;35;10749;10751,Adventure; Fantasy; Animation; Comedy; Romance; Family,6
6545,Wonder Wheel,mask_30,16;18;35;10751,Animation; Drama; Comedy; Family,4
8751,The Spy Next Door,mask_30,35;53,Comedy; Thriller,2
5118,Back to Black,mask_30,18;35;10402;10749,Drama; Comedy; Music; Romance,4
1843,The Big Short,mask_30,18;28;35;36,Drama; Action; Comedy; History,4
4243,The Man Who Invented Christmas,mask_30,14;18;35;10751,Fantasy; Drama; Comedy; Family,4
7744,Once Upon a Time in Bethlehem,mask_30,12;14;27;28;35;878,Adventure; Fantasy; Horror; Action; Comedy; Science Fiction,6
9752,Poison Ivy,mask_30,18;35;10749,Drama; Comedy; Romance,3
2286,Star Wars: The Force Awakens,mask_30,12;16;28;35;878,Adventure; Animation; Action; Comedy; Science Fiction,5
7217,"Marry Me, Dude",mask_30,18;35;10749,Drama; Comedy; Romance,3
2203,Heathers,mask_30,18;35,Drama; Comedy,2
8900,Big Momma's House,mask_30,12;35;10751,Adventure; Comedy; Family,3
6554,The Awakening,mask_30,18;27;53;9648,Drama; Horror; Thriller; Mystery,4
2003,The Sea Beast,mask_30,12;14;16;28;35;878;10751,Adventure; Fantasy; Animation; Action; Comedy; Science Fiction; Family,7
1265,Tell It to the Bees,mask_30,18;35;10751,Drama; Comedy; Family,3
3555,The Amateur,mask_30,18;28;53;80,Drama; Action; Thriller; Crime,4
2763,Peter Pan,mask_30,12;14;16;35;10751,Adventure; Fantasy; Animation; Comedy; Family,5
755,The Sound of Music,mask_30,12;14;18;35;10751,Adventure; Fantasy; Drama; Comedy; Family,5
8019,French Twist,mask_30,18;35;10749,Drama; Comedy; Romance,3
5983,Kinds of Kindness,mask_30,12;14;16;35;10751,Adventure; Fantasy; Animation; Comedy; Family,5
6710,The Good Shepherd,mask_30,12;18,Adventure; Drama,2
5045,Geek Charming,mask_30,35;10749,Comedy; Romance,2
8534,The Specialist,mask_30,28;35;53;80,Action; Comedy; Thriller; Crime,4
3843,Crazy Heart,mask_30,18;35,Drama; Comedy,2
6830,The Bar,mask_30,27;35;53;80,Horror; Comedy; Thriller; Crime,4
6072,The Manchurian Candidate,mask_30,12;18;28;35,Adventure; Drama; Action; Comedy,4
9814,Downsizing,mask_30,18;35;10749,Drama; Comedy; Romance,3
7982,Justice League,mask_30,12;14;16;28;35;878;10751,Adventure; Fantasy; Animation; Action; Comedy; Science Fiction; Family,7
3996,Saboteur,mask_30,18;28;53;80,Drama; Action; Thriller; Crime,4
651,Dune,mask_30,12;28;53;878,Adventure; Action; Thriller; Science Fiction,4
555,A Fistful of Dollars,mask_30,12;18;28;53,Adventure; Drama; Action; Thriller,4
2284,The Hurt Locker,mask_30,12;28;35;10752,Adventure; Action; Comedy; War,4
3708,The Angels' Share,mask_30,18;35,Drama; Comedy,2
6832,The Immigrant,mask_30,18;35;10749,Drama; Comedy; Romance,3
40,Se7en,mask_30,27;53;80;9648,Horror; Thriller; Crime; Mystery,4
1083,Brother,mask_30,28;35;53,Action; Comedy; Thriller,3
3234,Red One,mask_30,12;14;16;28;35;53;878;10751,Adventure; Fantasy; Animation; Action; Comedy; Thriller; Science Fiction; Family,8
8155,Despite Everything,mask_30,18;35;10749,Drama; Comedy; Romance,3
92,Avengers: Infinity War,mask_30,12;14;16;28;878,Adventure; Fantasy; Animation; Action; Science Fiction,5
1154,We Need to Talk About Kevin,mask_30,18;27,Drama; Horror,2
5901,Revenge,mask_30,18;35;10749,Drama; Comedy; Romance,3
521,Dances with Wolves,mask_30,18;53,Drama; Thriller,2
7454,Elizabethtown,mask_30,18;35,Drama; Comedy,2
2694,Boyka: Undisputed IV,mask_30,12;16;28,Adventure; Animation; Action,3
8724,Beverly Hills Cop III,mask_30,12;28;35;53;80;9648,Adventure; Action; Comedy; Thriller; Crime; Mystery,6
7149,Killer Elite,mask_30,12;16;28;35;53;10751,Adventure; Animation; Action; Comedy; Thriller; Family,6
6778,I Want You Back,mask_30,16;35;10749;10751,Animation; Comedy; Romance; Family,4
414,Army of Shadows,mask_30,12;18;28;53,Adventure; Drama; Action; Thriller,4
7587,Bright,mask_30,28;35;53;878,Action; Comedy; Thriller; Science Fiction,4
3261,The Lake House,mask_30,18;35;9648;10749,Drama; Comedy; Mystery; Romance,4
7476,The Big White,mask_30,12;28;35;53;80,Adventure; Action; Comedy; Thriller; Crime,5
2780,Stargate: The Ark of Truth,mask_30,12;16;28;878,Adventure; Animation; Action; Science Fiction,4
2331,Team Thor,mask_30,12;18;28;36;878;10752,Adventure; Drama; Action; History; Science Fiction; War,6
3596,Addams Family Values,mask_30,35;10751,Comedy; Family,2
9724,Serenity,mask_30,18;35,Drama; Comedy,2
6912,The Fury,mask_30,12;28;35;53;878;10751,Adventure; Action; Comedy; Thriller; Science Fiction; Family,6
6482,"Hello, My Name Is Doris",mask_30,18;35;10749,Drama; Comedy; Romance,3
1105,Ferris Bueller's Day Off,mask_30,18;35;10749;10751,Drama; Comedy; Romance; Family,4
5399,Side Effects,mask_30,18;53;10749,Drama; Thriller; Romance,3
4460,2048: Nowhere to Run,mask_30,18;28;35;878,Drama; Action; Comedy; Science Fiction,4
6071,School Ties,mask_30,18;35,Drama; Comedy,2
5999,Borgman,mask_30,14;18;27;35,Fantasy; Drama; Horror; Comedy,4
4712,What If,mask_30,16;18;35;10749;10751,Animation; Drama; Comedy; Romance; Family,5
1640,The Muppet Christmas Carol,mask_30,14;18;35;10751,Fantasy; Drama; Comedy; Family,4
709,The Color Purple,mask_30,18;35;10749;10751,Drama; Comedy; Romance; Family,4
7223,Parkland,mask_30,18,Drama,1
6026,A Guide to Recognizing Your Saints,mask_30,18,Drama,1
9249,Office Christmas Party,mask_30,18;35,Drama; Comedy,2
3899,36th Precinct,mask_30,18;28;35;53;80,Drama; Action; Comedy; Thriller; Crime,5
1056,Beasts of No Nation,mask_30,12;16;18;10751,Adventure; Animation; Drama; Family,4
2852,Suspicion,mask_30,18;35;53;10749,Drama; Comedy; Thriller; Romance,4
5621,Star Wars: Episode I - The Phantom Menace,mask_30,12;16;28;878,Adventure; Animation; Action; Science Fiction,4
946,Boogie Nights,mask_30,18;35;10749,Drama; Comedy; Romance,3
689,The Untouchables,mask_30,18;35,Drama; Comedy,2
6974,Single White Female,mask_30,18;35;10749,Drama; Comedy; Romance,3
1686,The Omen,mask_30,12;14;27;9648,Adventure; Fantasy; Horror; Mystery,4
4271,The Red Sea Diving Resort,mask_30,12;18;28;36;53;10752,Adventure; Drama; Action; History; Thriller; War,6
9555,The Platform 2,mask_30,12;16;28;53;878,Adventure; Animation; Action; Thriller; Science Fiction,5
5844,Young Guns II,mask_30,18;28;80,Drama; Action; Crime,3
9511,Horizon Line,mask_30,18;35;10749,Drama; Comedy; Romance,3
1034,Sin Nombre,mask_30,12;18;28;35,Adventure; Drama; Action; Comedy,4
6309,Halloween Kills,mask_30,12;27;28;53,Adventure; Horror; Action; Thriller,4
7233,Rock Dog,mask_30,12;14;16;18;35;10751,Adventure; Fantasy; Animation; Drama; Comedy; Family,6
3638,Tsotsi,mask_30,12;18;35;53,Adventure; Drama; Comedy; Thriller,4
900,Cat on a Hot Tin Roof,mask_30,18;35;10749,Drama; Comedy; Romance,3
9763,King Solomon's Mines,mask_30,12;18;28,Adventure; Drama; Action,3
2635,Sweeney Todd: The Demon Barber of Fleet Street,mask_30,18;35;10749;10751,Drama; Comedy; Romance; Family,4
1948,Christiane F.,mask_30,18;35;10402,Drama; Comedy; Music,3
132,Bicycle Thieves,mask_30,18;28;35;53;80,Drama; Action; Comedy; Thriller; Crime,5
5596,No Man of God,mask_30,18;80,Drama; Crime,2
1819,Waves,mask_30,18;53,Drama; Thriller,2
4439,The Swan,mask_30,12;16;18;35;10751,Adventure; Animation; Drama; Comedy; Family,5
349,Mirror,mask_30,18;10752,Drama; War,2
1163,The Snowman,mask_30,12;14;16;18;35;10751,Adventure; Fantasy; Animation; Drama; Comedy; Family,6
2929,Punch-Drunk Love,mask_30,18;35;53;80,Drama; Comedy; Thriller; Crime,4
9539,King of Thieves,mask_30,12;18;35;53;80,Adventure; Drama; Comedy; Thriller; Crime,5
341,All Your Faces,mask_30,18;53;80,Drama; Thriller; Crime,3
4040,No Way Out,mask_30,18;28;53;9648;10749,Drama; Action; Thriller; Mystery; Romance,5
2580,Barbara,mask_30,18,Drama,1
6187,The Great Outdoors,mask_30,35;10749,Comedy; Romance,2
776,Rurouni Kenshin Part III: The Legend Ends,mask_30,12;14;16;28;35;10751,Adventure; Fantasy; Animation; Action; Comedy; Family,6
2406,Crazy About Her,mask_30,18;35;10749,Drama; Comedy; Romance,3
4254,Outlaw King,mask_30,12;14;18;28;36,Adventure; Fantasy; Drama; Action; History,5
5105,A Good Year,mask_30,18;35;53,Drama; Comedy; Thriller,3
6701,The Taking of Pelham 1 2 3,mask_30,12;28;35;53;80,Adventure; Action; Comedy; Thriller; Crime,5
8319,Poltergeist II: The Other Side,mask_30,12;14;27;10751,Adventure; Fantasy; Horror; Family,4
6647,The Man Who Knew Too Little,mask_30,18;35;53;80,Drama; Comedy; Thriller; Crime,4
9463,The Sweetest Thing,mask_30,16;35;10751,Animation; Comedy; Family,3
5469,Angel Has Fallen,mask_30,18;28;53;80,Drama; Action; Thriller; Crime,4
7305,Kidnap,mask_30,12;18;10751,Adventure; Drama; Family,3
4563,High Tension,mask_30,16;35;10749,Animation; Comedy; Romance,3
7657,Cujo,mask_30,18;27;53,Drama; Horror; Thriller,3
8270,Guess Who,mask_30,18;35;10749,Drama; Comedy; Romance,3
5602,Welcome to the Rileys,mask_30,18;35,Drama; Comedy,2
2400,The Lego Batman Movie,mask_30,12;16;28;35;80,Adventure; Animation; Action; Comedy; Crime,5
1004,The Philadelphia Story,mask_30,18;35;53;10749,Drama; Comedy; Thriller; Romance,4
3083,Superman: Man of Tomorrow,mask_30,12;16;28;878,Adventure; Animation; Action; Science Fiction,4
30,The Lord of the Rings: The Two Towers,mask_30,12;14;16;28;35,Adventure; Fantasy; Animation; Action; Comedy,5
1263,The Conversation,mask_30,18;28;53;80;9648,Drama; Action; Thriller; Crime; Mystery,5
3810,Fear of Rain,mask_30,18;27;53;9648,Drama; Horror; Thriller; Mystery,4
8803,Mighty Morphin Power Rangers: The Movie,mask_30,12;14;16;28;35;878;10751,Adventure; Fantasy; Animation; Action; Comedy; Science Fiction; Family,7
583,Demon Slayer: Kimetsu no Yaiba Infinity Castle,mask_30,12;14;16;27;28,Adventure; Fantasy; Animation; Horror; Action,5
6256,The Girl on the Train,mask_30,18;35;10749,Drama; Comedy; Romance,3
5639,Ocean's Twelve,mask_30,18;28;35;80,Drama; Action; Comedy; Crime,4
7245,Like Father,mask_30,18;35;10749,Drama; Comedy; Romance,3
5319,Cypher,mask_30,28;35;53;80,Action; Comedy; Thriller; Crime,4
5952,Love at First Fight,mask_30,18;10749,Drama; Romance,2
6771,Yummy,mask_30,27;35;53;878,Horror; Comedy; Thriller; Science Fiction,4
2704,After We Collided,mask_30,18;10749,Drama; Romance,2
4232,The Taste of Others,mask_30,18;35,Drama; Comedy,2
8102,Starry Eyes,mask_30,12;28;35;878,Adventure; Action; Comedy; Science Fiction,4
1271,E.T. the Extra-Terrestrial,mask_30,12;16;28;35;53;878;10751,Adventure; Animation; Action; Comedy; Thriller; Science Fiction; Family,7
1771,The Fighter,mask_30,18;28;35,Drama; Action; Comedy,3
4190,Iron Man 2,mask_30,12;18;28;35;878,Adventure; Drama; Action; Comedy; Science Fiction,5
9336,Babe: Pig in the City,mask_30,12;16;18;35;10749;10751,Adventure; Animation; Drama; Comedy; Romance; Family,6
278,Scooby-Doo! and Kiss: Rock and Roll Mystery,mask_30,12;14;16;28;35;878;10751,Adventure; Fantasy; Animation; Action; Comedy; Science Fiction; Family,7
6246,Pontypool,mask_30,16;27;35;10751,Animation; Horror; Comedy; Family,4
606,Die Hard,mask_30,28;35;53;80,Action; Comedy; Thriller; Crime,4
638,Freaks,mask_30,18;35;10749,Drama; Comedy; Romance,3
2320,"Lust, Caution",mask_30,12;16;28;35,Adventure; Animation; Action; Comedy,4
1711,Happy as Lazzaro,mask_30,14;18;35;10751,Fantasy; Drama; Comedy; Family,4
7726,Pacific Rim: Uprising,mask_30,12;18;28;53;878,Adventure; Drama; Action; Thriller; Science Fiction,5
5162,Tron,mask_30,28;35;53;878,Action; Comedy; Thriller; Science Fiction,4
8223,The Last Summer,mask_30,18;35;10749,Drama; Comedy; Romance,3
507,Scooby-Doo! Camp Scare,mask_30,16;27;35;10751,Animation; Horror; Comedy; Family,4
6279,Outland,mask_30,18;35;53;80,Drama; Comedy; Thriller; Crime,4
9998,Repossessed,mask_30,14;27;35,Fantasy; Horror; Comedy,3
2817,Dragon Ball Z: Bojack Unbound,mask_30,12;14;28;35;80,Adventure; Fantasy; Action; Comedy; Crime,5
7110,#realityhigh,mask_30,18;35;10749,Drama; Comedy; Romance,3
7215,Clean,mask_30,18;35,Drama; Comedy,2
8956,Brick,mask_30,27;53;878,Horror; Thriller; Science Fiction,3
1225,Father There Is Only One 2,mask_30,18;35,Drama; Comedy,2
2844,Bad Boys for Life,mask_30,28;35;53;80,Action; Comedy; Thriller; Crime,4
7171,Unsane,mask_30,18;27;53;9648,Drama; Horror; Thriller; Mystery,4
9108,The Ward,mask_30,27;53;9648,Horror; Thriller; Mystery,3
353,Tel chi el telùn,mask_30,14;16;18;35;10751,Fantasy; Animation; Drama; Comedy; Family,5
5141,Overboard,mask_30,18;28;35;53;80,Drama; Action; Comedy; Thriller; Crime,5
4401,The Family Man,mask_30,12;14;16;35;10749;10751,Adventure; Fantasy; Animation; Comedy; Romance; Family,6
8003,Infinity Pool,mask_30,18;28;53;80,Drama; Action; Thriller; Crime,4
7218,The Expendables,mask_30,12;28;35;53,Adventure; Action; Comedy; Thriller,4
1513,Dunkirk,mask_30,12;18;36;10752,Adventure; Drama; History; War,4
4096,The Jacket,mask_30,12;14;18;28;878,Adventure; Fantasy; Drama; Action; Science Fiction,5
9377,Darkness,mask_30,18;27;53,Drama; Horror; Thriller,3
5039,Planet Terror,mask_30,18;27;35,Drama; Horror; Comedy,3
10,Parasite,mask_30,18;35,Drama; Comedy,2
9857,Wrecked,mask_30,18;28;53,Drama; Action; Thriller,3
7319,The Incredible Hulk,mask_30,12;16;18;28;878,Adventure; Animation; Drama; Action; Science Fiction,5
1604,Bullet Train,mask_30,12;14;16;28;35;878;10751,Adventure; Fantasy; Animation; Action; Comedy; Science Fiction; Family,7
2652,Compagni di scuola,mask_30,18;35,Drama; Comedy,2
7969,Erased,mask_30,12;18;28;35;53;80,Adventure; Drama; Action; Comedy; Thriller; Crime,6
4844,Nosferatu,mask_30,14;18;27;53,Fantasy; Drama; Horror; Thriller,4
9453,Inconceivable,mask_30,18;27;53,Drama; Horror; Thriller,3
4308,World War Z,mask_30,18;27;28;53;878,Drama; Horror; Action; Thriller; Science Fiction,5
4367,Danger Close: The Battle of Long Tan,mask_30,12;18;28;10752,Adventure; Drama; Action; War,4
4104,Barbie: A Fairy Secret,mask_30,12;14;16;35;10751,Adventure; Fantasy; Animation; Comedy; Family,5
5831,The Amazing Spider-Man 2,mask_30,14;16;28;35;10751,Fantasy; Animation; Action; Comedy; Family,5
8014,Spoiled Brats,mask_30,12;18;35;10751,Adventure; Drama; Comedy; Family,4
7036,Insidious: Chapter 3,mask_30,18;27;53;9648,Drama; Horror; Thriller; Mystery,4
6669,The Blair Witch Project,mask_30,18;27;9648,Drama; Horror; Mystery,3
1478,Lifted,mask_30,12;27;35;878;10751,Adventure; Horror; Comedy; Science Fiction; Family,5
7325,Monster-in-Law,mask_30,18;35;10749,Drama; Comedy; Romance,3
7483,Hummingbird,mask_30,18;28;53,Drama; Action; Thriller,3
5542,Get the Gringo,mask_30,12;18;28;80,Adventure; Drama; Action; Crime,4
4516,Chappie,mask_30,12;14;16;18;35;10751,Adventure; Fantasy; Animation; Drama; Comedy; Family,6
440,Miracle in Cell No. 7,mask_30,18;53;80,Drama; Thriller; Crime,3
6612,Curly Sue,mask_30,18;35;80,Drama; Comedy; Crime,3
8885,Drillbit Taylor,mask_30,18;28;35;80,Drama; Action; Comedy; Crime,4
1335,Emergency Declaration,mask_30,12;18;27;28;53,Adventure; Drama; Horror; Action; Thriller,5
7269,Red Heat,mask_30,18;28;53;80,Drama; Action; Thriller; Crime,4
2238,Trolls Band Together,mask_30,12;18;35;10751,Adventure; Drama; Comedy; Family,4
1158,Pandora,mask_30,18;53;878,Drama; Thriller; Science Fiction,3
2104,Kiss and Cry,mask_30,18,Drama,1
5863,Rio 2,mask_30,12;14;35;10751,Adventure; Fantasy; Comedy; Family,4
4764,Altered States,mask_30,18;878,Drama; Science Fiction,2
9468,Iron Eagle,mask_30,18;28;35;53,Drama; Action; Comedy; Thriller,4
4952,Hillbilly Elegy,mask_30,18;35;10749,Drama; Comedy; Romance,3
9004,Josie and the Pussycats,mask_30,18;35;10402;10749,Drama; Comedy; Music; Romance,4
1976,Glengarry Glen Ross,mask_30,35;80,Comedy; Crime,2
5068,Parenthood,mask_30,12;18;35;10751,Adventure; Drama; Comedy; Family,4
5629,The Brothers Bloom,mask_30,12;35;10751,Adventure; Comedy; Family,3
6355,The Second Best Exotic Marigold Hotel,mask_30,18;35,Drama; Comedy,2
1066,Tombstone,mask_30,12;18;28;35,Adventure; Drama; Action; Comedy,4
928,Mickey's Christmas Carol,mask_30,14;16;35;10751,Fantasy; Animation; Comedy; Family,4
2189,Nosferatu the Vampyre,mask_30,14;18;27;35;10749,Fantasy; Drama; Horror; Comedy; Romance,5
3026,Batman: Death in the Family,mask_30,18;28,Drama; Action,2
7938,Queen of the Damned,mask_30,12;14;16;28,Adventure; Fantasy; Animation; Action,4
5436,"Me, Myself & Irene",mask_30,18;35;80,Drama; Comedy; Crime,3
3215,Caché,mask_30,18;35;10751,Drama; Comedy; Family,3
8379,Friends with Kids,mask_30,18;35;10749;10751,Drama; Comedy; Romance; Family,4
455,My Hero Academia: Two Heroes,mask_30,12;16;28;35;878;10751,Adventure; Animation; Action; Comedy; Science Fiction; Family,6
8199,Leaves of Grass,mask_30,35,Comedy,1
7507,Blood Father,mask_30,18;28;35;53;80,Drama; Action; Comedy; Thriller; Crime,5
7647,The Weather Man,mask_30,18;35;10749,Drama; Comedy; Romance,3
2317,The Past,mask_30,18;35;10749,Drama; Comedy; Romance,3
6662,Talladega Nights: The Ballad of Ricky Bobby,mask_30,18;28;35,Drama; Action; Comedy,3
1645,Women on the Verge of a Nervous Breakdown,mask_30,35;53,Comedy; Thriller,2
4317,To All the Boys: P.S. I Still Love You,mask_30,14;35;10749,Fantasy; Comedy; Romance,3
2774,Descendants,mask_30,12;14;16;35;10751,Adventure; Fantasy; Animation; Comedy; Family,5
6250,Luther,mask_30,18;36,Drama; History,2
3387,Stargate,mask_30,12;14;16;878,Adventure; Fantasy; Animation; Science Fiction,4
3710,24 Hour Party People,mask_30,18;35,Drama; Comedy,2
6835,Heist,mask_30,18;28;35;53;80,Drama; Action; Comedy; Thriller; Crime,5
3696,Silkwood,mask_30,18;27;53;80;878,Drama; Horror; Thriller; Crime; Science Fiction,5
8622,Little Man,mask_30,12;14;35;10751,Adventure; Fantasy; Comedy; Family,4
4822,Terrified,mask_30,18;35;53;9648,Drama; Comedy; Thriller; Mystery,4
1832,Scooby-Doo and the Ghoul School,mask_30,16;35;10751,Animation; Comedy; Family,3
7530,Throw Momma from the Train,mask_30,18;35;53,Drama; Comedy; Thriller,3
7327,Force 10 from Navarone,mask_30,12;28;53;10752,Adventure; Action; Thriller; War,4
9367,Time Cut,mask_30,35;53;878,Comedy; Thriller; Science Fiction,3
6840,Windtalkers,mask_30,18;28;53,Drama; Action; Thriller,3
7734,Ip Man: The Final Fight,mask_30,12;28;878,Adventure; Action; Science Fiction,3
2313,Z-O-M-B-I-E-S,mask_30,18;35;10749,Drama; Comedy; Romance,3
684,Life of Brian,mask_30,18;35,Drama; Comedy,2
169,Red Beard,mask_30,18;35,Drama; Comedy,2
1443,Free Guy,mask_30,12;14;28;35,Adventure; Fantasy; Action; Comedy,4
5612,The Son of Bigfoot,mask_30,12;14;16;27;35;878;10751,Adventure; Fantasy; Animation; Horror; Comedy; Science Fiction; Family,7
3381,Martin Eden,mask_30,18;36,Drama; History,2
6677,Roald Dahl's The Witches,mask_30,12;14;18;27;35;10751,Adventure; Fantasy; Drama; Horror; Comedy; Family,6
6123,Fantozzi Still Suffers,mask_30,35;10751,Comedy; Family,2
3317,Brain on Fire,mask_30,18;27;53;9648,Drama; Horror; Thriller; Mystery,4
4636,Frankie and Johnny,mask_30,18;35;80;10749,Drama; Comedy; Crime; Romance,4
923,Time of the Gypsies,mask_30,12;14;16;18,Adventure; Fantasy; Animation; Drama,4
5063,The Words,mask_30,18;35,Drama; Comedy,2
3713,The Three Musketeers: D'Artagnan,mask_30,12;14;18;28;35,Adventure; Fantasy; Drama; Action; Comedy,5
7235,The Astronaut Farmer,mask_30,12;18;28;35,Adventure; Drama; Action; Comedy,4
2570,Utøya: July 22,mask_30,18;53,Drama; Thriller,2
8696,The Jungle Book 2,mask_30,12;14;16;35;10751,Adventure; Fantasy; Animation; Comedy; Family,5
3942,Locke,mask_30,12;18;53,Adventure; Drama; Thriller,3
5856,Beverly Hills Cop II,mask_30,12;28;35;53;80,Adventure; Action; Comedy; Thriller; Crime,5
2986,Starred Up,mask_30,18;35;53;80,Drama; Comedy; Thriller; Crime,4
1224,Anonymously Yours,mask_30,18;35;10749,Drama; Comedy; Romance,3
8447,Beyond Re-Animator,mask_30,18;53;878,Drama; Thriller; Science Fiction,3
2611,Toy Story of Terror!,mask_30,12;16;27;35;10751,Adventure; Animation; Horror; Comedy; Family,5
4338,City of Angels,mask_30,14;27;28;35;878,Fantasy; Horror; Action; Comedy; Science Fiction,5
269,For a Few Dollars More,mask_30,18;28;35;80,Drama; Action; Comedy; Crime,4
9122,Miss Congeniality 2: Armed and Fabulous,mask_30,18;35,Drama; Comedy,2
4983,21,mask_30,18;35,Drama; Comedy,2
7521,Bad Lieutenant: Port of Call - New Orleans,mask_30,18;28;53,Drama; Action; Thriller,3
9100,The Jack in the Box,mask_30,14;16;27;35;878;10751,Fantasy; Animation; Horror; Comedy; Science Fiction; Family,6
4660,The Mummy,mask_30,14;18;27,Fantasy; Drama; Horror,3
5841,Just Wright,mask_30,18;35;10749;10751,Drama; Comedy; Romance; Family,4
3986,The X-Files,mask_30,12;28;35;53;80;878,Adventure; Action; Comedy; Thriller; Crime; Science Fiction,6
144,Vertigo,mask_30,18;27;35;53;9648,Drama; Horror; Comedy; Thriller; Mystery,5
3414,Anplagghed al Cinema,mask_30,18;35;53,Drama; Comedy; Thriller,3
3086,"The Legend of Al, John and Jack",mask_30,35,Comedy,1
5530,Black Rain,mask_30,28;35;53;80,Action; Comedy; Thriller; Crime,4
4848,Oliver & Company,mask_30,12;14;16;35;10751,Adventure; Fantasy; Animation; Comedy; Family,5
8399,The Men Who Stare at Goats,mask_30,18;35;53;878,Drama; Comedy; Thriller; Science Fiction,4
616,Into the Wild,mask_30,18;35,Drama; Comedy,2
1632,Crush,mask_30,16;18;35;10749;10751,Animation; Drama; Comedy; Romance; Family,5
5034,The Replacements,mask_30,35;10751,Comedy; Family,2
8507,Cyrus,mask_30,35;10749,Comedy; Romance,2
4975,Fear Street: 1994,mask_30,12;27;28,Adventure; Horror; Action,3
5437,Annabelle: Creation,mask_30,14;27,Fantasy; Horror,2
56,The Wild Robot,mask_30,12;16;18;35;10751,Adventure; Animation; Drama; Comedy; Family,5
4069,My Spy,mask_30,18;28;53;80;9648,Drama; Action; Thriller; Crime; Mystery,5
6787,Zack and Miri Make a Porno,mask_30,18;35;10749,Drama; Comedy; Romance,3
6758,The Last Mimzy,mask_30,12;14;16;18;35;10751,Adventure; Fantasy; Animation; Drama; Comedy; Family,6
9038,The Bay,mask_30,27;53;9648,Horror; Thriller; Mystery,3
4071,The Ice Storm,mask_30,18;35;53,Drama; Comedy; Thriller,3
3020,Drugstore Cowboy,mask_30,18;35,Drama; Comedy,2
3243,Radiofreccia,mask_30,18;35,Drama; Comedy,2
8174,Spanglish,mask_30,18;35;10749,Drama; Comedy; Romance,3
8898,Department Store,mask_30,35,Comedy,1
256,The Wolf of Wall Street,mask_30,18;35;53;80,Drama; Comedy; Thriller; Crime,4
4276,The Blob,mask_30,27;35;878,Horror; Comedy; Science Fiction,3
307,"Love, Simon",mask_30,18;35;10749;10751,Drama; Comedy; Romance; Family,4
1719,The Long Goodbye,mask_30,18;80,Drama; Crime,2
4377,Easy A,mask_30,18;35;10749,Drama; Comedy; Romance,3
1360,"Play It Again, Sam",mask_30,18;35;10749,Drama; Comedy; Romance,3
1294,Mars Express,mask_30,12;28;35;53;80;878,Adventure; Action; Comedy; Thriller; Crime; Science Fiction,6
5554,The Lion King 1½,mask_30,12;14;16;35;10751,Adventure; Fantasy; Animation; Comedy; Family,5
8719,Planet 51,mask_30,12;35;878;10751,Adventure; Comedy; Science Fiction; Family,4
5660,Blade II,mask_30,12;14;27;28;35,Adventure; Fantasy; Horror; Action; Comedy,5
4771,Beau Is Afraid,mask_30,18;27;53,Drama; Horror; Thriller,3
9355,Cool World,mask_30,35,Comedy,1
9982,And Soon the Darkness,mask_30,18;35;53,Drama; Comedy; Thriller,3
4705,The Gilded Cage,mask_30,18,Drama,1
4714,Flawless,mask_30,18;35;80;10749,Drama; Comedy; Crime; Romance,4
159,Togo,mask_30,12;18;10751,Adventure; Drama; Family,3
3345,"I'm a Cyborg, But That's OK",mask_30,18;35;878,Drama; Comedy; Science Fiction,3
5605,Hitch,mask_30,18;35;10749,Drama; Comedy; Romance,3
5835,Joy Ride,mask_30,18;35;53,Drama; Comedy; Thriller,3
88,Le Trou,mask_30,35;53,Comedy; Thriller,2
5794,Red Sparrow,mask_30,12;16;35;10751,Adventure; Animation; Comedy; Family,4
3166,Trash,mask_30,12;27;35;53;80,Adventure; Horror; Comedy; Thriller; Crime,5
5760,Jurassic World: Fallen Kingdom,mask_30,12;28;878,Adventure; Action; Science Fiction,3
2083,American Fiction,mask_30,18;35,Drama; Comedy,2
354,The Sixth Sense,mask_30,18;53,Drama; Thriller,2
9465,Blue Mountain State: The Rise of Thadland,mask_30,18;35,Drama; Comedy,2
9630,Don't Knock Twice,mask_30,14;18;27,Fantasy; Drama; Horror,3
604,Mr. Nobody,mask_30,14;18;28;35;878,Fantasy; Drama; Action; Comedy; Science Fiction,5
9133,Life of Crime,mask_30,18;28;35;53;80,Drama; Action; Comedy; Thriller; Crime,5
439,Dangal,mask_30,12;18;35;10751,Adventure; Drama; Comedy; Family,4
5242,The Harder They Fall,mask_30,12;28;35;53;80,Adventure; Action; Comedy; Thriller; Crime,5
5089,"Mektoub, My Love: Canto Uno",mask_30,12;18;35,Adventure; Drama; Comedy,3
9187,MILF,mask_30,14;18;35;10749;10751,Fantasy; Drama; Comedy; Romance; Family,5
9662,My Soul to Take,mask_30,12;14;27;35;10751,Adventure; Fantasy; Horror; Comedy; Family,5
6237,Cloudy with a Chance of Meatballs 2,mask_30,12;16;35;878;10751,Adventure; Animation; Comedy; Science Fiction; Family,5
4155,Den of Thieves,mask_30,28;35;53;80,Action; Comedy; Thriller; Crime,4
1235,Hard Boiled,mask_30,12;28;35;53;80,Adventure; Action; Comedy; Thriller; Crime,5
458,A Whisker Away,mask_30,16;18;35;10749;10751,Animation; Drama; Comedy; Romance; Family,5
480,Kill Bill: Vol. 2,mask_30,28;35;53;80,Action; Comedy; Thriller; Crime,4
7672,Last Night,mask_30,18;35;10749,Drama; Comedy; Romance,3
8738,Love Addict,mask_30,18;35;10749;10751,Drama; Comedy; Romance; Family,4
4017,Tales from the Crypt: Demon Knight,mask_30,12;14;28;53;80,Adventure; Fantasy; Action; Thriller; Crime,5
726,Deep Red,mask_30,18;27;53;9648,Drama; Horror; Thriller; Mystery,4
222,My Neighbor Totoro,mask_30,12;14;16;27;35;10751,Adventure; Fantasy; Animation; Horror; Comedy; Family,6
1221,Angels with Dirty Faces,mask_30,18;35;80,Drama; Comedy; Crime,3
1256,The Passion of the Christ,mask_30,14;18;27,Fantasy; Drama; Horror,3
9620,Blackhat,mask_30,28;53;80;9648,Action; Thriller; Crime; Mystery,4
5287,Barefoot,mask_30,12;14;18;35;10751,Adventure; Fantasy; Drama; Comedy; Family,5
2645,Alien: Romulus,mask_30,12;16;27;53;878,Adventure; Animation; Horror; Thriller; Science Fiction,5
8601,Mean Girls,mask_30,16;35;10751,Animation; Comedy; Family,3
2568,Irreversible,mask_30,18;28;53;80,Drama; Action; Thriller; Crime,4
8171,Franklyn,mask_30,14;18,Fantasy; Drama,2
9547,Open Water,mask_30,18;53,Drama; Thriller,2
2384,"The Good, the Bart, and the Loki",mask_30,12;14;16;28;35;878;10751,Adventure; Fantasy; Animation; Action; Comedy; Science Fiction; Family,7
6491,Vantage Point,mask_30,18;28;53,Drama; Action; Thriller,3
7684,Every Which Way but Loose,mask_30,12;28;35;80,Adventure; Action; Comedy; Crime,4
4330,Pooh's Heffalump Movie,mask_30,12;14;16;35;10751,Adventure; Fantasy; Animation; Comedy; Family,5
2210,Labyrinth,mask_30,12;14;16;35;10751,Adventure; Fantasy; Animation; Comedy; Family,5
1332,Batman: Mask of the Phantasm,mask_30,18;35;53;80,Drama; Comedy; Thriller; Crime,4
2861,This Boy's Life,mask_30,18;35;53,Drama; Comedy; Thriller,3
7870,Valhalla Rising,mask_30,12;14;16;18;28;53,Adventure; Fantasy; Animation; Drama; Action; Thriller,6
813,Divines,mask_30,18;35,Drama; Comedy,2
4858,Anna Karenina,mask_30,18;53;10749,Drama; Thriller; Romance,3
4637,Danny Collins,mask_30,18;35;10749,Drama; Comedy; Romance,3
4591,The Girl in the Fog,mask_30,18;27;53;9648,Drama; Horror; Thriller; Mystery,4
9045,Trespass Against Us,mask_30,12;18;28;35;80,Adventure; Drama; Action; Comedy; Crime,5
8481,Paradise Hills,mask_30,14;18;27;53,Fantasy; Drama; Horror; Thriller,4
2302,Mask,mask_30,18;35,Drama; Comedy,2
9943,Welcome Home,mask_30,35,Comedy,1
8338,Dead Snow,mask_30,18;27;53,Drama; Horror; Thriller,3
8262,Mission to Mars,mask_30,12;27;53;878,Adventure; Horror; Thriller; Science Fiction,4
1764,Mudbound,mask_30,12;18;35,Adventure; Drama; Comedy,3
9988,Halloween III: Season of the Witch,mask_30,14;27;35;53;10751,Fantasy; Horror; Comedy; Thriller; Family,5
1603,The Secret Garden,mask_30,12;14;16;18;10749;10751,Adventure; Fantasy; Animation; Drama; Romance; Family,6
9989,Poltergeist III,mask_30,27;53,Horror; Thriller,2
8535,1922,mask_30,18;35;10751,Drama; Comedy; Family,3
8708,Hitman: Agent 47,mask_30,12;14;9648,Adventure; Fantasy; Mystery,3
2858,Your Fault,mask_30,18;35;10749;10751,Drama; Comedy; Romance; Family,4
8086,All Good Things,mask_30,18;53;80;9648,Drama; Thriller; Crime; Mystery,4
6753,Security,mask_30,18;28;35;53;80,Drama; Action; Comedy; Thriller; Crime,5
2722,The Man Who Knew Infinity,mask_30,18;36;10749,Drama; History; Romance,3
6178,Cobweb,mask_30,14;16;18;27;10751,Fantasy; Animation; Drama; Horror; Family,5
57,The Quintessential Quintuplets Movie,mask_30,18;35;10749,Drama; Comedy; Romance,3
4650,Coma,mask_30,18;27;35;53;9648,Drama; Horror; Comedy; Thriller; Mystery,5
3683,Rescue Dawn,mask_30,12;18;28;53;10752,Adventure; Drama; Action; Thriller; War,5
7963,Journey to the Center of the Earth,mask_30,12;14;16;878;10751,Adventure; Fantasy; Animation; Science Fiction; Family,5
2275,The Names of Love,mask_30,18;35,Drama; Comedy,2
8384,Elvis & Nixon,mask_30,18;35,Drama; Comedy,2
2126,Lights Out,mask_30,14;27;53;9648,Fantasy; Horror; Thriller; Mystery,4
4528,Last Flag Flying,mask_30,18;35,Drama; Comedy,2
8652,The Riot Club,mask_30,18;35;53,Drama; Comedy; Thriller,3
5581,Greta,mask_30,18;35;10749,Drama; Comedy; Romance,3
7976,Alien Nation,mask_30,12;16;35;878,Adventure; Animation; Comedy; Science Fiction,4
452,Roman Holiday,mask_30,18;35;10749,Drama; Comedy; Romance,3
9321,Captive State,mask_30,18;28;53;878,Drama; Action; Thriller; Science Fiction,4
2136,Star Trek: First Contact,mask_30,12;16;28;35;878,Adventure; Animation; Action; Comedy; Science Fiction,5
5207,Ninja: Shadow of a Tear,mask_30,28;53;80,Action; Thriller; Crime,3
3373,Emma.,mask_30,12;14;18;35;10749;10751,Adventure; Fantasy; Drama; Comedy; Romance; Family,6
4361,Wild Rose,mask_30,18;35,Drama; Comedy,2
8255,Sudden Death,mask_30,18;28;35;53,Drama; Action; Comedy; Thriller,4
9020,The Town that Dreaded Sundown,mask_30,27;53;80;9648,Horror; Thriller; Crime; Mystery,4
9744,The Dead Don't Die,mask_30,14;27;35,Fantasy; Horror; Comedy,3
1291,Prison Break: The Final Break,mask_30,18;35;10749,Drama; Comedy; Romance,3
4674,Fantomas Unleashed,mask_30,12;28;35;878,Adventure; Action; Comedy; Science Fiction,4
3253,Say Anything...,mask_30,14;18;35;10749;10751,Fantasy; Drama; Comedy; Romance; Family,5
2587,"Ruby Gillman, Teenage Kraken",mask_30,12;14;16;28;10751,Adventure; Fantasy; Animation; Action; Family,5
5753,Harold & Kumar Go to White Castle,mask_30,35;80;10751,Comedy; Crime; Family,3
7793,Kin,mask_30,12;28;53,Adventure; Action; Thriller,3
8698,Stuck Together,mask_30,18;27;53,Drama; Horror; Thriller,3
2524,"Are You There God? It's Me, Margaret.",mask_30,16;18;35;10749;10751,Animation; Drama; Comedy; Romance; Family,5
8467,Mars Needs Moms,mask_30,12;16;35;878;10751,Adventure; Animation; Comedy; Science Fiction; Family,5
8225,12 Feet Deep,mask_30,18;27;35;53,Drama; Horror; Comedy; Thriller,4
7360,Short Circuit 2,mask_30,12;28;35;10751,Adventure; Action; Comedy; Family,4
7800,The Inbetweeners 2,mask_30,35;10749,Comedy; Romance,2
7262,Unknown Origins,mask_30,18;28;35;53;80,Drama; Action; Comedy; Thriller; Crime,5
5690,The Vast of Night,mask_30,12;16;35;878;10751,Adventure; Animation; Comedy; Science Fiction; Family,5
1613,Hedwig and the Angry Inch,mask_30,14;18;35;10749;10751,Fantasy; Drama; Comedy; Romance; Family,5
1054,The Longest Day,mask_30,18;36;10752,Drama; History; War,3
9170,The Order,mask_30,18;28;53,Drama; Action; Thriller,3
446,The Notebook,mask_30,18;35,Drama; Comedy,2
6194,Da 5 Bloods,mask_30,12;18;28;10752,Adventure; Drama; Action; War,4
6702,Shrek the Halls,mask_30,12;14;16;35;10751,Adventure; Fantasy; Animation; Comedy; Family,5
1526,Marty,mask_30,18;35;10749,Drama; Comedy; Romance,3
6737,Looney Tunes: Back in Action,mask_30,12;14;16;28;35;878;10751,Adventure; Fantasy; Animation; Action; Comedy; Science Fiction; Family,7
935,The Spirit of the Beehive,mask_30,14;18;27;9648,Fantasy; Drama; Horror; Mystery,4
4749,Maze Runner: The Scorch Trials,mask_30,12;28;35,Adventure; Action; Comedy,3
2642,The Broken Hearts Gallery,mask_30,14;18;35;10749,Fantasy; Drama; Comedy; Romance,4
141,Innocent Voices,mask_30,12;18;35;10751,Adventure; Drama; Comedy; Family,4
6091,The United States of Leland,mask_30,18;35,Drama; Comedy,2
532,The Big Lebowski,mask_30,18;35,Drama; Comedy,2
704,How to Train Your Dragon: The Hidden World,mask_30,12;14;16;28;35;10751,Adventure; Fantasy; Animation; Action; Comedy; Family,6
1277,Escape from Alcatraz,mask_30,18;28;53;80,Drama; Action; Thriller; Crime,4
3806,Meet the Robinsons,mask_30,12;18;35;878;10751,Adventure; Drama; Comedy; Science Fiction; Family,5
6470,Kick-Ass 2,mask_30,12;28;35;878,Adventure; Action; Comedy; Science Fiction,4
7101,Unfriended: Dark Web,mask_30,12;27;28;35;53;878,Adventure; Horror; Action; Comedy; Thriller; Science Fiction,6
8133,Prey,mask_30,12;18;27;53;878,Adventure; Drama; Horror; Thriller; Science Fiction,5
2481,It's Only the End of the World,mask_30,18;35,Drama; Comedy,2
5156,Fire in the Sky,mask_30,12;35,Adventure; Comedy,2
3418,Naked Lunch,mask_30,14;27;35,Fantasy; Horror; Comedy,3
7481,El Conde,mask_30,12;18;28;53,Adventure; Drama; Action; Thriller,4
1109,Imagine Me & You,mask_30,16;35;10749,Animation; Comedy; Romance,3
9659,Sandy Wexler,mask_30,18;35;10402;10749,Drama; Comedy; Music; Romance,4
2155,A Monster Calls,mask_30,14;18;27;10751,Fantasy; Drama; Horror; Family,4
9842,The Flintstones,mask_30,16;35;10751,Animation; Comedy; Family,3
1476,Man on Fire,mask_30,18;28;35;53,Drama; Action; Comedy; Thriller,4
2743,Talk to Me,mask_30,27;35,Horror; Comedy,2
3742,Chicken Run: Dawn of the Nugget,mask_30,35;53,Comedy; Thriller,2
2768,Seven Brides for Seven Brothers,mask_30,18;35;10749,Drama; Comedy; Romance,3
5670,Reminiscence,mask_30,18;53;10749,Drama; Thriller; Romance,3
1894,Eraserhead,mask_30,18;35,Drama; Comedy,2
3695,Four Lions,mask_30,12;18;35,Adventure; Drama; Comedy,3
276,Harry Potter and the Prisoner of Azkaban,mask_30,12;14;16;35;10751,Adventure; Fantasy; Animation; Comedy; Family,5
389,Heat,mask_30,12;28;35;53;80,Adventure; Action; Comedy; Thriller; Crime,5
2500,Monster,mask_30,18;27;28;53;80,Drama; Horror; Action; Thriller; Crime,5
4675,Sightless,mask_30,18;27;28;53;9648,Drama; Horror; Action; Thriller; Mystery,5
5163,The Hunger,mask_30,14;18;27;878;10749,Fantasy; Drama; Horror; Science Fiction; Romance,5
7397,Stretch,mask_30,28;35;80,Action; Comedy; Crime,3
1805,The Impossible,mask_30,18,Drama,1
7148,Deadstream,mask_30,18;35;53,Drama; Comedy; Thriller,3
3272,The Lobster,mask_30,27;35;10749,Horror; Comedy; Romance,3
1741,Braindead,mask_30,14;16;27;35;10751,Fantasy; Animation; Horror; Comedy; Family,5
992,The Anthem of the Heart,mask_30,14;16;18;35;10749;10751,Fantasy; Animation; Drama; Comedy; Romance; Family,6
9001,Ricki and the Flash,mask_30,18;35,Drama; Comedy,2
3841,Isi & Ossi,mask_30,12;18;35;10749,Adventure; Drama; Comedy; Romance,4
1575,Mr. Church,mask_30,18;35;10749,Drama; Comedy; Romance,3
4004,The Night Comes for Us,mask_30,12;28;53;80,Adventure; Action; Thriller; Crime,4
8695,Suburbicon,mask_30,18;27;35,Drama; Horror; Comedy,3
9457,Earth Girls Are Easy,mask_30,35;878;10749,Comedy; Science Fiction; Romance,3
9385,Semi-Pro,mask_30,18;35,Drama; Comedy,2
8987,Joe's Apartment,mask_30,16;35;10751,Animation; Comedy; Family,3
1415,C.R.A.Z.Y.,mask_30,18;35,Drama; Comedy,2
6478,Hot Rod,mask_30,18;28;35,Drama; Action; Comedy,3
9618,Dirty Dancing,mask_30,18;35;10751,Drama; Comedy; Family,3
2350,Frozen II,mask_30,12;14;16;27;35;10751,Adventure; Fantasy; Animation; Horror; Comedy; Family,6
4942,A Nightmare on Elm Street 3: Dream Warriors,mask_30,18;27;53;80,Drama; Horror; Thriller; Crime,4
1458,Balkan Line,mask_30,18;28;53;10752,Drama; Action; Thriller; War,4
7723,Jackass Presents: Bad Grandpa,mask_30,18;35;10751,Drama; Comedy; Family,3
8997,Vanity Fair,mask_30,18;27,Drama; Horror,2
4514,Don't Worry Darling,mask_30,12;35,Adventure; Comedy,2
8848,A Classic Horror Story,mask_30,18;27,Drama; Horror,2
7374,Blown Away,mask_30,18;28;53;878,Drama; Action; Thriller; Science Fiction,4
4010,Sleeper,mask_30,18;35;878,Drama; Comedy; Science Fiction,3
5486,The Fury of a Patient Man,mask_30,18;35;10749,Drama; Comedy; Romance,3
7473,Under the Riccione Sun,mask_30,18;35,Drama; Comedy,2
7071,Gemini Man,mask_30,12;14;28;35,Adventure; Fantasy; Action; Comedy,4
7029,I ♥ Huckabees,mask_30,35;53;80;9648;10749,Comedy; Thriller; Crime; Mystery; Romance,5
4653,Twitches,mask_30,14;27;35;10749,Fantasy; Horror; Comedy; Romance,4
3016,Aladdin,mask_30,12;14;16;35;10751,Adventure; Fantasy; Animation; Comedy; Family,5
8194,Tracers,mask_30,28;35;53;80,Action; Comedy; Thriller; Crime,4
9594,Budapest,mask_30,18;35;10749,Drama; Comedy; Romance,3
6034,Hey Arnold! The Movie,mask_30,12;28;35;53;80,Adventure; Action; Comedy; Thriller; Crime,5
9080,The Smurfs,mask_30,12;14;16;28;35;10751,Adventure; Fantasy; Animation; Action; Comedy; Family,6
5733,Saving Grace,mask_30,18;35,Drama; Comedy,2
3927,Supernova,mask_30,18;10749,Drama; Romance,2
5580,The Mask of Zorro,mask_30,18;28,Drama; Action,2
2296,One Man Band,mask_30,12;14;16;18;35;10751,Adventure; Fantasy; Animation; Drama; Comedy; Family,6
5976,Four Flies on Grey Velvet,mask_30,18;35;53;80,Drama; Comedy; Thriller; Crime,4
3517,The Bob's Burgers Movie,mask_30,12;27;35;53;878;10751,Adventure; Horror; Comedy; Thriller; Science Fiction; Family,6
2050,Total Recall,mask_30,12;18;35;53;878,Adventure; Drama; Comedy; Thriller; Science Fiction,5
1426,The Discreet Charm of the Bourgeoisie,mask_30,18;35;10749,Drama; Comedy; Romance,3
6691,A Dangerous Method,mask_30,18;53,Drama; Thriller,2
6945,The Gendarme in New York,mask_30,18;28;35;80;10752,Drama; Action; Comedy; Crime; War,5
728,Guy Ritchie's The Covenant,mask_30,18;28;53;10752,Drama; Action; Thriller; War,4
7850,Haunter,mask_30,18;35;10751,Drama; Comedy; Family,3
8524,All You Need is Crime,mask_30,35;80,Comedy; Crime,2
4313,Smallfoot,mask_30,12;14;16;35;878;10751,Adventure; Fantasy; Animation; Comedy; Science Fiction; Family,6
148,Silenced,mask_30,18,Drama,1
4468,I Walked with a Zombie,mask_30,14;18;27,Fantasy; Drama; Horror,3
2699,"The Good, the Bad, the Weird",mask_30,12;18;28,Adventure; Drama; Action,3
3028,Immortal Beloved,mask_30,18;10749,Drama; Romance,2
2474,The Princess and the Frog,mask_30,18;35;10749,Drama; Comedy; Romance,3
4080,AKA,mask_30,18;28;35;80,Drama; Action; Comedy; Crime,4
4455,Babysitting,mask_30,35;53,Comedy; Thriller,2
732,Accattone,mask_30,18;35;53;80,Drama; Comedy; Thriller; Crime,4
9622,102 Dalmatians,mask_30,12;14;16;28;35;10751,Adventure; Fantasy; Animation; Action; Comedy; Family,6
3629,Superman vs. The Elite,mask_30,18;28;80,Drama; Action; Crime,3
7579,The Belko Experiment,mask_30,18;53,Drama; Thriller,2
5666,Return of the Living Dead III,mask_30,18;53,Drama; Thriller,2
1126,Bao,mask_30,16;18;35;10751,Animation; Drama; Comedy; Family,4
3446,"Extremely Wicked, Shockingly Evil and Vile",mask_30,18;53;80;9648,Drama; Thriller; Crime; Mystery,4
5726,Bad Santa,mask_30,14;16;35;10751,Fantasy; Animation; Comedy; Family,4
7407,The Yards,mask_30,18;35;80,Drama; Comedy; Crime,3
5932,The Rebound,mask_30,18;35;10749,Drama; Comedy; Romance,3
6000,Stir Crazy,mask_30,12;16;35;10751,Adventure; Animation; Comedy; Family,4
3539,The Way We Were,mask_30,18;35;10749,Drama; Comedy; Romance,3
2847,Greenland,mask_30,12;35;878,Adventure; Comedy; Science Fiction,3
6716,The Expendables 2,mask_30,28;35;53;80,Action; Comedy; Thriller; Crime,4
4167,Bill & Ted's Excellent Adventure,mask_30,12;18;35,Adventure; Drama; Comedy,3
4963,The Boxtrolls,mask_30,12;14;16;27;35;878;10751,Adventure; Fantasy; Animation; Horror; Comedy; Science Fiction; Family,7
1456,Sin City,mask_30,28;35;53;80,Action; Comedy; Thriller; Crime,4
1387,Running on Empty,mask_30,12;35,Adventure; Comedy,2
7015,The Three Caballeros,mask_30,12;14;16;35;10751,Adventure; Fantasy; Animation; Comedy; Family,5
2438,Beating Hearts,mask_30,12;18;35,Adventure; Drama; Comedy,3
8273,Gretel & Hansel,mask_30,12;14;16;18;27;10751,Adventure; Fantasy; Animation; Drama; Horror; Family,6
6741,Lady and the Tramp II: Scamp's Adventure,mask_30,16;18;35;10749;10751,Animation; Drama; Comedy; Romance; Family,5
6386,Game of Death,mask_30,12;28;35,Adventure; Action; Comedy,3
3406,Boy Erased,mask_30,18;35,Drama; Comedy,2
7635,We're No Angels,mask_30,12;28;53,Adventure; Action; Thriller,3
62,Léon: The Professional,mask_30,18;28;35,Drama; Action; Comedy,3
9345,Old People,mask_30,18;27;53,Drama; Horror; Thriller,3
7311,Wimbledon,mask_30,18;35,Drama; Comedy,2
8681,Child's Play 3,mask_30,12;14;16;18;35;10751,Adventure; Fantasy; Animation; Drama; Comedy; Family,6
4758,Silver Streak,mask_30,35;53;80;9648,Comedy; Thriller; Crime; Mystery,4
2188,The Texas Chain Saw Massacre,mask_30,27;53;9648,Horror; Thriller; Mystery,3
9278,Cosmopolis,mask_30,18;28;35,Drama; Action; Comedy,3
9375,The House,mask_30,18;35;10749,Drama; Comedy; Romance,3
2504,Only Lovers Left Alive,mask_30,18;35;10749;10751,Drama; Comedy; Romance; Family,4
7361,Sabrina,mask_30,18;35;10749;10751,Drama; Comedy; Romance; Family,4
8890,21 & Over,mask_30,18;35,Drama; Comedy,2
5301,Taxidermia,mask_30,14;18;35,Fantasy; Drama; Comedy,3
7172,Cold Prey,mask_30,18;27;35;53,Drama; Horror; Comedy; Thriller,4
44,Gabriel's Inferno: Part III,mask_30,18;27;53,Drama; Horror; Thriller,3
5765,Indiana Jones and the Dial of Destiny,mask_30,12;28;35,Adventure; Action; Comedy,3
5260,Alan Partridge: Alpha Papa,mask_30,18;28;35;53,Drama; Action; Comedy; Thriller,4
9326,Horse Girl,mask_30,14;18;35;10749,Fantasy; Drama; Comedy; Romance,4
202,Green Snake,mask_30,18;28;35;53;10749,Drama; Action; Comedy; Thriller; Romance,5
7655,The Eiger Sanction,mask_30,18;35,Drama; Comedy,2
2662,"Ciao, Professore!",mask_30,18;35,Drama; Comedy,2
1696,Irma la Douce,mask_30,18;35;80;10749,Drama; Comedy; Crime; Romance,4
7162,Pacific Heights,mask_30,18;35,Drama; Comedy,2
158,Palmer,mask_30,18;35;53,Drama; Comedy; Thriller,3
9686,School for Scoundrels,mask_30,35,Comedy,1
3226,Climax,mask_30,18;27;35;10402,Drama; Horror; Comedy; Music,4
5555,A Cinderella Story,mask_30,27;35;10749,Horror; Comedy; Romance,3
8549,The Mexican,mask_30,18;28;35;53;80,Drama; Action; Comedy; Thriller; Crime,5
1608,Predestination,mask_30,12;28;53;878;9648,Adventure; Action; Thriller; Science Fiction; Mystery,5
2571,No,mask_30,18;35,Drama; Comedy,2
6950,The Cheetah Girls 2,mask_30,16;18;35;10749;10751,Animation; Drama; Comedy; Romance; Family,5
8108,The Den,mask_30,18;27;53,Drama; Horror; Thriller,3
1253,Barbie: Princess Charm School,mask_30,12;14;16;35;10749;10751,Adventure; Fantasy; Animation; Comedy; Romance; Family,6
5341,The Eagle Has Landed,mask_30,12;18;35,Adventure; Drama; Comedy,3
1474,Key Largo,mask_30,18;53,Drama; Thriller,2
3282,Cleopatra,mask_30,18;28;53,Drama; Action; Thriller,3
963,Boyz n the Hood,mask_30,18;35;53;80,Drama; Comedy; Thriller; Crime,4
8661,The Break-Up,mask_30,18;35;53;10749,Drama; Comedy; Thriller; Romance,4
4989,About a Boy,mask_30,18;35;10751,Drama; Comedy; Family,3
9883,Get a Job,mask_30,12;35;10751,Adventure; Comedy; Family,3
3034,Maleficent,mask_30,12;14;16;35;10749;10751,Adventure; Fantasy; Animation; Comedy; Romance; Family,6
2688,Kahaani,mask_30,18;53;9648;10749,Drama; Thriller; Mystery; Romance,4
2482,Wonder Woman,mask_30,12;14;16;28;10751,Adventure; Fantasy; Animation; Action; Family,5
4851,The Thieves,mask_30,12;28;35;53;80,Adventure; Action; Comedy; Thriller; Crime,5
8942,To the Wonder,mask_30,18;35;10749,Drama; Comedy; Romance,3
5456,Underworld: Evolution,mask_30,28;35,Action; Comedy,2
7706,God's Not Dead 2,mask_30,18;35,Drama; Comedy,2
7658,World Trade Center,mask_30,12;18;28;53;80,Adventure; Drama; Action; Thriller; Crime,5
8952,Eight Legged Freaks,mask_30,12;27;35;878;10751,Adventure; Horror; Comedy; Science Fiction; Family,5
1644,"Jeanne Dielman, 23, quai du Commerce, 1080 Bruxelles",mask_30,18;35;10749,Drama; Comedy; Romance,3
6621,Into the Labyrinth,mask_30,35;53;80,Comedy; Thriller; Crime,3
5564,Halloween II,mask_30,27;53,Horror; Thriller,2
939,Another Round,mask_30,18;35,Drama; Comedy,2
9245,I'm So Excited!,mask_30,12;35;53,Adventure; Comedy; Thriller,3
7335,Senseless,mask_30,18;27;53,Drama; Horror; Thriller,3
5848,The Tearsmith,mask_30,18;35;10749,Drama; Comedy; Romance,3
2053,Air,mask_30,18;35,Drama; Comedy,2
1987,Jungle Cruise,mask_30,14;18;10751,Fantasy; Drama; Family,3
9387,Snow Dogs,mask_30,35;10751,Comedy; Family,2
9452,Spinning Man,mask_30,18;35;53,Drama; Comedy; Thriller,3
8302,The Cable Guy,mask_30,35;53,Comedy; Thriller,2
2994,Where the Heart Is,mask_30,18;35;10749;10751,Drama; Comedy; Romance; Family,4
6884,¡Three Amigos!,mask_30,18;28;35;80,Drama; Action; Comedy; Crime,4
1018,Butch Cassidy and the Sundance Kid,mask_30,12;18;28;37;53;80,Adventure; Drama; Action; Western; Thriller; Crime,6
1296,All That Jazz,mask_30,18;35,Drama; Comedy,2
4193,RETURN,mask_30,18,Drama,1
359,The Cure,mask_30,18;35;10751,Drama; Comedy; Family,3
1979,The Judge,mask_30,18;53;80;9648,Drama; Thriller; Crime; Mystery,4
405,Death Note Relight 1: Visions of a God,mask_30,12;28;53;878,Adventure; Action; Thriller; Science Fiction,4
1050,The Curious Case of Benjamin Button,mask_30,12;16;18;35;10751,Adventure; Animation; Drama; Comedy; Family,5
1495,Three Colors: White,mask_30,18;35;10749,Drama; Comedy; Romance,3
5427,The Addams Family,mask_30,18;35,Drama; Comedy,2
5806,Act of Valor,mask_30,12;28;53;878,Adventure; Action; Thriller; Science Fiction,4
8208,Birth,mask_30,18;53;10749,Drama; Thriller; Romance,3
9313,Playing for Keeps,mask_30,18;35;10751,Drama; Comedy; Family,3
3279,The Northman,mask_30,12;14;28;53,Adventure; Fantasy; Action; Thriller,4
5095,Hellboy,mask_30,12;14;27;28,Adventure; Fantasy; Horror; Action,4
9482,Hellboy,mask_30,12;14;16;28;35;10751,Adventure; Fantasy; Animation; Action; Comedy; Family,6
770,"I, Daniel Blake",mask_30,18;35;53,Drama; Comedy; Thriller,3
8670,No One Gets Out Alive,mask_30,18;27;53,Drama; Horror; Thriller,3
177,"“The Shorts” by Aldo, Giovanni and Giacomo",mask_30,18;35;36,Drama; Comedy; History,3
2246,Lean On Me,mask_30,18;28;35;53;80,Drama; Action; Comedy; Thriller; Crime,5
3333,Malcolm & Marie,mask_30,18;35,Drama; Comedy,2
1844,Dragon Ball: The Path to Power,mask_30,12;14;16;35;10751,Adventure; Fantasy; Animation; Comedy; Family,5
2060,True Grit,mask_30,18;28;53;80,Drama; Action; Thriller; Crime,4
3195,The Ministry of Ungentlemanly Warfare,mask_30,12;18;28;36;10752,Adventure; Drama; Action; History; War,5
6548,District 13: Ultimatum,mask_30,18;28;35,Drama; Action; Comedy,3
8833,Coexister,mask_30,18;27;35;10402,Drama; Horror; Comedy; Music,4
796,The Man from Nowhere,mask_30,12;28;35;53,Adventure; Action; Comedy; Thriller,4
4116,Mean Creek,mask_30,18;27;35,Drama; Horror; Comedy,3
8212,Orange County,mask_30,18;35,Drama; Comedy,2
467,My Way,mask_30,12;18;28;35;36;10752,Adventure; Drama; Action; Comedy; History; War,6
3641,The Eight Hundred,mask_30,12;16;18;28,Adventure; Animation; Drama; Action,4
3085,22 July,mask_30,18;27;28;53,Drama; Horror; Action; Thriller,4
1757,Twin Peaks: Fire Walk with Me,mask_30,27;53;9648,Horror; Thriller; Mystery,3
3189,Death Note: The Last Name,mask_30,18;28,Drama; Action,2
8097,The Gendarme and the Creatures from Outer Space,mask_30,16;27;35;878,Animation; Horror; Comedy; Science Fiction,4
9101,The Tunnel,mask_30,18;35;53,Drama; Comedy; Thriller,3
1656,Summer of 85,mask_30,18;35,Drama; Comedy,2
8274,What to Expect When You're Expecting,mask_30,35;10749,Comedy; Romance,2
5940,Star Trek: Generations,mask_30,12;18;28;35;878,Adventure; Drama; Action; Comedy; Science Fiction,5
4725,Mermaids,mask_30,18;35;10749;10751,Drama; Comedy; Romance; Family,4
6282,Borat Subsequent Moviefilm,mask_30,18;35;878,Drama; Comedy; Science Fiction,3
6195,Café Society,mask_30,18;35,Drama; Comedy,2
1033,Elemental,mask_30,12;14;16;35;10751,Adventure; Fantasy; Animation; Comedy; Family,5
7769,Blood Ties,mask_30,18;35;80,Drama; Comedy; Crime,3
6731,In a World...,mask_30,18;35;10402;10749;10751,Drama; Comedy; Music; Romance; Family,5
5081,Martian Child,mask_30,12;18;35;878,Adventure; Drama; Comedy; Science Fiction,4
7639,Final Destination 5,mask_30,14;27;28;53;878,Fantasy; Horror; Action; Thriller; Science Fiction,5
2157,Weekend,mask_30,35;10749,Comedy; Romance,2
3203,Lee,mask_30,18;35;36;10749,Drama; Comedy; History; Romance,4
2237,The Hours,mask_30,14;18;35;10749,Fantasy; Drama; Comedy; Romance,4
2600,The Caine Mutiny,mask_30,18;28,Drama; Action,2
9444,Airport '77,mask_30,12;18;53,Adventure; Drama; Thriller,3
6273,The Chronicles of Narnia: The Voyage of the Dawn Treader,mask_30,12;14;16;35;10751,Adventure; Fantasy; Animation; Comedy; Family,5
1210,Control,mask_50,18;35,Drama; Comedy,2
1288,Shang-Chi and the Legend of the Ten Rings,mask_50,12;14;16;18;28,Adventure; Fantasy; Animation; Drama; Action,5
6147,Dry,mask_50,18;27;35,Drama; Horror; Comedy,3
120,Shutter Island,mask_50,18;28;53,Drama; Action; Thriller,3
3105,Galaxy Quest,mask_50,12;28;35;53;878,Adventure; Action; Comedy; Thriller; Science Fiction,5
4250,Spy,mask_50,18;28;35;53;80,Drama; Action; Comedy; Thriller; Crime,5
350,Million Dollar Baby,mask_50,18;35;10751,Drama; Comedy; Family,3
6325,Spree,mask_50,12;28;35,Adventure; Action; Comedy,3
1898,The Time Machine,mask_50,12;18;878,Adventure; Drama; Science Fiction,3
9290,Survivor,mask_50,18;28;53;80,Drama; Action; Thriller; Crime,4
9395,The Hunters,mask_50,12;14;16;27;28;878;10751,Adventure; Fantasy; Animation; Horror; Action; Science Fiction; Family,7
7853,Goosebumps 2: Haunted Halloween,mask_50,12;16;35;10751,Adventure; Animation; Comedy; Family,4
2734,Petite Maman,mask_50,12;14;18;10751,Adventure; Fantasy; Drama; Family,4
2181,Victor/Victoria,mask_50,18;35;10749,Drama; Comedy; Romance,3
8548,Volcano,mask_50,27;35;53;878,Horror; Comedy; Thriller; Science Fiction,4
4191,About Schmidt,mask_50,12;18;35;10749,Adventure; Drama; Comedy; Romance,4
1320,The Rules of the Game,mask_50,18;35,Drama; Comedy,2
1419,The Reader,mask_50,18,Drama,1
1016,In a Lonely Place,mask_50,18;27;35;53;80;10749,Drama; Horror; Comedy; Thriller; Crime; Romance,6
110,Puss in Boots: The Last Wish,mask_50,12;14;16;18;35;10751,Adventure; Fantasy; Animation; Drama; Comedy; Family,6
8307,The 6th Day,mask_50,12;16;28;35;878;10751,Adventure; Animation; Action; Comedy; Science Fiction; Family,6
6202,Jackie,mask_50,18;36,Drama; History,2
5861,I'm Not There,mask_50,18;35,Drama; Comedy,2
764,Manhattan,mask_50,18;35;10749,Drama; Comedy; Romance,3
4105,Margin Call,mask_50,18;53,Drama; Thriller,2
6763,Three Floors,mask_50,18;35,Drama; Comedy,2
8256,Neuilly Yo Mama!,mask_50,18;28;35;80,Drama; Action; Comedy; Crime,4
3483,10 Cloverfield Lane,mask_50,18;27;28;53;878,Drama; Horror; Action; Thriller; Science Fiction,5
8226,How to Lose Friends & Alienate People,mask_50,18;35,Drama; Comedy,2
4316,Ashfall,mask_50,12;14;16;28;35;10751,Adventure; Fantasy; Animation; Action; Comedy; Family,6
3917,Clash of the Titans,mask_50,12;14;16;28;35;878;10749;10751,Adventure; Fantasy; Animation; Action; Comedy; Science Fiction; Romance; Family,8
1199,The Train,mask_50,12;18;28;35;10752,Adventure; Drama; Action; Comedy; War,5
731,Safety Last!,mask_50,12;35,Adventure; Comedy,2
5218,Rambo: First Blood Part II,mask_50,12;16;28;35,Adventure; Animation; Action; Comedy,4
5136,The Trip,mask_50,35;10749,Comedy; Romance,2
8940,Henry's Crime,mask_50,18;28;35;53;80,Drama; Action; Comedy; Thriller; Crime,5
6940,Archive,mask_50,18;28;53;878,Drama; Action; Thriller; Science Fiction,4
4263,Justice League: The New Frontier,mask_50,12;16;28;878,Adventure; Animation; Action; Science Fiction,4
6066,God Willing,mask_50,18;35,Drama; Comedy,2
2945,Gia,mask_50,18;35;10749,Drama; Comedy; Romance,3
4732,The Longest Yard,mask_50,18;28;35;53;80,Drama; Action; Comedy; Thriller; Crime,5
8744,Phantom,mask_50,12;18;28;53;9648,Adventure; Drama; Action; Thriller; Mystery,5
6262,A California Christmas,mask_50,18;35;10749;10751,Drama; Comedy; Romance; Family,4
5233,Something's Gotta Give,mask_50,18;35;10749,Drama; Comedy; Romance,3
6947,Return of the Hero,mask_50,12;18;35;10749,Adventure; Drama; Comedy; Romance,4
6591,The Collection,mask_50,12;14;27;28,Adventure; Fantasy; Horror; Action,4
997,Harold and Maude,mask_50,18;35;10751,Drama; Comedy; Family,3
5071,Pollock,mask_50,18;35;36,Drama; Comedy; History,3
8027,Fortress,mask_50,27;53,Horror; Thriller,2
9716,17 Girls,mask_50,35,Comedy,1
9919,Toys,mask_50,12;14;18;35;10751,Adventure; Fantasy; Drama; Comedy; Family,5
8209,House of Wax,mask_50,12;27;878,Adventure; Horror; Science Fiction,3
7139,The Little Shop of Horrors,mask_50,18;35;10749;10751,Drama; Comedy; Romance; Family,4
9944,The Phantom,mask_50,12;14;16;28;35;878;10751,Adventure; Fantasy; Animation; Action; Comedy; Science Fiction; Family,7
8063,The Brats,mask_50,18;35;10749,Drama; Comedy; Romance,3
5046,Patriot Games,mask_50,18;28;35;53,Drama; Action; Comedy; Thriller,4
293,Barry Lyndon,mask_50,14;18;28;35,Fantasy; Drama; Action; Comedy,4
553,Sunrise: A Song of Two Humans,mask_50,14;18;35;10749,Fantasy; Drama; Comedy; Romance,4
7939,The 51st State,mask_50,35,Comedy,1
4233,Underworld,mask_50,12;14;27;28,Adventure; Fantasy; Horror; Action,4
9238,Maggie's Plan,mask_50,35;10749,Comedy; Romance,2
4951,Harold and the Purple Crayon,mask_50,12;14;16;18;35;10751,Adventure; Fantasy; Animation; Drama; Comedy; Family,6
7035,The Assistant,mask_50,18;53,Drama; Thriller,2
8603,Robin Hood,mask_50,12;14;18;28;36;10752,Adventure; Fantasy; Drama; Action; History; War,6
3330,Hoosiers,mask_50,18;35,Drama; Comedy,2
4255,The Pit and the Pendulum,mask_50,18;36;9648,Drama; History; Mystery,3
1293,Training Day,mask_50,28;35;53;80,Action; Comedy; Thriller; Crime,4
540,F1,mask_50,18;28;35,Drama; Action; Comedy,3
4235,Barbarian,mask_50,18;35;53;10749,Drama; Comedy; Thriller; Romance,4
6601,FernGully: The Last Rainforest,mask_50,12;14;16;35;10751,Adventure; Fantasy; Animation; Comedy; Family,5
1973,Spider-Man: Homecoming,mask_50,12;18;28;878,Adventure; Drama; Action; Science Fiction,4
6557,Nighthawks,mask_50,12;28;35;53;80,Adventure; Action; Comedy; Thriller; Crime,5
5705,Super Troopers,mask_50,28;35;53;80,Action; Comedy; Thriller; Crime,4
5731,The Witches of Eastwick,mask_50,18;35;10749,Drama; Comedy; Romance,3
7665,Push,mask_50,28;35;53;80,Action; Comedy; Thriller; Crime,4
7180,Insidious: The Last Key,mask_50,18;27;53;9648,Drama; Horror; Thriller; Mystery,4
977,Stagecoach,mask_50,12;18,Adventure; Drama,2
9691,Be Cool,mask_50,18;35;80;10402;10749,Drama; Comedy; Crime; Music; Romance,5
8418,Tin & Tina,mask_50,18;35;10749,Drama; Comedy; Romance,3
3626,Compartment No. 6,mask_50,18;53,Drama; Thriller,2
2034,Justice League: Crisis on Two Earths,mask_50,12;16;28;878,Adventure; Animation; Action; Science Fiction,4
4098,The Strange Thing About the Johnsons,mask_50,18;35;53,Drama; Comedy; Thriller,3
9643,Wanderlust,mask_50,18;35;10749,Drama; Comedy; Romance,3
4179,Flight,mask_50,18;28;35,Drama; Action; Comedy,3
6176,For Love of the Game,mask_50,18;35;10751,Drama; Comedy; Family,3
7119,Taken 3,mask_50,18;28;35;53;80,Drama; Action; Comedy; Thriller; Crime,5
2173,Stardust,mask_50,12;14;16;18;35;10751,Adventure; Fantasy; Animation; Drama; Comedy; Family,6
189,The Father,mask_50,18;53,Drama; Thriller,2
7372,He Never Died,mask_50,12;14;35,Adventure; Fantasy; Comedy,3
1626,Saw,mask_50,12;27;28;35;53;80,Adventure; Horror; Action; Comedy; Thriller; Crime,6
563,The Avengers,mask_50,12;28;35;53;878,Adventure; Action; Comedy; Thriller; Science Fiction,5
1784,Grease,mask_50,16;35;10749;10751,Animation; Comedy; Romance; Family,4
6167,Bride & Prejudice,mask_50,18;35;10749,Drama; Comedy; Romance,3
7022,Severance,mask_50,28;35;53,Action; Comedy; Thriller,3
7046,Child 44,mask_50,18;53;80;9648,Drama; Thriller; Crime; Mystery,4
6244,Life,mask_50,12;35;878,Adventure; Comedy; Science Fiction,3
1057,10 Things I Hate About You,mask_50,35;10749,Comedy; Romance,2
645,The King of Comedy,mask_50,18;35,Drama; Comedy,2
371,Don't Look Now... We're Being Shot At!,mask_50,12;18;28;35;10752,Adventure; Drama; Action; Comedy; War,5
5995,Assassins,mask_50,28;35;53;80,Action; Comedy; Thriller; Crime,4
8216,Shaft,mask_50,18;28;35;53;80,Drama; Action; Comedy; Thriller; Crime,5
3421,Wild,mask_50,18,Drama,1
1869,Possession,mask_50,18;27;53;9648,Drama; Horror; Thriller; Mystery,4
5536,Star Trek III: The Search for Spock,mask_50,28;35;878,Action; Comedy; Science Fiction,3
6922,King Arthur,mask_50,12;14;16;18;28,Adventure; Fantasy; Animation; Drama; Action,5
6810,Second Act,mask_50,18;35;10749,Drama; Comedy; Romance,3
4033,Mad God,mask_50,12;14;16;28;53;878,Adventure; Fantasy; Animation; Action; Thriller; Science Fiction,6
8510,She-Devil,mask_50,18;35;53;10749,Drama; Comedy; Thriller; Romance,4
8582,The Karate Kid Part III,mask_50,18;28,Drama; Action,2
8712,Righteous Kill,mask_50,28;53;80;9648,Action; Thriller; Crime; Mystery,4
1427,Glory,mask_50,18;36;10752,Drama; History; War,3
2328,"Planes, Trains and Automobiles",mask_50,35;10749,Comedy; Romance,2
7303,Chernobyl: Abyss,mask_50,12;18;878,Adventure; Drama; Science Fiction,3
4803,Escape Plan,mask_50,18;28;53;80,Drama; Action; Thriller; Crime,4
2657,The Driver,mask_50,12;28;35,Adventure; Action; Comedy,3
530,An Autumn Afternoon,mask_50,18;35;10749,Drama; Comedy; Romance,3
3412,The Zone of Interest,mask_50,14;18;35,Fantasy; Drama; Comedy,3
7021,Great Balls of Fire!,mask_50,18;35;36;10402,Drama; Comedy; History; Music,4
3863,The Substitute,mask_50,28;35;53;80,Action; Comedy; Thriller; Crime,4
769,BPM (Beats per Minute),mask_50,18;53;878,Drama; Thriller; Science Fiction,3
603,Land of Mine,mask_50,12;18;28;53;10752,Adventure; Drama; Action; Thriller; War,5
1826,The Way of the Dragon,mask_50,12;18;28;35;80,Adventure; Drama; Action; Comedy; Crime,5
9990,Marmaduke,mask_50,18;35;10751,Drama; Comedy; Family,3
5454,Titan A.E.,mask_50,12;14;18;28;878;10751,Adventure; Fantasy; Drama; Action; Science Fiction; Family,6
4689,King of New York,mask_50,12;18;28;35;53;80,Adventure; Drama; Action; Comedy; Thriller; Crime,6
1769,Babylon,mask_50,18;35;36;10402,Drama; Comedy; History; Music,4
7109,The Noel Diary,mask_50,14;18;35;10751,Fantasy; Drama; Comedy; Family,4
7040,Basilicata Coast to Coast,mask_50,18;35;10402,Drama; Comedy; Music,3
2951,Bitter Moon,mask_50,18;35;10749,Drama; Comedy; Romance,3
4916,Return to Oz,mask_50,12;14;16;18;10749,Adventure; Fantasy; Animation; Drama; Romance,5
8894,6 Below: Miracle on the Mountain,mask_50,18;53,Drama; Thriller,2
3547,Mamma Mia!,mask_50,18;35;10749,Drama; Comedy; Romance,3
4476,Winter's Bone,mask_50,18;27,Drama; Horror,2
5633,Seeking a Friend for the End of the World,mask_50,35;53;878;10749,Comedy; Thriller; Science Fiction; Romance,4
3732,The Isle,mask_50,16;18;35,Animation; Drama; Comedy,3
9559,The Conference,mask_50,18;28;35,Drama; Action; Comedy,3
365,Spider-Man: No Way Home,mask_50,12;14;16;28;35;878,Adventure; Fantasy; Animation; Action; Comedy; Science Fiction,6
9417,Admission,mask_50,18;35;10749,Drama; Comedy; Romance,3
1174,The Six Triple Eight,mask_50,12;28;35,Adventure; Action; Comedy,3
6956,Bandits,mask_50,12;28;35;53;10749,Adventure; Action; Comedy; Thriller; Romance,5
259,Amadeus,mask_50,18;35,Drama; Comedy,2
5569,Flesh + Blood,mask_50,12;14;28;35;53,Adventure; Fantasy; Action; Comedy; Thriller,5
1042,Evangelion: 1.0 You Are (Not) Alone,mask_50,12;16;28;878,Adventure; Animation; Action; Science Fiction,4
5282,Colombiana,mask_50,14;28;53;80,Fantasy; Action; Thriller; Crime,4
9250,Alvin and the Chipmunks: Chipwrecked,mask_50,12;16;27;35;878;10751,Adventure; Animation; Horror; Comedy; Science Fiction; Family,6
7326,There's No Place Like Home,mask_50,12;18;35;10751,Adventure; Drama; Comedy; Family,4
475,A Bronx Tale,mask_50,18;35;80,Drama; Comedy; Crime,3
7344,Waiting...,mask_50,27;28;35;53,Horror; Action; Comedy; Thriller,4
3786,White Chicks,mask_50,28;35;53;80,Action; Comedy; Thriller; Crime,4
6347,Shaft,mask_50,12;14;28;53;10751,Adventure; Fantasy; Action; Thriller; Family,5
9922,Mutant Chronicles,mask_50,12;28;53;878,Adventure; Action; Thriller; Science Fiction,4
4664,He Got Game,mask_50,18;35,Drama; Comedy,2
5439,The Finest Hours,mask_50,12;18;28;53;10752,Adventure; Drama; Action; Thriller; War,5
2950,Cross of Iron,mask_50,18;53;10752,Drama; Thriller; War,3
9117,Rules Don't Apply,mask_50,18;35;10749,Drama; Comedy; Romance,3
5908,Seoul Station,mask_50,27;28;53;878,Horror; Action; Thriller; Science Fiction,4
8203,Up for Love,mask_50,18;35;10749,Drama; Comedy; Romance,3
6735,"Roman J. Israel, Esq.",mask_50,18;35,Drama; Comedy,2
2161,Swades,mask_50,18;35;878,Drama; Comedy; Science Fiction,3
1965,All That Heaven Allows,mask_50,18;35;10749,Drama; Comedy; Romance,3
21,Fight Club,mask_50,18;28;35;53;80,Drama; Action; Comedy; Thriller; Crime,5
6143,Ice Age: A Mammoth Christmas,mask_50,12;14;16;35;10751,Adventure; Fantasy; Animation; Comedy; Family,5
3839,Antwone Fisher,mask_50,18;53,Drama; Thriller,2
8704,Cooties,mask_50,12;16;35;10751,Adventure; Animation; Comedy; Family,4
5092,Charlie Bartlett,mask_50,18;35,Drama; Comedy,2
868,A Charlie Brown Christmas,mask_50,12;14;16;18;35;10751,Adventure; Fantasy; Animation; Drama; Comedy; Family,6
4932,The Stepford Wives,mask_50,18;35;10749,Drama; Comedy; Romance,3
5225,Jack Reacher,mask_50,18;27;28;53;80;9648,Drama; Horror; Action; Thriller; Crime; Mystery,6
2573,Upgraded,mask_50,18;35;10749,Drama; Comedy; Romance,3
3624,A Conspiracy of Faith,mask_50,18;27;53,Drama; Horror; Thriller,3
2062,Kung Fu Panda,mask_50,12;14;16;28;35;10751,Adventure; Fantasy; Animation; Action; Comedy; Family,6
8654,Men in Black: International,mask_50,12;28;53;878,Adventure; Action; Thriller; Science Fiction,4
1791,Asterix & Obelix: Mission Cleopatra,mask_50,12;14;18;35,Adventure; Fantasy; Drama; Comedy,4
5534,May December,mask_50,18;35;10749,Drama; Comedy; Romance,3
7704,Crossing Over,mask_50,18;28;53;878,Drama; Action; Thriller; Science Fiction,4
8983,The Man,mask_50,28;35;53;80;9648,Action; Comedy; Thriller; Crime; Mystery,5
5453,Main Hoon Na,mask_50,18;28;35;53,Drama; Action; Comedy; Thriller,4
9626,Leprechaun 2,mask_50,12;14;16;28;35;10751,Adventure; Fantasy; Animation; Action; Comedy; Family,6
4336,Time After Time,mask_50,12;18;28;53;878,Adventure; Drama; Action; Thriller; Science Fiction,5
5568,"I Love You, Man",mask_50,35;10749,Comedy; Romance,2
8488,An American Werewolf in Paris,mask_50,14;27;28;35;53;878,Fantasy; Horror; Action; Comedy; Thriller; Science Fiction,6
4057,Flavors of Youth,mask_50,18,Drama,1
3456,The Dressmaker,mask_50,14;18;35;10749;10751,Fantasy; Drama; Comedy; Romance; Family,5
2164,The Seventh Company Has Been Found,mask_50,12;16;35;10751,Adventure; Animation; Comedy; Family,4
9966,With Open Arms,mask_50,18;35,Drama; Comedy,2
7617,28 Days,mask_50,18;35;80,Drama; Comedy; Crime,3
5215,Brother Bear 2,mask_50,12;14;16;35;10751,Adventure; Fantasy; Animation; Comedy; Family,5
5899,Thor: The Dark World,mask_50,12;14;16;28;878,Adventure; Fantasy; Animation; Action; Science Fiction,5
5683,Trust,mask_50,18;35;10749;10751,Drama; Comedy; Romance; Family,4
8688,King Cobra,mask_50,18;28;35;53,Drama; Action; Comedy; Thriller,4
6197,Your Sister's Sister,mask_50,18;35;10749;10751,Drama; Comedy; Romance; Family,4
9850,Sleeping Beauty,mask_50,14;18;27;35;10751,Fantasy; Drama; Horror; Comedy; Family,5
6159,Judgment Night,mask_50,18;35,Drama; Comedy,2
3199,Far from Heaven,mask_50,18;35,Drama; Comedy,2
8679,Problem Child 2,mask_50,18;35,Drama; Comedy,2
1942,High Plains Drifter,mask_50,12;28;53;80,Adventure; Action; Thriller; Crime,4
9317,The Pact,mask_50,18;27;53;9648,Drama; Horror; Thriller; Mystery,4
481,Bad Genius,mask_50,18;35,Drama; Comedy,2
3280,The Proposition,mask_50,12;18;35;53;80,Adventure; Drama; Comedy; Thriller; Crime,5
1169,Moulin Rouge!,mask_50,18;35,Drama; Comedy,2
7475,The Crew,mask_50,12;18;28;35;53;80,Adventure; Drama; Action; Comedy; Thriller; Crime,6
6721,Smurfs: The Lost Village,mask_50,12;14;16;35;10751,Adventure; Fantasy; Animation; Comedy; Family,5
297,The Passion of Joan of Arc,mask_50,18;27,Drama; Horror,2
5367,Suicide Kings,mask_50,12;28;35;53;10751,Adventure; Action; Comedy; Thriller; Family,5
6173,Super Fuzz,mask_50,12;28;35;53;878,Adventure; Action; Comedy; Thriller; Science Fiction,5
7924,Monster Trucks,mask_50,12;16;28;35;10751,Adventure; Animation; Action; Comedy; Family,5
2700,Troy,mask_50,12;18;28;36;10749,Adventure; Drama; Action; History; Romance,5
4379,Dark Water,mask_50,18;27;53;9648;10749,Drama; Horror; Thriller; Mystery; Romance,5
6784,The Wrath of Becky,mask_50,18;27;53,Drama; Horror; Thriller,3
8228,Kidnapping Mr. Heineken,mask_50,12;18;35;80;10751,Adventure; Drama; Comedy; Crime; Family,5
5132,JCVD,mask_50,18;35;80,Drama; Comedy; Crime,3
9687,Drive-Away Dolls,mask_50,18;27;35;53;10749,Drama; Horror; Comedy; Thriller; Romance,5
1595,The SpongeBob Movie: Sponge on the Run,mask_50,12;16;35;10751,Adventure; Animation; Comedy; Family,4
1329,Breaking the Waves,mask_50,18;35;10749,Drama; Comedy; Romance,3
1923,Nowhere,mask_50,12;18;53,Adventure; Drama; Thriller,3
8010,The Pacifier,mask_50,12;28;878;10751,Adventure; Action; Science Fiction; Family,4
5896,Tideland,mask_50,18;35;10751,Drama; Comedy; Family,3
6459,Cargo,mask_50,18;27;53,Drama; Horror; Thriller,3
9013,Exit Wounds,mask_50,12;28;35;53;80,Adventure; Action; Comedy; Thriller; Crime,5
3324,Ip Man 3,mask_50,28;35;53;80,Action; Comedy; Thriller; Crime,4
5770,Little Monsters,mask_50,18;27;35,Drama; Horror; Comedy,3
5902,The Neon Demon,mask_50,18;35;10749,Drama; Comedy; Romance,3
3230,Moby Dick,mask_50,12;16;18;35;10751,Adventure; Animation; Drama; Comedy; Family,5
285,Song of the Sea,mask_50,12;14;16;18;10751,Adventure; Fantasy; Animation; Drama; Family,5
5939,The Jane Austen Book Club,mask_50,18;10749,Drama; Romance,2
7077,Extinction,mask_50,12;14;16;27;878;10751,Adventure; Fantasy; Animation; Horror; Science Fiction; Family,6
1471,High School of the Dead: Drifters of the Dead,mask_50,12;16;27;28;35;53;878,Adventure; Animation; Horror; Action; Comedy; Thriller; Science Fiction,7
4106,Loft,mask_50,35;53,Comedy; Thriller,2
5257,The Man in the Iron Mask,mask_50,12;18;28,Adventure; Drama; Action,3
1837,The Great Gatsby,mask_50,18;35;10749,Drama; Comedy; Romance,3
4529,In Her Name,mask_50,18;53;80,Drama; Thriller; Crime,3
6063,Colors,mask_50,18;53,Drama; Thriller,2
9741,Incarnate,mask_50,14;27;35;53,Fantasy; Horror; Comedy; Thriller,4
1257,The Birds,mask_50,27;28;53,Horror; Action; Thriller,3
7900,The Night Before,mask_50,14;16;35;10751,Fantasy; Animation; Comedy; Family,4
4861,Nymphomaniac: Vol. II,mask_50,18;10749,Drama; Romance,2
9380,Inside,mask_50,18;28;53;80,Drama; Action; Thriller; Crime,4
145,Good Will Hunting,mask_50,18;35,Drama; Comedy,2
2347,Pearl,mask_50,18;10749,Drama; Romance,2
1047,Steins;Gate: The Movie - Load Region of Déjà Vu,mask_50,12;16;18;28;878,Adventure; Animation; Drama; Action; Science Fiction,5
6199,Drag Me to Hell,mask_50,18;27;53,Drama; Horror; Thriller,3
2878,The Dark Crystal,mask_50,12;14;16;35;878;10751,Adventure; Fantasy; Animation; Comedy; Science Fiction; Family,6
5053,Emily the Criminal,mask_50,18;35;53;80,Drama; Comedy; Thriller; Crime,4
3147,I Hate Summer,mask_50,18;35;10751,Drama; Comedy; Family,3
4581,The DUFF,mask_50,16;35;10749;10751,Animation; Comedy; Romance; Family,4
5254,White God,mask_50,12;14;16;18;35;10751,Adventure; Fantasy; Animation; Drama; Comedy; Family,6
503,Shoplifters,mask_50,18,Drama,1
6101,Police Story 4: First Strike,mask_50,12;18;28;35;53,Adventure; Drama; Action; Comedy; Thriller,5
7290,Mean Machine,mask_50,18;28;35;53;80,Drama; Action; Comedy; Thriller; Crime,5
9036,Paranormal Activity 2,mask_50,14;27;35,Fantasy; Horror; Comedy,3
1097,The Hobbit: The Desolation of Smaug,mask_50,12;14;16;28;35;10751,Adventure; Fantasy; Animation; Action; Comedy; Family,6
7192,Ghosts of War,mask_50,12;14;16;28;10751,Adventure; Fantasy; Animation; Action; Family,5
826,Black Swan,mask_50,16;18;35;10749;10751,Animation; Drama; Comedy; Romance; Family,5
1943,Red River,mask_50,12;18;35;37;10751,Adventure; Drama; Comedy; Western; Family,5
1783,My Sister's Keeper,mask_50,18;35;10751,Drama; Comedy; Family,3
6847,Dark Skies,mask_50,27;53,Horror; Thriller,2
5990,Mother's Day,mask_50,18;27;53,Drama; Horror; Thriller,3
4698,First Love,mask_50,18;28;35;10749,Drama; Action; Comedy; Romance,4
4319,The Ghost Writer,mask_50,18;35;53,Drama; Comedy; Thriller,3
1309,Almost Famous,mask_50,18;35,Drama; Comedy,2
6541,The Knight Before Christmas,mask_50,12;14;18;35;10749,Adventure; Fantasy; Drama; Comedy; Romance,5
6728,Doc Hollywood,mask_50,18;28;35;80,Drama; Action; Comedy; Crime,4
68,Given,mask_50,18;35;10749,Drama; Comedy; Romance,3
6565,The Assassin,mask_50,12;18;28,Adventure; Drama; Action,3
3340,Lethal Weapon 2,mask_50,12;28;35;53,Adventure; Action; Comedy; Thriller,4
5380,Conspiracy Theory,mask_50,35;53,Comedy; Thriller,2
5732,The Chronicles of Riddick,mask_50,12;28;878,Adventure; Action; Science Fiction,3
1738,Mad Max 2,mask_50,12;18;28,Adventure; Drama; Action,3
9357,My Best Friend's Girl,mask_50,18;35;10749,Drama; Comedy; Romance,3
93,Klaus,mask_50,14;18;35;10751,Fantasy; Drama; Comedy; Family,4
7555,Murder by Numbers,mask_50,28;53;80,Action; Thriller; Crime,3
4648,Oedipus Rex,mask_50,12;18;10751,Adventure; Drama; Family,3
5928,The Bookshop,mask_50,18;35,Drama; Comedy,2
4387,200 Pounds Beauty,mask_50,16;18;35;10749,Animation; Drama; Comedy; Romance,4
7601,Splinter,mask_50,12;27;35;53;878;10751,Adventure; Horror; Comedy; Thriller; Science Fiction; Family,6
8944,Kicking & Screaming,mask_50,18;35;10751,Drama; Comedy; Family,3
76,The Intouchables,mask_50,18;35,Drama; Comedy,2
2319,Betty Blue,mask_50,18;35;10749,Drama; Comedy; Romance,3
7425,The Prince & Me,mask_50,14;18;35;10749;10751,Fantasy; Drama; Comedy; Romance; Family,5
916,Laurence Anyways,mask_50,14;18;35;10749;10751,Fantasy; Drama; Comedy; Romance; Family,5
9369,The Maiden Heist,mask_50,12;28;53,Adventure; Action; Thriller,3
4345,An Unfinished Life,mask_50,18;35,Drama; Comedy,2
7191,No Escape,mask_50,12;18;28;53,Adventure; Drama; Action; Thriller,4
8369,The Marvels,mask_50,12;16;28;35;878;10749;10751,Adventure; Animation; Action; Comedy; Science Fiction; Romance; Family,7
2010,Carrie,mask_50,18;27;53,Drama; Horror; Thriller,3
7722,Happily Mixed Up,mask_50,18;27;53,Drama; Horror; Thriller,3
194,The Hunt,mask_50,14;18;35;10751,Fantasy; Drama; Comedy; Family,4
7314,The Other Woman,mask_50,18;35;10749,Drama; Comedy; Romance,3
6475,Flypaper,mask_50,28;35;53;80,Action; Comedy; Thriller; Crime,4
9513,Truth or Dare,mask_50,27;35;53,Horror; Comedy; Thriller,3
7049,Your Place or Mine,mask_50,16;35;10749;10751,Animation; Comedy; Romance; Family,4
6424,Don't Think Twice,mask_50,18;35;53,Drama; Comedy; Thriller,3
4977,Troll Hunter,mask_50,27;53,Horror; Thriller,2
998,Mortal Kombat Legends: Battle of the Realms,mask_50,12;14;16;28;878,Adventure; Fantasy; Animation; Action; Science Fiction,5
6904,Beauty Shop,mask_50,18;35;53,Drama; Comedy; Thriller,3
8099,Arcadian,mask_50,12;27;28;53;878,Adventure; Horror; Action; Thriller; Science Fiction,5
5448,Silent Hill,mask_50,18;27;53,Drama; Horror; Thriller,3
9327,Momentum,mask_50,12;35;53,Adventure; Comedy; Thriller,3
7114,The Dead Pool,mask_50,35;53;80,Comedy; Thriller; Crime,3
3408,Mickey's Twice Upon a Christmas,mask_50,12;14;16;35;10751,Adventure; Fantasy; Animation; Comedy; Family,5
5405,The Wizard of Lies,mask_50,18;53;80,Drama; Thriller; Crime,3
2850,Tangled Ever After,mask_50,12;14;16;35;10749;10751,Adventure; Fantasy; Animation; Comedy; Romance; Family,6
8088,Sanctum,mask_50,12;18;10751,Adventure; Drama; Family,3
2705,Kiss Kiss Bang Bang,mask_50,28;35;53;80,Action; Comedy; Thriller; Crime,4
6846,The Visit,mask_50,18;27;35;10751,Drama; Horror; Comedy; Family,4
432,Divorce Italian Style,mask_50,18;35;10749,Drama; Comedy; Romance,3
7851,F,mask_50,18;28;53,Drama; Action; Thriller,3
4028,Rango,mask_50,12;16;28;35;10751,Adventure; Animation; Action; Comedy; Family,5
1048,The Fault in Our Stars,mask_50,14;18;878,Fantasy; Drama; Science Fiction,3
4923,RED,mask_50,18;28;35;53,Drama; Action; Comedy; Thriller,4
1935,A Nightmare on Elm Street,mask_50,18;27;53;9648,Drama; Horror; Thriller; Mystery,4
4569,Asterix in Britain,mask_50,12;14;16;28;35;10751,Adventure; Fantasy; Animation; Action; Comedy; Family,6
195,New Gods: Nezha Reborn,mask_50,12;14;16;28;35,Adventure; Fantasy; Animation; Action; Comedy,5
4697,Superman II,mask_50,12;16;28;878,Adventure; Animation; Action; Science Fiction,4
392,We Are the Nobles,mask_50,12;18;35;10751,Adventure; Drama; Comedy; Family,4
8213,Alvin and the Chipmunks: The Road Chip,mask_50,18;35;10749,Drama; Comedy; Romance,3
6304,Wild Target,mask_50,18;35;53,Drama; Comedy; Thriller,3
3110,What's Love Got to Do with It,mask_50,18;35;10749,Drama; Comedy; Romance,3
4715,Road House,mask_50,18;35;53;80,Drama; Comedy; Thriller; Crime,4
5549,Lionheart,mask_50,18;28,Drama; Action,2
2066,Red Dog,mask_50,12;18;35;10751,Adventure; Drama; Comedy; Family,4
1716,Rushmore,mask_50,18;35;10749;10751,Drama; Comedy; Romance; Family,4
537,The Shadow in My Eye,mask_50,18;28;36;53;10752,Drama; Action; History; Thriller; War,5
7092,Legends of Oz: Dorothy's Return,mask_50,12;14;16;10751,Adventure; Fantasy; Animation; Family,4
6211,The Uninvited,mask_50,18;27;53,Drama; Horror; Thriller,3
4824,Bumblebee,mask_50,12;16;35;10751,Adventure; Animation; Comedy; Family,4
2220,Riders of Justice,mask_50,18;27;53;9648,Drama; Horror; Thriller; Mystery,4
2109,Sonic the Hedgehog,mask_50,12;16;28;35;878;10751,Adventure; Animation; Action; Comedy; Science Fiction; Family,6
2137,The Fundamentals of Caring,mask_50,18;35,Drama; Comedy,2
8471,Alexander,mask_50,12;16;18;28;878,Adventure; Animation; Drama; Action; Science Fiction,5
8919,Neighbors 2: Sorority Rising,mask_50,18;35,Drama; Comedy,2
7279,Accident Man,mask_50,28;35;53,Action; Comedy; Thriller,3
2200,Land of Bad,mask_50,12;28;35;53;878,Adventure; Action; Comedy; Thriller; Science Fiction,5
954,The Longest Ride,mask_50,18;35;10749,Drama; Comedy; Romance,3
5846,Dragonslayer,mask_50,12;14;16;28;10751,Adventure; Fantasy; Animation; Action; Family,5
2761,Confession of Murder,mask_50,27;28;53;80;9648,Horror; Action; Thriller; Crime; Mystery,5
3169,Patriots Day,mask_50,12;18;28;53,Adventure; Drama; Action; Thriller,4
4930,Night Moves,mask_50,18;35;53;80;9648,Drama; Comedy; Thriller; Crime; Mystery,5
7857,V/H/S/94,mask_50,12;27;28;35;53;878,Adventure; Horror; Action; Comedy; Thriller; Science Fiction,6
459,Persepolis,mask_50,18;36,Drama; History,2
3793,Nine to Five,mask_50,18;35;80,Drama; Comedy; Crime,3
742,Slumdog Millionaire,mask_50,18;35;10751,Drama; Comedy; Family,3
9458,Leatherface,mask_50,14;18;27;53,Fantasy; Drama; Horror; Thriller,4
5743,Looking for Eric,mask_50,18;35,Drama; Comedy,2
50,American History X,mask_50,18;28;53;80,Drama; Action; Thriller; Crime,4
2108,Stolen Kisses,mask_50,18;35,Drama; Comedy,2
3005,Ariel,mask_50,18;53,Drama; Thriller,2
2698,Monsieur Lazhar,mask_50,18,Drama,1
6130,The Love Witch,mask_50,12;14;16;27;35,Adventure; Fantasy; Animation; Horror; Comedy,5
2762,House of Sand and Fog,mask_50,18;53;80,Drama; Thriller; Crime,3
8909,Analyze That,mask_50,18;35;53;80,Drama; Comedy; Thriller; Crime,4
4555,Kill the Irishman,mask_50,18;28;53;80,Drama; Action; Thriller; Crime,4
3314,My Neighbors the Yamadas,mask_50,18;35,Drama; Comedy,2
6867,Yara,mask_50,18;27;53;9648,Drama; Horror; Thriller; Mystery,4
866,Scooby-Doo on Zombie Island,mask_50,12;14;16;35;10751,Adventure; Fantasy; Animation; Comedy; Family,5
5897,Bubba Ho-tep,mask_50,18;35,Drama; Comedy,2
3362,An Officer and a Gentleman,mask_50,18;28;35,Drama; Action; Comedy,3
5462,Goya's Ghosts,mask_50,18;28;53,Drama; Action; Thriller,3
3704,RocknRolla,mask_50,35;53;80,Comedy; Thriller; Crime,3
2058,"Good Morning, Vietnam",mask_50,12;16;18;35;10751,Adventure; Animation; Drama; Comedy; Family,5
3919,Finestkind,mask_50,12;18;35;80,Adventure; Drama; Comedy; Crime,4
7768,Ad Astra,mask_50,12;18;878,Adventure; Drama; Science Fiction,3
8004,No Filter,mask_50,18;35;10749,Drama; Comedy; Romance,3
7957,Kill Your Friends,mask_50,18;35;53;80;10402,Drama; Comedy; Thriller; Crime; Music,5
8023,My Life Without Me,mask_50,18;27;53,Drama; Horror; Thriller,3
8173,Bee Movie,mask_50,35;878,Comedy; Science Fiction,2
3737,Fly Away Home,mask_50,14;16;18;27;35;10751,Fantasy; Animation; Drama; Horror; Comedy; Family,6
5273,Aline,mask_50,18;35,Drama; Comedy,2
2229,Jeremiah Johnson,mask_50,12;14;18;28;35;10751,Adventure; Fantasy; Drama; Action; Comedy; Family,6
4706,Tucker: The Man and His Dream,mask_50,18;36,Drama; History,2
9060,We Are What We Are,mask_50,12;18;27;53,Adventure; Drama; Horror; Thriller,4
2063,Duck Soup,mask_50,12;16;18;35;10751,Adventure; Animation; Drama; Comedy; Family,5
3257,Elephant,mask_50,18;35,Drama; Comedy,2
9891,Behaving Badly,mask_50,35;53,Comedy; Thriller,2
3808,Project Silence,mask_50,12;16;27;53;878,Adventure; Animation; Horror; Thriller; Science Fiction,5
6370,"My Donkey, My Lover & I",mask_50,12;18;35;10751,Adventure; Drama; Comedy; Family,4
863,12 Angry Men,mask_50,18;80,Drama; Crime,2
2830,After the Wedding,mask_50,18;53,Drama; Thriller,2
6596,The Imaginarium of Doctor Parnassus,mask_50,12;14;28;35,Adventure; Fantasy; Action; Comedy,4
7661,Ben 10: Alien Swarm,mask_50,12;14;28;35;53;878,Adventure; Fantasy; Action; Comedy; Thriller; Science Fiction,6
9043,Black Sheep,mask_50,27;53;878,Horror; Thriller; Science Fiction,3
3112,The Thirteenth Floor,mask_50,18;35,Drama; Comedy,2
6154,Olaf's Frozen Adventure,mask_50,12;14;16;35;10751,Adventure; Fantasy; Animation; Comedy; Family,5
1132,Gattaca,mask_50,12;14;28;35,Adventure; Fantasy; Action; Comedy,4
6679,New Kids Turbo,mask_50,28;35,Action; Comedy,2
6352,Operation Christmas Drop,mask_50,18;28;35;53,Drama; Action; Comedy; Thriller,4
6897,Flushed Away,mask_50,12;16;35;10751,Adventure; Animation; Comedy; Family,4
9302,Damaged,mask_50,18;53;80;9648,Drama; Thriller; Crime; Mystery,4
4186,Moonstruck,mask_50,18;35;10749,Drama; Comedy; Romance,3
9506,Deep Blue Sea 3,mask_50,12;35;10751,Adventure; Comedy; Family,3
1553,Scarface,mask_50,18;28;35;53;80,Drama; Action; Comedy; Thriller; Crime,5
8924,Young Adult,mask_50,18;35;10749,Drama; Comedy; Romance,3
2655,Identity,mask_50,27;53,Horror; Thriller,2
9460,Family Pack,mask_50,12;14;16;27;28;35;10751,Adventure; Fantasy; Animation; Horror; Action; Comedy; Family,7
919,Vampire Hunter D: Bloodlust,mask_50,12;28;35,Adventure; Action; Comedy,3
2957,A Writer's Odyssey,mask_50,12;14;16;18;28;10751,Adventure; Fantasy; Animation; Drama; Action; Family,6
5598,Who You Think I Am,mask_50,18;35;10749,Drama; Comedy; Romance,3
9215,Porky's II: The Next Day,mask_50,18;27;35,Drama; Horror; Comedy,3
9951,Havoc,mask_50,18;35;53;80,Drama; Comedy; Thriller; Crime,4
5870,Turbo Kid,mask_50,12;14;18;28,Adventure; Fantasy; Drama; Action,4
2826,The Rock,mask_50,18;28;53;80;878,Drama; Action; Thriller; Crime; Science Fiction,5
4831,Dreamgirls,mask_50,18;35;10402;10749,Drama; Comedy; Music; Romance,4
899,Onward,mask_50,12;14;16;35;10751,Adventure; Fantasy; Animation; Comedy; Family,5
7350,Alice and the Mayor,mask_50,18;35,Drama; Comedy,2
5022,Yes Man,mask_50,18;35;878,Drama; Comedy; Science Fiction,3
8371,When in Rome,mask_50,12;16;35;10749;10751,Adventure; Animation; Comedy; Romance; Family,5
3153,SPY x FAMILY CODE: White,mask_50,12;35;53,Adventure; Comedy; Thriller,3
6119,Bridget Jones: Mad About the Boy,mask_50,18;35;10749,Drama; Comedy; Romance,3
6726,The Only Living Boy in New York,mask_50,18;35;10749,Drama; Comedy; Romance,3
6890,Dead in a Week (Or Your Money Back),mask_50,18;35,Drama; Comedy,2
53,Princess Mononoke,mask_50,12;14;16;28,Adventure; Fantasy; Animation; Action,4
4530,Perfect Addiction,mask_50,18;28;53,Drama; Action; Thriller,3
7321,Megan Is Missing,mask_50,18;53,Drama; Thriller,2
7738,Housesitter,mask_50,18;35,Drama; Comedy,2
1058,The Wizard of Oz,mask_50,12;14;16;35;10751,Adventure; Fantasy; Animation; Comedy; Family,5
7960,Duplex,mask_50,14;16;27;35;10751,Fantasy; Animation; Horror; Comedy; Family,5
3944,The Hidden,mask_50,18;53;80,Drama; Thriller; Crime,3
5543,Ender's Game,mask_50,12;16;18;28;878;10751,Adventure; Animation; Drama; Action; Science Fiction; Family,6
4162,Denial,mask_50,18;36,Drama; History,2
290,Citizen Kane,mask_50,18;35,Drama; Comedy,2
717,Gran Turismo,mask_50,12;14;16;18;35;10751,Adventure; Fantasy; Animation; Drama; Comedy; Family,6
584,Spotlight,mask_50,18;27;35;53,Drama; Horror; Comedy; Thriller,4
3508,This Must Be the Place,mask_50,18;35;53;80,Drama; Comedy; Thriller; Crime,4
1103,Spies in Disguise,mask_50,12;18;28;35;878,Adventure; Drama; Action; Comedy; Science Fiction,5
7365,The Night Clerk,mask_50,18;27;35;53;80;9648,Drama; Horror; Comedy; Thriller; Crime; Mystery,6
7951,The SpongeBob Movie: Sponge Out of Water,mask_50,12;14;16;35;10751,Adventure; Fantasy; Animation; Comedy; Family,5
1112,"Girl, Interrupted",mask_50,14;18;10749,Fantasy; Drama; Romance,3
8563,Curse of Chucky,mask_50,14;16;27;10751,Fantasy; Animation; Horror; Family,4
8522,Pyewacket,mask_50,14;16;18;27;9648;10751,Fantasy; Animation; Drama; Horror; Mystery; Family,6
4553,Anna and the King,mask_50,12;18;35;10749;10751,Adventure; Drama; Comedy; Romance; Family,5
5111,The Spiderwick Chronicles,mask_50,12;14;16;27;35;10751,Adventure; Fantasy; Animation; Horror; Comedy; Family,6
9159,Arthur and the Revenge of Maltazard,mask_50,12;14;18;35,Adventure; Fantasy; Drama; Comedy,4
8686,Line of Duty,mask_50,18;35,Drama; Comedy,2
542,Two Women,mask_50,18,Drama,1
5531,Star Wars: Episode II - Attack of the Clones,mask_50,12;18;28;53;878,Adventure; Drama; Action; Thriller; Science Fiction,5
5529,House of Gucci,mask_50,18;35,Drama; Comedy,2
1683,Boys Don't Cry,mask_50,18;35,Drama; Comedy,2
8472,"Farewell, My Queen",mask_50,18;35;36;10749,Drama; Comedy; History; Romance,4
4976,Time Freak,mask_50,18;28;35;878,Drama; Action; Comedy; Science Fiction,4
5687,Fragile,mask_50,14;27;53;9648,Fantasy; Horror; Thriller; Mystery,4
2550,The Animatrix,mask_50,12;16;18;28;35;878,Adventure; Animation; Drama; Action; Comedy; Science Fiction,6
5810,Ramona and Beezus,mask_50,14;16;35;10751,Fantasy; Animation; Comedy; Family,4
4386,The Women on the 6th Floor,mask_50,18;35;10749,Drama; Comedy; Romance,3
7751,Big Trouble,mask_50,18;35,Drama; Comedy,2
995,The Others,mask_50,14;18;27,Fantasy; Drama; Horror,3
4023,Mike's New Car,mask_50,35;10751,Comedy; Family,2
6574,Baba Yaga: Terror of the Dark Forest,mask_50,14;18;27;35;9648;10751,Fantasy; Drama; Horror; Comedy; Mystery; Family,6
3210,Futurama: Into the Wild Green Yonder,mask_50,12;14;28;35;878,Adventure; Fantasy; Action; Comedy; Science Fiction,5
402,Amélie,mask_50,14;18;35;10749,Fantasy; Drama; Comedy; Romance,4
7862,The Zero Theorem,mask_50,12;18;35;53;878,Adventure; Drama; Comedy; Thriller; Science Fiction,5
4335,The Dry,mask_50,18;35,Drama; Comedy,2
9059,A Christmas Horror Story,mask_50,35;10751,Comedy; Family,2
7776,Cocktail,mask_50,18;35;10751,Drama; Comedy; Family,3
1341,Boyhood,mask_50,12;18;35;10751,Adventure; Drama; Comedy; Family,4
6666,Octopussy,mask_50,12;28;53;80;9648,Adventure; Action; Thriller; Crime; Mystery,5
2993,Welcome to the Dollhouse,mask_50,18;35;10751,Drama; Comedy; Family,3
6943,Mighty Joe Young,mask_50,12;18;27;53,Adventure; Drama; Horror; Thriller,4
3669,Insomnia,mask_50,27;35;53;80;9648,Horror; Comedy; Thriller; Crime; Mystery,5
1993,The Magnificent Ambersons,mask_50,12;14;18;35;10749;10751,Adventure; Fantasy; Drama; Comedy; Romance; Family,6
7315,Knight and Day,mask_50,12;18;53,Adventure; Drama; Thriller,3
3411,The High Note,mask_50,12;16;18;35;10749;10751,Adventure; Animation; Drama; Comedy; Romance; Family,6
9198,Red Planet,mask_50,12;35;53;878,Adventure; Comedy; Thriller; Science Fiction,4
4056,Hellraiser,mask_50,12;14;16;18;35;10751,Adventure; Fantasy; Animation; Drama; Comedy; Family,6
286,Robot Dreams,mask_50,12;16;18;35;878;10749;10751,Adventure; Animation; Drama; Comedy; Science Fiction; Romance; Family,7
5815,RED 2,mask_50,12;18;28;35;878,Adventure; Drama; Action; Comedy; Science Fiction,5
8807,Sgt. Bilko,mask_50,18;28;35;10752,Drama; Action; Comedy; War,4
6362,Drop,mask_50,18;27;35;10749,Drama; Horror; Comedy; Romance,4
2517,Maria Full of Grace,mask_50,12;18;35;10751,Adventure; Drama; Comedy; Family,4
7212,Sky High,mask_50,12;14;16;28;878;10751,Adventure; Fantasy; Animation; Action; Science Fiction; Family,6
3346,After We Fell,mask_50,18;35;53;10749,Drama; Comedy; Thriller; Romance,4
1720,Once Were Warriors,mask_50,18,Drama,1
714,Notorious,mask_50,18;28;53,Drama; Action; Thriller,3
1554,Erin Brockovich,mask_50,18;35;53,Drama; Comedy; Thriller,3
8887,Fading Gigolo,mask_50,12;35;10751,Adventure; Comedy; Family,3
9701,Forces of Nature,mask_50,12;28;35;10751,Adventure; Action; Comedy; Family,4
178,Portrait of a Lady on Fire,mask_50,18;10749,Drama; Romance,2
304,Sound of Freedom,mask_50,18;35,Drama; Comedy,2
3262,Apollo 10½: A Space Age Childhood,mask_50,12;14;18;35;10751,Adventure; Fantasy; Drama; Comedy; Family,5
4420,Black or White,mask_50,18,Drama,1
2071,Dog,mask_50,18;35,Drama; Comedy,2
7008,Cannibal Holocaust,mask_50,12;18;878,Adventure; Drama; Science Fiction,3
5176,House of Usher,mask_50,,,0
5834,The Ref,mask_50,27;35;53,Horror; Comedy; Thriller,3
7352,Zambezia,mask_50,12;16;18;10751,Adventure; Animation; Drama; Family,4
9847,Slumber,mask_50,14;27;53,Fantasy; Horror; Thriller,3
2049,Deliverance,mask_50,18;53,Drama; Thriller,2
3354,C'est la vie!,mask_50,35;10749,Comedy; Romance,2
1715,Hour of the Wolf,mask_50,18;35;10749,Drama; Comedy; Romance,3
6888,Bad Taste,mask_50,12;16;28;35;878;10751,Adventure; Animation; Action; Comedy; Science Fiction; Family,6
9031,Big Momma's House 2,mask_50,12;16;28;35;10751,Adventure; Animation; Action; Comedy; Family,5
5442,Brewster's Millions,mask_50,18;35;53,Drama; Comedy; Thriller,3
5007,The Return,mask_50,14;18;27;35;10751,Fantasy; Drama; Horror; Comedy; Family,5
1430,Fist of Legend,mask_50,12;18;28;35,Adventure; Drama; Action; Comedy,4
2489,Little Manhattan,mask_50,14;18;35;10751,Fantasy; Drama; Comedy; Family,4
2545,Time to Hunt,mask_50,12;28;35;53;80,Adventure; Action; Comedy; Thriller; Crime,5
4713,Germinal,mask_50,18;53;80,Drama; Thriller; Crime,3
1146,Inside Out 2,mask_50,18;27;35;53;9648,Drama; Horror; Comedy; Thriller; Mystery,5
8853,Replicant,mask_50,28;35;53;80;878,Action; Comedy; Thriller; Crime; Science Fiction,5
6468,Baggio: The Divine Ponytail,mask_50,18;35,Drama; Comedy,2
3347,One Night in Miami...,mask_50,18;28;36,Drama; Action; History,3
1334,Band of Outsiders,mask_50,35,Comedy,1
9438,Diana,mask_50,12;18,Adventure; Drama,2
967,The Turin Horse,mask_50,18,Drama,1
8297,Anon,mask_50,18;27;53;878;9648,Drama; Horror; Thriller; Science Fiction; Mystery,5
5244,Contagion,mask_50,27;28;53;878,Horror; Action; Thriller; Science Fiction,4
4592,Teen Beach 2,mask_50,14;16;35;10751,Fantasy; Animation; Comedy; Family,4
8526,Thanks for Sharing,mask_50,18;35;10749,Drama; Comedy; Romance,3
9994,Hollywood Homicide,mask_50,18;35;53;80,Drama; Comedy; Thriller; Crime,4
496,Perfect Strangers,mask_50,18;35,Drama; Comedy,2
971,Sniper: The White Raven,mask_50,12;18;28,Adventure; Drama; Action,3
7663,That Awkward Moment,mask_50,18;35;10749,Drama; Comedy; Romance,3
9161,Urban Legend,mask_50,27;35;53;9648,Horror; Comedy; Thriller; Mystery,4
3785,Streets of Fire,mask_50,35;10749,Comedy; Romance,2
9172,The Midnight Sky,mask_50,12;18;53;878,Adventure; Drama; Thriller; Science Fiction,4
4882,Boiler Room,mask_50,18;35,Drama; Comedy,2
7824,Trouble at Timpetill,mask_50,18;27,Drama; Horror,2
2979,Lamp Life,mask_50,16;18;35;10751,Animation; Drama; Comedy; Family,4
8429,The Oxford Murders,mask_50,18;27;53;80;9648,Drama; Horror; Thriller; Crime; Mystery,5
1654,They Call Me Jeeg,mask_50,12;28;35,Adventure; Action; Comedy,3
7583,Never Been Kissed,mask_50,18;35,Drama; Comedy,2
5921,The Invisible Guardian,mask_50,14;18;27;9648,Fantasy; Drama; Horror; Mystery,4
8963,Robinson Crusoe,mask_50,12;14;16;35;10751,Adventure; Fantasy; Animation; Comedy; Family,5
382,"Batman: The Dark Knight Returns, Part 2",mask_50,12;16;28;35;878;10751,Adventure; Animation; Action; Comedy; Science Fiction; Family,6
1746,Law Abiding Citizen,mask_50,18;28;53;80,Drama; Action; Thriller; Crime,4
7134,Ant-Man and the Wasp: Quantumania,mask_50,12;16;28;35;878;10751,Adventure; Animation; Action; Comedy; Science Fiction; Family,6
1215,The Second Tragic Fantozzi,mask_50,18;35;10751,Drama; Comedy; Family,3
7345,Jigsaw,mask_50,27;28;53;80;878,Horror; Action; Thriller; Crime; Science Fiction,5
2859,Matthias & Maxime,mask_50,18;35;10749,Drama; Comedy; Romance,3
2502,The Ten Commandments: The Movie,mask_50,12;18;36,Adventure; Drama; History,3
1396,Birdman of Alcatraz,mask_50,18;53,Drama; Thriller,2
1465,The Croods: A New Age,mask_50,12;16;35;10751,Adventure; Animation; Comedy; Family,4
5305,Valerian and the City of a Thousand Planets,mask_50,12;28;878,Adventure; Action; Science Fiction,3
4897,Just Go with It,mask_50,18;35;53;10749,Drama; Comedy; Thriller; Romance,4
1598,Trinity Is Still My Name,mask_50,12;28;35;80;10751,Adventure; Action; Comedy; Crime; Family,5
4615,Primer,mask_50,18;878,Drama; Science Fiction,2
9232,The Art of War,mask_50,12;18;28;53,Adventure; Drama; Action; Thriller,4
5315,Mr. Morgan's Last Love,mask_50,18;35;10749,Drama; Comedy; Romance,3
1609,American Me,mask_50,18;28;53;80,Drama; Action; Thriller; Crime,4
6534,Creep,mask_50,18;35,Drama; Comedy,2
3561,The White Tiger,mask_50,12;18;28;35,Adventure; Drama; Action; Comedy,4
3143,The Matrix Reloaded,mask_50,12;28;53;878,Adventure; Action; Thriller; Science Fiction,4
1986,Just Another Christmas,mask_50,16;35;10751,Animation; Comedy; Family,3
8285,Flight of the Phoenix,mask_50,12;18;28;35,Adventure; Drama; Action; Comedy,4
8843,The Big Wedding,mask_50,12;16;35;10751,Adventure; Animation; Comedy; Family,4
1234,The Girl with the Dragon Tattoo,mask_50,18;53,Drama; Thriller,2
4540,Battlestar Galactica: The Plan,mask_50,12;28;35;53;878,Adventure; Action; Comedy; Thriller; Science Fiction,5
5519,The Lord of the Rings,mask_50,12;14;16;28;35;878,Adventure; Fantasy; Animation; Action; Comedy; Science Fiction,6
3791,Tracks,mask_50,12;18;35;10749;10751,Adventure; Drama; Comedy; Romance; Family,5
1189,Let the Right One In,mask_50,16;18;35;10751,Animation; Drama; Comedy; Family,4
9436,Max Steel,mask_50,12;14;16;28;35;878;10751,Adventure; Fantasy; Animation; Action; Comedy; Science Fiction; Family,7
4641,Jersey Boys,mask_50,18;35;10402;10751,Drama; Comedy; Music; Family,4
4769,The Fog,mask_50,14;27;35;53;878;9648,Fantasy; Horror; Comedy; Thriller; Science Fiction; Mystery,6
5031,Meet the Parents,mask_50,35;53,Comedy; Thriller,2
7593,Jumper,mask_50,12;18;35;878;10751,Adventure; Drama; Comedy; Science Fiction; Family,5
7709,The Amityville Horror,mask_50,18;35;10749,Drama; Comedy; Romance,3
8969,Fantastic Four,mask_50,12;14;16;28;35;878;10751,Adventure; Fantasy; Animation; Action; Comedy; Science Fiction; Family,7
6047,The Last Days of American Crime,mask_50,18;35;53;878,Drama; Comedy; Thriller; Science Fiction,4
7284,Bridget Jones: The Edge of Reason,mask_50,18;35;80;10749,Drama; Comedy; Crime; Romance,4
8021,Sleepover,mask_50,16;35;10751,Animation; Comedy; Family,3
7868,Village of the Damned,mask_50,12;27;35;10751,Adventure; Horror; Comedy; Family,4
6837,Bend It Like Beckham,mask_50,18;35;10749;10751,Drama; Comedy; Romance; Family,4
2632,Invictus,mask_50,18;35;36,Drama; Comedy; History,3
1775,Burning,mask_50,12;14;16;35;10749;10751,Adventure; Fantasy; Animation; Comedy; Romance; Family,6
6545,Wonder Wheel,mask_50,16;18;35;10751,Animation; Drama; Comedy; Family,4
8751,The Spy Next Door,mask_50,35;53,Comedy; Thriller,2
5118,Back to Black,mask_50,18;35;10749,Drama; Comedy; Romance,3
1843,The Big Short,mask_50,18;28;35;36,Drama; Action; Comedy; History,4
4243,The Man Who Invented Christmas,mask_50,14;18;35;10751,Fantasy; Drama; Comedy; Family,4
7744,Once Upon a Time in Bethlehem,mask_50,12;14;27;28;35;878,Adventure; Fantasy; Horror; Action; Comedy; Science Fiction,6
9752,Poison Ivy,mask_50,18;35;10749,Drama; Comedy; Romance,3
2286,Star Wars: The Force Awakens,mask_50,12;16;28;35;878,Adventure; Animation; Action; Comedy; Science Fiction,5
7217,"Marry Me, Dude",mask_50,18;35;10749,Drama; Comedy; Romance,3
2203,Heathers,mask_50,18;35,Drama; Comedy,2
8900,Big Momma's House,mask_50,12;35;10751,Adventure; Comedy; Family,3
6554,The Awakening,mask_50,18;27;53;9648,Drama; Horror; Thriller; Mystery,4
2003,The Sea Beast,mask_50,12;14;16;28;35;878;10751,Adventure; Fantasy; Animation; Action; Comedy; Science Fiction; Family,7
1265,Tell It to the Bees,mask_50,18;35;10751,Drama; Comedy; Family,3
3555,The Amateur,mask_50,18;28;53;80,Drama; Action; Thriller; Crime,4
2763,Peter Pan,mask_50,12;14;16;35;10751,Adventure; Fantasy; Animation; Comedy; Family,5
755,The Sound of Music,mask_50,12;14;18;35;10751,Adventure; Fantasy; Drama; Comedy; Family,5
8019,French Twist,mask_50,18;35;10749,Drama; Comedy; Romance,3
5983,Kinds of Kindness,mask_50,12;14;16;35;10751,Adventure; Fantasy; Animation; Comedy; Family,5
6710,The Good Shepherd,mask_50,12;18,Adventure; Drama,2
5045,Geek Charming,mask_50,35;10749,Comedy; Romance,2
8534,The Specialist,mask_50,28;35;53;80,Action; Comedy; Thriller; Crime,4
3843,Crazy Heart,mask_50,18;35,Drama; Comedy,2
6830,The Bar,mask_50,27;35;53;80,Horror; Comedy; Thriller; Crime,4
6072,The Manchurian Candidate,mask_50,12;18;28;35,Adventure; Drama; Action; Comedy,4
9814,Downsizing,mask_50,18;35;10749,Drama; Comedy; Romance,3
7982,Justice League,mask_50,12;14;16;28;35;878;10751,Adventure; Fantasy; Animation; Action; Comedy; Science Fiction; Family,7
3996,Saboteur,mask_50,18;28;53;80,Drama; Action; Thriller; Crime,4
651,Dune,mask_50,12;28;53;878,Adventure; Action; Thriller; Science Fiction,4
555,A Fistful of Dollars,mask_50,12;18;28;35;53,Adventure; Drama; Action; Comedy; Thriller,5
2284,The Hurt Locker,mask_50,12;28;35;10752,Adventure; Action; Comedy; War,4
3708,The Angels' Share,mask_50,18;35,Drama; Comedy,2
6832,The Immigrant,mask_50,18;35;10749,Drama; Comedy; Romance,3
40,Se7en,mask_50,27;53;80;9648,Horror; Thriller; Crime; Mystery,4
1083,Brother,mask_50,28;35;53,Action; Comedy; Thriller,3
3234,Red One,mask_50,12;14;16;28;35;53;878;10751,Adventure; Fantasy; Animation; Action; Comedy; Thriller; Science Fiction; Family,8
8155,Despite Everything,mask_50,18;35;10749,Drama; Comedy; Romance,3
92,Avengers: Infinity War,mask_50,12;14;16;28;878,Adventure; Fantasy; Animation; Action; Science Fiction,5
1154,We Need to Talk About Kevin,mask_50,18;27,Drama; Horror,2
5901,Revenge,mask_50,18;35;10749,Drama; Comedy; Romance,3
521,Dances with Wolves,mask_50,18;53,Drama; Thriller,2
7454,Elizabethtown,mask_50,18;35,Drama; Comedy,2
2694,Boyka: Undisputed IV,mask_50,12;16;28,Adventure; Animation; Action,3
8724,Beverly Hills Cop III,mask_50,12;28;35;53;878,Adventure; Action; Comedy; Thriller; Science Fiction,5
7149,Killer Elite,mask_50,12;16;28;35;53;10751,Adventure; Animation; Action; Comedy; Thriller; Family,6
6778,I Want You Back,mask_50,16;35;10749;10751,Animation; Comedy; Romance; Family,4
414,Army of Shadows,mask_50,12;18;28;53,Adventure; Drama; Action; Thriller,4
7587,Bright,mask_50,35;53,Comedy; Thriller,2
3261,The Lake House,mask_50,18;35,Drama; Comedy,2
7476,The Big White,mask_50,12;28;35;53;80,Adventure; Action; Comedy; Thriller; Crime,5
2780,Stargate: The Ark of Truth,mask_50,12;16;28;878,Adventure; Animation; Action; Science Fiction,4
2331,Team Thor,mask_50,12;18;28;36;878;10752,Adventure; Drama; Action; History; Science Fiction; War,6
3596,Addams Family Values,mask_50,35;10751,Comedy; Family,2
9724,Serenity,mask_50,18;35,Drama; Comedy,2
6912,The Fury,mask_50,12;28;35;53;878;10751,Adventure; Action; Comedy; Thriller; Science Fiction; Family,6
6482,"Hello, My Name Is Doris",mask_50,18;35;10749,Drama; Comedy; Romance,3
1105,Ferris Bueller's Day Off,mask_50,18;35;10749;10751,Drama; Comedy; Romance; Family,4
5399,Side Effects,mask_50,18;53;10749,Drama; Thriller; Romance,3
4460,2048: Nowhere to Run,mask_50,18;28;35;878,Drama; Action; Comedy; Science Fiction,4
6071,School Ties,mask_50,18;35,Drama; Comedy,2
5999,Borgman,mask_50,14;18;27;35,Fantasy; Drama; Horror; Comedy,4
4712,What If,mask_50,16;18;35;10749;10751,Animation; Drama; Comedy; Romance; Family,5
1640,The Muppet Christmas Carol,mask_50,14;18;35;10751,Fantasy; Drama; Comedy; Family,4
709,The Color Purple,mask_50,18;35;10749;10751,Drama; Comedy; Romance; Family,4
7223,Parkland,mask_50,18,Drama,1
6026,A Guide to Recognizing Your Saints,mask_50,18,Drama,1
9249,Office Christmas Party,mask_50,18;35,Drama; Comedy,2
3899,36th Precinct,mask_50,18;28;35;53;80,Drama; Action; Comedy; Thriller; Crime,5
1056,Beasts of No Nation,mask_50,12;16;18;10751,Adventure; Animation; Drama; Family,4
2852,Suspicion,mask_50,18;35;53,Drama; Comedy; Thriller,3
5621,Star Wars: Episode I - The Phantom Menace,mask_50,12;16;28;878,Adventure; Animation; Action; Science Fiction,4
946,Boogie Nights,mask_50,18;35;10749,Drama; Comedy; Romance,3
689,The Untouchables,mask_50,18;35,Drama; Comedy,2
6974,Single White Female,mask_50,18;35;10749,Drama; Comedy; Romance,3
1686,The Omen,mask_50,12;14;27;9648,Adventure; Fantasy; Horror; Mystery,4
4271,The Red Sea Diving Resort,mask_50,12;18;28;36;53;10752,Adventure; Drama; Action; History; Thriller; War,6
9555,The Platform 2,mask_50,12;16;28;53;878,Adventure; Animation; Action; Thriller; Science Fiction,5
5844,Young Guns II,mask_50,18;28;80,Drama; Action; Crime,3
9511,Horizon Line,mask_50,18;35;10749,Drama; Comedy; Romance,3
1034,Sin Nombre,mask_50,12;18;28;35,Adventure; Drama; Action; Comedy,4
6309,Halloween Kills,mask_50,12;27;28;53,Adventure; Horror; Action; Thriller,4
7233,Rock Dog,mask_50,12;14;16;18;35;10751,Adventure; Fantasy; Animation; Drama; Comedy; Family,6
3638,Tsotsi,mask_50,12;16;18;35;10751,Adventure; Animation; Drama; Comedy; Family,5
900,Cat on a Hot Tin Roof,mask_50,18;35;10749,Drama; Comedy; Romance,3
9763,King Solomon's Mines,mask_50,12;18;28,Adventure; Drama; Action,3
2635,Sweeney Todd: The Demon Barber of Fleet Street,mask_50,18;35;10749;10751,Drama; Comedy; Romance; Family,4
1948,Christiane F.,mask_50,18;35;10402,Drama; Comedy; Music,3
132,Bicycle Thieves,mask_50,18;28;35;53;80,Drama; Action; Comedy; Thriller; Crime,5
5596,No Man of God,mask_50,18;35,Drama; Comedy,2
1819,Waves,mask_50,18;53,Drama; Thriller,2
4439,The Swan,mask_50,12;16;18;35;10751,Adventure; Animation; Drama; Comedy; Family,5
349,Mirror,mask_50,18;10752,Drama; War,2
1163,The Snowman,mask_50,12;14;16;18;35;10751,Adventure; Fantasy; Animation; Drama; Comedy; Family,6
2929,Punch-Drunk Love,mask_50,18;35,Drama; Comedy,2
9539,King of Thieves,mask_50,12;18;35;53;80,Adventure; Drama; Comedy; Thriller; Crime,5
341,All Your Faces,mask_50,18;53;80,Drama; Thriller; Crime,3
4040,No Way Out,mask_50,18;35;53;9648;10749,Drama; Comedy; Thriller; Mystery; Romance,5
2580,Barbara,mask_50,18,Drama,1
6187,The Great Outdoors,mask_50,35;10749,Comedy; Romance,2
776,Rurouni Kenshin Part III: The Legend Ends,mask_50,12;14;16;28;35;10751,Adventure; Fantasy; Animation; Action; Comedy; Family,6
2406,Crazy About Her,mask_50,18;35;10749,Drama; Comedy; Romance,3
4254,Outlaw King,mask_50,12;14;18;28;36,Adventure; Fantasy; Drama; Action; History,5
5105,A Good Year,mask_50,18;35;53,Drama; Comedy; Thriller,3
6701,The Taking of Pelham 1 2 3,mask_50,12;28;35;53;80,Adventure; Action; Comedy; Thriller; Crime,5
8319,Poltergeist II: The Other Side,mask_50,12;14;27;10751,Adventure; Fantasy; Horror; Family,4
6647,The Man Who Knew Too Little,mask_50,18;35;53;80,Drama; Comedy; Thriller; Crime,4
9463,The Sweetest Thing,mask_50,16;35;10751,Animation; Comedy; Family,3
5469,Angel Has Fallen,mask_50,18;28;53,Drama; Action; Thriller,3
7305,Kidnap,mask_50,12;18;10751,Adventure; Drama; Family,3
4563,High Tension,mask_50,16;35;10749,Animation; Comedy; Romance,3
7657,Cujo,mask_50,18;27;53,Drama; Horror; Thriller,3
8270,Guess Who,mask_50,18;35;10749,Drama; Comedy; Romance,3
5602,Welcome to the Rileys,mask_50,18;35,Drama; Comedy,2
2400,The Lego Batman Movie,mask_50,12;16;28;35;80,Adventure; Animation; Action; Comedy; Crime,5
1004,The Philadelphia Story,mask_50,18;35;53;10749,Drama; Comedy; Thriller; Romance,4
3083,Superman: Man of Tomorrow,mask_50,12;16;28;53;878,Adventure; Animation; Action; Thriller; Science Fiction,5
30,The Lord of the Rings: The Two Towers,mask_50,12;14;16;28;35,Adventure; Fantasy; Animation; Action; Comedy,5
1263,The Conversation,mask_50,18;28;53;80;9648,Drama; Action; Thriller; Crime; Mystery,5
3810,Fear of Rain,mask_50,18;27;53;9648,Drama; Horror; Thriller; Mystery,4
8803,Mighty Morphin Power Rangers: The Movie,mask_50,12;14;16;28;35;878;10751,Adventure; Fantasy; Animation; Action; Comedy; Science Fiction; Family,7
583,Demon Slayer: Kimetsu no Yaiba Infinity Castle,mask_50,12;14;16;27;28,Adventure; Fantasy; Animation; Horror; Action,5
6256,The Girl on the Train,mask_50,18;35;10749,Drama; Comedy; Romance,3
5639,Ocean's Twelve,mask_50,18;28;35;80,Drama; Action; Comedy; Crime,4
7245,Like Father,mask_50,18;35;10749,Drama; Comedy; Romance,3
5319,Cypher,mask_50,28;35;53;80,Action; Comedy; Thriller; Crime,4
5952,Love at First Fight,mask_50,18;35;10749,Drama; Comedy; Romance,3
6771,Yummy,mask_50,27;35;53;878,Horror; Comedy; Thriller; Science Fiction,4
2704,After We Collided,mask_50,18;10749,Drama; Romance,2
4232,The Taste of Others,mask_50,18;35,Drama; Comedy,2
8102,Starry Eyes,mask_50,12;28;35;878,Adventure; Action; Comedy; Science Fiction,4
1271,E.T. the Extra-Terrestrial,mask_50,12;16;35;878;10751,Adventure; Animation; Comedy; Science Fiction; Family,5
1771,The Fighter,mask_50,18;28;35,Drama; Action; Comedy,3
4190,Iron Man 2,mask_50,12;18;28;35;878,Adventure; Drama; Action; Comedy; Science Fiction,5
9336,Babe: Pig in the City,mask_50,12;16;18;35;10749;10751,Adventure; Animation; Drama; Comedy; Romance; Family,6
278,Scooby-Doo! and Kiss: Rock and Roll Mystery,mask_50,12;14;16;28;35;878;10751,Adventure; Fantasy; Animation; Action; Comedy; Science Fiction; Family,7
6246,Pontypool,mask_50,16;27;35;10751,Animation; Horror; Comedy; Family,4
606,Die Hard,mask_50,28;35;53;80,Action; Comedy; Thriller; Crime,4
638,Freaks,mask_50,18;35;10749,Drama; Comedy; Romance,3
2320,"Lust, Caution",mask_50,12;16;28;35,Adventure; Animation; Action; Comedy,4
1711,Happy as Lazzaro,mask_50,14;18;35;10751,Fantasy; Drama; Comedy; Family,4
7726,Pacific Rim: Uprising,mask_50,12;18;28;53;878,Adventure; Drama; Action; Thriller; Science Fiction,5
5162,Tron,mask_50,28;35;53;878,Action; Comedy; Thriller; Science Fiction,4
8223,The Last Summer,mask_50,18;35;10749,Drama; Comedy; Romance,3
507,Scooby-Doo! Camp Scare,mask_50,16;27;35;10751,Animation; Horror; Comedy; Family,4
6279,Outland,mask_50,18;35;53;80,Drama; Comedy; Thriller; Crime,4
9998,Repossessed,mask_50,14;27;35,Fantasy; Horror; Comedy,3
2817,Dragon Ball Z: Bojack Unbound,mask_50,12;14;28;35;80,Adventure; Fantasy; Action; Comedy; Crime,5
7110,#realityhigh,mask_50,18;35;10749,Drama; Comedy; Romance,3
7215,Clean,mask_50,18;35,Drama; Comedy,2
8956,Brick,mask_50,27;53;878,Horror; Thriller; Science Fiction,3
1225,Father There Is Only One 2,mask_50,18;35,Drama; Comedy,2
2844,Bad Boys for Life,mask_50,28;35;53;80,Action; Comedy; Thriller; Crime,4
7171,Unsane,mask_50,18;27;53;9648,Drama; Horror; Thriller; Mystery,4
9108,The Ward,mask_50,27;53;9648,Horror; Thriller; Mystery,3
353,Tel chi el telùn,mask_50,14;16;18;35;10751,Fantasy; Animation; Drama; Comedy; Family,5
5141,Overboard,mask_50,18;28;35;53;80,Drama; Action; Comedy; Thriller; Crime,5
4401,The Family Man,mask_50,12;14;16;35;10749;10751,Adventure; Fantasy; Animation; Comedy; Romance; Family,6
8003,Infinity Pool,mask_50,18;28;53;80,Drama; Action; Thriller; Crime,4
7218,The Expendables,mask_50,12;28;35;53,Adventure; Action; Comedy; Thriller,4
1513,Dunkirk,mask_50,12;18;10752,Adventure; Drama; War,3
4096,The Jacket,mask_50,12;14;18;28;878,Adventure; Fantasy; Drama; Action; Science Fiction,5
9377,Darkness,mask_50,18;27;53,Drama; Horror; Thriller,3
5039,Planet Terror,mask_50,18;27;35,Drama; Horror; Comedy,3
10,Parasite,mask_50,18;35,Drama; Comedy,2
9857,Wrecked,mask_50,18;28;53,Drama; Action; Thriller,3
7319,The Incredible Hulk,mask_50,12;16;18;28;878,Adventure; Animation; Drama; Action; Science Fiction,5
1604,Bullet Train,mask_50,12;14;16;28;35;878;10751,Adventure; Fantasy; Animation; Action; Comedy; Science Fiction; Family,7
2652,Compagni di scuola,mask_50,18;35,Drama; Comedy,2
7969,Erased,mask_50,12;18;28;35;53;80,Adventure; Drama; Action; Comedy; Thriller; Crime,6
4844,Nosferatu,mask_50,14;18;27;53,Fantasy; Drama; Horror; Thriller,4
9453,Inconceivable,mask_50,18;27;53,Drama; Horror; Thriller,3
4308,World War Z,mask_50,12;18;28;53;878,Adventure; Drama; Action; Thriller; Science Fiction,5
4367,Danger Close: The Battle of Long Tan,mask_50,12;18;35,Adventure; Drama; Comedy,3
4104,Barbie: A Fairy Secret,mask_50,12;14;16;35;10751,Adventure; Fantasy; Animation; Comedy; Family,5
5831,The Amazing Spider-Man 2,mask_50,14;16;28;35;10751,Fantasy; Animation; Action; Comedy; Family,5
8014,Spoiled Brats,mask_50,12;18;35;10751,Adventure; Drama; Comedy; Family,4
7036,Insidious: Chapter 3,mask_50,18;27;53;9648,Drama; Horror; Thriller; Mystery,4
6669,The Blair Witch Project,mask_50,18;27;9648,Drama; Horror; Mystery,3
1478,Lifted,mask_50,12;27;35;878;10751,Adventure; Horror; Comedy; Science Fiction; Family,5
7325,Monster-in-Law,mask_50,18;35;10749,Drama; Comedy; Romance,3
7483,Hummingbird,mask_50,18;28;53,Drama; Action; Thriller,3
5542,Get the Gringo,mask_50,12;16;18;35;10751,Adventure; Animation; Drama; Comedy; Family,5
4516,Chappie,mask_50,12;14;16;18;35;10751,Adventure; Fantasy; Animation; Drama; Comedy; Family,6
440,Miracle in Cell No. 7,mask_50,18;53;80,Drama; Thriller; Crime,3
6612,Curly Sue,mask_50,18;35;80,Drama; Comedy; Crime,3
8885,Drillbit Taylor,mask_50,18;28;35;80,Drama; Action; Comedy; Crime,4
1335,Emergency Declaration,mask_50,12;18;27;28;53,Adventure; Drama; Horror; Action; Thriller,5
7269,Red Heat,mask_50,18;28;35;53;80,Drama; Action; Comedy; Thriller; Crime,5
2238,Trolls Band Together,mask_50,12;18;35;10751,Adventure; Drama; Comedy; Family,4
1158,Pandora,mask_50,18;53;878,Drama; Thriller; Science Fiction,3
2104,Kiss and Cry,mask_50,18,Drama,1
5863,Rio 2,mask_50,12;14;35;10751,Adventure; Fantasy; Comedy; Family,4
4764,Altered States,mask_50,18;878,Drama; Science Fiction,2
9468,Iron Eagle,mask_50,18;28;35;53,Drama; Action; Comedy; Thriller,4
4952,Hillbilly Elegy,mask_50,18;35;10749,Drama; Comedy; Romance,3
9004,Josie and the Pussycats,mask_50,18;35;10402;10749,Drama; Comedy; Music; Romance,4
1976,Glengarry Glen Ross,mask_50,35;80,Comedy; Crime,2
5068,Parenthood,mask_50,12;18;35;10751,Adventure; Drama; Comedy; Family,4
5629,The Brothers Bloom,mask_50,12;16;35;10751,Adventure; Animation; Comedy; Family,4
6355,The Second Best Exotic Marigold Hotel,mask_50,18;35,Drama; Comedy,2
1066,Tombstone,mask_50,12;28;35,Adventure; Action; Comedy,3
928,Mickey's Christmas Carol,mask_50,14;16;35;10751,Fantasy; Animation; Comedy; Family,4
2189,Nosferatu the Vampyre,mask_50,14;18;27;35;10749,Fantasy; Drama; Horror; Comedy; Romance,5
3026,Batman: Death in the Family,mask_50,18;28,Drama; Action,2
7938,Queen of the Damned,mask_50,12;14;16;28,Adventure; Fantasy; Animation; Action,4
5436,"Me, Myself & Irene",mask_50,18;35;80,Drama; Comedy; Crime,3
3215,Caché,mask_50,18;35;10751,Drama; Comedy; Family,3
8379,Friends with Kids,mask_50,18;35;10749;10751,Drama; Comedy; Romance; Family,4
455,My Hero Academia: Two Heroes,mask_50,12;16;28;35;878;10751,Adventure; Animation; Action; Comedy; Science Fiction; Family,6
8199,Leaves of Grass,mask_50,35,Comedy,1
7507,Blood Father,mask_50,18;28;35;53;80,Drama; Action; Comedy; Thriller; Crime,5
7647,The Weather Man,mask_50,18;35;10749,Drama; Comedy; Romance,3
2317,The Past,mask_50,18;35;10749,Drama; Comedy; Romance,3
6662,Talladega Nights: The Ballad of Ricky Bobby,mask_50,18;28;35,Drama; Action; Comedy,3
1645,Women on the Verge of a Nervous Breakdown,mask_50,35;53,Comedy; Thriller,2
4317,To All the Boys: P.S. I Still Love You,mask_50,14;16;35;10751,Fantasy; Animation; Comedy; Family,4
2774,Descendants,mask_50,12;14;16;35;10751,Adventure; Fantasy; Animation; Comedy; Family,5
6250,Luther,mask_50,18;36,Drama; History,2
3387,Stargate,mask_50,12;14;16;878,Adventure; Fantasy; Animation; Science Fiction,4
3710,24 Hour Party People,mask_50,18;35,Drama; Comedy,2
6835,Heist,mask_50,18;28;35;53;80,Drama; Action; Comedy; Thriller; Crime,5
3696,Silkwood,mask_50,18;27;53;80;878,Drama; Horror; Thriller; Crime; Science Fiction,5
8622,Little Man,mask_50,12;14;35;10751,Adventure; Fantasy; Comedy; Family,4
4822,Terrified,mask_50,18;35;53;9648,Drama; Comedy; Thriller; Mystery,4
1832,Scooby-Doo and the Ghoul School,mask_50,16;35;10751,Animation; Comedy; Family,3
7530,Throw Momma from the Train,mask_50,18;35;53,Drama; Comedy; Thriller,3
7327,Force 10 from Navarone,mask_50,12;28;53;10752,Adventure; Action; Thriller; War,4
9367,Time Cut,mask_50,35;53;878,Comedy; Thriller; Science Fiction,3
6840,Windtalkers,mask_50,18;28;53,Drama; Action; Thriller,3
7734,Ip Man: The Final Fight,mask_50,12;28;878,Adventure; Action; Science Fiction,3
2313,Z-O-M-B-I-E-S,mask_50,18;35;10749,Drama; Comedy; Romance,3
684,Life of Brian,mask_50,18;35,Drama; Comedy,2
169,Red Beard,mask_50,18;35,Drama; Comedy,2
1443,Free Guy,mask_50,12;14;28;35,Adventure; Fantasy; Action; Comedy,4
5612,The Son of Bigfoot,mask_50,12;14;16;27;35;878;10751,Adventure; Fantasy; Animation; Horror; Comedy; Science Fiction; Family,7
3381,Martin Eden,mask_50,18;36,Drama; History,2
6677,Roald Dahl's The Witches,mask_50,12;14;18;27;35;10751,Adventure; Fantasy; Drama; Horror; Comedy; Family,6
6123,Fantozzi Still Suffers,mask_50,35;10751,Comedy; Family,2
3317,Brain on Fire,mask_50,18;27;53;9648,Drama; Horror; Thriller; Mystery,4
4636,Frankie and Johnny,mask_50,18;35;80;10749,Drama; Comedy; Crime; Romance,4
923,Time of the Gypsies,mask_50,12;14;16;18,Adventure; Fantasy; Animation; Drama,4
5063,The Words,mask_50,18;35,Drama; Comedy,2
3713,The Three Musketeers: D'Artagnan,mask_50,12;14;16;18;35,Adventure; Fantasy; Animation; Drama; Comedy,5
7235,The Astronaut Farmer,mask_50,12;18;28;35,Adventure; Drama; Action; Comedy,4
2570,Utøya: July 22,mask_50,18;53,Drama; Thriller,2
8696,The Jungle Book 2,mask_50,12;14;16;35;10751,Adventure; Fantasy; Animation; Comedy; Family,5
3942,Locke,mask_50,12;35;10751,Adventure; Comedy; Family,3
5856,Beverly Hills Cop II,mask_50,12;28;35;53;80,Adventure; Action; Comedy; Thriller; Crime,5
2986,Starred Up,mask_50,18;35;53;80,Drama; Comedy; Thriller; Crime,4
1224,Anonymously Yours,mask_50,18;35;10749,Drama; Comedy; Romance,3
8447,Beyond Re-Animator,mask_50,18;53;878,Drama; Thriller; Science Fiction,3
2611,Toy Story of Terror!,mask_50,12;16;27;35;10751,Adventure; Animation; Horror; Comedy; Family,5
4338,City of Angels,mask_50,12;14;28;35;878;10751,Adventure; Fantasy; Action; Comedy; Science Fiction; Family,6
269,For a Few Dollars More,mask_50,18;28;35;80,Drama; Action; Comedy; Crime,4
9122,Miss Congeniality 2: Armed and Fabulous,mask_50,18;35,Drama; Comedy,2
4983,21,mask_50,18;35,Drama; Comedy,2
7521,Bad Lieutenant: Port of Call - New Orleans,mask_50,18;28;53,Drama; Action; Thriller,3
9100,The Jack in the Box,mask_50,14;16;27;35;878;10751,Fantasy; Animation; Horror; Comedy; Science Fiction; Family,6
4660,The Mummy,mask_50,14;18;27,Fantasy; Drama; Horror,3
5841,Just Wright,mask_50,18;35;10749;10751,Drama; Comedy; Romance; Family,4
3986,The X-Files,mask_50,12;28;35;53;80;878,Adventure; Action; Comedy; Thriller; Crime; Science Fiction,6
144,Vertigo,mask_50,18;27;35;53;9648,Drama; Horror; Comedy; Thriller; Mystery,5
3414,Anplagghed al Cinema,mask_50,18;35;53,Drama; Comedy; Thriller,3
3086,"The Legend of Al, John and Jack",mask_50,35,Comedy,1
5530,Black Rain,mask_50,28;35;53;80,Action; Comedy; Thriller; Crime,4
4848,Oliver & Company,mask_50,12;14;16;35;10751,Adventure; Fantasy; Animation; Comedy; Family,5
8399,The Men Who Stare at Goats,mask_50,18;35;53;878,Drama; Comedy; Thriller; Science Fiction,4
616,Into the Wild,mask_50,18;35,Drama; Comedy,2
1632,Crush,mask_50,16;18;35;10749;10751,Animation; Drama; Comedy; Romance; Family,5
5034,The Replacements,mask_50,35;10751,Comedy; Family,2
8507,Cyrus,mask_50,35;10749;10751,Comedy; Romance; Family,3
4975,Fear Street: 1994,mask_50,12;27;28,Adventure; Horror; Action,3
5437,Annabelle: Creation,mask_50,14;27,Fantasy; Horror,2
56,The Wild Robot,mask_50,12;16;18;35;10751,Adventure; Animation; Drama; Comedy; Family,5
4069,My Spy,mask_50,18;28;53;80;9648,Drama; Action; Thriller; Crime; Mystery,5
6787,Zack and Miri Make a Porno,mask_50,18;35;10749,Drama; Comedy; Romance,3
6758,The Last Mimzy,mask_50,12;14;16;18;35;10751,Adventure; Fantasy; Animation; Drama; Comedy; Family,6
9038,The Bay,mask_50,27;53;9648,Horror; Thriller; Mystery,3
4071,The Ice Storm,mask_50,18;35;53,Drama; Comedy; Thriller,3
3020,Drugstore Cowboy,mask_50,18;35,Drama; Comedy,2
3243,Radiofreccia,mask_50,18;35,Drama; Comedy,2
8174,Spanglish,mask_50,18;35;10749,Drama; Comedy; Romance,3
8898,Department Store,mask_50,35,Comedy,1
256,The Wolf of Wall Street,mask_50,18;35;53;80,Drama; Comedy; Thriller; Crime,4
4276,The Blob,mask_50,27;35;878,Horror; Comedy; Science Fiction,3
307,"Love, Simon",mask_50,18;35;10749;10751,Drama; Comedy; Romance; Family,4
1719,The Long Goodbye,mask_50,18;80,Drama; Crime,2
4377,Easy A,mask_50,18;35;10749,Drama; Comedy; Romance,3
1360,"Play It Again, Sam",mask_50,18;35;10749,Drama; Comedy; Romance,3
1294,Mars Express,mask_50,12;28;35;53;80;878,Adventure; Action; Comedy; Thriller; Crime; Science Fiction,6
5554,The Lion King 1½,mask_50,12;14;16;35;10751,Adventure; Fantasy; Animation; Comedy; Family,5
8719,Planet 51,mask_50,12;35;878;10751,Adventure; Comedy; Science Fiction; Family,4
5660,Blade II,mask_50,12;14;27;28;35,Adventure; Fantasy; Horror; Action; Comedy,5
4771,Beau Is Afraid,mask_50,18;27;53,Drama; Horror; Thriller,3
9355,Cool World,mask_50,35,Comedy,1
9982,And Soon the Darkness,mask_50,18;35;53,Drama; Comedy; Thriller,3
4705,The Gilded Cage,mask_50,18,Drama,1
4714,Flawless,mask_50,18;35;80;10749,Drama; Comedy; Crime; Romance,4
159,Togo,mask_50,12;18;10751,Adventure; Drama; Family,3
3345,"I'm a Cyborg, But That's OK",mask_50,18;35;878,Drama; Comedy; Science Fiction,3
5605,Hitch,mask_50,18;35;10749,Drama; Comedy; Romance,3
5835,Joy Ride,mask_50,18;35;53,Drama; Comedy; Thriller,3
88,Le Trou,mask_50,35;53,Comedy; Thriller,2
5794,Red Sparrow,mask_50,12;16;35;10751,Adventure; Animation; Comedy; Family,4
3166,Trash,mask_50,12;27;35;53;80,Adventure; Horror; Comedy; Thriller; Crime,5
5760,Jurassic World: Fallen Kingdom,mask_50,12;28;878,Adventure; Action; Science Fiction,3
2083,American Fiction,mask_50,18;35,Drama; Comedy,2
354,The Sixth Sense,mask_50,18;53,Drama; Thriller,2
9465,Blue Mountain State: The Rise of Thadland,mask_50,18;35,Drama; Comedy,2
9630,Don't Knock Twice,mask_50,14;18;27,Fantasy; Drama; Horror,3
604,Mr. Nobody,mask_50,14;18;28;35;878,Fantasy; Drama; Action; Comedy; Science Fiction,5
9133,Life of Crime,mask_50,18;28;35;53;80,Drama; Action; Comedy; Thriller; Crime,5
439,Dangal,mask_50,12;18;35;10751,Adventure; Drama; Comedy; Family,4
5242,The Harder They Fall,mask_50,12;28;35;53;80,Adventure; Action; Comedy; Thriller; Crime,5
5089,"Mektoub, My Love: Canto Uno",mask_50,12;18;35,Adventure; Drama; Comedy,3
9187,MILF,mask_50,14;18;35;10749;10751,Fantasy; Drama; Comedy; Romance; Family,5
9662,My Soul to Take,mask_50,12;14;27;35;10751,Adventure; Fantasy; Horror; Comedy; Family,5
6237,Cloudy with a Chance of Meatballs 2,mask_50,12;16;35;878;10751,Adventure; Animation; Comedy; Science Fiction; Family,5
4155,Den of Thieves,mask_50,28;35;53;80,Action; Comedy; Thriller; Crime,4
1235,Hard Boiled,mask_50,12;28;35;53;80,Adventure; Action; Comedy; Thriller; Crime,5
458,A Whisker Away,mask_50,16;18;35;10749;10751,Animation; Drama; Comedy; Romance; Family,5
480,Kill Bill: Vol. 2,mask_50,28;35;53;80,Action; Comedy; Thriller; Crime,4
7672,Last Night,mask_50,18;35;10749,Drama; Comedy; Romance,3
8738,Love Addict,mask_50,18;35;10749;10751,Drama; Comedy; Romance; Family,4
4017,Tales from the Crypt: Demon Knight,mask_50,12;14;28;53;80,Adventure; Fantasy; Action; Thriller; Crime,5
726,Deep Red,mask_50,18;27;53;9648,Drama; Horror; Thriller; Mystery,4
222,My Neighbor Totoro,mask_50,12;14;16;27;35;10751,Adventure; Fantasy; Animation; Horror; Comedy; Family,6
1221,Angels with Dirty Faces,mask_50,18;35;80,Drama; Comedy; Crime,3
1256,The Passion of the Christ,mask_50,14;18;27,Fantasy; Drama; Horror,3
9620,Blackhat,mask_50,28;53;80;9648,Action; Thriller; Crime; Mystery,4
5287,Barefoot,mask_50,12;14;16;18;35;10751,Adventure; Fantasy; Animation; Drama; Comedy; Family,6
2645,Alien: Romulus,mask_50,12;14;16;27;53;878,Adventure; Fantasy; Animation; Horror; Thriller; Science Fiction,6
8601,Mean Girls,mask_50,16;35;10751,Animation; Comedy; Family,3
2568,Irreversible,mask_50,18;28;53;80,Drama; Action; Thriller; Crime,4
8171,Franklyn,mask_50,14;18,Fantasy; Drama,2
9547,Open Water,mask_50,18;53,Drama; Thriller,2
2384,"The Good, the Bart, and the Loki",mask_50,12;14;16;28;35;878;10751,Adventure; Fantasy; Animation; Action; Comedy; Science Fiction; Family,7
6491,Vantage Point,mask_50,18;28;53,Drama; Action; Thriller,3
7684,Every Which Way but Loose,mask_50,12;28;35;80,Adventure; Action; Comedy; Crime,4
4330,Pooh's Heffalump Movie,mask_50,12;14;16;35;10751,Adventure; Fantasy; Animation; Comedy; Family,5
2210,Labyrinth,mask_50,12;14;16;35;10751,Adventure; Fantasy; Animation; Comedy; Family,5
1332,Batman: Mask of the Phantasm,mask_50,18;35;53;80,Drama; Comedy; Thriller; Crime,4
2861,This Boy's Life,mask_50,18;35;53,Drama; Comedy; Thriller,3
7870,Valhalla Rising,mask_50,12;14;16;18;28;53,Adventure; Fantasy; Animation; Drama; Action; Thriller,6
813,Divines,mask_50,18;35,Drama; Comedy,2
4858,Anna Karenina,mask_50,18;53;10749,Drama; Thriller; Romance,3
4637,Danny Collins,mask_50,18;35;10749,Drama; Comedy; Romance,3
4591,The Girl in the Fog,mask_50,18;27;53;9648,Drama; Horror; Thriller; Mystery,4
9045,Trespass Against Us,mask_50,12;18;28;35;80,Adventure; Drama; Action; Comedy; Crime,5
8481,Paradise Hills,mask_50,14;18;27;53,Fantasy; Drama; Horror; Thriller,4
2302,Mask,mask_50,18;35,Drama; Comedy,2
9943,Welcome Home,mask_50,35,Comedy,1
8338,Dead Snow,mask_50,18;27;53,Drama; Horror; Thriller,3
8262,Mission to Mars,mask_50,12;53;878,Adventure; Thriller; Science Fiction,3
1764,Mudbound,mask_50,12;18;35,Adventure; Drama; Comedy,3
9988,Halloween III: Season of the Witch,mask_50,14;27;35;53;10751,Fantasy; Horror; Comedy; Thriller; Family,5
1603,The Secret Garden,mask_50,12;14;16;18;10749;10751,Adventure; Fantasy; Animation; Drama; Romance; Family,6
9989,Poltergeist III,mask_50,27;53,Horror; Thriller,2
8535,1922,mask_50,18;35;10751,Drama; Comedy; Family,3
8708,Hitman: Agent 47,mask_50,12;14;9648,Adventure; Fantasy; Mystery,3
2858,Your Fault,mask_50,12;18;35;10751,Adventure; Drama; Comedy; Family,4
8086,All Good Things,mask_50,18;53;80;9648,Drama; Thriller; Crime; Mystery,4
6753,Security,mask_50,18;28;35;53;80,Drama; Action; Comedy; Thriller; Crime,5
2722,The Man Who Knew Infinity,mask_50,18;36;10749,Drama; History; Romance,3
6178,Cobweb,mask_50,14;16;18;27;10751,Fantasy; Animation; Drama; Horror; Family,5
57,The Quintessential Quintuplets Movie,mask_50,18;35;10749,Drama; Comedy; Romance,3
4650,Coma,mask_50,18;27;35;53;9648,Drama; Horror; Comedy; Thriller; Mystery,5
3683,Rescue Dawn,mask_50,12;18;28;53;878;10752,Adventure; Drama; Action; Thriller; Science Fiction; War,6
7963,Journey to the Center of the Earth,mask_50,12;14;16;35;10751,Adventure; Fantasy; Animation; Comedy; Family,5
2275,The Names of Love,mask_50,18;35,Drama; Comedy,2
8384,Elvis & Nixon,mask_50,18;35,Drama; Comedy,2
2126,Lights Out,mask_50,14;27;53;9648,Fantasy; Horror; Thriller; Mystery,4
4528,Last Flag Flying,mask_50,18;35,Drama; Comedy,2
8652,The Riot Club,mask_50,18;35;53,Drama; Comedy; Thriller,3
5581,Greta,mask_50,18;35;10749,Drama; Comedy; Romance,3
7976,Alien Nation,mask_50,12;16;35;878,Adventure; Animation; Comedy; Science Fiction,4
452,Roman Holiday,mask_50,18;35;10749,Drama; Comedy; Romance,3
9321,Captive State,mask_50,18;28;53;878,Drama; Action; Thriller; Science Fiction,4
2136,Star Trek: First Contact,mask_50,12;16;28;35;878,Adventure; Animation; Action; Comedy; Science Fiction,5
5207,Ninja: Shadow of a Tear,mask_50,28;53;80,Action; Thriller; Crime,3
3373,Emma.,mask_50,12;14;18;35;10751,Adventure; Fantasy; Drama; Comedy; Family,5
4361,Wild Rose,mask_50,18;35,Drama; Comedy,2
8255,Sudden Death,mask_50,18;28;35;53,Drama; Action; Comedy; Thriller,4
9020,The Town that Dreaded Sundown,mask_50,27;53;80;9648,Horror; Thriller; Crime; Mystery,4
9744,The Dead Don't Die,mask_50,14;27;35,Fantasy; Horror; Comedy,3
1291,Prison Break: The Final Break,mask_50,18;35;10749,Drama; Comedy; Romance,3
4674,Fantomas Unleashed,mask_50,12;28;35;878,Adventure; Action; Comedy; Science Fiction,4
3253,Say Anything...,mask_50,14;18;35;10749;10751,Fantasy; Drama; Comedy; Romance; Family,5
2587,"Ruby Gillman, Teenage Kraken",mask_50,12;14;16;28;10751,Adventure; Fantasy; Animation; Action; Family,5
5753,Harold & Kumar Go to White Castle,mask_50,35;80;10751,Comedy; Crime; Family,3
7793,Kin,mask_50,12;28;53,Adventure; Action; Thriller,3
8698,Stuck Together,mask_50,18;27;53,Drama; Horror; Thriller,3
2524,"Are You There God? It's Me, Margaret.",mask_50,16;18;35;10749;10751,Animation; Drama; Comedy; Romance; Family,5
8467,Mars Needs Moms,mask_50,12;16;35;878;10751,Adventure; Animation; Comedy; Science Fiction; Family,5
8225,12 Feet Deep,mask_50,18;27;35;53,Drama; Horror; Comedy; Thriller,4
7360,Short Circuit 2,mask_50,12;28;35;10751,Adventure; Action; Comedy; Family,4
7800,The Inbetweeners 2,mask_50,35;10749,Comedy; Romance,2
7262,Unknown Origins,mask_50,18;28;35;53;80,Drama; Action; Comedy; Thriller; Crime,5
5690,The Vast of Night,mask_50,12;16;35;878;10751,Adventure; Animation; Comedy; Science Fiction; Family,5
1613,Hedwig and the Angry Inch,mask_50,14;18;35;10749;10751,Fantasy; Drama; Comedy; Romance; Family,5
1054,The Longest Day,mask_50,18;36;10752,Drama; History; War,3
9170,The Order,mask_50,18;28;53,Drama; Action; Thriller,3
446,The Notebook,mask_50,12;16;18;35;10751,Adventure; Animation; Drama; Comedy; Family,5
6194,Da 5 Bloods,mask_50,12;18;28;10752,Adventure; Drama; Action; War,4
6702,Shrek the Halls,mask_50,12;14;16;35;10751,Adventure; Fantasy; Animation; Comedy; Family,5
1526,Marty,mask_50,18;35;10749,Drama; Comedy; Romance,3
6737,Looney Tunes: Back in Action,mask_50,12;14;16;28;35;878;10751,Adventure; Fantasy; Animation; Action; Comedy; Science Fiction; Family,7
935,The Spirit of the Beehive,mask_50,14;18;27;9648,Fantasy; Drama; Horror; Mystery,4
4749,Maze Runner: The Scorch Trials,mask_50,12;28;35,Adventure; Action; Comedy,3
2642,The Broken Hearts Gallery,mask_50,14;18;35;10749,Fantasy; Drama; Comedy; Romance,4
141,Innocent Voices,mask_50,12;14;16;18;35;10751,Adventure; Fantasy; Animation; Drama; Comedy; Family,6
6091,The United States of Leland,mask_50,18;35,Drama; Comedy,2
532,The Big Lebowski,mask_50,18;35,Drama; Comedy,2
704,How to Train Your Dragon: The Hidden World,mask_50,12;14;16;28;35;10751,Adventure; Fantasy; Animation; Action; Comedy; Family,6
1277,Escape from Alcatraz,mask_50,18;28;53;80,Drama; Action; Thriller; Crime,4
3806,Meet the Robinsons,mask_50,12;18;35;878;10751,Adventure; Drama; Comedy; Science Fiction; Family,5
6470,Kick-Ass 2,mask_50,12;28;35;878,Adventure; Action; Comedy; Science Fiction,4
7101,Unfriended: Dark Web,mask_50,12;27;28;35;53;878,Adventure; Horror; Action; Comedy; Thriller; Science Fiction,6
8133,Prey,mask_50,12;18;27;53;878,Adventure; Drama; Horror; Thriller; Science Fiction,5
2481,It's Only the End of the World,mask_50,18;35,Drama; Comedy,2
5156,Fire in the Sky,mask_50,12;35,Adventure; Comedy,2
3418,Naked Lunch,mask_50,14;27;35,Fantasy; Horror; Comedy,3
7481,El Conde,mask_50,12;18;28;53,Adventure; Drama; Action; Thriller,4
1109,Imagine Me & You,mask_50,16;35;10749,Animation; Comedy; Romance,3
9659,Sandy Wexler,mask_50,18;35;10402;10749,Drama; Comedy; Music; Romance,4
2155,A Monster Calls,mask_50,14;18;27;10751,Fantasy; Drama; Horror; Family,4
9842,The Flintstones,mask_50,16;35;10751,Animation; Comedy; Family,3
1476,Man on Fire,mask_50,12;18;28;35;53,Adventure; Drama; Action; Comedy; Thriller,5
2743,Talk to Me,mask_50,27;35,Horror; Comedy,2
3742,Chicken Run: Dawn of the Nugget,mask_50,35;53,Comedy; Thriller,2
2768,Seven Brides for Seven Brothers,mask_50,18;35;10749,Drama; Comedy; Romance,3
5670,Reminiscence,mask_50,18;53;10749,Drama; Thriller; Romance,3
1894,Eraserhead,mask_50,18;35,Drama; Comedy,2
3695,Four Lions,mask_50,12;18;35,Adventure; Drama; Comedy,3
276,Harry Potter and the Prisoner of Azkaban,mask_50,12;14;16;35;10751,Adventure; Fantasy; Animation; Comedy; Family,5
389,Heat,mask_50,12;28;35;53;80,Adventure; Action; Comedy; Thriller; Crime,5
2500,Monster,mask_50,18;27;28;53;80,Drama; Horror; Action; Thriller; Crime,5
4675,Sightless,mask_50,18;27;28;53;9648,Drama; Horror; Action; Thriller; Mystery,5
5163,The Hunger,mask_50,14;18;27;878;10749,Fantasy; Drama; Horror; Science Fiction; Romance,5
7397,Stretch,mask_50,28;35;80,Action; Comedy; Crime,3
1805,The Impossible,mask_50,18,Drama,1
7148,Deadstream,mask_50,18;35;53,Drama; Comedy; Thriller,3
3272,The Lobster,mask_50,27;35;10749,Horror; Comedy; Romance,3
1741,Braindead,mask_50,14;16;27;35;10751,Fantasy; Animation; Horror; Comedy; Family,5
992,The Anthem of the Heart,mask_50,14;16;18;35;10749;10751,Fantasy; Animation; Drama; Comedy; Romance; Family,6
9001,Ricki and the Flash,mask_50,18;35,Drama; Comedy,2
3841,Isi & Ossi,mask_50,12;18;35;10749,Adventure; Drama; Comedy; Romance,4
1575,Mr. Church,mask_50,18;35;10749,Drama; Comedy; Romance,3
4004,The Night Comes for Us,mask_50,12;28;53;80,Adventure; Action; Thriller; Crime,4
8695,Suburbicon,mask_50,18;27;35,Drama; Horror; Comedy,3
9457,Earth Girls Are Easy,mask_50,35;878;10749,Comedy; Science Fiction; Romance,3
9385,Semi-Pro,mask_50,18;35,Drama; Comedy,2
8987,Joe's Apartment,mask_50,16;35;10751,Animation; Comedy; Family,3
1415,C.R.A.Z.Y.,mask_50,18;35,Drama; Comedy,2
6478,Hot Rod,mask_50,18;28;35,Drama; Action; Comedy,3
9618,Dirty Dancing,mask_50,18;35;10751,Drama; Comedy; Family,3
2350,Frozen II,mask_50,12;14;16;27;35;10751,Adventure; Fantasy; Animation; Horror; Comedy; Family,6
4942,A Nightmare on Elm Street 3: Dream Warriors,mask_50,18;27;53;80,Drama; Horror; Thriller; Crime,4
1458,Balkan Line,mask_50,18;28;53;10752,Drama; Action; Thriller; War,4
7723,Jackass Presents: Bad Grandpa,mask_50,18;35;10751,Drama; Comedy; Family,3
8997,Vanity Fair,mask_50,18;27,Drama; Horror,2
4514,Don't Worry Darling,mask_50,12;35,Adventure; Comedy,2
8848,A Classic Horror Story,mask_50,18;27,Drama; Horror,2
7374,Blown Away,mask_50,18;28;53;878,Drama; Action; Thriller; Science Fiction,4
4010,Sleeper,mask_50,18;35;878,Drama; Comedy; Science Fiction,3
5486,The Fury of a Patient Man,mask_50,18;35;10749,Drama; Comedy; Romance,3
7473,Under the Riccione Sun,mask_50,12;16;18;35;10751,Adventure; Animation; Drama; Comedy; Family,5
7071,Gemini Man,mask_50,12;14;28;35,Adventure; Fantasy; Action; Comedy,4
7029,I ♥ Huckabees,mask_50,35;53;80;9648;10749,Comedy; Thriller; Crime; Mystery; Romance,5
4653,Twitches,mask_50,14;27;35;10749,Fantasy; Horror; Comedy; Romance,4
3016,Aladdin,mask_50,12;14;16;35;10751,Adventure; Fantasy; Animation; Comedy; Family,5
8194,Tracers,mask_50,28;35;53;80,Action; Comedy; Thriller; Crime,4
9594,Budapest,mask_50,18;35;10749,Drama; Comedy; Romance,3
6034,Hey Arnold! The Movie,mask_50,12;28;35;53;80,Adventure; Action; Comedy; Thriller; Crime,5
9080,The Smurfs,mask_50,12;14;16;35;10751,Adventure; Fantasy; Animation; Comedy; Family,5
5733,Saving Grace,mask_50,18;35,Drama; Comedy,2
3927,Supernova,mask_50,18;10749,Drama; Romance,2
5580,The Mask of Zorro,mask_50,18;28,Drama; Action,2
2296,One Man Band,mask_50,12;14;16;18;35;10751,Adventure; Fantasy; Animation; Drama; Comedy; Family,6
5976,Four Flies on Grey Velvet,mask_50,18;35;53;80,Drama; Comedy; Thriller; Crime,4
3517,The Bob's Burgers Movie,mask_50,12;27;35;53;878;10751,Adventure; Horror; Comedy; Thriller; Science Fiction; Family,6
2050,Total Recall,mask_50,12;18;35;53;878,Adventure; Drama; Comedy; Thriller; Science Fiction,5
1426,The Discreet Charm of the Bourgeoisie,mask_50,18;35;10749,Drama; Comedy; Romance,3
6691,A Dangerous Method,mask_50,18;53,Drama; Thriller,2
6945,The Gendarme in New York,mask_50,18;28;35;80;10752,Drama; Action; Comedy; Crime; War,5
728,Guy Ritchie's The Covenant,mask_50,18;28;53;10752,Drama; Action; Thriller; War,4
7850,Haunter,mask_50,18;35;10751,Drama; Comedy; Family,3
8524,All You Need is Crime,mask_50,35;80,Comedy; Crime,2
4313,Smallfoot,mask_50,12;14;16;35;878;10751,Adventure; Fantasy; Animation; Comedy; Science Fiction; Family,6
148,Silenced,mask_50,18,Drama,1
4468,I Walked with a Zombie,mask_50,14;18;27,Fantasy; Drama; Horror,3
2699,"The Good, the Bad, the Weird",mask_50,12;18;28;35;10751,Adventure; Drama; Action; Comedy; Family,5
3028,Immortal Beloved,mask_50,18;10749,Drama; Romance,2
2474,The Princess and the Frog,mask_50,18;35;10749,Drama; Comedy; Romance,3
4080,AKA,mask_50,18;28;35;80,Drama; Action; Comedy; Crime,4
4455,Babysitting,mask_50,35;53,Comedy; Thriller,2
732,Accattone,mask_50,18;35;53;80,Drama; Comedy; Thriller; Crime,4
9622,102 Dalmatians,mask_50,12;14;16;28;35;10751,Adventure; Fantasy; Animation; Action; Comedy; Family,6
3629,Superman vs. The Elite,mask_50,18;28;80,Drama; Action; Crime,3
7579,The Belko Experiment,mask_50,18;53,Drama; Thriller,2
5666,Return of the Living Dead III,mask_50,18;53,Drama; Thriller,2
1126,Bao,mask_50,16;18;35;10751,Animation; Drama; Comedy; Family,4
3446,"Extremely Wicked, Shockingly Evil and Vile",mask_50,18;53;80;9648,Drama; Thriller; Crime; Mystery,4
5726,Bad Santa,mask_50,14;16;35;10751,Fantasy; Animation; Comedy; Family,4
7407,The Yards,mask_50,18;35;80,Drama; Comedy; Crime,3
5932,The Rebound,mask_50,35;10749,Comedy; Romance,2
6000,Stir Crazy,mask_50,12;16;35;10751,Adventure; Animation; Comedy; Family,4
3539,The Way We Were,mask_50,18;35;10749,Drama; Comedy; Romance,3
2847,Greenland,mask_50,12;35;878,Adventure; Comedy; Science Fiction,3
6716,The Expendables 2,mask_50,28;35;53;80,Action; Comedy; Thriller; Crime,4
4167,Bill & Ted's Excellent Adventure,mask_50,12;18;35,Adventure; Drama; Comedy,3
4963,The Boxtrolls,mask_50,12;14;16;27;35;878;10751,Adventure; Fantasy; Animation; Horror; Comedy; Science Fiction; Family,7
1456,Sin City,mask_50,28;35;53;80,Action; Comedy; Thriller; Crime,4
1387,Running on Empty,mask_50,12;35,Adventure; Comedy,2
7015,The Three Caballeros,mask_50,12;14;16;35;10751,Adventure; Fantasy; Animation; Comedy; Family,5
2438,Beating Hearts,mask_50,12;18;35,Adventure; Drama; Comedy,3
8273,Gretel & Hansel,mask_50,12;14;16;18;10751,Adventure; Fantasy; Animation; Drama; Family,5
6741,Lady and the Tramp II: Scamp's Adventure,mask_50,16;18;35;10749;10751,Animation; Drama; Comedy; Romance; Family,5
6386,Game of Death,mask_50,12;28;35,Adventure; Action; Comedy,3
3406,Boy Erased,mask_50,18;35,Drama; Comedy,2
7635,We're No Angels,mask_50,12;28;53,Adventure; Action; Thriller,3
62,Léon: The Professional,mask_50,18;28;35,Drama; Action; Comedy,3
9345,Old People,mask_50,18;27;53,Drama; Horror; Thriller,3
7311,Wimbledon,mask_50,18;35,Drama; Comedy,2
8681,Child's Play 3,mask_50,12;14;16;18;35;10751,Adventure; Fantasy; Animation; Drama; Comedy; Family,6
4758,Silver Streak,mask_50,35;53;80;9648,Comedy; Thriller; Crime; Mystery,4
2188,The Texas Chain Saw Massacre,mask_50,27;53;9648,Horror; Thriller; Mystery,3
9278,Cosmopolis,mask_50,18;28;35,Drama; Action; Comedy,3
9375,The House,mask_50,18;35;10749,Drama; Comedy; Romance,3
2504,Only Lovers Left Alive,mask_50,18;35;10749;10751,Drama; Comedy; Romance; Family,4
7361,Sabrina,mask_50,18;35;10749;10751,Drama; Comedy; Romance; Family,4
8890,21 & Over,mask_50,18;35,Drama; Comedy,2
5301,Taxidermia,mask_50,14;18;35,Fantasy; Drama; Comedy,3
7172,Cold Prey,mask_50,18;27;35;53,Drama; Horror; Comedy; Thriller,4
44,Gabriel's Inferno: Part III,mask_50,18;27;53,Drama; Horror; Thriller,3
5765,Indiana Jones and the Dial of Destiny,mask_50,12;28;35,Adventure; Action; Comedy,3
5260,Alan Partridge: Alpha Papa,mask_50,18;28;35;53,Drama; Action; Comedy; Thriller,4
9326,Horse Girl,mask_50,14;18;35;10749,Fantasy; Drama; Comedy; Romance,4
202,Green Snake,mask_50,18;28;35;53;10749,Drama; Action; Comedy; Thriller; Romance,5
7655,The Eiger Sanction,mask_50,18;35,Drama; Comedy,2
2662,"Ciao, Professore!",mask_50,18;35,Drama; Comedy,2
1696,Irma la Douce,mask_50,18;35;80;10749,Drama; Comedy; Crime; Romance,4
7162,Pacific Heights,mask_50,18;35,Drama; Comedy,2
158,Palmer,mask_50,18;35;53,Drama; Comedy; Thriller,3
9686,School for Scoundrels,mask_50,12;35,Adventure; Comedy,2
3226,Climax,mask_50,18;27;35;10402,Drama; Horror; Comedy; Music,4
5555,A Cinderella Story,mask_50,27;35;10749,Horror; Comedy; Romance,3
8549,The Mexican,mask_50,18;28;35;53;80,Drama; Action; Comedy; Thriller; Crime,5
1608,Predestination,mask_50,12;14;53;878,Adventure; Fantasy; Thriller; Science Fiction,4
2571,No,mask_50,18;35,Drama; Comedy,2
6950,The Cheetah Girls 2,mask_50,12;16;18;35;10749;10751,Adventure; Animation; Drama; Comedy; Romance; Family,6
8108,The Den,mask_50,18;27;53,Drama; Horror; Thriller,3
1253,Barbie: Princess Charm School,mask_50,12;14;16;35;10749;10751,Adventure; Fantasy; Animation; Comedy; Romance; Family,6
5341,The Eagle Has Landed,mask_50,12;18;35,Adventure; Drama; Comedy,3
1474,Key Largo,mask_50,18;53,Drama; Thriller,2
3282,Cleopatra,mask_50,18;28;53,Drama; Action; Thriller,3
963,Boyz n the Hood,mask_50,18;35;53;80,Drama; Comedy; Thriller; Crime,4
8661,The Break-Up,mask_50,18;35;53;10749,Drama; Comedy; Thriller; Romance,4
4989,About a Boy,mask_50,18;35;10751,Drama; Comedy; Family,3
9883,Get a Job,mask_50,12;35;10751,Adventure; Comedy; Family,3
3034,Maleficent,mask_50,12;14;16;35;10749;10751,Adventure; Fantasy; Animation; Comedy; Romance; Family,6
2688,Kahaani,mask_50,18;53;9648;10749,Drama; Thriller; Mystery; Romance,4
2482,Wonder Woman,mask_50,12;14;16;28;35;10751,Adventure; Fantasy; Animation; Action; Comedy; Family,6
4851,The Thieves,mask_50,12;28;35;53;80,Adventure; Action; Comedy; Thriller; Crime,5
8942,To the Wonder,mask_50,18;35;10749,Drama; Comedy; Romance,3
5456,Underworld: Evolution,mask_50,28;35,Action; Comedy,2
7706,God's Not Dead 2,mask_50,18;35,Drama; Comedy,2
7658,World Trade Center,mask_50,12;18;28;53;80,Adventure; Drama; Action; Thriller; Crime,5
8952,Eight Legged Freaks,mask_50,12;27;35;878;10751,Adventure; Horror; Comedy; Science Fiction; Family,5
1644,"Jeanne Dielman, 23, quai du Commerce, 1080 Bruxelles",mask_50,18;35;10749,Drama; Comedy; Romance,3
6621,Into the Labyrinth,mask_50,35;53;80,Comedy; Thriller; Crime,3
5564,Halloween II,mask_50,27;53,Horror; Thriller,2
939,Another Round,mask_50,18;35,Drama; Comedy,2
9245,I'm So Excited!,mask_50,12;35;53,Adventure; Comedy; Thriller,3
7335,Senseless,mask_50,18;27;53,Drama; Horror; Thriller,3
5848,The Tearsmith,mask_50,18;35;10749,Drama; Comedy; Romance,3
2053,Air,mask_50,18;35,Drama; Comedy,2
1987,Jungle Cruise,mask_50,14;18;10751,Fantasy; Drama; Family,3
9387,Snow Dogs,mask_50,35;10751,Comedy; Family,2
9452,Spinning Man,mask_50,18;35,Drama; Comedy,2
8302,The Cable Guy,mask_50,35;53,Comedy; Thriller,2
2994,Where the Heart Is,mask_50,18;35;10749;10751,Drama; Comedy; Romance; Family,4
6884,¡Three Amigos!,mask_50,18;28;35;80,Drama; Action; Comedy; Crime,4
1018,Butch Cassidy and the Sundance Kid,mask_50,12;18;28;37;53;80,Adventure; Drama; Action; Western; Thriller; Crime,6
1296,All That Jazz,mask_50,18;35,Drama; Comedy,2
4193,RETURN,mask_50,18,Drama,1
359,The Cure,mask_50,18;35;10751,Drama; Comedy; Family,3
1979,The Judge,mask_50,18;53;80;9648,Drama; Thriller; Crime; Mystery,4
405,Death Note Relight 1: Visions of a God,mask_50,12;28;53;878,Adventure; Action; Thriller; Science Fiction,4
1050,The Curious Case of Benjamin Button,mask_50,12;16;18;35;10751,Adventure; Animation; Drama; Comedy; Family,5
1495,Three Colors: White,mask_50,18;35;10749,Drama; Comedy; Romance,3
5427,The Addams Family,mask_50,18;35,Drama; Comedy,2
5806,Act of Valor,mask_50,12;28;53;878,Adventure; Action; Thriller; Science Fiction,4
8208,Birth,mask_50,18;53,Drama; Thriller,2
9313,Playing for Keeps,mask_50,18;35;10751,Drama; Comedy; Family,3
3279,The Northman,mask_50,12;14;28;53,Adventure; Fantasy; Action; Thriller,4
5095,Hellboy,mask_50,12;14;27;28,Adventure; Fantasy; Horror; Action,4
9482,Hellboy,mask_50,12;14;16;28;35;10751,Adventure; Fantasy; Animation; Action; Comedy; Family,6
770,"I, Daniel Blake",mask_50,18;35;53,Drama; Comedy; Thriller,3
8670,No One Gets Out Alive,mask_50,18;27;53,Drama; Horror; Thriller,3
177,"“The Shorts” by Aldo, Giovanni and Giacomo",mask_50,18;35;36,Drama; Comedy; History,3
2246,Lean On Me,mask_50,18;28;35;53;80,Drama; Action; Comedy; Thriller; Crime,5
3333,Malcolm & Marie,mask_50,18;35,Drama; Comedy,2
1844,Dragon Ball: The Path to Power,mask_50,12;14;16;35;10751,Adventure; Fantasy; Animation; Comedy; Family,5
2060,True Grit,mask_50,18;28;53;80,Drama; Action; Thriller; Crime,4
3195,The Ministry of Ungentlemanly Warfare,mask_50,12;18;36;10752,Adventure; Drama; History; War,4
6548,District 13: Ultimatum,mask_50,18;28;35,Drama; Action; Comedy,3
8833,Coexister,mask_50,18;27;35;10402,Drama; Horror; Comedy; Music,4
796,The Man from Nowhere,mask_50,12;18;28;35;10751,Adventure; Drama; Action; Comedy; Family,5
4116,Mean Creek,mask_50,18;27;35,Drama; Horror; Comedy,3
8212,Orange County,mask_50,18;35,Drama; Comedy,2
467,My Way,mask_50,12;16;18;28;35;36,Adventure; Animation; Drama; Action; Comedy; History,6
3641,The Eight Hundred,mask_50,12;16;18;28,Adventure; Animation; Drama; Action,4
3085,22 July,mask_50,18;27;28;53,Drama; Horror; Action; Thriller,4
1757,Twin Peaks: Fire Walk with Me,mask_50,27;53;9648,Horror; Thriller; Mystery,3
3189,Death Note: The Last Name,mask_50,18;28,Drama; Action,2
8097,The Gendarme and the Creatures from Outer Space,mask_50,16;27;35;878,Animation; Horror; Comedy; Science Fiction,4
9101,The Tunnel,mask_50,18;35;53,Drama; Comedy; Thriller,3
1656,Summer of 85,mask_50,18;35,Drama; Comedy,2
8274,What to Expect When You're Expecting,mask_50,35;10749,Comedy; Romance,2
5940,Star Trek: Generations,mask_50,12;18;28;35;878,Adventure; Drama; Action; Comedy; Science Fiction,5
4725,Mermaids,mask_50,18;35;10749;10751,Drama; Comedy; Romance; Family,4
6282,Borat Subsequent Moviefilm,mask_50,18;35;878,Drama; Comedy; Science Fiction,3
6195,Café Society,mask_50,18;35,Drama; Comedy,2
1033,Elemental,mask_50,12;14;16;35;10751,Adventure; Fantasy; Animation; Comedy; Family,5
7769,Blood Ties,mask_50,18;35;80,Drama; Comedy; Crime,3
6731,In a World...,mask_50,18;35;10402;10749;10751,Drama; Comedy; Music; Romance; Family,5
5081,Martian Child,mask_50,12;18;35;878,Adventure; Drama; Comedy; Science Fiction,4
7639,Final Destination 5,mask_50,14;27;28;53;878,Fantasy; Horror; Action; Thriller; Science Fiction,5
2157,Weekend,mask_50,35;10749,Comedy; Romance,2
3203,Lee,mask_50,18;35;36,Drama; Comedy; History,3
2237,The Hours,mask_50,14;18;35;10749,Fantasy; Drama; Comedy; Romance,4
2600,The Caine Mutiny,mask_50,18;28,Drama; Action,2
9444,Airport '77,mask_50,12;18;53,Adventure; Drama; Thriller,3
6273,The Chronicles of Narnia: The Voyage of the Dawn Treader,mask_50,12;14;16;35;10751,Adventure; Fantasy; Animation; Comedy; Family,5
1210,Control,shuffle_100,18;35;10402,Drama; Comedy; Music,3
1288,Shang-Chi and the Legend of the Ten Rings,shuffle_100,12;14;16;18;28,Adventure; Fantasy; Animation; Drama; Action,5
6147,Dry,shuffle_100,18;35,Drama; Comedy,2
120,Shutter Island,shuffle_100,18;28;53;9648;10752,Drama; Action; Thriller; Mystery; War,5
3105,Galaxy Quest,shuffle_100,28;53;878,Action; Thriller; Science Fiction,3
4250,Spy,shuffle_100,18;28;35;53;80,Drama; Action; Comedy; Thriller; Crime,5
350,Million Dollar Baby,shuffle_100,18;35;10751,Drama; Comedy; Family,3
6325,Spree,shuffle_100,28;35;53,Action; Comedy; Thriller,3
1898,The Time Machine,shuffle_100,12;35;878,Adventure; Comedy; Science Fiction,3
9290,Survivor,shuffle_100,18;28;53;80,Drama; Action; Thriller; Crime,4
9395,The Hunters,shuffle_100,12;14;27;28;35;10751,Adventure; Fantasy; Horror; Action; Comedy; Family,6
7853,Goosebumps 2: Haunted Halloween,shuffle_100,27;35;10751,Horror; Comedy; Family,3
2734,Petite Maman,shuffle_100,18;9648,Drama; Mystery,2
2181,Victor/Victoria,shuffle_100,18;35;10749,Drama; Comedy; Romance,3
8548,Volcano,shuffle_100,18;27;35;53;878,Drama; Horror; Comedy; Thriller; Science Fiction,5
4191,About Schmidt,shuffle_100,18;35;10749,Drama; Comedy; Romance,3
1320,The Rules of the Game,shuffle_100,18;35;36,Drama; Comedy; History,3
1419,The Reader,shuffle_100,18;53;10749;10752,Drama; Thriller; Romance; War,4
1016,In a Lonely Place,shuffle_100,18;35;53;80;9648;10749,Drama; Comedy; Thriller; Crime; Mystery; Romance,6
110,Puss in Boots: The Last Wish,shuffle_100,12;14;16;35;10751,Adventure; Fantasy; Animation; Comedy; Family,5
8307,The 6th Day,shuffle_100,12;28;53;878,Adventure; Action; Thriller; Science Fiction,4
6202,Jackie,shuffle_100,18;36;53,Drama; History; Thriller,3
5861,I'm Not There,shuffle_100,18;35;10402,Drama; Comedy; Music,3
764,Manhattan,shuffle_100,18;35;10749,Drama; Comedy; Romance,3
4105,Margin Call,shuffle_100,18;53,Drama; Thriller,2
6763,Three Floors,shuffle_100,18;35,Drama; Comedy,2
8256,Neuilly Yo Mama!,shuffle_100,18;28;35;53;80,Drama; Action; Comedy; Thriller; Crime,5
3483,10 Cloverfield Lane,shuffle_100,18;27;53;878,Drama; Horror; Thriller; Science Fiction,4
8226,How to Lose Friends & Alienate People,shuffle_100,18;35,Drama; Comedy,2
4316,Ashfall,shuffle_100,12;14;16;28;35;10751,Adventure; Fantasy; Animation; Action; Comedy; Family,6
3917,Clash of the Titans,shuffle_100,12;14;16;28;35;10749,Adventure; Fantasy; Animation; Action; Comedy; Romance,6
1199,The Train,shuffle_100,18;28;53;10752,Drama; Action; Thriller; War,4
731,Safety Last!,shuffle_100,35,Comedy,1
5218,Rambo: First Blood Part II,shuffle_100,12;18;28;53;80;878,Adventure; Drama; Action; Thriller; Crime; Science Fiction,6
5136,The Trip,shuffle_100,35;10749,Comedy; Romance,2
8940,Henry's Crime,shuffle_100,18;53;80,Drama; Thriller; Crime,3
6940,Archive,shuffle_100,18;28;53;878,Drama; Action; Thriller; Science Fiction,4
4263,Justice League: The New Frontier,shuffle_100,12;14;16;28;878,Adventure; Fantasy; Animation; Action; Science Fiction,5
6066,God Willing,shuffle_100,18;35,Drama; Comedy,2
2945,Gia,shuffle_100,18;35;10749,Drama; Comedy; Romance,3
4732,The Longest Yard,shuffle_100,18;53;80,Drama; Thriller; Crime,3
8744,Phantom,shuffle_100,12;18;28;53;9648,Adventure; Drama; Action; Thriller; Mystery,5
6262,A California Christmas,shuffle_100,18;35;10749;10751,Drama; Comedy; Romance; Family,4
5233,Something's Gotta Give,shuffle_100,18;35;10749,Drama; Comedy; Romance,3
6947,Return of the Hero,shuffle_100,12;18;35;10749,Adventure; Drama; Comedy; Romance,4
6591,The Collection,shuffle_100,12;27;28,Adventure; Horror; Action,3
997,Harold and Maude,shuffle_100,18;35;10749,Drama; Comedy; Romance,3
5071,Pollock,shuffle_100,18;35;36,Drama; Comedy; History,3
8027,Fortress,shuffle_100,18;27;53;878,Drama; Horror; Thriller; Science Fiction,4
9716,17 Girls,shuffle_100,35,Comedy,1
9919,Toys,shuffle_100,12;14;35;10751,Adventure; Fantasy; Comedy; Family,4
8209,House of Wax,shuffle_100,12;27;35;878;10751,Adventure; Horror; Comedy; Science Fiction; Family,5
7139,The Little Shop of Horrors,shuffle_100,18;35;10749,Drama; Comedy; Romance,3
9944,The Phantom,shuffle_100,12;14;16;28;35;878;10751,Adventure; Fantasy; Animation; Action; Comedy; Science Fiction; Family,7
8063,The Brats,shuffle_100,18;35;10749,Drama; Comedy; Romance,3
5046,Patriot Games,shuffle_100,18;28;53,Drama; Action; Thriller,3
293,Barry Lyndon,shuffle_100,18;28;35,Drama; Action; Comedy,3
553,Sunrise: A Song of Two Humans,shuffle_100,18;35;10749,Drama; Comedy; Romance,3
7939,The 51st State,shuffle_100,18;35;53;80,Drama; Comedy; Thriller; Crime,4
4233,Underworld,shuffle_100,14;27;28,Fantasy; Horror; Action,3
9238,Maggie's Plan,shuffle_100,18;35;10749,Drama; Comedy; Romance,3
4951,Harold and the Purple Crayon,shuffle_100,12;14;18;35;10751,Adventure; Fantasy; Drama; Comedy; Family,5
7035,The Assistant,shuffle_100,18;53;10749,Drama; Thriller; Romance,3
8603,Robin Hood,shuffle_100,12;14;18;28;36;10752,Adventure; Fantasy; Drama; Action; History; War,6
3330,Hoosiers,shuffle_100,18;35,Drama; Comedy,2
4255,The Pit and the Pendulum,shuffle_100,18;36;9648,Drama; History; Mystery,3
1293,Training Day,shuffle_100,18;28;35;53;80,Drama; Action; Comedy; Thriller; Crime,5
540,F1,shuffle_100,18;28;35,Drama; Action; Comedy,3
4235,Barbarian,shuffle_100,18;35;53;10749,Drama; Comedy; Thriller; Romance,4
6601,FernGully: The Last Rainforest,shuffle_100,12;14;16;35;10751,Adventure; Fantasy; Animation; Comedy; Family,5
1973,Spider-Man: Homecoming,shuffle_100,12;18;28;878,Adventure; Drama; Action; Science Fiction,4
6557,Nighthawks,shuffle_100,28;53;80,Action; Thriller; Crime,3
5705,Super Troopers,shuffle_100,18;28;35;53;80,Drama; Action; Comedy; Thriller; Crime,5
5731,The Witches of Eastwick,shuffle_100,18;35;10749,Drama; Comedy; Romance,3
7665,Push,shuffle_100,28;53;80;9648,Action; Thriller; Crime; Mystery,4
7180,Insidious: The Last Key,shuffle_100,18;27;53,Drama; Horror; Thriller,3
977,Stagecoach,shuffle_100,12;18;53,Adventure; Drama; Thriller,3
9691,Be Cool,shuffle_100,18;35;80;10402;10749,Drama; Comedy; Crime; Music; Romance,5
8418,Tin & Tina,shuffle_100,18;27,Drama; Horror,2
3626,Compartment No. 6,shuffle_100,18;53;10749,Drama; Thriller; Romance,3
2034,Justice League: Crisis on Two Earths,shuffle_100,12;14;16;28;878,Adventure; Fantasy; Animation; Action; Science Fiction,5
4098,The Strange Thing About the Johnsons,shuffle_100,18;53,Drama; Thriller,2
9643,Wanderlust,shuffle_100,18;35;10749,Drama; Comedy; Romance,3
4179,Flight,shuffle_100,18;28;35;53;80,Drama; Action; Comedy; Thriller; Crime,5
6176,For Love of the Game,shuffle_100,18;35;10749,Drama; Comedy; Romance,3
7119,Taken 3,shuffle_100,18;28;53;80;9648,Drama; Action; Thriller; Crime; Mystery,5
2173,Stardust,shuffle_100,12;14;16;18;35;10751,Adventure; Fantasy; Animation; Drama; Comedy; Family,6
189,The Father,shuffle_100,18;10749,Drama; Romance,2
7372,He Never Died,shuffle_100,18;35;53;9648,Drama; Comedy; Thriller; Mystery,4
1626,Saw,shuffle_100,35;53;80,Comedy; Thriller; Crime,3
563,The Avengers,shuffle_100,12;28;53;878,Adventure; Action; Thriller; Science Fiction,4
1784,Grease,shuffle_100,18;35;10749,Drama; Comedy; Romance,3
6167,Bride & Prejudice,shuffle_100,18;35;10749,Drama; Comedy; Romance,3
7022,Severance,shuffle_100,28;35;53,Action; Comedy; Thriller,3
7046,Child 44,shuffle_100,18;53;80;9648,Drama; Thriller; Crime; Mystery,4
6244,Life,shuffle_100,12;35;878,Adventure; Comedy; Science Fiction,3
1057,10 Things I Hate About You,shuffle_100,18;35;10749,Drama; Comedy; Romance,3
645,The King of Comedy,shuffle_100,18;35,Drama; Comedy,2
371,Don't Look Now... We're Being Shot At!,shuffle_100,12;18;28;36;53;10752,Adventure; Drama; Action; History; Thriller; War,6
5995,Assassins,shuffle_100,18;28;53;80,Drama; Action; Thriller; Crime,4
8216,Shaft,shuffle_100,18;28;53;80;9648,Drama; Action; Thriller; Crime; Mystery,5
3421,Wild,shuffle_100,18;10749,Drama; Romance,2
1869,Possession,shuffle_100,18;27;53;9648,Drama; Horror; Thriller; Mystery,4
5536,Star Trek III: The Search for Spock,shuffle_100,28;878,Action; Science Fiction,2
6922,King Arthur,shuffle_100,12;14;18;28;36,Adventure; Fantasy; Drama; Action; History,5
6810,Second Act,shuffle_100,18;35;10749,Drama; Comedy; Romance,3
4033,Mad God,shuffle_100,12;14;16;27;28;878,Adventure; Fantasy; Animation; Horror; Action; Science Fiction,6
8510,She-Devil,shuffle_100,18;35;53;10749,Drama; Comedy; Thriller; Romance,4
8582,The Karate Kid Part III,shuffle_100,18;28,Drama; Action,2
8712,Righteous Kill,shuffle_100,18;53;80;9648,Drama; Thriller; Crime; Mystery,4
1427,Glory,shuffle_100,18;36;10752,Drama; History; War,3
2328,"Planes, Trains and Automobiles",shuffle_100,18;35,Drama; Comedy,2
7303,Chernobyl: Abyss,shuffle_100,18;878,Drama; Science Fiction,2
4803,Escape Plan,shuffle_100,18;28;53;80,Drama; Action; Thriller; Crime,4
2657,The Driver,shuffle_100,18;28;35;53;80,Drama; Action; Comedy; Thriller; Crime,5
530,An Autumn Afternoon,shuffle_100,18;35;10749,Drama; Comedy; Romance,3
3412,The Zone of Interest,shuffle_100,14;18;10752,Fantasy; Drama; War,3
7021,Great Balls of Fire!,shuffle_100,18;35;36;10402,Drama; Comedy; History; Music,4
3863,The Substitute,shuffle_100,28;35;53;80,Action; Comedy; Thriller; Crime,4
769,BPM (Beats per Minute),shuffle_100,18;28;53;878,Drama; Action; Thriller; Science Fiction,4
603,Land of Mine,shuffle_100,18;28;36;53;10752,Drama; Action; History; Thriller; War,5
1826,The Way of the Dragon,shuffle_100,12;18;28;35;80,Adventure; Drama; Action; Comedy; Crime,5
9990,Marmaduke,shuffle_100,18;35,Drama; Comedy,2
5454,Titan A.E.,shuffle_100,12;18;28;53;878,Adventure; Drama; Action; Thriller; Science Fiction,5
4689,King of New York,shuffle_100,18;28;35;53;80,Drama; Action; Comedy; Thriller; Crime,5
1769,Babylon,shuffle_100,18;35,Drama; Comedy,2
7109,The Noel Diary,shuffle_100,18;53;9648,Drama; Thriller; Mystery,3
7040,Basilicata Coast to Coast,shuffle_100,18;35;10402,Drama; Comedy; Music,3
2951,Bitter Moon,shuffle_100,18;35;10749,Drama; Comedy; Romance,3
4916,Return to Oz,shuffle_100,14;18;27,Fantasy; Drama; Horror,3
8894,6 Below: Miracle on the Mountain,shuffle_100,18;28;53,Drama; Action; Thriller,3
3547,Mamma Mia!,shuffle_100,35;10749,Comedy; Romance,2
4476,Winter's Bone,shuffle_100,18;53,Drama; Thriller,2
5633,Seeking a Friend for the End of the World,shuffle_100,35;53;878;10749,Comedy; Thriller; Science Fiction; Romance,4
3732,The Isle,shuffle_100,18;35,Drama; Comedy,2
9559,The Conference,shuffle_100,18;27;28;53;80,Drama; Horror; Action; Thriller; Crime,5
365,Spider-Man: No Way Home,shuffle_100,12;14;16;28;35;878,Adventure; Fantasy; Animation; Action; Comedy; Science Fiction,6
9417,Admission,shuffle_100,18;35;10749,Drama; Comedy; Romance,3
1174,The Six Triple Eight,shuffle_100,18;28;36;10752,Drama; Action; History; War,4
6956,Bandits,shuffle_100,12;18;28;35;53;80,Adventure; Drama; Action; Comedy; Thriller; Crime,6
259,Amadeus,shuffle_100,18;35,Drama; Comedy,2
5569,Flesh + Blood,shuffle_100,12;14;28;35;53,Adventure; Fantasy; Action; Comedy; Thriller,5
1042,Evangelion: 1.0 You Are (Not) Alone,shuffle_100,12;14;16;27;28;878,Adventure; Fantasy; Animation; Horror; Action; Science Fiction,6
5282,Colombiana,shuffle_100,18;53;80;9648,Drama; Thriller; Crime; Mystery,4
9250,Alvin and the Chipmunks: Chipwrecked,shuffle_100,12;16;27;35;878;10751,Adventure; Animation; Horror; Comedy; Science Fiction; Family,6
7326,There's No Place Like Home,shuffle_100,18;35;10749,Drama; Comedy; Romance,3
475,A Bronx Tale,shuffle_100,18;53;80,Drama; Thriller; Crime,3
7344,Waiting...,shuffle_100,28;35;53;80,Action; Comedy; Thriller; Crime,4
3786,White Chicks,shuffle_100,18;28;35;53;80,Drama; Action; Comedy; Thriller; Crime,5
6347,Shaft,shuffle_100,12;28;53;80;9648,Adventure; Action; Thriller; Crime; Mystery,5
9922,Mutant Chronicles,shuffle_100,12;18;28;53;878,Adventure; Drama; Action; Thriller; Science Fiction,5
4664,He Got Game,shuffle_100,18;35,Drama; Comedy,2
5439,The Finest Hours,shuffle_100,12;18;28;53,Adventure; Drama; Action; Thriller,4
2950,Cross of Iron,shuffle_100,18;28;36;53;10752,Drama; Action; History; Thriller; War,5
9117,Rules Don't Apply,shuffle_100,18;35;10749,Drama; Comedy; Romance,3
5908,Seoul Station,shuffle_100,12;16;27;28;53;878,Adventure; Animation; Horror; Action; Thriller; Science Fiction,6
8203,Up for Love,shuffle_100,18;35;53;10749,Drama; Comedy; Thriller; Romance,4
6735,"Roman J. Israel, Esq.",shuffle_100,18;28;35,Drama; Action; Comedy,3
2161,Swades,shuffle_100,12;18;35;878,Adventure; Drama; Comedy; Science Fiction,4
1965,All That Heaven Allows,shuffle_100,18;35;10749,Drama; Comedy; Romance,3
21,Fight Club,shuffle_100,18;28;35;53;80,Drama; Action; Comedy; Thriller; Crime,5
6143,Ice Age: A Mammoth Christmas,shuffle_100,12;14;16;35;10751,Adventure; Fantasy; Animation; Comedy; Family,5
3839,Antwone Fisher,shuffle_100,18;53,Drama; Thriller,2
8704,Cooties,shuffle_100,12;27;28;53;878,Adventure; Horror; Action; Thriller; Science Fiction,5
5092,Charlie Bartlett,shuffle_100,18;35,Drama; Comedy,2
868,A Charlie Brown Christmas,shuffle_100,14;16;18;35;10751,Fantasy; Animation; Drama; Comedy; Family,5
4932,The Stepford Wives,shuffle_100,18;35;53;9648;10749,Drama; Comedy; Thriller; Mystery; Romance,5
5225,Jack Reacher,shuffle_100,18;28;35;53;80,Drama; Action; Comedy; Thriller; Crime,5
2573,Upgraded,shuffle_100,18;35;10749,Drama; Comedy; Romance,3
3624,A Conspiracy of Faith,shuffle_100,18;27;53,Drama; Horror; Thriller,3
2062,Kung Fu Panda,shuffle_100,12;14;16;28;35;10751,Adventure; Fantasy; Animation; Action; Comedy; Family,6
8654,Men in Black: International,shuffle_100,12;28;53;878,Adventure; Action; Thriller; Science Fiction,4
1791,Asterix & Obelix: Mission Cleopatra,shuffle_100,14;18;35,Fantasy; Drama; Comedy,3
5534,May December,shuffle_100,18;10749,Drama; Romance,2
7704,Crossing Over,shuffle_100,18;28,Drama; Action,2
8983,The Man,shuffle_100,18;28;35;53;80;9648,Drama; Action; Comedy; Thriller; Crime; Mystery,6
5453,Main Hoon Na,shuffle_100,18;28;35;53;80,Drama; Action; Comedy; Thriller; Crime,5
9626,Leprechaun 2,shuffle_100,12;14;28,Adventure; Fantasy; Action,3
4336,Time After Time,shuffle_100,18;28;53;80;878,Drama; Action; Thriller; Crime; Science Fiction,5
5568,"I Love You, Man",shuffle_100,35;10749,Comedy; Romance,2
8488,An American Werewolf in Paris,shuffle_100,27;28;35;878,Horror; Action; Comedy; Science Fiction,4
4057,Flavors of Youth,shuffle_100,18,Drama,1
3456,The Dressmaker,shuffle_100,18;35;10749;10751,Drama; Comedy; Romance; Family,4
2164,The Seventh Company Has Been Found,shuffle_100,12;35;10751,Adventure; Comedy; Family,3
9966,With Open Arms,shuffle_100,18;35,Drama; Comedy,2
7617,28 Days,shuffle_100,18;35;80,Drama; Comedy; Crime,3
5215,Brother Bear 2,shuffle_100,12;14;16;35;10751,Adventure; Fantasy; Animation; Comedy; Family,5
5899,Thor: The Dark World,shuffle_100,12;14;16;28;878,Adventure; Fantasy; Animation; Action; Science Fiction,5
5683,Trust,shuffle_100,18;35;53,Drama; Comedy; Thriller,3
8688,King Cobra,shuffle_100,18;28;35;53;80,Drama; Action; Comedy; Thriller; Crime,5
6197,Your Sister's Sister,shuffle_100,18;27;35;10749;10751,Drama; Horror; Comedy; Romance; Family,5
9850,Sleeping Beauty,shuffle_100,14;18;27;10749,Fantasy; Drama; Horror; Romance,4
6159,Judgment Night,shuffle_100,18;27;28;53;80,Drama; Horror; Action; Thriller; Crime,5
3199,Far from Heaven,shuffle_100,18;10749,Drama; Romance,2
8679,Problem Child 2,shuffle_100,18;35,Drama; Comedy,2
1942,High Plains Drifter,shuffle_100,28;53;80,Action; Thriller; Crime,3
9317,The Pact,shuffle_100,18;27;53;9648,Drama; Horror; Thriller; Mystery,4
481,Bad Genius,shuffle_100,18;35;10749,Drama; Comedy; Romance,3
3280,The Proposition,shuffle_100,18;53;80,Drama; Thriller; Crime,3
1169,Moulin Rouge!,shuffle_100,18;35;10749,Drama; Comedy; Romance,3
7475,The Crew,shuffle_100,18;28;35;53;80,Drama; Action; Comedy; Thriller; Crime,5
6721,Smurfs: The Lost Village,shuffle_100,12;14;16;35;10751,Adventure; Fantasy; Animation; Comedy; Family,5
297,The Passion of Joan of Arc,shuffle_100,18;27,Drama; Horror,2
5367,Suicide Kings,shuffle_100,28;35;53;80,Action; Comedy; Thriller; Crime,4
6173,Super Fuzz,shuffle_100,12;28;35;53;878,Adventure; Action; Comedy; Thriller; Science Fiction,5
7924,Monster Trucks,shuffle_100,12;16;28;35;10751,Adventure; Animation; Action; Comedy; Family,5
2700,Troy,shuffle_100,12;18;28;36;10749,Adventure; Drama; Action; History; Romance,5
4379,Dark Water,shuffle_100,18;27;53;9648;10749,Drama; Horror; Thriller; Mystery; Romance,5
6784,The Wrath of Becky,shuffle_100,18;27;28;53,Drama; Horror; Action; Thriller,4
8228,Kidnapping Mr. Heineken,shuffle_100,18;35;80,Drama; Comedy; Crime,3
5132,JCVD,shuffle_100,18;35;80,Drama; Comedy; Crime,3
9687,Drive-Away Dolls,shuffle_100,18;27;35;10749,Drama; Horror; Comedy; Romance,4
1595,The SpongeBob Movie: Sponge on the Run,shuffle_100,12;16;28;35;10751,Adventure; Animation; Action; Comedy; Family,5
1329,Breaking the Waves,shuffle_100,18,Drama,1
1923,Nowhere,shuffle_100,18;53;10752,Drama; Thriller; War,3
8010,The Pacifier,shuffle_100,12;28;53;878,Adventure; Action; Thriller; Science Fiction,4
5896,Tideland,shuffle_100,18;27;53,Drama; Horror; Thriller,3
6459,Cargo,shuffle_100,18;27;53;878,Drama; Horror; Thriller; Science Fiction,4
9013,Exit Wounds,shuffle_100,28;35;53;80,Action; Comedy; Thriller; Crime,4
3324,Ip Man 3,shuffle_100,28;35;53;80,Action; Comedy; Thriller; Crime,4
5770,Little Monsters,shuffle_100,18;27;35,Drama; Horror; Comedy,3
5902,The Neon Demon,shuffle_100,18;35;10749,Drama; Comedy; Romance,3
3230,Moby Dick,shuffle_100,12;18;35,Adventure; Drama; Comedy,3
285,Song of the Sea,shuffle_100,12;14;16;18;10751,Adventure; Fantasy; Animation; Drama; Family,5
5939,The Jane Austen Book Club,shuffle_100,18;10749,Drama; Romance,2
7077,Extinction,shuffle_100,12;14;16;18;27;878,Adventure; Fantasy; Animation; Drama; Horror; Science Fiction,6
1471,High School of the Dead: Drifters of the Dead,shuffle_100,12;27;28;35;53,Adventure; Horror; Action; Comedy; Thriller,5
4106,Loft,shuffle_100,18;53;80;9648;10749,Drama; Thriller; Crime; Mystery; Romance,5
5257,The Man in the Iron Mask,shuffle_100,12;18;28,Adventure; Drama; Action,3
1837,The Great Gatsby,shuffle_100,18;35;10749,Drama; Comedy; Romance,3
4529,In Her Name,shuffle_100,18;53;80,Drama; Thriller; Crime,3
6063,Colors,shuffle_100,18;28;53;80,Drama; Action; Thriller; Crime,4
9741,Incarnate,shuffle_100,14;27;53;878,Fantasy; Horror; Thriller; Science Fiction,4
1257,The Birds,shuffle_100,27;28;53,Horror; Action; Thriller,3
7900,The Night Before,shuffle_100,35;10749,Comedy; Romance,2
4861,Nymphomaniac: Vol. II,shuffle_100,18;10749,Drama; Romance,2
9380,Inside,shuffle_100,18;53;80,Drama; Thriller; Crime,3
145,Good Will Hunting,shuffle_100,18;53,Drama; Thriller,2
2347,Pearl,shuffle_100,18;10749,Drama; Romance,2
1047,Steins;Gate: The Movie - Load Region of Déjà Vu,shuffle_100,16;18;28;878,Animation; Drama; Action; Science Fiction,4
6199,Drag Me to Hell,shuffle_100,18;27;53,Drama; Horror; Thriller,3
2878,The Dark Crystal,shuffle_100,12;14;16;27;35;878,Adventure; Fantasy; Animation; Horror; Comedy; Science Fiction,6
5053,Emily the Criminal,shuffle_100,35;53;80,Comedy; Thriller; Crime,3
3147,I Hate Summer,shuffle_100,18;35;10749,Drama; Comedy; Romance,3
4581,The DUFF,shuffle_100,35;10749;10751,Comedy; Romance; Family,3
5254,White God,shuffle_100,14;18;28;10751,Fantasy; Drama; Action; Family,4
503,Shoplifters,shuffle_100,18,Drama,1
6101,Police Story 4: First Strike,shuffle_100,18;28;35;53;80,Drama; Action; Comedy; Thriller; Crime,5
7290,Mean Machine,shuffle_100,18;28;35;53;80,Drama; Action; Comedy; Thriller; Crime,5
9036,Paranormal Activity 2,shuffle_100,14;27;35,Fantasy; Horror; Comedy,3
1097,The Hobbit: The Desolation of Smaug,shuffle_100,12;14;16;28;35;10751,Adventure; Fantasy; Animation; Action; Comedy; Family,6
7192,Ghosts of War,shuffle_100,18;27;28;36;10752,Drama; Horror; Action; History; War,5
826,Black Swan,shuffle_100,18;35;10749,Drama; Comedy; Romance,3
1943,Red River,shuffle_100,12;18;37,Adventure; Drama; Western,3
1783,My Sister's Keeper,shuffle_100,18;35,Drama; Comedy,2
6847,Dark Skies,shuffle_100,18;27;53;9648,Drama; Horror; Thriller; Mystery,4
5990,Mother's Day,shuffle_100,18;27;53,Drama; Horror; Thriller,3
4698,First Love,shuffle_100,18;28;80,Drama; Action; Crime,3
4319,The Ghost Writer,shuffle_100,18;35;53;9648,Drama; Comedy; Thriller; Mystery,4
1309,Almost Famous,shuffle_100,18;35;10402;10749,Drama; Comedy; Music; Romance,4
6541,The Knight Before Christmas,shuffle_100,12;14;18;35,Adventure; Fantasy; Drama; Comedy,4
6728,Doc Hollywood,shuffle_100,18;35;53;80,Drama; Comedy; Thriller; Crime,4
68,Given,shuffle_100,18;35;10749,Drama; Comedy; Romance,3
6565,The Assassin,shuffle_100,18;28;53,Drama; Action; Thriller,3
3340,Lethal Weapon 2,shuffle_100,12;18;28;53,Adventure; Drama; Action; Thriller,4
5380,Conspiracy Theory,shuffle_100,28;35;53;878;9648,Action; Comedy; Thriller; Science Fiction; Mystery,5
5732,The Chronicles of Riddick,shuffle_100,12;28;53;878,Adventure; Action; Thriller; Science Fiction,4
1738,Mad Max 2,shuffle_100,12;18;28,Adventure; Drama; Action,3
9357,My Best Friend's Girl,shuffle_100,18;35;10749,Drama; Comedy; Romance,3
93,Klaus,shuffle_100,14;16;35;10751,Fantasy; Animation; Comedy; Family,4
7555,Murder by Numbers,shuffle_100,18;28;53;80;9648,Drama; Action; Thriller; Crime; Mystery,5
4648,Oedipus Rex,shuffle_100,12;18,Adventure; Drama,2
5928,The Bookshop,shuffle_100,18;35,Drama; Comedy,2
4387,200 Pounds Beauty,shuffle_100,16;18;35;10749,Animation; Drama; Comedy; Romance,4
7601,Splinter,shuffle_100,12;27;28;35;53;878;10751,Adventure; Horror; Action; Comedy; Thriller; Science Fiction; Family,7
8944,Kicking & Screaming,shuffle_100,18;35,Drama; Comedy,2
76,The Intouchables,shuffle_100,18;35,Drama; Comedy,2
2319,Betty Blue,shuffle_100,18;35;10749,Drama; Comedy; Romance,3
7425,The Prince & Me,shuffle_100,18;35;10749,Drama; Comedy; Romance,3
916,Laurence Anyways,shuffle_100,18;35;10749,Drama; Comedy; Romance,3
9369,The Maiden Heist,shuffle_100,28;35;53;80,Action; Comedy; Thriller; Crime,4
4345,An Unfinished Life,shuffle_100,18;53,Drama; Thriller,2
7191,No Escape,shuffle_100,12;18;28;53;80,Adventure; Drama; Action; Thriller; Crime,5
8369,The Marvels,shuffle_100,16;35;878;10749;10751,Animation; Comedy; Science Fiction; Romance; Family,5
2010,Carrie,shuffle_100,18;27;53;9648,Drama; Horror; Thriller; Mystery,4
7722,Happily Mixed Up,shuffle_100,18;27;53,Drama; Horror; Thriller,3
194,The Hunt,shuffle_100,18;35,Drama; Comedy,2
7314,The Other Woman,shuffle_100,18;35;10749,Drama; Comedy; Romance,3
6475,Flypaper,shuffle_100,18;28;35;53;80;10749,Drama; Action; Comedy; Thriller; Crime; Romance,6
9513,Truth or Dare,shuffle_100,18;27;35;53,Drama; Horror; Comedy; Thriller,4
7049,Your Place or Mine,shuffle_100,35;10749;10751,Comedy; Romance; Family,3
6424,Don't Think Twice,shuffle_100,18;53,Drama; Thriller,2
4977,Troll Hunter,shuffle_100,27;53,Horror; Thriller,2
998,Mortal Kombat Legends: Battle of the Realms,shuffle_100,12;14;16;28;35;878,Adventure; Fantasy; Animation; Action; Comedy; Science Fiction,6
6904,Beauty Shop,shuffle_100,18;35;53,Drama; Comedy; Thriller,3
8099,Arcadian,shuffle_100,12;27;28;53;878,Adventure; Horror; Action; Thriller; Science Fiction,5
5448,Silent Hill,shuffle_100,18;27;53;9648,Drama; Horror; Thriller; Mystery,4
9327,Momentum,shuffle_100,12;28;53;80;9648,Adventure; Action; Thriller; Crime; Mystery,5
7114,The Dead Pool,shuffle_100,18;35;53;80,Drama; Comedy; Thriller; Crime,4
3408,Mickey's Twice Upon a Christmas,shuffle_100,12;14;16;35;10751,Adventure; Fantasy; Animation; Comedy; Family,5
5405,The Wizard of Lies,shuffle_100,18;35;53;80,Drama; Comedy; Thriller; Crime,4
2850,Tangled Ever After,shuffle_100,16;35;10749;10751,Animation; Comedy; Romance; Family,4
8088,Sanctum,shuffle_100,12;18;28;53;878,Adventure; Drama; Action; Thriller; Science Fiction,5
2705,Kiss Kiss Bang Bang,shuffle_100,18;28;35;53;80,Drama; Action; Comedy; Thriller; Crime,5
6846,The Visit,shuffle_100,18;27;35,Drama; Horror; Comedy,3
432,Divorce Italian Style,shuffle_100,18;35;10749,Drama; Comedy; Romance,3
7851,F,shuffle_100,18;27;28;53,Drama; Horror; Action; Thriller,4
4028,Rango,shuffle_100,12;16;28;35;53;10751,Adventure; Animation; Action; Comedy; Thriller; Family,6
1048,The Fault in Our Stars,shuffle_100,18;27;878,Drama; Horror; Science Fiction,3
4923,RED,shuffle_100,18;28;35;53;80,Drama; Action; Comedy; Thriller; Crime,5
1935,A Nightmare on Elm Street,shuffle_100,27;35;53,Horror; Comedy; Thriller,3
4569,Asterix in Britain,shuffle_100,12;14;16;35;10751,Adventure; Fantasy; Animation; Comedy; Family,5
195,New Gods: Nezha Reborn,shuffle_100,18;28;35;878,Drama; Action; Comedy; Science Fiction,4
4697,Superman II,shuffle_100,12;16;28;878,Adventure; Animation; Action; Science Fiction,4
392,We Are the Nobles,shuffle_100,18;35,Drama; Comedy,2
8213,Alvin and the Chipmunks: The Road Chip,shuffle_100,18;35;10749,Drama; Comedy; Romance,3
6304,Wild Target,shuffle_100,18;28;53;80,Drama; Action; Thriller; Crime,4
3110,What's Love Got to Do with It,shuffle_100,18;35;10749,Drama; Comedy; Romance,3
4715,Road House,shuffle_100,18;35;53,Drama; Comedy; Thriller,3
5549,Lionheart,shuffle_100,18;28;35;10752,Drama; Action; Comedy; War,4
2066,Red Dog,shuffle_100,12;16;18;35;10751,Adventure; Animation; Drama; Comedy; Family,5
1716,Rushmore,shuffle_100,18;35;10749,Drama; Comedy; Romance,3
537,The Shadow in My Eye,shuffle_100,18;28;36;53;10752,Drama; Action; History; Thriller; War,5
7092,Legends of Oz: Dorothy's Return,shuffle_100,12;14;16;35;10751,Adventure; Fantasy; Animation; Comedy; Family,5
6211,The Uninvited,shuffle_100,18;27;53;9648,Drama; Horror; Thriller; Mystery,4
4824,Bumblebee,shuffle_100,12;16;18;35;10751,Adventure; Animation; Drama; Comedy; Family,5
2220,Riders of Justice,shuffle_100,18;53,Drama; Thriller,2
2109,Sonic the Hedgehog,shuffle_100,12;16;28;35;878;10751,Adventure; Animation; Action; Comedy; Science Fiction; Family,6
2137,The Fundamentals of Caring,shuffle_100,18;35,Drama; Comedy,2
8471,Alexander,shuffle_100,12;16;18;28;36;10752,Adventure; Animation; Drama; Action; History; War,6
8919,Neighbors 2: Sorority Rising,shuffle_100,18;35,Drama; Comedy,2
7279,Accident Man,shuffle_100,28;35;53;80,Action; Comedy; Thriller; Crime,4
2200,Land of Bad,shuffle_100,28;35;53;878,Action; Comedy; Thriller; Science Fiction,4
954,The Longest Ride,shuffle_100,18;10749,Drama; Romance,2
5846,Dragonslayer,shuffle_100,12;14;28;10751,Adventure; Fantasy; Action; Family,4
2761,Confession of Murder,shuffle_100,18;28;53;80;9648,Drama; Action; Thriller; Crime; Mystery,5
3169,Patriots Day,shuffle_100,18;28;53,Drama; Action; Thriller,3
4930,Night Moves,shuffle_100,18;35;53;80;9648,Drama; Comedy; Thriller; Crime; Mystery,5
7857,V/H/S/94,shuffle_100,27;53;878;9648,Horror; Thriller; Science Fiction; Mystery,4
459,Persepolis,shuffle_100,18;36,Drama; History,2
3793,Nine to Five,shuffle_100,18;35;53;80,Drama; Comedy; Thriller; Crime,4
742,Slumdog Millionaire,shuffle_100,18;35;80,Drama; Comedy; Crime,3
9458,Leatherface,shuffle_100,18;27;28;53;80,Drama; Horror; Action; Thriller; Crime,5
5743,Looking for Eric,shuffle_100,18;35,Drama; Comedy,2
50,American History X,shuffle_100,18;28;53;80,Drama; Action; Thriller; Crime,4
2108,Stolen Kisses,shuffle_100,18;35,Drama; Comedy,2
3005,Ariel,shuffle_100,18;35;53;80,Drama; Comedy; Thriller; Crime,4
2698,Monsieur Lazhar,shuffle_100,18,Drama,1
6130,The Love Witch,shuffle_100,14;35;10749,Fantasy; Comedy; Romance,3
2762,House of Sand and Fog,shuffle_100,18;35;53;80,Drama; Comedy; Thriller; Crime,4
8909,Analyze That,shuffle_100,18;35;53;80,Drama; Comedy; Thriller; Crime,4
4555,Kill the Irishman,shuffle_100,18;28;53;80,Drama; Action; Thriller; Crime,4
3314,My Neighbors the Yamadas,shuffle_100,18;35,Drama; Comedy,2
6867,Yara,shuffle_100,18;27;53,Drama; Horror; Thriller,3
866,Scooby-Doo on Zombie Island,shuffle_100,12;14;16;27;35;10751,Adventure; Fantasy; Animation; Horror; Comedy; Family,6
5897,Bubba Ho-tep,shuffle_100,18;35,Drama; Comedy,2
3362,An Officer and a Gentleman,shuffle_100,18;28;35,Drama; Action; Comedy,3
5462,Goya's Ghosts,shuffle_100,18;28;53,Drama; Action; Thriller,3
3704,RocknRolla,shuffle_100,35;53;80,Comedy; Thriller; Crime,3
2058,"Good Morning, Vietnam",shuffle_100,18;35,Drama; Comedy,2
3919,Finestkind,shuffle_100,18;28;35;53;80,Drama; Action; Comedy; Thriller; Crime,5
7768,Ad Astra,shuffle_100,18;53;878,Drama; Thriller; Science Fiction,3
8004,No Filter,shuffle_100,18;35;10749,Drama; Comedy; Romance,3
7957,Kill Your Friends,shuffle_100,18;35;53;80,Drama; Comedy; Thriller; Crime,4
8023,My Life Without Me,shuffle_100,18;27;53;9648,Drama; Horror; Thriller; Mystery,4
8173,Bee Movie,shuffle_100,18;35;878,Drama; Comedy; Science Fiction,3
3737,Fly Away Home,shuffle_100,16;18;27;35;10751,Animation; Drama; Horror; Comedy; Family,5
5273,Aline,shuffle_100,18;35;10402;10749,Drama; Comedy; Music; Romance,4
2229,Jeremiah Johnson,shuffle_100,12;18;28,Adventure; Drama; Action,3
4706,Tucker: The Man and His Dream,shuffle_100,18;878,Drama; Science Fiction,2
9060,We Are What We Are,shuffle_100,18;28;53,Drama; Action; Thriller,3
2063,Duck Soup,shuffle_100,18;35,Drama; Comedy,2
3257,Elephant,shuffle_100,18;35,Drama; Comedy,2
9891,Behaving Badly,shuffle_100,18;35;10749,Drama; Comedy; Romance,3
3808,Project Silence,shuffle_100,18;27;28;53;878,Drama; Horror; Action; Thriller; Science Fiction,5
6370,"My Donkey, My Lover & I",shuffle_100,12;18;35;10751,Adventure; Drama; Comedy; Family,4
863,12 Angry Men,shuffle_100,18;80,Drama; Crime,2
2830,After the Wedding,shuffle_100,18;53,Drama; Thriller,2
6596,The Imaginarium of Doctor Parnassus,shuffle_100,12;14;28;35,Adventure; Fantasy; Action; Comedy,4
7661,Ben 10: Alien Swarm,shuffle_100,12;28;53;878,Adventure; Action; Thriller; Science Fiction,4
9043,Black Sheep,shuffle_100,27;53;878,Horror; Thriller; Science Fiction,3
3112,The Thirteenth Floor,shuffle_100,18;35;53,Drama; Comedy; Thriller,3
6154,Olaf's Frozen Adventure,shuffle_100,12;14;16;35;10751,Adventure; Fantasy; Animation; Comedy; Family,5
1132,Gattaca,shuffle_100,35;878,Comedy; Science Fiction,2
6679,New Kids Turbo,shuffle_100,18;35;80,Drama; Comedy; Crime,3
6352,Operation Christmas Drop,shuffle_100,18;28;53,Drama; Action; Thriller,3
6897,Flushed Away,shuffle_100,12;16;18;35;10751,Adventure; Animation; Drama; Comedy; Family,5
9302,Damaged,shuffle_100,18;53;80;9648,Drama; Thriller; Crime; Mystery,4
4186,Moonstruck,shuffle_100,18;35;10749,Drama; Comedy; Romance,3
9506,Deep Blue Sea 3,shuffle_100,12;18;35;878;10751,Adventure; Drama; Comedy; Science Fiction; Family,5
1553,Scarface,shuffle_100,18;28;53;80,Drama; Action; Thriller; Crime,4
8924,Young Adult,shuffle_100,18;35;10749,Drama; Comedy; Romance,3
2655,Identity,shuffle_100,27;53,Horror; Thriller,2
9460,Family Pack,shuffle_100,12;14;16;27;28;35;10751,Adventure; Fantasy; Animation; Horror; Action; Comedy; Family,7
919,Vampire Hunter D: Bloodlust,shuffle_100,35,Comedy,1
2957,A Writer's Odyssey,shuffle_100,12;14;16;18;28,Adventure; Fantasy; Animation; Drama; Action,5
5598,Who You Think I Am,shuffle_100,18;35;10749,Drama; Comedy; Romance,3
9215,Porky's II: The Next Day,shuffle_100,18;27;35,Drama; Horror; Comedy,3
9951,Havoc,shuffle_100,18;35;80,Drama; Comedy; Crime,3
5870,Turbo Kid,shuffle_100,12;18;28,Adventure; Drama; Action,3
2826,The Rock,shuffle_100,18;28;53;80;878,Drama; Action; Thriller; Crime; Science Fiction,5
4831,Dreamgirls,shuffle_100,18;35;10402;10749,Drama; Comedy; Music; Romance,4
899,Onward,shuffle_100,12;14;16;35;10751,Adventure; Fantasy; Animation; Comedy; Family,5
7350,Alice and the Mayor,shuffle_100,18;35;10749,Drama; Comedy; Romance,3
5022,Yes Man,shuffle_100,18;35,Drama; Comedy,2
8371,When in Rome,shuffle_100,18;35;10749;10751,Drama; Comedy; Romance; Family,4
3153,SPY x FAMILY CODE: White,shuffle_100,12;35;53,Adventure; Comedy; Thriller,3
6119,Bridget Jones: Mad About the Boy,shuffle_100,18;35;10749,Drama; Comedy; Romance,3
6726,The Only Living Boy in New York,shuffle_100,18;35;10749,Drama; Comedy; Romance,3
6890,Dead in a Week (Or Your Money Back),shuffle_100,18;35;53,Drama; Comedy; Thriller,3
53,Princess Mononoke,shuffle_100,12;14;16;27;28,Adventure; Fantasy; Animation; Horror; Action,5
4530,Perfect Addiction,shuffle_100,18;28,Drama; Action,2
7321,Megan Is Missing,shuffle_100,18;35;53;10749,Drama; Comedy; Thriller; Romance,4
7738,Housesitter,shuffle_100,18;35,Drama; Comedy,2
1058,The Wizard of Oz,shuffle_100,12;14;16;10751,Adventure; Fantasy; Animation; Family,4
7960,Duplex,shuffle_100,27;35;10749;10751,Horror; Comedy; Romance; Family,4
3944,The Hidden,shuffle_100,18;35;53;80,Drama; Comedy; Thriller; Crime,4
5543,Ender's Game,shuffle_100,12;16;18;28;878;10751,Adventure; Animation; Drama; Action; Science Fiction; Family,6
4162,Denial,shuffle_100,18;36,Drama; History,2
290,Citizen Kane,shuffle_100,18,Drama,1
717,Gran Turismo,shuffle_100,12;18;35;10751,Adventure; Drama; Comedy; Family,4
584,Spotlight,shuffle_100,18;27;53,Drama; Horror; Thriller,3
3508,This Must Be the Place,shuffle_100,18;28;35;53;80,Drama; Action; Comedy; Thriller; Crime,5
1103,Spies in Disguise,shuffle_100,12;18;28;35,Adventure; Drama; Action; Comedy,4
7365,The Night Clerk,shuffle_100,18;35;53;80;9648,Drama; Comedy; Thriller; Crime; Mystery,5
7951,The SpongeBob Movie: Sponge Out of Water,shuffle_100,12;14;16;28;35;10751,Adventure; Fantasy; Animation; Action; Comedy; Family,6
1112,"Girl, Interrupted",shuffle_100,14;18;10749,Fantasy; Drama; Romance,3
8563,Curse of Chucky,shuffle_100,27;53;9648,Horror; Thriller; Mystery,3
8522,Pyewacket,shuffle_100,14;18;27;53;9648,Fantasy; Drama; Horror; Thriller; Mystery,5
4553,Anna and the King,shuffle_100,18;36;10749,Drama; History; Romance,3
5111,The Spiderwick Chronicles,shuffle_100,12;14;16;35;10751,Adventure; Fantasy; Animation; Comedy; Family,5
9159,Arthur and the Revenge of Maltazard,shuffle_100,12;14;35,Adventure; Fantasy; Comedy,3
8686,Line of Duty,shuffle_100,18;28;35;53;80,Drama; Action; Comedy; Thriller; Crime,5
542,Two Women,shuffle_100,18;10752,Drama; War,2
5531,Star Wars: Episode II - Attack of the Clones,shuffle_100,12;16;18;28;878,Adventure; Animation; Drama; Action; Science Fiction,5
5529,House of Gucci,shuffle_100,18;35,Drama; Comedy,2
1683,Boys Don't Cry,shuffle_100,18;10749,Drama; Romance,2
8472,"Farewell, My Queen",shuffle_100,18;36;10749,Drama; History; Romance,3
4976,Time Freak,shuffle_100,18;35;878;10749,Drama; Comedy; Science Fiction; Romance,4
5687,Fragile,shuffle_100,18;27;53;9648,Drama; Horror; Thriller; Mystery,4
2550,The Animatrix,shuffle_100,12;16;18;28;35;878,Adventure; Animation; Drama; Action; Comedy; Science Fiction,6
5810,Ramona and Beezus,shuffle_100,14;16;18;35;10751,Fantasy; Animation; Drama; Comedy; Family,5
4386,The Women on the 6th Floor,shuffle_100,18;35;10749,Drama; Comedy; Romance,3
7751,Big Trouble,shuffle_100,18;35;80,Drama; Comedy; Crime,3
995,The Others,shuffle_100,14;18;27;53;9648,Fantasy; Drama; Horror; Thriller; Mystery,5
4023,Mike's New Car,shuffle_100,35;10751,Comedy; Family,2
6574,Baba Yaga: Terror of the Dark Forest,shuffle_100,16;27;35;9648;10751,Animation; Horror; Comedy; Mystery; Family,5
3210,Futurama: Into the Wild Green Yonder,shuffle_100,12;14;28;878,Adventure; Fantasy; Action; Science Fiction,4
402,Amélie,shuffle_100,14;18;35;10749,Fantasy; Drama; Comedy; Romance,4
7862,The Zero Theorem,shuffle_100,18;53;878,Drama; Thriller; Science Fiction,3
4335,The Dry,shuffle_100,18;35,Drama; Comedy,2
9059,A Christmas Horror Story,shuffle_100,35;10751,Comedy; Family,2
7776,Cocktail,shuffle_100,18;35;80;10402,Drama; Comedy; Crime; Music,4
1341,Boyhood,shuffle_100,18;35;10749,Drama; Comedy; Romance,3
6666,Octopussy,shuffle_100,12;28;53;80,Adventure; Action; Thriller; Crime,4
2993,Welcome to the Dollhouse,shuffle_100,18;35,Drama; Comedy,2
6943,Mighty Joe Young,shuffle_100,18;27;53,Drama; Horror; Thriller,3
3669,Insomnia,shuffle_100,27;53;80;9648,Horror; Thriller; Crime; Mystery,4
1993,The Magnificent Ambersons,shuffle_100,14;18;35;10749,Fantasy; Drama; Comedy; Romance,4
7315,Knight and Day,shuffle_100,18;28;53;80,Drama; Action; Thriller; Crime,4
3411,The High Note,shuffle_100,18;35;10402;10749;10751,Drama; Comedy; Music; Romance; Family,5
9198,Red Planet,shuffle_100,12;28;53;878,Adventure; Action; Thriller; Science Fiction,4
4056,Hellraiser,shuffle_100,12;14;18;35;10751,Adventure; Fantasy; Drama; Comedy; Family,5
286,Robot Dreams,shuffle_100,16;18;35;878;10749;10751,Animation; Drama; Comedy; Science Fiction; Romance; Family,6
5815,RED 2,shuffle_100,18;28;35;878,Drama; Action; Comedy; Science Fiction,4
8807,Sgt. Bilko,shuffle_100,18;28;35;10752,Drama; Action; Comedy; War,4
6362,Drop,shuffle_100,18;35;10749,Drama; Comedy; Romance,3
2517,Maria Full of Grace,shuffle_100,18;35;80,Drama; Comedy; Crime,3
7212,Sky High,shuffle_100,12;14;16;18;28;878,Adventure; Fantasy; Animation; Drama; Action; Science Fiction,6
3346,After We Fell,shuffle_100,18;35;53;10749,Drama; Comedy; Thriller; Romance,4
1720,Once Were Warriors,shuffle_100,18,Drama,1
714,Notorious,shuffle_100,18;28;53;80;10752,Drama; Action; Thriller; Crime; War,5
1554,Erin Brockovich,shuffle_100,18;35;53,Drama; Comedy; Thriller,3
8887,Fading Gigolo,shuffle_100,18;35;80;10749,Drama; Comedy; Crime; Romance,4
9701,Forces of Nature,shuffle_100,12;35;10749,Adventure; Comedy; Romance,3
178,Portrait of a Lady on Fire,shuffle_100,18;10749,Drama; Romance,2
304,Sound of Freedom,shuffle_100,18;53,Drama; Thriller,2
3262,Apollo 10½: A Space Age Childhood,shuffle_100,12;14;18;35;10751,Adventure; Fantasy; Drama; Comedy; Family,5
4420,Black or White,shuffle_100,18,Drama,1
2071,Dog,shuffle_100,12;18,Adventure; Drama,2
7008,Cannibal Holocaust,shuffle_100,12;18;28;878,Adventure; Drama; Action; Science Fiction,4
5176,House of Usher,shuffle_100,18;27,Drama; Horror,2
5834,The Ref,shuffle_100,18;27;35;53;80,Drama; Horror; Comedy; Thriller; Crime,5
7352,Zambezia,shuffle_100,12;16;18;10751,Adventure; Animation; Drama; Family,4
9847,Slumber,shuffle_100,14;27;35;53,Fantasy; Horror; Comedy; Thriller,4
2049,Deliverance,shuffle_100,18;53,Drama; Thriller,2
3354,C'est la vie!,shuffle_100,35;10749,Comedy; Romance,2
1715,Hour of the Wolf,shuffle_100,18;35;53;10749,Drama; Comedy; Thriller; Romance,4
6888,Bad Taste,shuffle_100,12;16;28;35;878,Adventure; Animation; Action; Comedy; Science Fiction,5
9031,Big Momma's House 2,shuffle_100,28;35;10751,Action; Comedy; Family,3
5442,Brewster's Millions,shuffle_100,35;53,Comedy; Thriller,2
5007,The Return,shuffle_100,18;27,Drama; Horror,2
1430,Fist of Legend,shuffle_100,18;28,Drama; Action,2
2489,Little Manhattan,shuffle_100,14;18;35,Fantasy; Drama; Comedy,3
2545,Time to Hunt,shuffle_100,18;28;35;53;80,Drama; Action; Comedy; Thriller; Crime,5
4713,Germinal,shuffle_100,18;36;53;80,Drama; History; Thriller; Crime,4
1146,Inside Out 2,shuffle_100,18;27;35;53;9648,Drama; Horror; Comedy; Thriller; Mystery,5
8853,Replicant,shuffle_100,27;28;35;53;80;878,Horror; Action; Comedy; Thriller; Crime; Science Fiction,6
6468,Baggio: The Divine Ponytail,shuffle_100,18;35,Drama; Comedy,2
3347,One Night in Miami...,shuffle_100,18;28;36,Drama; Action; History,3
1334,Band of Outsiders,shuffle_100,18;35,Drama; Comedy,2
9438,Diana,shuffle_100,18;10749,Drama; Romance,2
967,The Turin Horse,shuffle_100,18,Drama,1
8297,Anon,shuffle_100,18;53;80;9648,Drama; Thriller; Crime; Mystery,4
5244,Contagion,shuffle_100,27;28;53;878,Horror; Action; Thriller; Science Fiction,4
4592,Teen Beach 2,shuffle_100,18;35;10751,Drama; Comedy; Family,3
8526,Thanks for Sharing,shuffle_100,18;35;10749,Drama; Comedy; Romance,3
9994,Hollywood Homicide,shuffle_100,18;35;80;10749,Drama; Comedy; Crime; Romance,4
496,Perfect Strangers,shuffle_100,18;35,Drama; Comedy,2
971,Sniper: The White Raven,shuffle_100,18;28;10752,Drama; Action; War,3
7663,That Awkward Moment,shuffle_100,18;35;10749,Drama; Comedy; Romance,3
9161,Urban Legend,shuffle_100,18;27;53;80;9648,Drama; Horror; Thriller; Crime; Mystery,5
3785,Streets of Fire,shuffle_100,35;10749,Comedy; Romance,2
9172,The Midnight Sky,shuffle_100,12;18;35;53;878,Adventure; Drama; Comedy; Thriller; Science Fiction,5
4882,Boiler Room,shuffle_100,18;35,Drama; Comedy,2
7824,Trouble at Timpetill,shuffle_100,18;27,Drama; Horror,2
2979,Lamp Life,shuffle_100,16;18;35;10751,Animation; Drama; Comedy; Family,4
8429,The Oxford Murders,shuffle_100,18;27;53;80;9648,Drama; Horror; Thriller; Crime; Mystery,5
1654,They Call Me Jeeg,shuffle_100,12;28;35;878,Adventure; Action; Comedy; Science Fiction,4
7583,Never Been Kissed,shuffle_100,18;35;80;10749,Drama; Comedy; Crime; Romance,4
5921,The Invisible Guardian,shuffle_100,14;18;27;9648,Fantasy; Drama; Horror; Mystery,4
8963,Robinson Crusoe,shuffle_100,12;14;16;35;10751,Adventure; Fantasy; Animation; Comedy; Family,5
382,"Batman: The Dark Knight Returns, Part 2",shuffle_100,16;28;878,Animation; Action; Science Fiction,3
1746,Law Abiding Citizen,shuffle_100,18;28;53;80,Drama; Action; Thriller; Crime,4
7134,Ant-Man and the Wasp: Quantumania,shuffle_100,35;878,Comedy; Science Fiction,2
1215,The Second Tragic Fantozzi,shuffle_100,18;35,Drama; Comedy,2
7345,Jigsaw,shuffle_100,27;28;53;80;878;9648,Horror; Action; Thriller; Crime; Science Fiction; Mystery,6
2859,Matthias & Maxime,shuffle_100,18;35;10749,Drama; Comedy; Romance,3
2502,The Ten Commandments: The Movie,shuffle_100,12;18;36,Adventure; Drama; History,3
1396,Birdman of Alcatraz,shuffle_100,18;53;80;9648,Drama; Thriller; Crime; Mystery,4
1465,The Croods: A New Age,shuffle_100,12;16;18;27;35;10751,Adventure; Animation; Drama; Horror; Comedy; Family,6
5305,Valerian and the City of a Thousand Planets,shuffle_100,12;18;28;53;878,Adventure; Drama; Action; Thriller; Science Fiction,5
4897,Just Go with It,shuffle_100,18;35;53;10749,Drama; Comedy; Thriller; Romance,4
1598,Trinity Is Still My Name,shuffle_100,28;35;80,Action; Comedy; Crime,3
4615,Primer,shuffle_100,18;878,Drama; Science Fiction,2
9232,The Art of War,shuffle_100,18;28;53;80,Drama; Action; Thriller; Crime,4
5315,Mr. Morgan's Last Love,shuffle_100,18;35;10749,Drama; Comedy; Romance,3
1609,American Me,shuffle_100,18;28;53;80,Drama; Action; Thriller; Crime,4
6534,Creep,shuffle_100,18;35;80,Drama; Comedy; Crime,3
3561,The White Tiger,shuffle_100,12;18;28;35,Adventure; Drama; Action; Comedy,4
3143,The Matrix Reloaded,shuffle_100,12;28;53;878,Adventure; Action; Thriller; Science Fiction,4
1986,Just Another Christmas,shuffle_100,35;10751,Comedy; Family,2
8285,Flight of the Phoenix,shuffle_100,12;16;18;28;35;878,Adventure; Animation; Drama; Action; Comedy; Science Fiction,6
8843,The Big Wedding,shuffle_100,35;10749,Comedy; Romance,2
1234,The Girl with the Dragon Tattoo,shuffle_100,18;53;9648,Drama; Thriller; Mystery,3
4540,Battlestar Galactica: The Plan,shuffle_100,28;53;878,Action; Thriller; Science Fiction,3
5519,The Lord of the Rings,shuffle_100,12;14;16;28;878,Adventure; Fantasy; Animation; Action; Science Fiction,5
3791,Tracks,shuffle_100,12;16;18;35;10751,Adventure; Animation; Drama; Comedy; Family,5
1189,Let the Right One In,shuffle_100,18;35,Drama; Comedy,2
9436,Max Steel,shuffle_100,12;16;28;35;878;10751,Adventure; Animation; Action; Comedy; Science Fiction; Family,6
4641,Jersey Boys,shuffle_100,18;35;10402;10749,Drama; Comedy; Music; Romance,4
4769,The Fog,shuffle_100,14;18;27;35;53;9648,Fantasy; Drama; Horror; Comedy; Thriller; Mystery,6
5031,Meet the Parents,shuffle_100,18;35;10749,Drama; Comedy; Romance,3
7593,Jumper,shuffle_100,12;18;35;878;10751,Adventure; Drama; Comedy; Science Fiction; Family,5
7709,The Amityville Horror,shuffle_100,18;35,Drama; Comedy,2
8969,Fantastic Four,shuffle_100,12;14;28;878,Adventure; Fantasy; Action; Science Fiction,4
6047,The Last Days of American Crime,shuffle_100,18;28;53;80;878,Drama; Action; Thriller; Crime; Science Fiction,5
7284,Bridget Jones: The Edge of Reason,shuffle_100,18;35;53;80;10749,Drama; Comedy; Thriller; Crime; Romance,5
8021,Sleepover,shuffle_100,35;10751,Comedy; Family,2
7868,Village of the Damned,shuffle_100,18;27,Drama; Horror,2
6837,Bend It Like Beckham,shuffle_100,18;35;10749,Drama; Comedy; Romance,3
2632,Invictus,shuffle_100,18;35;36,Drama; Comedy; History,3
1775,Burning,shuffle_100,12;18;35;10749;10751,Adventure; Drama; Comedy; Romance; Family,5
6545,Wonder Wheel,shuffle_100,18;35;10751,Drama; Comedy; Family,3
8751,The Spy Next Door,shuffle_100,18;35;53;80,Drama; Comedy; Thriller; Crime,4
5118,Back to Black,shuffle_100,18;35;10402;10749,Drama; Comedy; Music; Romance,4
1843,The Big Short,shuffle_100,18;28;35;36,Drama; Action; Comedy; History,4
4243,The Man Who Invented Christmas,shuffle_100,14;18;35;10749;10751,Fantasy; Drama; Comedy; Romance; Family,5
7744,Once Upon a Time in Bethlehem,shuffle_100,12;14;16;27;35;878,Adventure; Fantasy; Animation; Horror; Comedy; Science Fiction,6
9752,Poison Ivy,shuffle_100,18;35;10749,Drama; Comedy; Romance,3
2286,Star Wars: The Force Awakens,shuffle_100,12;16;28;878;10752,Adventure; Animation; Action; Science Fiction; War,5
7217,"Marry Me, Dude",shuffle_100,18;35;80,Drama; Comedy; Crime,3
2203,Heathers,shuffle_100,18;35,Drama; Comedy,2
8900,Big Momma's House,shuffle_100,28;35,Action; Comedy,2
6554,The Awakening,shuffle_100,18;27;53;9648,Drama; Horror; Thriller; Mystery,4
2003,The Sea Beast,shuffle_100,12;14;16;28;878;10751,Adventure; Fantasy; Animation; Action; Science Fiction; Family,6
1265,Tell It to the Bees,shuffle_100,18;35;10751,Drama; Comedy; Family,3
3555,The Amateur,shuffle_100,18;28;53;80,Drama; Action; Thriller; Crime,4
2763,Peter Pan,shuffle_100,12;14;16;35;10751,Adventure; Fantasy; Animation; Comedy; Family,5
755,The Sound of Music,shuffle_100,18;35;10749;10752,Drama; Comedy; Romance; War,4
8019,French Twist,shuffle_100,18;35;10749,Drama; Comedy; Romance,3
5983,Kinds of Kindness,shuffle_100,14;18;35,Fantasy; Drama; Comedy,3
6710,The Good Shepherd,shuffle_100,18,Drama,1
5045,Geek Charming,shuffle_100,35;10749,Comedy; Romance,2
8534,The Specialist,shuffle_100,28;35;53;80,Action; Comedy; Thriller; Crime,4
3843,Crazy Heart,shuffle_100,18;35;10402;10749,Drama; Comedy; Music; Romance,4
6830,The Bar,shuffle_100,18;27;53;80;9648,Drama; Horror; Thriller; Crime; Mystery,5
6072,The Manchurian Candidate,shuffle_100,18;28;53;10752,Drama; Action; Thriller; War,4
9814,Downsizing,shuffle_100,18;35;10749,Drama; Comedy; Romance,3
7982,Justice League,shuffle_100,12;14;16;28;35;878;10751,Adventure; Fantasy; Animation; Action; Comedy; Science Fiction; Family,7
3996,Saboteur,shuffle_100,18;28;53;80,Drama; Action; Thriller; Crime,4
651,Dune,shuffle_100,12;18;28;878,Adventure; Drama; Action; Science Fiction,4
555,A Fistful of Dollars,shuffle_100,12;18;28;53;80,Adventure; Drama; Action; Thriller; Crime,5
2284,The Hurt Locker,shuffle_100,18;28;35;10752,Drama; Action; Comedy; War,4
3708,The Angels' Share,shuffle_100,18;35;80,Drama; Comedy; Crime,3
6832,The Immigrant,shuffle_100,18;35;10749,Drama; Comedy; Romance,3
40,Se7en,shuffle_100,27;28;53;80;9648,Horror; Action; Thriller; Crime; Mystery,5
1083,Brother,shuffle_100,18;28;53;80,Drama; Action; Thriller; Crime,4
3234,Red One,shuffle_100,12;14;16;28;35;53;10751,Adventure; Fantasy; Animation; Action; Comedy; Thriller; Family,7
8155,Despite Everything,shuffle_100,18;35;10749,Drama; Comedy; Romance,3
92,Avengers: Infinity War,shuffle_100,12;14;16;28;878,Adventure; Fantasy; Animation; Action; Science Fiction,5
1154,We Need to Talk About Kevin,shuffle_100,18;27,Drama; Horror,2
5901,Revenge,shuffle_100,18;35;53;10749,Drama; Comedy; Thriller; Romance,4
521,Dances with Wolves,shuffle_100,18;53,Drama; Thriller,2
7454,Elizabethtown,shuffle_100,18;35;53,Drama; Comedy; Thriller,3
2694,Boyka: Undisputed IV,shuffle_100,16;28;80,Animation; Action; Crime,3
8724,Beverly Hills Cop III,shuffle_100,28;35;53;80;9648,Action; Comedy; Thriller; Crime; Mystery,5
7149,Killer Elite,shuffle_100,12;28;35;53;80,Adventure; Action; Comedy; Thriller; Crime,5
6778,I Want You Back,shuffle_100,18;35;10749;10751,Drama; Comedy; Romance; Family,4
414,Army of Shadows,shuffle_100,18;28;53,Drama; Action; Thriller,3
7587,Bright,shuffle_100,14;16;27;35;878;10751,Fantasy; Animation; Horror; Comedy; Science Fiction; Family,6
3261,The Lake House,shuffle_100,18;27;35;9648;10749,Drama; Horror; Comedy; Mystery; Romance,5
7476,The Big White,shuffle_100,28;53;80,Action; Thriller; Crime,3
2780,Stargate: The Ark of Truth,shuffle_100,12;16;28;878,Adventure; Animation; Action; Science Fiction,4
2331,Team Thor,shuffle_100,12;18;28;36;878;10752,Adventure; Drama; Action; History; Science Fiction; War,6
3596,Addams Family Values,shuffle_100,27;35;10751,Horror; Comedy; Family,3
9724,Serenity,shuffle_100,18,Drama,1
6912,The Fury,shuffle_100,12;28;53,Adventure; Action; Thriller,3
6482,"Hello, My Name Is Doris",shuffle_100,18;35;10749,Drama; Comedy; Romance,3
1105,Ferris Bueller's Day Off,shuffle_100,18;35;10749;10751,Drama; Comedy; Romance; Family,4
5399,Side Effects,shuffle_100,18;53,Drama; Thriller,2
4460,2048: Nowhere to Run,shuffle_100,18;28;35;878,Drama; Action; Comedy; Science Fiction,4
6071,School Ties,shuffle_100,18;35,Drama; Comedy,2
5999,Borgman,shuffle_100,18;27;35,Drama; Horror; Comedy,3
4712,What If,shuffle_100,18;35;10749,Drama; Comedy; Romance,3
1640,The Muppet Christmas Carol,shuffle_100,14;18;27;35;10751,Fantasy; Drama; Horror; Comedy; Family,5
709,The Color Purple,shuffle_100,18;35;10749,Drama; Comedy; Romance,3
7223,Parkland,shuffle_100,18;36,Drama; History,2
6026,A Guide to Recognizing Your Saints,shuffle_100,18;35,Drama; Comedy,2
9249,Office Christmas Party,shuffle_100,18;35,Drama; Comedy,2
3899,36th Precinct,shuffle_100,18;28;35;53;80,Drama; Action; Comedy; Thriller; Crime,5
1056,Beasts of No Nation,shuffle_100,12;18,Adventure; Drama,2
2852,Suspicion,shuffle_100,18;35;53;80;10749,Drama; Comedy; Thriller; Crime; Romance,5
5621,Star Wars: Episode I - The Phantom Menace,shuffle_100,12;16;18;28;878,Adventure; Animation; Drama; Action; Science Fiction,5
946,Boogie Nights,shuffle_100,18;35;10749,Drama; Comedy; Romance,3
689,The Untouchables,shuffle_100,18;28;35;80,Drama; Action; Comedy; Crime,4
6974,Single White Female,shuffle_100,18;35;10749,Drama; Comedy; Romance,3
1686,The Omen,shuffle_100,12;14;18;27;53;9648,Adventure; Fantasy; Drama; Horror; Thriller; Mystery,6
4271,The Red Sea Diving Resort,shuffle_100,12;18;28;36;53,Adventure; Drama; Action; History; Thriller,5
9555,The Platform 2,shuffle_100,18;28;53;80;878,Drama; Action; Thriller; Crime; Science Fiction,5
5844,Young Guns II,shuffle_100,18;28;35;80,Drama; Action; Comedy; Crime,4
9511,Horizon Line,shuffle_100,18;35,Drama; Comedy,2
1034,Sin Nombre,shuffle_100,18;28;35,Drama; Action; Comedy,3
6309,Halloween Kills,shuffle_100,12;27;28,Adventure; Horror; Action,3
7233,Rock Dog,shuffle_100,16;18;35;10402;10751,Animation; Drama; Comedy; Music; Family,5
3638,Tsotsi,shuffle_100,18;28;53;80,Drama; Action; Thriller; Crime,4
900,Cat on a Hot Tin Roof,shuffle_100,18;35;10749,Drama; Comedy; Romance,3
9763,King Solomon's Mines,shuffle_100,12;18;28;36,Adventure; Drama; Action; History,4
2635,Sweeney Todd: The Demon Barber of Fleet Street,shuffle_100,18;35;10749,Drama; Comedy; Romance,3
1948,Christiane F.,shuffle_100,18;35;10402,Drama; Comedy; Music,3
132,Bicycle Thieves,shuffle_100,18;28;35;53;80,Drama; Action; Comedy; Thriller; Crime,5
5596,No Man of God,shuffle_100,18;53;80,Drama; Thriller; Crime,3
1819,Waves,shuffle_100,18;35,Drama; Comedy,2
4439,The Swan,shuffle_100,18;35,Drama; Comedy,2
349,Mirror,shuffle_100,18;36;10752,Drama; History; War,3
1163,The Snowman,shuffle_100,14;16;35;10751,Fantasy; Animation; Comedy; Family,4
2929,Punch-Drunk Love,shuffle_100,18;35;53;80,Drama; Comedy; Thriller; Crime,4
9539,King of Thieves,shuffle_100,12;18;28;53;80,Adventure; Drama; Action; Thriller; Crime,5
341,All Your Faces,shuffle_100,18;53;80,Drama; Thriller; Crime,3
4040,No Way Out,shuffle_100,18;53;9648,Drama; Thriller; Mystery,3
2580,Barbara,shuffle_100,18;53,Drama; Thriller,2
6187,The Great Outdoors,shuffle_100,18;35;10749,Drama; Comedy; Romance,3
776,Rurouni Kenshin Part III: The Legend Ends,shuffle_100,12;16;18;28;35;10751,Adventure; Animation; Drama; Action; Comedy; Family,6
2406,Crazy About Her,shuffle_100,18;35;53;10749,Drama; Comedy; Thriller; Romance,4
4254,Outlaw King,shuffle_100,12;14;18;28;36,Adventure; Fantasy; Drama; Action; History,5
5105,A Good Year,shuffle_100,18;35;53,Drama; Comedy; Thriller,3
6701,The Taking of Pelham 1 2 3,shuffle_100,12;28;53;80,Adventure; Action; Thriller; Crime,4
8319,Poltergeist II: The Other Side,shuffle_100,12;14;27;10751,Adventure; Fantasy; Horror; Family,4
6647,The Man Who Knew Too Little,shuffle_100,18;35;53;80,Drama; Comedy; Thriller; Crime,4
9463,The Sweetest Thing,shuffle_100,18;35;10749,Drama; Comedy; Romance,3
5469,Angel Has Fallen,shuffle_100,18;28;53,Drama; Action; Thriller,3
7305,Kidnap,shuffle_100,12;18;28;53,Adventure; Drama; Action; Thriller,4
4563,High Tension,shuffle_100,14;27;35;10749,Fantasy; Horror; Comedy; Romance,4
7657,Cujo,shuffle_100,18;27;53,Drama; Horror; Thriller,3
8270,Guess Who,shuffle_100,18;35;9648,Drama; Comedy; Mystery,3
5602,Welcome to the Rileys,shuffle_100,18;35,Drama; Comedy,2
2400,The Lego Batman Movie,shuffle_100,12;16;28;35;80,Adventure; Animation; Action; Comedy; Crime,5
1004,The Philadelphia Story,shuffle_100,18;35;53;10749,Drama; Comedy; Thriller; Romance,4
3083,Superman: Man of Tomorrow,shuffle_100,12;28;878,Adventure; Action; Science Fiction,3
30,The Lord of the Rings: The Two Towers,shuffle_100,12;14;16;28;35,Adventure; Fantasy; Animation; Action; Comedy,5
1263,The Conversation,shuffle_100,18;28;53;80;9648,Drama; Action; Thriller; Crime; Mystery,5
3810,Fear of Rain,shuffle_100,18;27;53;9648,Drama; Horror; Thriller; Mystery,4
8803,Mighty Morphin Power Rangers: The Movie,shuffle_100,12;14;16;28;878;10751,Adventure; Fantasy; Animation; Action; Science Fiction; Family,6
583,Demon Slayer: Kimetsu no Yaiba Infinity Castle,shuffle_100,12;14;16;27;28,Adventure; Fantasy; Animation; Horror; Action,5
6256,The Girl on the Train,shuffle_100,18;35;53;9648;10749,Drama; Comedy; Thriller; Mystery; Romance,5
5639,Ocean's Twelve,shuffle_100,18;28;35;53;80,Drama; Action; Comedy; Thriller; Crime,5
7245,Like Father,shuffle_100,18;35;10749,Drama; Comedy; Romance,3
5319,Cypher,shuffle_100,28;35;53;80,Action; Comedy; Thriller; Crime,4
5952,Love at First Fight,shuffle_100,18;35;10749,Drama; Comedy; Romance,3
6771,Yummy,shuffle_100,18;27;35;53,Drama; Horror; Comedy; Thriller,4
2704,After We Collided,shuffle_100,18;10749,Drama; Romance,2
4232,The Taste of Others,shuffle_100,18;35;10749,Drama; Comedy; Romance,3
8102,Starry Eyes,shuffle_100,12;28;35,Adventure; Action; Comedy,3
1271,E.T. the Extra-Terrestrial,shuffle_100,12;28;35;53;878;10751,Adventure; Action; Comedy; Thriller; Science Fiction; Family,6
1771,The Fighter,shuffle_100,18;28;35,Drama; Action; Comedy,3
4190,Iron Man 2,shuffle_100,12;18;28;35;878,Adventure; Drama; Action; Comedy; Science Fiction,5
9336,Babe: Pig in the City,shuffle_100,16;18;35;10751,Animation; Drama; Comedy; Family,4
278,Scooby-Doo! and Kiss: Rock and Roll Mystery,shuffle_100,12;14;16;28;35;878;10751,Adventure; Fantasy; Animation; Action; Comedy; Science Fiction; Family,7
6246,Pontypool,shuffle_100,16;27;35;53;10751,Animation; Horror; Comedy; Thriller; Family,5
606,Die Hard,shuffle_100,28;35;53;80,Action; Comedy; Thriller; Crime,4
638,Freaks,shuffle_100,18;35;10749,Drama; Comedy; Romance,3
2320,"Lust, Caution",shuffle_100,28;35;53,Action; Comedy; Thriller,3
1711,Happy as Lazzaro,shuffle_100,18;35,Drama; Comedy,2
7726,Pacific Rim: Uprising,shuffle_100,12;18;28;53;878,Adventure; Drama; Action; Thriller; Science Fiction,5
5162,Tron,shuffle_100,28;35;878,Action; Comedy; Science Fiction,3
8223,The Last Summer,shuffle_100,18;35;10749,Drama; Comedy; Romance,3
507,Scooby-Doo! Camp Scare,shuffle_100,16;35;10751,Animation; Comedy; Family,3
6279,Outland,shuffle_100,12;18,Adventure; Drama,2
9998,Repossessed,shuffle_100,14;27;35,Fantasy; Horror; Comedy,3
2817,Dragon Ball Z: Bojack Unbound,shuffle_100,12;14;16;28;35,Adventure; Fantasy; Animation; Action; Comedy,5
7110,#realityhigh,shuffle_100,18;35;10402;10749,Drama; Comedy; Music; Romance,4
7215,Clean,shuffle_100,18;35;80,Drama; Comedy; Crime,3
8956,Brick,shuffle_100,27;53;878;9648,Horror; Thriller; Science Fiction; Mystery,4
1225,Father There Is Only One 2,shuffle_100,18;35,Drama; Comedy,2
2844,Bad Boys for Life,shuffle_100,18;28;53;80,Drama; Action; Thriller; Crime,4
7171,Unsane,shuffle_100,18;27;53;9648,Drama; Horror; Thriller; Mystery,4
9108,The Ward,shuffle_100,18;27;28;53;9648,Drama; Horror; Action; Thriller; Mystery,5
353,Tel chi el telùn,shuffle_100,18;35,Drama; Comedy,2
5141,Overboard,shuffle_100,18;28;35;53,Drama; Action; Comedy; Thriller,4
4401,The Family Man,shuffle_100,18;35;10749,Drama; Comedy; Romance,3
8003,Infinity Pool,shuffle_100,18;28;53,Drama; Action; Thriller,3
7218,The Expendables,shuffle_100,12;28;35;53,Adventure; Action; Comedy; Thriller,4
1513,Dunkirk,shuffle_100,18;36;10752,Drama; History; War,3
4096,The Jacket,shuffle_100,18;878;10752,Drama; Science Fiction; War,3
9377,Darkness,shuffle_100,18;27;53,Drama; Horror; Thriller,3
5039,Planet Terror,shuffle_100,18;27;35,Drama; Horror; Comedy,3
10,Parasite,shuffle_100,18;35,Drama; Comedy,2
9857,Wrecked,shuffle_100,18;27;28;53;80;9648,Drama; Horror; Action; Thriller; Crime; Mystery,6
7319,The Incredible Hulk,shuffle_100,12;16;28;35;878,Adventure; Animation; Action; Comedy; Science Fiction,5
1604,Bullet Train,shuffle_100,12;28;35;53,Adventure; Action; Comedy; Thriller,4
2652,Compagni di scuola,shuffle_100,18;35;10749,Drama; Comedy; Romance,3
7969,Erased,shuffle_100,18;28;35;53;80,Drama; Action; Comedy; Thriller; Crime,5
4844,Nosferatu,shuffle_100,14;18;27;53;9648,Fantasy; Drama; Horror; Thriller; Mystery,5
9453,Inconceivable,shuffle_100,18;53,Drama; Thriller,2
4308,World War Z,shuffle_100,27;28;53;878,Horror; Action; Thriller; Science Fiction,4
4367,Danger Close: The Battle of Long Tan,shuffle_100,18;28;36;10752,Drama; Action; History; War,4
4104,Barbie: A Fairy Secret,shuffle_100,14;16;35;10751,Fantasy; Animation; Comedy; Family,4
5831,The Amazing Spider-Man 2,shuffle_100,12;14;16;28;35;10751,Adventure; Fantasy; Animation; Action; Comedy; Family,6
8014,Spoiled Brats,shuffle_100,18;35,Drama; Comedy,2
7036,Insidious: Chapter 3,shuffle_100,14;18;27;53,Fantasy; Drama; Horror; Thriller,4
6669,The Blair Witch Project,shuffle_100,18;27;35,Drama; Horror; Comedy,3
1478,Lifted,shuffle_100,27;35;878,Horror; Comedy; Science Fiction,3
7325,Monster-in-Law,shuffle_100,18;35;10749,Drama; Comedy; Romance,3
7483,Hummingbird,shuffle_100,18;28;53;80,Drama; Action; Thriller; Crime,4
5542,Get the Gringo,shuffle_100,18;28;53;80,Drama; Action; Thriller; Crime,4
4516,Chappie,shuffle_100,12;14;16;18;35;878;10751,Adventure; Fantasy; Animation; Drama; Comedy; Science Fiction; Family,7
440,Miracle in Cell No. 7,shuffle_100,18;53;80,Drama; Thriller; Crime,3
6612,Curly Sue,shuffle_100,35;80;10749,Comedy; Crime; Romance,3
8885,Drillbit Taylor,shuffle_100,18;28;35;80,Drama; Action; Comedy; Crime,4
1335,Emergency Declaration,shuffle_100,18;27;28;53;878;9648,Drama; Horror; Action; Thriller; Science Fiction; Mystery,6
7269,Red Heat,shuffle_100,18;28;53;80,Drama; Action; Thriller; Crime,4
2238,Trolls Band Together,shuffle_100,12;18;35;10402,Adventure; Drama; Comedy; Music,4
1158,Pandora,shuffle_100,18;53,Drama; Thriller,2
2104,Kiss and Cry,shuffle_100,18,Drama,1
5863,Rio 2,shuffle_100,12;14;16;35;10751,Adventure; Fantasy; Animation; Comedy; Family,5
4764,Altered States,shuffle_100,18;878,Drama; Science Fiction,2
9468,Iron Eagle,shuffle_100,18;28;35;53,Drama; Action; Comedy; Thriller,4
4952,Hillbilly Elegy,shuffle_100,18;35;10749,Drama; Comedy; Romance,3
9004,Josie and the Pussycats,shuffle_100,18;35;10402;10749,Drama; Comedy; Music; Romance,4
1976,Glengarry Glen Ross,shuffle_100,35;10749,Comedy; Romance,2
5068,Parenthood,shuffle_100,18;35,Drama; Comedy,2
5629,The Brothers Bloom,shuffle_100,12;35;10749,Adventure; Comedy; Romance,3
6355,The Second Best Exotic Marigold Hotel,shuffle_100,18;35;10749,Drama; Comedy; Romance,3
1066,Tombstone,shuffle_100,12;18;28;35,Adventure; Drama; Action; Comedy,4
928,Mickey's Christmas Carol,shuffle_100,14;16;18;35;10751,Fantasy; Animation; Drama; Comedy; Family,5
2189,Nosferatu the Vampyre,shuffle_100,14;18;27;53;10749,Fantasy; Drama; Horror; Thriller; Romance,5
3026,Batman: Death in the Family,shuffle_100,18;28,Drama; Action,2
7938,Queen of the Damned,shuffle_100,12;14;16;28;10749,Adventure; Fantasy; Animation; Action; Romance,5
5436,"Me, Myself & Irene",shuffle_100,18;35;80,Drama; Comedy; Crime,3
3215,Caché,shuffle_100,18;35;53,Drama; Comedy; Thriller,3
8379,Friends with Kids,shuffle_100,18;35;10749;10751,Drama; Comedy; Romance; Family,4
455,My Hero Academia: Two Heroes,shuffle_100,12;28;35;878,Adventure; Action; Comedy; Science Fiction,4
8199,Leaves of Grass,shuffle_100,18;35,Drama; Comedy,2
7507,Blood Father,shuffle_100,18;28;53;80,Drama; Action; Thriller; Crime,4
7647,The Weather Man,shuffle_100,18;35;10749,Drama; Comedy; Romance,3
2317,The Past,shuffle_100,18;10749,Drama; Romance,2
6662,Talladega Nights: The Ballad of Ricky Bobby,shuffle_100,18;35,Drama; Comedy,2
1645,Women on the Verge of a Nervous Breakdown,shuffle_100,35;53,Comedy; Thriller,2
4317,To All the Boys: P.S. I Still Love You,shuffle_100,14;18;35;10749,Fantasy; Drama; Comedy; Romance,4
2774,Descendants,shuffle_100,12;14;16;35;10751,Adventure; Fantasy; Animation; Comedy; Family,5
6250,Luther,shuffle_100,18;36,Drama; History,2
3387,Stargate,shuffle_100,12;14;16;28;878,Adventure; Fantasy; Animation; Action; Science Fiction,5
3710,24 Hour Party People,shuffle_100,18;35;10402,Drama; Comedy; Music,3
6835,Heist,shuffle_100,18;28;35;53;80,Drama; Action; Comedy; Thriller; Crime,5
3696,Silkwood,shuffle_100,18;27;53;80;878;9648,Drama; Horror; Thriller; Crime; Science Fiction; Mystery,6
8622,Little Man,shuffle_100,28;35;80,Action; Comedy; Crime,3
4822,Terrified,shuffle_100,18;27;53;80;9648,Drama; Horror; Thriller; Crime; Mystery,5
1832,Scooby-Doo and the Ghoul School,shuffle_100,12;14;16;35;10751,Adventure; Fantasy; Animation; Comedy; Family,5
7530,Throw Momma from the Train,shuffle_100,18;53,Drama; Thriller,2
7327,Force 10 from Navarone,shuffle_100,12;18;28;36;53;10752,Adventure; Drama; Action; History; Thriller; War,6
9367,Time Cut,shuffle_100,27;28;53;878;9648,Horror; Action; Thriller; Science Fiction; Mystery,5
6840,Windtalkers,shuffle_100,18;28;53,Drama; Action; Thriller,3
7734,Ip Man: The Final Fight,shuffle_100,12;28;878,Adventure; Action; Science Fiction,3
2313,Z-O-M-B-I-E-S,shuffle_100,18;35;10749,Drama; Comedy; Romance,3
684,Life of Brian,shuffle_100,18;35,Drama; Comedy,2
169,Red Beard,shuffle_100,18;35,Drama; Comedy,2
1443,Free Guy,shuffle_100,12;18;28;35;53;80,Adventure; Drama; Action; Comedy; Thriller; Crime,6
5612,The Son of Bigfoot,shuffle_100,12;14;16;27;35;878;10751,Adventure; Fantasy; Animation; Horror; Comedy; Science Fiction; Family,7
3381,Martin Eden,shuffle_100,18;36;10749,Drama; History; Romance,3
6677,Roald Dahl's The Witches,shuffle_100,14;18;27;35;10751,Fantasy; Drama; Horror; Comedy; Family,5
6123,Fantozzi Still Suffers,shuffle_100,35;10751,Comedy; Family,2
3317,Brain on Fire,shuffle_100,18;27;53;9648,Drama; Horror; Thriller; Mystery,4
4636,Frankie and Johnny,shuffle_100,18;35;53;80;10749,Drama; Comedy; Thriller; Crime; Romance,5
923,Time of the Gypsies,shuffle_100,18;28;53,Drama; Action; Thriller,3
5063,The Words,shuffle_100,18;35;10749,Drama; Comedy; Romance,3
3713,The Three Musketeers: D'Artagnan,shuffle_100,12;14;18;28,Adventure; Fantasy; Drama; Action,4
7235,The Astronaut Farmer,shuffle_100,12;18;28;35;53,Adventure; Drama; Action; Comedy; Thriller,5
2570,Utøya: July 22,shuffle_100,18;53,Drama; Thriller,2
8696,The Jungle Book 2,shuffle_100,12;16;35;10751,Adventure; Animation; Comedy; Family,4
3942,Locke,shuffle_100,18,Drama,1
5856,Beverly Hills Cop II,shuffle_100,28;35;53;80,Action; Comedy; Thriller; Crime,4
2986,Starred Up,shuffle_100,18;28;35;53;80,Drama; Action; Comedy; Thriller; Crime,5
1224,Anonymously Yours,shuffle_100,18;35;10749,Drama; Comedy; Romance,3
8447,Beyond Re-Animator,shuffle_100,18;28;53;878,Drama; Action; Thriller; Science Fiction,4
2611,Toy Story of Terror!,shuffle_100,27;35;10751,Horror; Comedy; Family,3
4338,City of Angels,shuffle_100,18;28;53;878,Drama; Action; Thriller; Science Fiction,4
269,For a Few Dollars More,shuffle_100,18;28;35;53;80,Drama; Action; Comedy; Thriller; Crime,5
9122,Miss Congeniality 2: Armed and Fabulous,shuffle_100,18;35,Drama; Comedy,2
4983,21,shuffle_100,18;35,Drama; Comedy,2
7521,Bad Lieutenant: Port of Call - New Orleans,shuffle_100,18;28;53;80,Drama; Action; Thriller; Crime,4
9100,The Jack in the Box,shuffle_100,14;16;27;35;878;10751,Fantasy; Animation; Horror; Comedy; Science Fiction; Family,6
4660,The Mummy,shuffle_100,14;18;27,Fantasy; Drama; Horror,3
5841,Just Wright,shuffle_100,18;35;10749,Drama; Comedy; Romance,3
3986,The X-Files,shuffle_100,28;53;80;878;9648,Action; Thriller; Crime; Science Fiction; Mystery,5
144,Vertigo,shuffle_100,18;27;53;80;9648,Drama; Horror; Thriller; Crime; Mystery,5
3414,Anplagghed al Cinema,shuffle_100,18;35;53,Drama; Comedy; Thriller,3
3086,"The Legend of Al, John and Jack",shuffle_100,28;35;53;80,Action; Comedy; Thriller; Crime,4
5530,Black Rain,shuffle_100,18;28;53;80,Drama; Action; Thriller; Crime,4
4848,Oliver & Company,shuffle_100,35;10751,Comedy; Family,2
8399,The Men Who Stare at Goats,shuffle_100,18;28;35;53,Drama; Action; Comedy; Thriller,4
616,Into the Wild,shuffle_100,18;35,Drama; Comedy,2
1632,Crush,shuffle_100,18;35;10402;10749,Drama; Comedy; Music; Romance,4
5034,The Replacements,shuffle_100,18;35;53,Drama; Comedy; Thriller,3
8507,Cyrus,shuffle_100,18;35;53;10749,Drama; Comedy; Thriller; Romance,4
4975,Fear Street: 1994,shuffle_100,18;27;28;53,Drama; Horror; Action; Thriller,4
5437,Annabelle: Creation,shuffle_100,14;27,Fantasy; Horror,2
56,The Wild Robot,shuffle_100,12;16;18;35;10751,Adventure; Animation; Drama; Comedy; Family,5
4069,My Spy,shuffle_100,18;28;53;80,Drama; Action; Thriller; Crime,4
6787,Zack and Miri Make a Porno,shuffle_100,18;35;10749,Drama; Comedy; Romance,3
6758,The Last Mimzy,shuffle_100,12;14;18;35;10751,Adventure; Fantasy; Drama; Comedy; Family,5
9038,The Bay,shuffle_100,27;53;9648,Horror; Thriller; Mystery,3
4071,The Ice Storm,shuffle_100,18;35;53,Drama; Comedy; Thriller,3
3020,Drugstore Cowboy,shuffle_100,18,Drama,1
3243,Radiofreccia,shuffle_100,18;35,Drama; Comedy,2
8174,Spanglish,shuffle_100,18;35;10749,Drama; Comedy; Romance,3
8898,Department Store,shuffle_100,18;35,Drama; Comedy,2
256,The Wolf of Wall Street,shuffle_100,18;35;53;80,Drama; Comedy; Thriller; Crime,4
4276,The Blob,shuffle_100,27;28;53;878,Horror; Action; Thriller; Science Fiction,4
307,"Love, Simon",shuffle_100,18;35;10749,Drama; Comedy; Romance,3
1719,The Long Goodbye,shuffle_100,18;53;80;9648,Drama; Thriller; Crime; Mystery,4
4377,Easy A,shuffle_100,18;35;10749,Drama; Comedy; Romance,3
1360,"Play It Again, Sam",shuffle_100,18;35;10749,Drama; Comedy; Romance,3
1294,Mars Express,shuffle_100,12;28;53;80;878,Adventure; Action; Thriller; Crime; Science Fiction,5
5554,The Lion King 1½,shuffle_100,12;14;16;35;10751,Adventure; Fantasy; Animation; Comedy; Family,5
8719,Planet 51,shuffle_100,12;18;35;878,Adventure; Drama; Comedy; Science Fiction,4
5660,Blade II,shuffle_100,14;27;28;35;878,Fantasy; Horror; Action; Comedy; Science Fiction,5
4771,Beau Is Afraid,shuffle_100,18;27;53,Drama; Horror; Thriller,3
9355,Cool World,shuffle_100,12;14;18;35,Adventure; Fantasy; Drama; Comedy,4
9982,And Soon the Darkness,shuffle_100,27;35;53,Horror; Comedy; Thriller,3
4705,The Gilded Cage,shuffle_100,18,Drama,1
4714,Flawless,shuffle_100,18;35;53;80;10749,Drama; Comedy; Thriller; Crime; Romance,5
159,Togo,shuffle_100,12;18;10751,Adventure; Drama; Family,3
3345,"I'm a Cyborg, But That's OK",shuffle_100,18;35;53;878,Drama; Comedy; Thriller; Science Fiction,4
5605,Hitch,shuffle_100,18;35;10749,Drama; Comedy; Romance,3
5835,Joy Ride,shuffle_100,18;27;35;53,Drama; Horror; Comedy; Thriller,4
88,Le Trou,shuffle_100,27;28;35;53;80,Horror; Action; Comedy; Thriller; Crime,5
5794,Red Sparrow,shuffle_100,16;18,Animation; Drama,2
3166,Trash,shuffle_100,18;27;35;53;80,Drama; Horror; Comedy; Thriller; Crime,5
5760,Jurassic World: Fallen Kingdom,shuffle_100,12;18;28;878,Adventure; Drama; Action; Science Fiction,4
2083,American Fiction,shuffle_100,18;35,Drama; Comedy,2
354,The Sixth Sense,shuffle_100,18;53;9648,Drama; Thriller; Mystery,3
9465,Blue Mountain State: The Rise of Thadland,shuffle_100,18;35;10751,Drama; Comedy; Family,3
9630,Don't Knock Twice,shuffle_100,14;18;27,Fantasy; Drama; Horror,3
604,Mr. Nobody,shuffle_100,14;18;878,Fantasy; Drama; Science Fiction,3
9133,Life of Crime,shuffle_100,18;28;35;53;80,Drama; Action; Comedy; Thriller; Crime,5
439,Dangal,shuffle_100,18;35;10751,Drama; Comedy; Family,3
5242,The Harder They Fall,shuffle_100,12;28;35;53;80,Adventure; Action; Comedy; Thriller; Crime,5
5089,"Mektoub, My Love: Canto Uno",shuffle_100,18;35;10749,Drama; Comedy; Romance,3
9187,MILF,shuffle_100,18;35;10749,Drama; Comedy; Romance,3
9662,My Soul to Take,shuffle_100,18;27;9648,Drama; Horror; Mystery,3
6237,Cloudy with a Chance of Meatballs 2,shuffle_100,16;18;27;35;878,Animation; Drama; Horror; Comedy; Science Fiction,5
4155,Den of Thieves,shuffle_100,18;28;35;37;53;80,Drama; Action; Comedy; Western; Thriller; Crime,6
1235,Hard Boiled,shuffle_100,28;35;53;80,Action; Comedy; Thriller; Crime,4
458,A Whisker Away,shuffle_100,16;35;10749;10751,Animation; Comedy; Romance; Family,4
480,Kill Bill: Vol. 2,shuffle_100,28;53;80,Action; Thriller; Crime,3
7672,Last Night,shuffle_100,18;35;10749,Drama; Comedy; Romance,3
8738,Love Addict,shuffle_100,18;35;10749,Drama; Comedy; Romance,3
4017,Tales from the Crypt: Demon Knight,shuffle_100,12;28;53;80,Adventure; Action; Thriller; Crime,4
726,Deep Red,shuffle_100,18;27;53;80;9648,Drama; Horror; Thriller; Crime; Mystery,5
222,My Neighbor Totoro,shuffle_100,12;14;18;27;35;10751,Adventure; Fantasy; Drama; Horror; Comedy; Family,6
1221,Angels with Dirty Faces,shuffle_100,18;35;80,Drama; Comedy; Crime,3
1256,The Passion of the Christ,shuffle_100,18;27,Drama; Horror,2
9620,Blackhat,shuffle_100,12;28;53;80,Adventure; Action; Thriller; Crime,4
5287,Barefoot,shuffle_100,18;35;10749,Drama; Comedy; Romance,3
2645,Alien: Romulus,shuffle_100,12;27;53;878,Adventure; Horror; Thriller; Science Fiction,4
8601,Mean Girls,shuffle_100,12;16;35;10751,Adventure; Animation; Comedy; Family,4
2568,Irreversible,shuffle_100,18;28;53;80,Drama; Action; Thriller; Crime,4
8171,Franklyn,shuffle_100,18;28;878;10749,Drama; Action; Science Fiction; Romance,4
9547,Open Water,shuffle_100,18;27;53,Drama; Horror; Thriller,3
2384,"The Good, the Bart, and the Loki",shuffle_100,12;14;16;28;35;878;10751,Adventure; Fantasy; Animation; Action; Comedy; Science Fiction; Family,7
6491,Vantage Point,shuffle_100,18;28;36;53,Drama; Action; History; Thriller,4
7684,Every Which Way but Loose,shuffle_100,12;18;28;35,Adventure; Drama; Action; Comedy,4
4330,Pooh's Heffalump Movie,shuffle_100,12;14;16;35;10751,Adventure; Fantasy; Animation; Comedy; Family,5
2210,Labyrinth,shuffle_100,12;14;16;35;10751,Adventure; Fantasy; Animation; Comedy; Family,5
1332,Batman: Mask of the Phantasm,shuffle_100,18;28;53;80;9648,Drama; Action; Thriller; Crime; Mystery,5
2861,This Boy's Life,shuffle_100,18;53,Drama; Thriller,2
7870,Valhalla Rising,shuffle_100,12;14;18;28;53,Adventure; Fantasy; Drama; Action; Thriller,5
813,Divines,shuffle_100,18;35;80,Drama; Comedy; Crime,3
4858,Anna Karenina,shuffle_100,18;53;10749,Drama; Thriller; Romance,3
4637,Danny Collins,shuffle_100,18;35;10749,Drama; Comedy; Romance,3
4591,The Girl in the Fog,shuffle_100,18;27;53;9648,Drama; Horror; Thriller; Mystery,4
9045,Trespass Against Us,shuffle_100,12;18;28;35;80,Adventure; Drama; Action; Comedy; Crime,5
8481,Paradise Hills,shuffle_100,14;27;53;9648,Fantasy; Horror; Thriller; Mystery,4
2302,Mask,shuffle_100,18;35,Drama; Comedy,2
9943,Welcome Home,shuffle_100,35,Comedy,1
8338,Dead Snow,shuffle_100,18;27;53,Drama; Horror; Thriller,3
8262,Mission to Mars,shuffle_100,18;53;878,Drama; Thriller; Science Fiction,3
1764,Mudbound,shuffle_100,18;36;10752,Drama; History; War,3
9988,Halloween III: Season of the Witch,shuffle_100,27;35;53;10751,Horror; Comedy; Thriller; Family,4
1603,The Secret Garden,shuffle_100,18;53,Drama; Thriller,2
9989,Poltergeist III,shuffle_100,14;27;53,Fantasy; Horror; Thriller,3
8535,1922,shuffle_100,18;35;53;80,Drama; Comedy; Thriller; Crime,4
8708,Hitman: Agent 47,shuffle_100,28;53;9648,Action; Thriller; Mystery,3
2858,Your Fault,shuffle_100,18;35;10749;10751,Drama; Comedy; Romance; Family,4
8086,All Good Things,shuffle_100,18;53;80;9648,Drama; Thriller; Crime; Mystery,4
6753,Security,shuffle_100,18;28;53;80,Drama; Action; Thriller; Crime,4
2722,The Man Who Knew Infinity,shuffle_100,18;36;10749,Drama; History; Romance,3
6178,Cobweb,shuffle_100,14;18;27;53;9648;10751,Fantasy; Drama; Horror; Thriller; Mystery; Family,6
57,The Quintessential Quintuplets Movie,shuffle_100,18;35;10749,Drama; Comedy; Romance,3
4650,Coma,shuffle_100,18;53;9648,Drama; Thriller; Mystery,3
3683,Rescue Dawn,shuffle_100,12;18;28;36;53;10752,Adventure; Drama; Action; History; Thriller; War,6
7963,Journey to the Center of the Earth,shuffle_100,12;14;16;878;10751,Adventure; Fantasy; Animation; Science Fiction; Family,5
2275,The Names of Love,shuffle_100,18;35;53,Drama; Comedy; Thriller,3
8384,Elvis & Nixon,shuffle_100,18;35,Drama; Comedy,2
2126,Lights Out,shuffle_100,14;27;35;53;9648;10749,Fantasy; Horror; Comedy; Thriller; Mystery; Romance,6
4528,Last Flag Flying,shuffle_100,18;28;10752,Drama; Action; War,3
8652,The Riot Club,shuffle_100,18;35;53,Drama; Comedy; Thriller,3
5581,Greta,shuffle_100,18;53;9648;10749,Drama; Thriller; Mystery; Romance,4
7976,Alien Nation,shuffle_100,27;28;53;878,Horror; Action; Thriller; Science Fiction,4
452,Roman Holiday,shuffle_100,18;35;10749,Drama; Comedy; Romance,3
9321,Captive State,shuffle_100,18;28;53;878,Drama; Action; Thriller; Science Fiction,4
2136,Star Trek: First Contact,shuffle_100,12;28;878,Adventure; Action; Science Fiction,3
5207,Ninja: Shadow of a Tear,shuffle_100,28;53;80,Action; Thriller; Crime,3
3373,Emma.,shuffle_100,18;10749,Drama; Romance,2
4361,Wild Rose,shuffle_100,18;35;10402,Drama; Comedy; Music,3
8255,Sudden Death,shuffle_100,28;35;53,Action; Comedy; Thriller,3
9020,The Town that Dreaded Sundown,shuffle_100,18;27;53;80;9648,Drama; Horror; Thriller; Crime; Mystery,5
9744,The Dead Don't Die,shuffle_100,14;16;27;35,Fantasy; Animation; Horror; Comedy,4
1291,Prison Break: The Final Break,shuffle_100,18;35;53;80;10749,Drama; Comedy; Thriller; Crime; Romance,5
4674,Fantomas Unleashed,shuffle_100,12;28;35;878,Adventure; Action; Comedy; Science Fiction,4
3253,Say Anything...,shuffle_100,18;35;10749,Drama; Comedy; Romance,3
2587,"Ruby Gillman, Teenage Kraken",shuffle_100,12;14;16;28;10751,Adventure; Fantasy; Animation; Action; Family,5
5753,Harold & Kumar Go to White Castle,shuffle_100,12;35;80;10751,Adventure; Comedy; Crime; Family,4
7793,Kin,shuffle_100,12;28;53;80,Adventure; Action; Thriller; Crime,4
8698,Stuck Together,shuffle_100,18;27;53;878,Drama; Horror; Thriller; Science Fiction,4
2524,"Are You There God? It's Me, Margaret.",shuffle_100,18;35;10749,Drama; Comedy; Romance,3
8467,Mars Needs Moms,shuffle_100,12;16;28;35;878;10751,Adventure; Animation; Action; Comedy; Science Fiction; Family,6
8225,12 Feet Deep,shuffle_100,27;53,Horror; Thriller,2
7360,Short Circuit 2,shuffle_100,12;28;35;878,Adventure; Action; Comedy; Science Fiction,4
7800,The Inbetweeners 2,shuffle_100,18;35;10749,Drama; Comedy; Romance,3
7262,Unknown Origins,shuffle_100,18;28;53;80;9648,Drama; Action; Thriller; Crime; Mystery,5
5690,The Vast of Night,shuffle_100,18;35;878,Drama; Comedy; Science Fiction,3
1613,Hedwig and the Angry Inch,shuffle_100,18;35;10749,Drama; Comedy; Romance,3
1054,The Longest Day,shuffle_100,18;36;10752,Drama; History; War,3
9170,The Order,shuffle_100,18;28;53,Drama; Action; Thriller,3
446,The Notebook,shuffle_100,18;10749,Drama; Romance,2
6194,Da 5 Bloods,shuffle_100,18;28;36;10752,Drama; Action; History; War,4
6702,Shrek the Halls,shuffle_100,14;16;27;35;10751,Fantasy; Animation; Horror; Comedy; Family,5
1526,Marty,shuffle_100,18;35;10749,Drama; Comedy; Romance,3
6737,Looney Tunes: Back in Action,shuffle_100,12;14;16;28;35;10751,Adventure; Fantasy; Animation; Action; Comedy; Family,6
935,The Spirit of the Beehive,shuffle_100,18;27,Drama; Horror,2
4749,Maze Runner: The Scorch Trials,shuffle_100,12;28;35,Adventure; Action; Comedy,3
2642,The Broken Hearts Gallery,shuffle_100,18;35;10749,Drama; Comedy; Romance,3
141,Innocent Voices,shuffle_100,18;28,Drama; Action,2
6091,The United States of Leland,shuffle_100,18;53;80,Drama; Thriller; Crime,3
532,The Big Lebowski,shuffle_100,18;35,Drama; Comedy,2
704,How to Train Your Dragon: The Hidden World,shuffle_100,12;14;16;28;35;10751,Adventure; Fantasy; Animation; Action; Comedy; Family,6
1277,Escape from Alcatraz,shuffle_100,18;28;53;80,Drama; Action; Thriller; Crime,4
3806,Meet the Robinsons,shuffle_100,12;14;18;35;878;10751,Adventure; Fantasy; Drama; Comedy; Science Fiction; Family,6
6470,Kick-Ass 2,shuffle_100,12;14;16;28;878,Adventure; Fantasy; Animation; Action; Science Fiction,5
7101,Unfriended: Dark Web,shuffle_100,27;28;53;9648,Horror; Action; Thriller; Mystery,4
8133,Prey,shuffle_100,12;18;27;28;53;878,Adventure; Drama; Horror; Action; Thriller; Science Fiction,6
2481,It's Only the End of the World,shuffle_100,18;35,Drama; Comedy,2
5156,Fire in the Sky,shuffle_100,18;27;35;53;80;9648,Drama; Horror; Comedy; Thriller; Crime; Mystery,6
3418,Naked Lunch,shuffle_100,27;35,Horror; Comedy,2
7481,El Conde,shuffle_100,14;27;28,Fantasy; Horror; Action,3
1109,Imagine Me & You,shuffle_100,18;35;10749,Drama; Comedy; Romance,3
9659,Sandy Wexler,shuffle_100,18;35;10402;10749,Drama; Comedy; Music; Romance,4
2155,A Monster Calls,shuffle_100,14;18;27;10751,Fantasy; Drama; Horror; Family,4
9842,The Flintstones,shuffle_100,16;35;10751,Animation; Comedy; Family,3
1476,Man on Fire,shuffle_100,18;28;35;53;80,Drama; Action; Comedy; Thriller; Crime,5
2743,Talk to Me,shuffle_100,14;27;35,Fantasy; Horror; Comedy,3
3742,Chicken Run: Dawn of the Nugget,shuffle_100,18;35;53,Drama; Comedy; Thriller,3
2768,Seven Brides for Seven Brothers,shuffle_100,18;35;37;10749,Drama; Comedy; Western; Romance,4
5670,Reminiscence,shuffle_100,18;53;10749,Drama; Thriller; Romance,3
1894,Eraserhead,shuffle_100,18;27;35,Drama; Horror; Comedy,3
3695,Four Lions,shuffle_100,12;18;35;36,Adventure; Drama; Comedy; History,4
276,Harry Potter and the Prisoner of Azkaban,shuffle_100,12;14;16;35;10751,Adventure; Fantasy; Animation; Comedy; Family,5
389,Heat,shuffle_100,12;28;35;53;80,Adventure; Action; Comedy; Thriller; Crime,5
2500,Monster,shuffle_100,18;27;53;80,Drama; Horror; Thriller; Crime,4
4675,Sightless,shuffle_100,27;53;9648,Horror; Thriller; Mystery,3
5163,The Hunger,shuffle_100,14;18;27;878;10749,Fantasy; Drama; Horror; Science Fiction; Romance,5
7397,Stretch,shuffle_100,18;28;35;53;80,Drama; Action; Comedy; Thriller; Crime,5
1805,The Impossible,shuffle_100,18;35;10751,Drama; Comedy; Family,3
7148,Deadstream,shuffle_100,14;18;35;53,Fantasy; Drama; Comedy; Thriller,4
3272,The Lobster,shuffle_100,18;35;10749,Drama; Comedy; Romance,3
1741,Braindead,shuffle_100,14;16;27;35;10751,Fantasy; Animation; Horror; Comedy; Family,5
992,The Anthem of the Heart,shuffle_100,16;18;10402;10749,Animation; Drama; Music; Romance,4
9001,Ricki and the Flash,shuffle_100,18;35;10402,Drama; Comedy; Music,3
3841,Isi & Ossi,shuffle_100,18;35;10749,Drama; Comedy; Romance,3
1575,Mr. Church,shuffle_100,18;35;10749,Drama; Comedy; Romance,3
4004,The Night Comes for Us,shuffle_100,28;53;80,Action; Thriller; Crime,3
8695,Suburbicon,shuffle_100,18;27;35;53,Drama; Horror; Comedy; Thriller,4
9457,Earth Girls Are Easy,shuffle_100,35;878;10749,Comedy; Science Fiction; Romance,3
9385,Semi-Pro,shuffle_100,18;35,Drama; Comedy,2
8987,Joe's Apartment,shuffle_100,35;10749,Comedy; Romance,2
1415,C.R.A.Z.Y.,shuffle_100,18;35,Drama; Comedy,2
6478,Hot Rod,shuffle_100,18;28;35,Drama; Action; Comedy,3
9618,Dirty Dancing,shuffle_100,18;35;10749;10751,Drama; Comedy; Romance; Family,4
2350,Frozen II,shuffle_100,12;14;16;35;10751,Adventure; Fantasy; Animation; Comedy; Family,5
4942,A Nightmare on Elm Street 3: Dream Warriors,shuffle_100,18;27;53;80,Drama; Horror; Thriller; Crime,4
1458,Balkan Line,shuffle_100,18;28;53;10752,Drama; Action; Thriller; War,4
7723,Jackass Presents: Bad Grandpa,shuffle_100,18;35;10751,Drama; Comedy; Family,3
8997,Vanity Fair,shuffle_100,18;27,Drama; Horror,2
4514,Don't Worry Darling,shuffle_100,18;35,Drama; Comedy,2
8848,A Classic Horror Story,shuffle_100,18;27,Drama; Horror,2
7374,Blown Away,shuffle_100,18;28;53,Drama; Action; Thriller,3
4010,Sleeper,shuffle_100,18;35,Drama; Comedy,2
5486,The Fury of a Patient Man,shuffle_100,18;35;10749,Drama; Comedy; Romance,3
7473,Under the Riccione Sun,shuffle_100,18;35;10749,Drama; Comedy; Romance,3
7071,Gemini Man,shuffle_100,12;28;35,Adventure; Action; Comedy,3
7029,I ♥ Huckabees,shuffle_100,35;53;80;9648;10749,Comedy; Thriller; Crime; Mystery; Romance,5
4653,Twitches,shuffle_100,14;35;10749,Fantasy; Comedy; Romance,3
3016,Aladdin,shuffle_100,12;14;16;35;10751,Adventure; Fantasy; Animation; Comedy; Family,5
8194,Tracers,shuffle_100,18;28;35;53;80,Drama; Action; Comedy; Thriller; Crime,5
9594,Budapest,shuffle_100,18;35;10749,Drama; Comedy; Romance,3
6034,Hey Arnold! The Movie,shuffle_100,18;28;35;53;80,Drama; Action; Comedy; Thriller; Crime,5
9080,The Smurfs,shuffle_100,12;14;16;35;10751,Adventure; Fantasy; Animation; Comedy; Family,5
5733,Saving Grace,shuffle_100,18;35;10749,Drama; Comedy; Romance,3
3927,Supernova,shuffle_100,18;10749,Drama; Romance,2
5580,The Mask of Zorro,shuffle_100,12;18;28,Adventure; Drama; Action,3
2296,One Man Band,shuffle_100,16;18;35;10749;10751,Animation; Drama; Comedy; Romance; Family,5
5976,Four Flies on Grey Velvet,shuffle_100,18;35;53;80;9648,Drama; Comedy; Thriller; Crime; Mystery,5
3517,The Bob's Burgers Movie,shuffle_100,27;35;53,Horror; Comedy; Thriller,3
2050,Total Recall,shuffle_100,18;35;53;878,Drama; Comedy; Thriller; Science Fiction,4
1426,The Discreet Charm of the Bourgeoisie,shuffle_100,18;35;10749,Drama; Comedy; Romance,3
6691,A Dangerous Method,shuffle_100,18;53,Drama; Thriller,2
6945,The Gendarme in New York,shuffle_100,18;28;35;80;10752,Drama; Action; Comedy; Crime; War,5
728,Guy Ritchie's The Covenant,shuffle_100,18;28;53;10752,Drama; Action; Thriller; War,4
7850,Haunter,shuffle_100,18;53;9648,Drama; Thriller; Mystery,3
8524,All You Need is Crime,shuffle_100,18;35;80,Drama; Comedy; Crime,3
4313,Smallfoot,shuffle_100,12;14;16;18;35;10751,Adventure; Fantasy; Animation; Drama; Comedy; Family,6
148,Silenced,shuffle_100,18;36,Drama; History,2
4468,I Walked with a Zombie,shuffle_100,18;27;35;10749,Drama; Horror; Comedy; Romance,4
2699,"The Good, the Bad, the Weird",shuffle_100,12;18;28;36;80,Adventure; Drama; Action; History; Crime,5
3028,Immortal Beloved,shuffle_100,18;36;10749,Drama; History; Romance,3
2474,The Princess and the Frog,shuffle_100,18;35;10749,Drama; Comedy; Romance,3
4080,AKA,shuffle_100,18;28;35;53;80,Drama; Action; Comedy; Thriller; Crime,5
4455,Babysitting,shuffle_100,18;35,Drama; Comedy,2
732,Accattone,shuffle_100,18;35;53;80,Drama; Comedy; Thriller; Crime,4
9622,102 Dalmatians,shuffle_100,12;14;16;28;35;10751,Adventure; Fantasy; Animation; Action; Comedy; Family,6
3629,Superman vs. The Elite,shuffle_100,12;18;28;35;80,Adventure; Drama; Action; Comedy; Crime,5
7579,The Belko Experiment,shuffle_100,18;35;53;80,Drama; Comedy; Thriller; Crime,4
5666,Return of the Living Dead III,shuffle_100,18;27;53;9648,Drama; Horror; Thriller; Mystery,4
1126,Bao,shuffle_100,16;18;35;10751,Animation; Drama; Comedy; Family,4
3446,"Extremely Wicked, Shockingly Evil and Vile",shuffle_100,18;53,Drama; Thriller,2
5726,Bad Santa,shuffle_100,14;35;10751,Fantasy; Comedy; Family,3
7407,The Yards,shuffle_100,18;28;35;53;80,Drama; Action; Comedy; Thriller; Crime,5
5932,The Rebound,shuffle_100,18;35;10749,Drama; Comedy; Romance,3
6000,Stir Crazy,shuffle_100,18;35;80,Drama; Comedy; Crime,3
3539,The Way We Were,shuffle_100,18;35;10749,Drama; Comedy; Romance,3
2847,Greenland,shuffle_100,12;28;53;878,Adventure; Action; Thriller; Science Fiction,4
6716,The Expendables 2,shuffle_100,18;28;35;53;80,Drama; Action; Comedy; Thriller; Crime,5
4167,Bill & Ted's Excellent Adventure,shuffle_100,12;18;35,Adventure; Drama; Comedy,3
4963,The Boxtrolls,shuffle_100,12;14;16;27;35;878;10751,Adventure; Fantasy; Animation; Horror; Comedy; Science Fiction; Family,7
1456,Sin City,shuffle_100,18;28;35;53;80,Drama; Action; Comedy; Thriller; Crime,5
1387,Running on Empty,shuffle_100,18;28;35,Drama; Action; Comedy,3
7015,The Three Caballeros,shuffle_100,12;35;10751,Adventure; Comedy; Family,3
2438,Beating Hearts,shuffle_100,18;10749,Drama; Romance,2
8273,Gretel & Hansel,shuffle_100,14;16;18;27;10751,Fantasy; Animation; Drama; Horror; Family,5
6741,Lady and the Tramp II: Scamp's Adventure,shuffle_100,12;16;18;35;10751,Adventure; Animation; Drama; Comedy; Family,5
6386,Game of Death,shuffle_100,18;28;35;53;80,Drama; Action; Comedy; Thriller; Crime,5
3406,Boy Erased,shuffle_100,18;35,Drama; Comedy,2
7635,We're No Angels,shuffle_100,12;18;28;53,Adventure; Drama; Action; Thriller,4
62,Léon: The Professional,shuffle_100,18;35;80,Drama; Comedy; Crime,3
9345,Old People,shuffle_100,18;27;53,Drama; Horror; Thriller,3
7311,Wimbledon,shuffle_100,18;35,Drama; Comedy,2
8681,Child's Play 3,shuffle_100,14;28;35;10751,Fantasy; Action; Comedy; Family,4
4758,Silver Streak,shuffle_100,18;27;53;80;9648,Drama; Horror; Thriller; Crime; Mystery,5
2188,The Texas Chain Saw Massacre,shuffle_100,27;35;53;9648,Horror; Comedy; Thriller; Mystery,4
9278,Cosmopolis,shuffle_100,18;35,Drama; Comedy,2
9375,The House,shuffle_100,18;35;10749,Drama; Comedy; Romance,3
2504,Only Lovers Left Alive,shuffle_100,18;35;10749,Drama; Comedy; Romance,3
7361,Sabrina,shuffle_100,18;35;10749,Drama; Comedy; Romance,3
8890,21 & Over,shuffle_100,18;35;10749,Drama; Comedy; Romance,3
5301,Taxidermia,shuffle_100,14;18;27;35,Fantasy; Drama; Horror; Comedy,4
7172,Cold Prey,shuffle_100,18;27;35;53,Drama; Horror; Comedy; Thriller,4
44,Gabriel's Inferno: Part III,shuffle_100,18;27;53,Drama; Horror; Thriller,3
5765,Indiana Jones and the Dial of Destiny,shuffle_100,12;18;28;35,Adventure; Drama; Action; Comedy,4
5260,Alan Partridge: Alpha Papa,shuffle_100,18;28;35;53,Drama; Action; Comedy; Thriller,4
9326,Horse Girl,shuffle_100,14;18;27;35;10749,Fantasy; Drama; Horror; Comedy; Romance,5
202,Green Snake,shuffle_100,18;28;53;9648;10749,Drama; Action; Thriller; Mystery; Romance,5
7655,The Eiger Sanction,shuffle_100,18;28;53;80,Drama; Action; Thriller; Crime,4
2662,"Ciao, Professore!",shuffle_100,18;35,Drama; Comedy,2
1696,Irma la Douce,shuffle_100,18;35;53;80;10749,Drama; Comedy; Thriller; Crime; Romance,5
7162,Pacific Heights,shuffle_100,18;35,Drama; Comedy,2
158,Palmer,shuffle_100,18;35;53;80,Drama; Comedy; Thriller; Crime,4
9686,School for Scoundrels,shuffle_100,18;35;10749,Drama; Comedy; Romance,3
3226,Climax,shuffle_100,18;27;35;10402,Drama; Horror; Comedy; Music,4
5555,A Cinderella Story,shuffle_100,27;35;53,Horror; Comedy; Thriller,3
8549,The Mexican,shuffle_100,18;28;35;53;80,Drama; Action; Comedy; Thriller; Crime,5
1608,Predestination,shuffle_100,28;53;878;9648,Action; Thriller; Science Fiction; Mystery,4
2571,No,shuffle_100,18;35,Drama; Comedy,2
6950,The Cheetah Girls 2,shuffle_100,16;18;35;10402;10751,Animation; Drama; Comedy; Music; Family,5
8108,The Den,shuffle_100,18;27;53;9648,Drama; Horror; Thriller; Mystery,4
1253,Barbie: Princess Charm School,shuffle_100,12;14;16;35;10749;10751,Adventure; Fantasy; Animation; Comedy; Romance; Family,6
5341,The Eagle Has Landed,shuffle_100,12;18;35;36;10752,Adventure; Drama; Comedy; History; War,5
1474,Key Largo,shuffle_100,18;27;53,Drama; Horror; Thriller,3
3282,Cleopatra,shuffle_100,18;28;53,Drama; Action; Thriller,3
963,Boyz n the Hood,shuffle_100,18;28;53;80,Drama; Action; Thriller; Crime,4
8661,The Break-Up,shuffle_100,18;35;53;10749,Drama; Comedy; Thriller; Romance,4
4989,About a Boy,shuffle_100,18;35;10749,Drama; Comedy; Romance,3
9883,Get a Job,shuffle_100,18;35,Drama; Comedy,2
3034,Maleficent,shuffle_100,14;18;35;10749,Fantasy; Drama; Comedy; Romance,4
2688,Kahaani,shuffle_100,18;53;10749,Drama; Thriller; Romance,3
2482,Wonder Woman,shuffle_100,12;14;16;28,Adventure; Fantasy; Animation; Action,4
4851,The Thieves,shuffle_100,12;18;28;35;53;80,Adventure; Drama; Action; Comedy; Thriller; Crime,6
8942,To the Wonder,shuffle_100,18;35;10749,Drama; Comedy; Romance,3
5456,Underworld: Evolution,shuffle_100,28;35,Action; Comedy,2
7706,God's Not Dead 2,shuffle_100,18;35,Drama; Comedy,2
7658,World Trade Center,shuffle_100,18;28;53;80,Drama; Action; Thriller; Crime,4
8952,Eight Legged Freaks,shuffle_100,12;27;28;35;878;10751,Adventure; Horror; Action; Comedy; Science Fiction; Family,6
1644,"Jeanne Dielman, 23, quai du Commerce, 1080 Bruxelles",shuffle_100,18;35,Drama; Comedy,2
6621,Into the Labyrinth,shuffle_100,18;27;53;80;9648,Drama; Horror; Thriller; Crime; Mystery,5
5564,Halloween II,shuffle_100,27;53,Horror; Thriller,2
939,Another Round,shuffle_100,18;35,Drama; Comedy,2
9245,I'm So Excited!,shuffle_100,35,Comedy,1
7335,Senseless,shuffle_100,18,Drama,1
5848,The Tearsmith,shuffle_100,18;10749;10751,Drama; Romance; Family,3
2053,Air,shuffle_100,18;35,Drama; Comedy,2
1987,Jungle Cruise,shuffle_100,12;14;18;35;10751,Adventure; Fantasy; Drama; Comedy; Family,5
9387,Snow Dogs,shuffle_100,18;35;10751,Drama; Comedy; Family,3
9452,Spinning Man,shuffle_100,18;35;53,Drama; Comedy; Thriller,3
8302,The Cable Guy,shuffle_100,35;53;80,Comedy; Thriller; Crime,3
2994,Where the Heart Is,shuffle_100,18;35;10749,Drama; Comedy; Romance,3
6884,¡Three Amigos!,shuffle_100,18;35;80,Drama; Comedy; Crime,3
1018,Butch Cassidy and the Sundance Kid,shuffle_100,12;18;28;37;53;80,Adventure; Drama; Action; Western; Thriller; Crime,6
1296,All That Jazz,shuffle_100,18;35;10402,Drama; Comedy; Music,3
4193,RETURN,shuffle_100,18;53,Drama; Thriller,2
359,The Cure,shuffle_100,18;35;10749,Drama; Comedy; Romance,3
1979,The Judge,shuffle_100,18;53;80;9648,Drama; Thriller; Crime; Mystery,4
405,Death Note Relight 1: Visions of a God,shuffle_100,18;28;53;878,Drama; Action; Thriller; Science Fiction,4
1050,The Curious Case of Benjamin Button,shuffle_100,18;35;10749,Drama; Comedy; Romance,3
1495,Three Colors: White,shuffle_100,18;35;10749,Drama; Comedy; Romance,3
5427,The Addams Family,shuffle_100,18;35,Drama; Comedy,2
5806,Act of Valor,shuffle_100,12;28;53;878,Adventure; Action; Thriller; Science Fiction,4
8208,Birth,shuffle_100,18;53;10749,Drama; Thriller; Romance,3
9313,Playing for Keeps,shuffle_100,18;35,Drama; Comedy,2
3279,The Northman,shuffle_100,12;18;28;53,Adventure; Drama; Action; Thriller,4
5095,Hellboy,shuffle_100,12;14;28;10752,Adventure; Fantasy; Action; War,4
9482,Hellboy,shuffle_100,12;14;16;28,Adventure; Fantasy; Animation; Action,4
770,"I, Daniel Blake",shuffle_100,18;35;53;80,Drama; Comedy; Thriller; Crime,4
8670,No One Gets Out Alive,shuffle_100,18;27;53,Drama; Horror; Thriller,3
177,"“The Shorts” by Aldo, Giovanni and Giacomo",shuffle_100,18;35;36;10402,Drama; Comedy; History; Music,4
2246,Lean On Me,shuffle_100,18;28;35;80,Drama; Action; Comedy; Crime,4
3333,Malcolm & Marie,shuffle_100,18;35;10749,Drama; Comedy; Romance,3
1844,Dragon Ball: The Path to Power,shuffle_100,12;16;28;35;10751,Adventure; Animation; Action; Comedy; Family,5
2060,True Grit,shuffle_100,18;28;35;53;80,Drama; Action; Comedy; Thriller; Crime,5
3195,The Ministry of Ungentlemanly Warfare,shuffle_100,12;18;28;36;10752,Adventure; Drama; Action; History; War,5
6548,District 13: Ultimatum,shuffle_100,18;28,Drama; Action,2
8833,Coexister,shuffle_100,18;35,Drama; Comedy,2
796,The Man from Nowhere,shuffle_100,18;28;53;80,Drama; Action; Thriller; Crime,4
4116,Mean Creek,shuffle_100,18;35,Drama; Comedy,2
8212,Orange County,shuffle_100,18;35,Drama; Comedy,2
467,My Way,shuffle_100,18;28;36;10752,Drama; Action; History; War,4
3641,The Eight Hundred,shuffle_100,18;28;36;10752,Drama; Action; History; War,4
3085,22 July,shuffle_100,18;27;28;36;53;10752,Drama; Horror; Action; History; Thriller; War,6
1757,Twin Peaks: Fire Walk with Me,shuffle_100,18;27;53;9648,Drama; Horror; Thriller; Mystery,4
3189,Death Note: The Last Name,shuffle_100,18;28;53,Drama; Action; Thriller,3
8097,The Gendarme and the Creatures from Outer Space,shuffle_100,27;35;878,Horror; Comedy; Science Fiction,3
9101,The Tunnel,shuffle_100,18;27;35;53,Drama; Horror; Comedy; Thriller,4
1656,Summer of 85,shuffle_100,18;35;10749,Drama; Comedy; Romance,3
8274,What to Expect When You're Expecting,shuffle_100,35;10749,Comedy; Romance,2
5940,Star Trek: Generations,shuffle_100,18;28;35;878,Drama; Action; Comedy; Science Fiction,4
4725,Mermaids,shuffle_100,18;35;10749;10751,Drama; Comedy; Romance; Family,4
6282,Borat Subsequent Moviefilm,shuffle_100,18;35;878,Drama; Comedy; Science Fiction,3
6195,Café Society,shuffle_100,18;35;10749,Drama; Comedy; Romance,3
1033,Elemental,shuffle_100,18;35;10749,Drama; Comedy; Romance,3
7769,Blood Ties,shuffle_100,18;28;53;80,Drama; Action; Thriller; Crime,4
6731,In a World...,shuffle_100,18;35;10402;10749;10751,Drama; Comedy; Music; Romance; Family,5
5081,Martian Child,shuffle_100,12;14;18;35;878;10751,Adventure; Fantasy; Drama; Comedy; Science Fiction; Family,6
7639,Final Destination 5,shuffle_100,14;18;27;28;53;878,Fantasy; Drama; Horror; Action; Thriller; Science Fiction,6
2157,Weekend,shuffle_100,35;10749,Comedy; Romance,2
3203,Lee,shuffle_100,18;36;10752,Drama; History; War,3
2237,The Hours,shuffle_100,18;35;10749,Drama; Comedy; Romance,3
2600,The Caine Mutiny,shuffle_100,18,Drama,1
9444,Airport '77,shuffle_100,12;27;28;35;53,Adventure; Horror; Action; Comedy; Thriller,5
6273,The Chronicles of Narnia: The Voyage of the Dawn Treader,shuffle_100,12;14;16;35;10751,Adventure; Fantasy; Animation; Comedy; Family,5
1210,Control,shuffle_25,18;35;10402,Drama; Comedy; Music,3
1288,Shang-Chi and the Legend of the Ten Rings,shuffle_25,12;14;16;28,Adventure; Fantasy; Animation; Action,4
6147,Dry,shuffle_25,18;27,Drama; Horror,2
120,Shutter Island,shuffle_25,18;28;53;9648,Drama; Action; Thriller; Mystery,4
3105,Galaxy Quest,shuffle_25,12;28;35;53;878,Adventure; Action; Comedy; Thriller; Science Fiction,5
4250,Spy,shuffle_25,18;28;35;53;80;878,Drama; Action; Comedy; Thriller; Crime; Science Fiction,6
350,Million Dollar Baby,shuffle_25,18;35;10751,Drama; Comedy; Family,3
6325,Spree,shuffle_25,28;35;53,Action; Comedy; Thriller,3
1898,The Time Machine,shuffle_25,12;18;878,Adventure; Drama; Science Fiction,3
9290,Survivor,shuffle_25,18;28;53;80,Drama; Action; Thriller; Crime,4
9395,The Hunters,shuffle_25,12;14;27;28;35;10751,Adventure; Fantasy; Horror; Action; Comedy; Family,6
7853,Goosebumps 2: Haunted Halloween,shuffle_25,12;27;35;10751,Adventure; Horror; Comedy; Family,4
2734,Petite Maman,shuffle_25,18;27;9648,Drama; Horror; Mystery,3
2181,Victor/Victoria,shuffle_25,18;35;10749,Drama; Comedy; Romance,3
8548,Volcano,shuffle_25,18;35;53;878,Drama; Comedy; Thriller; Science Fiction,4
4191,About Schmidt,shuffle_25,18;35;10749,Drama; Comedy; Romance,3
1320,The Rules of the Game,shuffle_25,18;35,Drama; Comedy,2
1419,The Reader,shuffle_25,18;53;10749,Drama; Thriller; Romance,3
1016,In a Lonely Place,shuffle_25,18;53;80;9648;10749,Drama; Thriller; Crime; Mystery; Romance,5
110,Puss in Boots: The Last Wish,shuffle_25,12;14;16;28;10751,Adventure; Fantasy; Animation; Action; Family,5
8307,The 6th Day,shuffle_25,12;28;53;878,Adventure; Action; Thriller; Science Fiction,4
6202,Jackie,shuffle_25,18;36,Drama; History,2
5861,I'm Not There,shuffle_25,18;35;10402,Drama; Comedy; Music,3
764,Manhattan,shuffle_25,18;35;10749,Drama; Comedy; Romance,3
4105,Margin Call,shuffle_25,18;53,Drama; Thriller,2
6763,Three Floors,shuffle_25,18;35,Drama; Comedy,2
8256,Neuilly Yo Mama!,shuffle_25,18;28;35;80,Drama; Action; Comedy; Crime,4
3483,10 Cloverfield Lane,shuffle_25,18;27;28;53;878,Drama; Horror; Action; Thriller; Science Fiction,5
8226,How to Lose Friends & Alienate People,shuffle_25,18;35;10749,Drama; Comedy; Romance,3
4316,Ashfall,shuffle_25,12;14;16;28;35;10751,Adventure; Fantasy; Animation; Action; Comedy; Family,6
3917,Clash of the Titans,shuffle_25,12;14;16;28;878;10749;10751,Adventure; Fantasy; Animation; Action; Science Fiction; Romance; Family,7
1199,The Train,shuffle_25,18;28;53;10752,Drama; Action; Thriller; War,4
731,Safety Last!,shuffle_25,18;35,Drama; Comedy,2
5218,Rambo: First Blood Part II,shuffle_25,12;18;28;53;80,Adventure; Drama; Action; Thriller; Crime,5
5136,The Trip,shuffle_25,18;35;10749,Drama; Comedy; Romance,3
8940,Henry's Crime,shuffle_25,18;28;53;80,Drama; Action; Thriller; Crime,4
6940,Archive,shuffle_25,18;28;53;878,Drama; Action; Thriller; Science Fiction,4
4263,Justice League: The New Frontier,shuffle_25,12;16;28;878,Adventure; Animation; Action; Science Fiction,4
6066,God Willing,shuffle_25,18;35,Drama; Comedy,2
2945,Gia,shuffle_25,18;35;10749,Drama; Comedy; Romance,3
4732,The Longest Yard,shuffle_25,18;53;80,Drama; Thriller; Crime,3
8744,Phantom,shuffle_25,12;18;53;9648,Adventure; Drama; Thriller; Mystery,4
6262,A California Christmas,shuffle_25,18;35;10749;10751,Drama; Comedy; Romance; Family,4
5233,Something's Gotta Give,shuffle_25,18;35;10749,Drama; Comedy; Romance,3
6947,Return of the Hero,shuffle_25,18;35;10749,Drama; Comedy; Romance,3
6591,The Collection,shuffle_25,12;14;27;28,Adventure; Fantasy; Horror; Action,4
997,Harold and Maude,shuffle_25,18;35;10749,Drama; Comedy; Romance,3
5071,Pollock,shuffle_25,18;35;36,Drama; Comedy; History,3
8027,Fortress,shuffle_25,18;27;53;878,Drama; Horror; Thriller; Science Fiction,4
9716,17 Girls,shuffle_25,35,Comedy,1
9919,Toys,shuffle_25,12;14;18;28;35;10751,Adventure; Fantasy; Drama; Action; Comedy; Family,6
8209,House of Wax,shuffle_25,12;27;35;878,Adventure; Horror; Comedy; Science Fiction,4
7139,The Little Shop of Horrors,shuffle_25,18;35;10749,Drama; Comedy; Romance,3
9944,The Phantom,shuffle_25,12;14;16;28;35;878;10751,Adventure; Fantasy; Animation; Action; Comedy; Science Fiction; Family,7
8063,The Brats,shuffle_25,18;35;10749,Drama; Comedy; Romance,3
5046,Patriot Games,shuffle_25,18;28;35;53;80,Drama; Action; Comedy; Thriller; Crime,5
293,Barry Lyndon,shuffle_25,14;18;28;35,Fantasy; Drama; Action; Comedy,4
553,Sunrise: A Song of Two Humans,shuffle_25,18;35;10749,Drama; Comedy; Romance,3
7939,The 51st State,shuffle_25,18;35;80,Drama; Comedy; Crime,3
4233,Underworld,shuffle_25,14;18;27;28,Fantasy; Drama; Horror; Action,4
9238,Maggie's Plan,shuffle_25,18;35;10749,Drama; Comedy; Romance,3
4951,Harold and the Purple Crayon,shuffle_25,12;14;18;35;10751,Adventure; Fantasy; Drama; Comedy; Family,5
7035,The Assistant,shuffle_25,18;53,Drama; Thriller,2
8603,Robin Hood,shuffle_25,12;14;18;28;36;10752,Adventure; Fantasy; Drama; Action; History; War,6
3330,Hoosiers,shuffle_25,18;35,Drama; Comedy,2
4255,The Pit and the Pendulum,shuffle_25,18;36;9648,Drama; History; Mystery,3
1293,Training Day,shuffle_25,18;28;35;53;80;9648,Drama; Action; Comedy; Thriller; Crime; Mystery,6
540,F1,shuffle_25,18;28;35,Drama; Action; Comedy,3
4235,Barbarian,shuffle_25,18;35;53;10749,Drama; Comedy; Thriller; Romance,4
6601,FernGully: The Last Rainforest,shuffle_25,12;14;16;35;10751,Adventure; Fantasy; Animation; Comedy; Family,5
1973,Spider-Man: Homecoming,shuffle_25,12;18;28;878,Adventure; Drama; Action; Science Fiction,4
6557,Nighthawks,shuffle_25,28;35;53;80,Action; Comedy; Thriller; Crime,4
5705,Super Troopers,shuffle_25,18;28;35;53;80,Drama; Action; Comedy; Thriller; Crime,5
5731,The Witches of Eastwick,shuffle_25,18;35;10749,Drama; Comedy; Romance,3
7665,Push,shuffle_25,28;35;53;80;9648,Action; Comedy; Thriller; Crime; Mystery,5
7180,Insidious: The Last Key,shuffle_25,18;27;53,Drama; Horror; Thriller,3
977,Stagecoach,shuffle_25,12;18;53,Adventure; Drama; Thriller,3
9691,Be Cool,shuffle_25,18;35;80,Drama; Comedy; Crime,3
8418,Tin & Tina,shuffle_25,18;35;10749,Drama; Comedy; Romance,3
3626,Compartment No. 6,shuffle_25,18;53;10749,Drama; Thriller; Romance,3
2034,Justice League: Crisis on Two Earths,shuffle_25,12;14;16;28;878,Adventure; Fantasy; Animation; Action; Science Fiction,5
4098,The Strange Thing About the Johnsons,shuffle_25,18;53,Drama; Thriller,2
9643,Wanderlust,shuffle_25,18;35;10749,Drama; Comedy; Romance,3
4179,Flight,shuffle_25,18;35;53;80,Drama; Comedy; Thriller; Crime,4
6176,For Love of the Game,shuffle_25,18;35;10749,Drama; Comedy; Romance,3
7119,Taken 3,shuffle_25,18;28;53;80;9648,Drama; Action; Thriller; Crime; Mystery,5
2173,Stardust,shuffle_25,12;14;16;18;35;10749;10751,Adventure; Fantasy; Animation; Drama; Comedy; Romance; Family,7
189,The Father,shuffle_25,18;10749,Drama; Romance,2
7372,He Never Died,shuffle_25,14;18;35;53;9648,Fantasy; Drama; Comedy; Thriller; Mystery,5
1626,Saw,shuffle_25,12;27;35;53;80,Adventure; Horror; Comedy; Thriller; Crime,5
563,The Avengers,shuffle_25,12;18;28;53;878,Adventure; Drama; Action; Thriller; Science Fiction,5
1784,Grease,shuffle_25,18;35;10749,Drama; Comedy; Romance,3
6167,Bride & Prejudice,shuffle_25,18;35;10749,Drama; Comedy; Romance,3
7022,Severance,shuffle_25,28;35;53,Action; Comedy; Thriller,3
7046,Child 44,shuffle_25,18;53;80;9648,Drama; Thriller; Crime; Mystery,4
6244,Life,shuffle_25,12;35;878,Adventure; Comedy; Science Fiction,3
1057,10 Things I Hate About You,shuffle_25,35;10749,Comedy; Romance,2
645,The King of Comedy,shuffle_25,18;35,Drama; Comedy,2
371,Don't Look Now... We're Being Shot At!,shuffle_25,12;18;28;36;53;10752,Adventure; Drama; Action; History; Thriller; War,6
5995,Assassins,shuffle_25,18;28;53;80,Drama; Action; Thriller; Crime,4
8216,Shaft,shuffle_25,18;28;53;80;9648,Drama; Action; Thriller; Crime; Mystery,5
3421,Wild,shuffle_25,18;53;10749,Drama; Thriller; Romance,3
1869,Possession,shuffle_25,18;27;53;9648,Drama; Horror; Thriller; Mystery,4
5536,Star Trek III: The Search for Spock,shuffle_25,35;878,Comedy; Science Fiction,2
6922,King Arthur,shuffle_25,12;14;18;28;36,Adventure; Fantasy; Drama; Action; History,5
6810,Second Act,shuffle_25,18;35;10749,Drama; Comedy; Romance,3
4033,Mad God,shuffle_25,12;14;16;27;28;53;878,Adventure; Fantasy; Animation; Horror; Action; Thriller; Science Fiction,7
8510,She-Devil,shuffle_25,18;35;53;10749,Drama; Comedy; Thriller; Romance,4
8582,The Karate Kid Part III,shuffle_25,28;35,Action; Comedy,2
8712,Righteous Kill,shuffle_25,18;28;53;80;9648,Drama; Action; Thriller; Crime; Mystery,5
1427,Glory,shuffle_25,18;36;10752,Drama; History; War,3
2328,"Planes, Trains and Automobiles",shuffle_25,35;10749,Comedy; Romance,2
7303,Chernobyl: Abyss,shuffle_25,18;878,Drama; Science Fiction,2
4803,Escape Plan,shuffle_25,18;28;53;80,Drama; Action; Thriller; Crime,4
2657,The Driver,shuffle_25,18;28;35;53;80,Drama; Action; Comedy; Thriller; Crime,5
530,An Autumn Afternoon,shuffle_25,18;10749,Drama; Romance,2
3412,The Zone of Interest,shuffle_25,18;35;36,Drama; Comedy; History,3
7021,Great Balls of Fire!,shuffle_25,18;35;36;10402,Drama; Comedy; History; Music,4
3863,The Substitute,shuffle_25,18;28;35;53;80,Drama; Action; Comedy; Thriller; Crime,5
769,BPM (Beats per Minute),shuffle_25,18;53;878,Drama; Thriller; Science Fiction,3
603,Land of Mine,shuffle_25,18;28;53;10752,Drama; Action; Thriller; War,4
1826,The Way of the Dragon,shuffle_25,12;18;28;35;80,Adventure; Drama; Action; Comedy; Crime,5
9990,Marmaduke,shuffle_25,18;35;10751,Drama; Comedy; Family,3
5454,Titan A.E.,shuffle_25,12;18;28;878,Adventure; Drama; Action; Science Fiction,4
4689,King of New York,shuffle_25,18;28;35;53;80,Drama; Action; Comedy; Thriller; Crime,5
1769,Babylon,shuffle_25,18;35;36;10402,Drama; Comedy; History; Music,4
7109,The Noel Diary,shuffle_25,18;35;10749,Drama; Comedy; Romance,3
7040,Basilicata Coast to Coast,shuffle_25,18;35;10402,Drama; Comedy; Music,3
2951,Bitter Moon,shuffle_25,18;35;10749,Drama; Comedy; Romance,3
4916,Return to Oz,shuffle_25,14;18;27;878,Fantasy; Drama; Horror; Science Fiction,4
8894,6 Below: Miracle on the Mountain,shuffle_25,18;53,Drama; Thriller,2
3547,Mamma Mia!,shuffle_25,18;35;10749,Drama; Comedy; Romance,3
4476,Winter's Bone,shuffle_25,18;27,Drama; Horror,2
5633,Seeking a Friend for the End of the World,shuffle_25,12;35;53;878,Adventure; Comedy; Thriller; Science Fiction,4
3732,The Isle,shuffle_25,18;35,Drama; Comedy,2
9559,The Conference,shuffle_25,18;28;53;80,Drama; Action; Thriller; Crime,4
365,Spider-Man: No Way Home,shuffle_25,12;14;16;28;35;878,Adventure; Fantasy; Animation; Action; Comedy; Science Fiction,6
9417,Admission,shuffle_25,18;35;10749,Drama; Comedy; Romance,3
1174,The Six Triple Eight,shuffle_25,18;28;36;10752,Drama; Action; History; War,4
6956,Bandits,shuffle_25,18;35;53;80;10749,Drama; Comedy; Thriller; Crime; Romance,5
259,Amadeus,shuffle_25,18;35,Drama; Comedy,2
5569,Flesh + Blood,shuffle_25,12;14;28;53,Adventure; Fantasy; Action; Thriller,4
1042,Evangelion: 1.0 You Are (Not) Alone,shuffle_25,16;28;878,Animation; Action; Science Fiction,3
5282,Colombiana,shuffle_25,18;27;28;53;80;9648,Drama; Horror; Action; Thriller; Crime; Mystery,6
9250,Alvin and the Chipmunks: Chipwrecked,shuffle_25,12;16;27;35;878;10751,Adventure; Animation; Horror; Comedy; Science Fiction; Family,6
7326,There's No Place Like Home,shuffle_25,18;35;10749,Drama; Comedy; Romance,3
475,A Bronx Tale,shuffle_25,18;80,Drama; Crime,2
7344,Waiting...,shuffle_25,27;28;35;53,Horror; Action; Comedy; Thriller,4
3786,White Chicks,shuffle_25,18;28;35;53;80,Drama; Action; Comedy; Thriller; Crime,5
6347,Shaft,shuffle_25,12;18;28;53;80,Adventure; Drama; Action; Thriller; Crime,5
9922,Mutant Chronicles,shuffle_25,12;28;53;878,Adventure; Action; Thriller; Science Fiction,4
4664,He Got Game,shuffle_25,18;35,Drama; Comedy,2
5439,The Finest Hours,shuffle_25,12;18;28;53,Adventure; Drama; Action; Thriller,4
2950,Cross of Iron,shuffle_25,18;36;53;10752,Drama; History; Thriller; War,4
9117,Rules Don't Apply,shuffle_25,18;35;10749,Drama; Comedy; Romance,3
5908,Seoul Station,shuffle_25,16;27;28;53;878,Animation; Horror; Action; Thriller; Science Fiction,5
8203,Up for Love,shuffle_25,18;35;53;10749,Drama; Comedy; Thriller; Romance,4
6735,"Roman J. Israel, Esq.",shuffle_25,18;35,Drama; Comedy,2
2161,Swades,shuffle_25,18;35;878,Drama; Comedy; Science Fiction,3
1965,All That Heaven Allows,shuffle_25,18;35;10749,Drama; Comedy; Romance,3
21,Fight Club,shuffle_25,18;35;53;80,Drama; Comedy; Thriller; Crime,4
6143,Ice Age: A Mammoth Christmas,shuffle_25,12;14;16;35;10751,Adventure; Fantasy; Animation; Comedy; Family,5
3839,Antwone Fisher,shuffle_25,18;53,Drama; Thriller,2
8704,Cooties,shuffle_25,12;27;28;53;878,Adventure; Horror; Action; Thriller; Science Fiction,5
5092,Charlie Bartlett,shuffle_25,18;35,Drama; Comedy,2
868,A Charlie Brown Christmas,shuffle_25,14;18;35;10751,Fantasy; Drama; Comedy; Family,4
4932,The Stepford Wives,shuffle_25,18;35;53;10749,Drama; Comedy; Thriller; Romance,4
5225,Jack Reacher,shuffle_25,18;28;53;80;9648,Drama; Action; Thriller; Crime; Mystery,5
2573,Upgraded,shuffle_25,18;35;10749,Drama; Comedy; Romance,3
3624,A Conspiracy of Faith,shuffle_25,18;53,Drama; Thriller,2
2062,Kung Fu Panda,shuffle_25,12;16;28;35;10751,Adventure; Animation; Action; Comedy; Family,5
8654,Men in Black: International,shuffle_25,12;28;53;878,Adventure; Action; Thriller; Science Fiction,4
1791,Asterix & Obelix: Mission Cleopatra,shuffle_25,12;18;35,Adventure; Drama; Comedy,3
5534,May December,shuffle_25,18;10749,Drama; Romance,2
7704,Crossing Over,shuffle_25,18;28;53,Drama; Action; Thriller,3
8983,The Man,shuffle_25,18;28;35;53;80;9648,Drama; Action; Comedy; Thriller; Crime; Mystery,6
5453,Main Hoon Na,shuffle_25,18;28;35;53,Drama; Action; Comedy; Thriller,4
9626,Leprechaun 2,shuffle_25,12;14;16;28,Adventure; Fantasy; Animation; Action,4
4336,Time After Time,shuffle_25,18;28;53;80;878,Drama; Action; Thriller; Crime; Science Fiction,5
5568,"I Love You, Man",shuffle_25,18;35;10749,Drama; Comedy; Romance,3
8488,An American Werewolf in Paris,shuffle_25,14;27;28;35;878,Fantasy; Horror; Action; Comedy; Science Fiction,5
4057,Flavors of Youth,shuffle_25,18;35,Drama; Comedy,2
3456,The Dressmaker,shuffle_25,18;35;10749,Drama; Comedy; Romance,3
2164,The Seventh Company Has Been Found,shuffle_25,12;16;35;10751,Adventure; Animation; Comedy; Family,4
9966,With Open Arms,shuffle_25,18;35,Drama; Comedy,2
7617,28 Days,shuffle_25,18;35;80;10749,Drama; Comedy; Crime; Romance,4
5215,Brother Bear 2,shuffle_25,12;14;16;18;10751,Adventure; Fantasy; Animation; Drama; Family,5
5899,Thor: The Dark World,shuffle_25,12;14;16;28;878,Adventure; Fantasy; Animation; Action; Science Fiction,5
5683,Trust,shuffle_25,18;35;53;10749,Drama; Comedy; Thriller; Romance,4
8688,King Cobra,shuffle_25,18;28;35,Drama; Action; Comedy,3
6197,Your Sister's Sister,shuffle_25,18;27;35;10749;10751,Drama; Horror; Comedy; Romance; Family,5
9850,Sleeping Beauty,shuffle_25,14;18;27;10749,Fantasy; Drama; Horror; Romance,4
6159,Judgment Night,shuffle_25,18;27;28;53;80,Drama; Horror; Action; Thriller; Crime,5
3199,Far from Heaven,shuffle_25,18;10749,Drama; Romance,2
8679,Problem Child 2,shuffle_25,18;35,Drama; Comedy,2
1942,High Plains Drifter,shuffle_25,28;53;80,Action; Thriller; Crime,3
9317,The Pact,shuffle_25,18;27;53;9648,Drama; Horror; Thriller; Mystery,4
481,Bad Genius,shuffle_25,18;35,Drama; Comedy,2
3280,The Proposition,shuffle_25,18;53;80,Drama; Thriller; Crime,3
1169,Moulin Rouge!,shuffle_25,18;35;10402;10749,Drama; Comedy; Music; Romance,4
7475,The Crew,shuffle_25,18;28;35;53;80,Drama; Action; Comedy; Thriller; Crime,5
6721,Smurfs: The Lost Village,shuffle_25,12;14;16;35;878;10751,Adventure; Fantasy; Animation; Comedy; Science Fiction; Family,6
297,The Passion of Joan of Arc,shuffle_25,18;27,Drama; Horror,2
5367,Suicide Kings,shuffle_25,12;28;35;53;80,Adventure; Action; Comedy; Thriller; Crime,5
6173,Super Fuzz,shuffle_25,12;28;35;53;878,Adventure; Action; Comedy; Thriller; Science Fiction,5
7924,Monster Trucks,shuffle_25,12;16;35;10751,Adventure; Animation; Comedy; Family,4
2700,Troy,shuffle_25,12;18;28;10749,Adventure; Drama; Action; Romance,4
4379,Dark Water,shuffle_25,18;27;53;9648,Drama; Horror; Thriller; Mystery,4
6784,The Wrath of Becky,shuffle_25,18;53,Drama; Thriller,2
8228,Kidnapping Mr. Heineken,shuffle_25,18;35;80,Drama; Comedy; Crime,3
5132,JCVD,shuffle_25,18;28;35;80,Drama; Action; Comedy; Crime,4
9687,Drive-Away Dolls,shuffle_25,18;27;35,Drama; Horror; Comedy,3
1595,The SpongeBob Movie: Sponge on the Run,shuffle_25,12;16;28;35;10751,Adventure; Animation; Action; Comedy; Family,5
1329,Breaking the Waves,shuffle_25,18;35;10749,Drama; Comedy; Romance,3
1923,Nowhere,shuffle_25,18;53,Drama; Thriller,2
8010,The Pacifier,shuffle_25,12;18;28;53;878,Adventure; Drama; Action; Thriller; Science Fiction,5
5896,Tideland,shuffle_25,18;53,Drama; Thriller,2
6459,Cargo,shuffle_25,18;27;53,Drama; Horror; Thriller,3
9013,Exit Wounds,shuffle_25,28;35;53;80,Action; Comedy; Thriller; Crime,4
3324,Ip Man 3,shuffle_25,28;35;80,Action; Comedy; Crime,3
5770,Little Monsters,shuffle_25,18;27;35;10402,Drama; Horror; Comedy; Music,4
5902,The Neon Demon,shuffle_25,18;35;10749,Drama; Comedy; Romance,3
3230,Moby Dick,shuffle_25,12;18;35,Adventure; Drama; Comedy,3
285,Song of the Sea,shuffle_25,12;14;18;10751,Adventure; Fantasy; Drama; Family,4
5939,The Jane Austen Book Club,shuffle_25,18;10749,Drama; Romance,2
7077,Extinction,shuffle_25,12;18;27;28;878,Adventure; Drama; Horror; Action; Science Fiction,5
1471,High School of the Dead: Drifters of the Dead,shuffle_25,12;27;28;35;53;878,Adventure; Horror; Action; Comedy; Thriller; Science Fiction,6
4106,Loft,shuffle_25,18;53;80;9648,Drama; Thriller; Crime; Mystery,4
5257,The Man in the Iron Mask,shuffle_25,12;18;28;36,Adventure; Drama; Action; History,4
1837,The Great Gatsby,shuffle_25,18;35;10749,Drama; Comedy; Romance,3
4529,In Her Name,shuffle_25,18;53;80;9648,Drama; Thriller; Crime; Mystery,4
6063,Colors,shuffle_25,18;28;53;80,Drama; Action; Thriller; Crime,4
9741,Incarnate,shuffle_25,14;27;53;878,Fantasy; Horror; Thriller; Science Fiction,4
1257,The Birds,shuffle_25,27;28;53,Horror; Action; Thriller,3
7900,The Night Before,shuffle_25,35;10749,Comedy; Romance,2
4861,Nymphomaniac: Vol. II,shuffle_25,18;10749,Drama; Romance,2
9380,Inside,shuffle_25,18;28;53;80,Drama; Action; Thriller; Crime,4
145,Good Will Hunting,shuffle_25,35;53;80,Comedy; Thriller; Crime,3
2347,Pearl,shuffle_25,12;18;10749,Adventure; Drama; Romance,3
1047,Steins;Gate: The Movie - Load Region of Déjà Vu,shuffle_25,16;18;878,Animation; Drama; Science Fiction,3
6199,Drag Me to Hell,shuffle_25,18;27;35;53;10749,Drama; Horror; Comedy; Thriller; Romance,5
2878,The Dark Crystal,shuffle_25,12;14;16;27;35;878,Adventure; Fantasy; Animation; Horror; Comedy; Science Fiction,6
5053,Emily the Criminal,shuffle_25,18;35;53;80,Drama; Comedy; Thriller; Crime,4
3147,I Hate Summer,shuffle_25,18;35,Drama; Comedy,2
4581,The DUFF,shuffle_25,35;10749;10751,Comedy; Romance; Family,3
5254,White God,shuffle_25,12;14;18;35;10751,Adventure; Fantasy; Drama; Comedy; Family,5
503,Shoplifters,shuffle_25,18;10749,Drama; Romance,2
6101,Police Story 4: First Strike,shuffle_25,18;28;35;53;80,Drama; Action; Comedy; Thriller; Crime,5
7290,Mean Machine,shuffle_25,18;28;35;53;80,Drama; Action; Comedy; Thriller; Crime,5
9036,Paranormal Activity 2,shuffle_25,14;16;27;35,Fantasy; Animation; Horror; Comedy,4
1097,The Hobbit: The Desolation of Smaug,shuffle_25,12;14;16;28;35;10749;10751,Adventure; Fantasy; Animation; Action; Comedy; Romance; Family,7
7192,Ghosts of War,shuffle_25,18;27;28;53;10752,Drama; Horror; Action; Thriller; War,5
826,Black Swan,shuffle_25,18;35;10749,Drama; Comedy; Romance,3
1943,Red River,shuffle_25,12;18;37,Adventure; Drama; Western,3
1783,My Sister's Keeper,shuffle_25,18;35;10749,Drama; Comedy; Romance,3
6847,Dark Skies,shuffle_25,14;27;53;9648,Fantasy; Horror; Thriller; Mystery,4
5990,Mother's Day,shuffle_25,18;27;53,Drama; Horror; Thriller,3
4698,First Love,shuffle_25,18;28;53;80,Drama; Action; Thriller; Crime,4
4319,The Ghost Writer,shuffle_25,18;53;9648,Drama; Thriller; Mystery,3
1309,Almost Famous,shuffle_25,18;35;10402;10749,Drama; Comedy; Music; Romance,4
6541,The Knight Before Christmas,shuffle_25,12;14;18;35;10751,Adventure; Fantasy; Drama; Comedy; Family,5
6728,Doc Hollywood,shuffle_25,18;35;878,Drama; Comedy; Science Fiction,3
68,Given,shuffle_25,18;35;10749,Drama; Comedy; Romance,3
6565,The Assassin,shuffle_25,18;28;53,Drama; Action; Thriller,3
3340,Lethal Weapon 2,shuffle_25,12;18;28;53,Adventure; Drama; Action; Thriller,4
5380,Conspiracy Theory,shuffle_25,28;35;53;9648,Action; Comedy; Thriller; Mystery,4
5732,The Chronicles of Riddick,shuffle_25,12;28;878,Adventure; Action; Science Fiction,3
1738,Mad Max 2,shuffle_25,12;18;28,Adventure; Drama; Action,3
9357,My Best Friend's Girl,shuffle_25,18;35;10749,Drama; Comedy; Romance,3
93,Klaus,shuffle_25,14;16;18;35;10751,Fantasy; Animation; Drama; Comedy; Family,5
7555,Murder by Numbers,shuffle_25,18;28;53;80;9648,Drama; Action; Thriller; Crime; Mystery,5
4648,Oedipus Rex,shuffle_25,12;18;28,Adventure; Drama; Action,3
5928,The Bookshop,shuffle_25,18;35,Drama; Comedy,2
4387,200 Pounds Beauty,shuffle_25,16;18;35;10749,Animation; Drama; Comedy; Romance,4
7601,Splinter,shuffle_25,12;27;28;35;53;878;10751,Adventure; Horror; Action; Comedy; Thriller; Science Fiction; Family,7
8944,Kicking & Screaming,shuffle_25,18;35;10751,Drama; Comedy; Family,3
76,The Intouchables,shuffle_25,18;35,Drama; Comedy,2
2319,Betty Blue,shuffle_25,18;35;10749,Drama; Comedy; Romance,3
7425,The Prince & Me,shuffle_25,14;18;35;10749,Fantasy; Drama; Comedy; Romance,4
916,Laurence Anyways,shuffle_25,18;35;10749,Drama; Comedy; Romance,3
9369,The Maiden Heist,shuffle_25,28;35;53,Action; Comedy; Thriller,3
4345,An Unfinished Life,shuffle_25,18,Drama,1
7191,No Escape,shuffle_25,12;18;28;53;80,Adventure; Drama; Action; Thriller; Crime,5
8369,The Marvels,shuffle_25,12;16;28;35;878;10749;10751,Adventure; Animation; Action; Comedy; Science Fiction; Romance; Family,7
2010,Carrie,shuffle_25,18;27;53;9648,Drama; Horror; Thriller; Mystery,4
7722,Happily Mixed Up,shuffle_25,18;27;53,Drama; Horror; Thriller,3
194,The Hunt,shuffle_25,18;35,Drama; Comedy,2
7314,The Other Woman,shuffle_25,18;35;10749,Drama; Comedy; Romance,3
6475,Flypaper,shuffle_25,18;28;35;53;80;10749,Drama; Action; Comedy; Thriller; Crime; Romance,6
9513,Truth or Dare,shuffle_25,27;35;53,Horror; Comedy; Thriller,3
7049,Your Place or Mine,shuffle_25,18;35;10749,Drama; Comedy; Romance,3
6424,Don't Think Twice,shuffle_25,18;35;53,Drama; Comedy; Thriller,3
4977,Troll Hunter,shuffle_25,18;27;53;9648,Drama; Horror; Thriller; Mystery,4
998,Mortal Kombat Legends: Battle of the Realms,shuffle_25,12;14;16;18;28;878,Adventure; Fantasy; Animation; Drama; Action; Science Fiction,6
6904,Beauty Shop,shuffle_25,18;35,Drama; Comedy,2
8099,Arcadian,shuffle_25,12;27;28;53;878,Adventure; Horror; Action; Thriller; Science Fiction,5
5448,Silent Hill,shuffle_25,18;27;53;9648,Drama; Horror; Thriller; Mystery,4
9327,Momentum,shuffle_25,28;53;80;9648,Action; Thriller; Crime; Mystery,4
7114,The Dead Pool,shuffle_25,18;35;53;80,Drama; Comedy; Thriller; Crime,4
3408,Mickey's Twice Upon a Christmas,shuffle_25,12;14;16;35;10751,Adventure; Fantasy; Animation; Comedy; Family,5
5405,The Wizard of Lies,shuffle_25,18;53;80,Drama; Thriller; Crime,3
2850,Tangled Ever After,shuffle_25,12;35;10749,Adventure; Comedy; Romance,3
8088,Sanctum,shuffle_25,12;18;28;878;10751,Adventure; Drama; Action; Science Fiction; Family,5
2705,Kiss Kiss Bang Bang,shuffle_25,28;35;53;80;9648,Action; Comedy; Thriller; Crime; Mystery,5
6846,The Visit,shuffle_25,18;27;35;9648,Drama; Horror; Comedy; Mystery,4
432,Divorce Italian Style,shuffle_25,18;35;10749,Drama; Comedy; Romance,3
7851,F,shuffle_25,18;28;53,Drama; Action; Thriller,3
4028,Rango,shuffle_25,12;16;28;35;10751,Adventure; Animation; Action; Comedy; Family,5
1048,The Fault in Our Stars,shuffle_25,18,Drama,1
4923,RED,shuffle_25,18;28;35;53;80,Drama; Action; Comedy; Thriller; Crime,5
1935,A Nightmare on Elm Street,shuffle_25,18;27;53;80;9648,Drama; Horror; Thriller; Crime; Mystery,5
4569,Asterix in Britain,shuffle_25,12;14;16;35;10751,Adventure; Fantasy; Animation; Comedy; Family,5
195,New Gods: Nezha Reborn,shuffle_25,12;14;16;18;28;35;878,Adventure; Fantasy; Animation; Drama; Action; Comedy; Science Fiction,7
4697,Superman II,shuffle_25,12;16;28;878,Adventure; Animation; Action; Science Fiction,4
392,We Are the Nobles,shuffle_25,18;35,Drama; Comedy,2
8213,Alvin and the Chipmunks: The Road Chip,shuffle_25,18;35;10749,Drama; Comedy; Romance,3
6304,Wild Target,shuffle_25,18;28;53;80,Drama; Action; Thriller; Crime,4
3110,What's Love Got to Do with It,shuffle_25,18;35;10749,Drama; Comedy; Romance,3
4715,Road House,shuffle_25,18;35;53;80,Drama; Comedy; Thriller; Crime,4
5549,Lionheart,shuffle_25,18;28;35,Drama; Action; Comedy,3
2066,Red Dog,shuffle_25,12;18;35;10751,Adventure; Drama; Comedy; Family,4
1716,Rushmore,shuffle_25,18;35;10749,Drama; Comedy; Romance,3
537,The Shadow in My Eye,shuffle_25,18;28;36;53;10752,Drama; Action; History; Thriller; War,5
7092,Legends of Oz: Dorothy's Return,shuffle_25,12;14;16;35;10751,Adventure; Fantasy; Animation; Comedy; Family,5
6211,The Uninvited,shuffle_25,18;27;53;9648,Drama; Horror; Thriller; Mystery,4
4824,Bumblebee,shuffle_25,12;16;18;35;10751,Adventure; Animation; Drama; Comedy; Family,5
2220,Riders of Justice,shuffle_25,18;27;53;9648,Drama; Horror; Thriller; Mystery,4
2109,Sonic the Hedgehog,shuffle_25,12;14;16;28;35;878;10751,Adventure; Fantasy; Animation; Action; Comedy; Science Fiction; Family,7
2137,The Fundamentals of Caring,shuffle_25,18;35,Drama; Comedy,2
8471,Alexander,shuffle_25,12;16;18;28;36,Adventure; Animation; Drama; Action; History,5
8919,Neighbors 2: Sorority Rising,shuffle_25,18;35,Drama; Comedy,2
7279,Accident Man,shuffle_25,18;28;35;53;80,Drama; Action; Comedy; Thriller; Crime,5
2200,Land of Bad,shuffle_25,28;35;53;878,Action; Comedy; Thriller; Science Fiction,4
954,The Longest Ride,shuffle_25,18;10749,Drama; Romance,2
5846,Dragonslayer,shuffle_25,12;14;28;10751,Adventure; Fantasy; Action; Family,4
2761,Confession of Murder,shuffle_25,18;28;53;80;9648,Drama; Action; Thriller; Crime; Mystery,5
3169,Patriots Day,shuffle_25,18;28;53,Drama; Action; Thriller,3
4930,Night Moves,shuffle_25,18;35;53;80;9648,Drama; Comedy; Thriller; Crime; Mystery,5
7857,V/H/S/94,shuffle_25,27;28;53;878;9648,Horror; Action; Thriller; Science Fiction; Mystery,5
459,Persepolis,shuffle_25,18;36,Drama; History,2
3793,Nine to Five,shuffle_25,18;35;80,Drama; Comedy; Crime,3
742,Slumdog Millionaire,shuffle_25,18;35;80,Drama; Comedy; Crime,3
9458,Leatherface,shuffle_25,18;27;28;53;80,Drama; Horror; Action; Thriller; Crime,5
5743,Looking for Eric,shuffle_25,18;35;10749,Drama; Comedy; Romance,3
50,American History X,shuffle_25,18;28;53;80,Drama; Action; Thriller; Crime,4
2108,Stolen Kisses,shuffle_25,18;35,Drama; Comedy,2
3005,Ariel,shuffle_25,18;35;53,Drama; Comedy; Thriller,3
2698,Monsieur Lazhar,shuffle_25,18,Drama,1
6130,The Love Witch,shuffle_25,14;35;10749,Fantasy; Comedy; Romance,3
2762,House of Sand and Fog,shuffle_25,18;53;80,Drama; Thriller; Crime,3
8909,Analyze That,shuffle_25,18;28;35;53;80,Drama; Action; Comedy; Thriller; Crime,5
4555,Kill the Irishman,shuffle_25,18;28;53;80,Drama; Action; Thriller; Crime,4
3314,My Neighbors the Yamadas,shuffle_25,18;35,Drama; Comedy,2
6867,Yara,shuffle_25,18;27;53;80;9648,Drama; Horror; Thriller; Crime; Mystery,5
866,Scooby-Doo on Zombie Island,shuffle_25,12;14;16;27;35;10751,Adventure; Fantasy; Animation; Horror; Comedy; Family,6
5897,Bubba Ho-tep,shuffle_25,18;35,Drama; Comedy,2
3362,An Officer and a Gentleman,shuffle_25,18;28;35,Drama; Action; Comedy,3
5462,Goya's Ghosts,shuffle_25,18;53,Drama; Thriller,2
3704,RocknRolla,shuffle_25,35;53;80,Comedy; Thriller; Crime,3
2058,"Good Morning, Vietnam",shuffle_25,18;35,Drama; Comedy,2
3919,Finestkind,shuffle_25,18;28;35;53;80,Drama; Action; Comedy; Thriller; Crime,5
7768,Ad Astra,shuffle_25,12;18;878,Adventure; Drama; Science Fiction,3
8004,No Filter,shuffle_25,18;35;10749,Drama; Comedy; Romance,3
7957,Kill Your Friends,shuffle_25,18;35;53;80,Drama; Comedy; Thriller; Crime,4
8023,My Life Without Me,shuffle_25,18;27;53,Drama; Horror; Thriller,3
8173,Bee Movie,shuffle_25,18;35;80;878,Drama; Comedy; Crime; Science Fiction,4
3737,Fly Away Home,shuffle_25,18;27;35;10751,Drama; Horror; Comedy; Family,4
5273,Aline,shuffle_25,18;35,Drama; Comedy,2
2229,Jeremiah Johnson,shuffle_25,12;14;18;28,Adventure; Fantasy; Drama; Action,4
4706,Tucker: The Man and His Dream,shuffle_25,18;36,Drama; History,2
9060,We Are What We Are,shuffle_25,18;27;53,Drama; Horror; Thriller,3
2063,Duck Soup,shuffle_25,18;35;10749,Drama; Comedy; Romance,3
3257,Elephant,shuffle_25,18;35,Drama; Comedy,2
9891,Behaving Badly,shuffle_25,18;35;53;10749,Drama; Comedy; Thriller; Romance,4
3808,Project Silence,shuffle_25,12;27;28;53;878,Adventure; Horror; Action; Thriller; Science Fiction,5
6370,"My Donkey, My Lover & I",shuffle_25,12;18;35;10749;10751,Adventure; Drama; Comedy; Romance; Family,5
863,12 Angry Men,shuffle_25,18;53;80,Drama; Thriller; Crime,3
2830,After the Wedding,shuffle_25,18;53;9648,Drama; Thriller; Mystery,3
6596,The Imaginarium of Doctor Parnassus,shuffle_25,12;14;28;35,Adventure; Fantasy; Action; Comedy,4
7661,Ben 10: Alien Swarm,shuffle_25,12;28;53;878,Adventure; Action; Thriller; Science Fiction,4
9043,Black Sheep,shuffle_25,27;53;878,Horror; Thriller; Science Fiction,3
3112,The Thirteenth Floor,shuffle_25,18;35;53,Drama; Comedy; Thriller,3
6154,Olaf's Frozen Adventure,shuffle_25,12;14;16;35;10751,Adventure; Fantasy; Animation; Comedy; Family,5
1132,Gattaca,shuffle_25,12;28;35;878,Adventure; Action; Comedy; Science Fiction,4
6679,New Kids Turbo,shuffle_25,18;35;80,Drama; Comedy; Crime,3
6352,Operation Christmas Drop,shuffle_25,18;28;35;53,Drama; Action; Comedy; Thriller,4
6897,Flushed Away,shuffle_25,12;16;35;10751,Adventure; Animation; Comedy; Family,4
9302,Damaged,shuffle_25,18;53;80;9648,Drama; Thriller; Crime; Mystery,4
4186,Moonstruck,shuffle_25,18;35;10749,Drama; Comedy; Romance,3
9506,Deep Blue Sea 3,shuffle_25,12;35;878;10751,Adventure; Comedy; Science Fiction; Family,4
1553,Scarface,shuffle_25,18;28;53;80,Drama; Action; Thriller; Crime,4
8924,Young Adult,shuffle_25,18;35;10749,Drama; Comedy; Romance,3
2655,Identity,shuffle_25,18;27;53;9648,Drama; Horror; Thriller; Mystery,4
9460,Family Pack,shuffle_25,12;14;16;27;28;35;10751,Adventure; Fantasy; Animation; Horror; Action; Comedy; Family,7
919,Vampire Hunter D: Bloodlust,shuffle_25,28;35,Action; Comedy,2
2957,A Writer's Odyssey,shuffle_25,12;14;16;18;28,Adventure; Fantasy; Animation; Drama; Action,5
5598,Who You Think I Am,shuffle_25,18;35;10749,Drama; Comedy; Romance,3
9215,Porky's II: The Next Day,shuffle_25,18;27;35;10749,Drama; Horror; Comedy; Romance,4
9951,Havoc,shuffle_25,18;35;80,Drama; Comedy; Crime,3
5870,Turbo Kid,shuffle_25,12;18;28,Adventure; Drama; Action,3
2826,The Rock,shuffle_25,18;28;53;80,Drama; Action; Thriller; Crime,4
4831,Dreamgirls,shuffle_25,18;35;10402;10749,Drama; Comedy; Music; Romance,4
899,Onward,shuffle_25,12;14;16;35;10751,Adventure; Fantasy; Animation; Comedy; Family,5
7350,Alice and the Mayor,shuffle_25,18;35,Drama; Comedy,2
5022,Yes Man,shuffle_25,18;35,Drama; Comedy,2
8371,When in Rome,shuffle_25,18;35;10749;10751,Drama; Comedy; Romance; Family,4
3153,SPY x FAMILY CODE: White,shuffle_25,12;35;53,Adventure; Comedy; Thriller,3
6119,Bridget Jones: Mad About the Boy,shuffle_25,18;35;10749,Drama; Comedy; Romance,3
6726,The Only Living Boy in New York,shuffle_25,18;35;10749,Drama; Comedy; Romance,3
6890,Dead in a Week (Or Your Money Back),shuffle_25,18;35;53;80,Drama; Comedy; Thriller; Crime,4
53,Princess Mononoke,shuffle_25,12;14;16;18;28,Adventure; Fantasy; Animation; Drama; Action,5
4530,Perfect Addiction,shuffle_25,18;28;53,Drama; Action; Thriller,3
7321,Megan Is Missing,shuffle_25,18;27;35;53,Drama; Horror; Comedy; Thriller,4
7738,Housesitter,shuffle_25,18;35;10749,Drama; Comedy; Romance,3
1058,The Wizard of Oz,shuffle_25,12;14;16;10751,Adventure; Fantasy; Animation; Family,4
7960,Duplex,shuffle_25,27;35;10749,Horror; Comedy; Romance,3
3944,The Hidden,shuffle_25,18;53;80;9648,Drama; Thriller; Crime; Mystery,4
5543,Ender's Game,shuffle_25,12;18;28;878;10751,Adventure; Drama; Action; Science Fiction; Family,5
4162,Denial,shuffle_25,18;36,Drama; History,2
290,Citizen Kane,shuffle_25,18,Drama,1
717,Gran Turismo,shuffle_25,12;18;35;10751,Adventure; Drama; Comedy; Family,4
584,Spotlight,shuffle_25,18;27;53,Drama; Horror; Thriller,3
3508,This Must Be the Place,shuffle_25,18;35;53;80,Drama; Comedy; Thriller; Crime,4
1103,Spies in Disguise,shuffle_25,12;18;28;35,Adventure; Drama; Action; Comedy,4
7365,The Night Clerk,shuffle_25,18;27;35;53;80;9648,Drama; Horror; Comedy; Thriller; Crime; Mystery,6
7951,The SpongeBob Movie: Sponge Out of Water,shuffle_25,12;14;16;28;35;10751,Adventure; Fantasy; Animation; Action; Comedy; Family,6
1112,"Girl, Interrupted",shuffle_25,14;18;10749,Fantasy; Drama; Romance,3
8563,Curse of Chucky,shuffle_25,14;16;18;27;53;9648;10751,Fantasy; Animation; Drama; Horror; Thriller; Mystery; Family,7
8522,Pyewacket,shuffle_25,14;18;27;53;9648,Fantasy; Drama; Horror; Thriller; Mystery,5
4553,Anna and the King,shuffle_25,18;36;10749,Drama; History; Romance,3
5111,The Spiderwick Chronicles,shuffle_25,12;14;16;35;10751,Adventure; Fantasy; Animation; Comedy; Family,5
9159,Arthur and the Revenge of Maltazard,shuffle_25,14;18,Fantasy; Drama,2
8686,Line of Duty,shuffle_25,18;28;35;53;80,Drama; Action; Comedy; Thriller; Crime,5
542,Two Women,shuffle_25,18;10752,Drama; War,2
5531,Star Wars: Episode II - Attack of the Clones,shuffle_25,12;18;28;878,Adventure; Drama; Action; Science Fiction,4
5529,House of Gucci,shuffle_25,18;35,Drama; Comedy,2
1683,Boys Don't Cry,shuffle_25,18;35;10749,Drama; Comedy; Romance,3
8472,"Farewell, My Queen",shuffle_25,18;36;10749,Drama; History; Romance,3
4976,Time Freak,shuffle_25,18;35;878;10749,Drama; Comedy; Science Fiction; Romance,4
5687,Fragile,shuffle_25,18;27;53;9648,Drama; Horror; Thriller; Mystery,4
2550,The Animatrix,shuffle_25,12;16;28;35;878,Adventure; Animation; Action; Comedy; Science Fiction,5
5810,Ramona and Beezus,shuffle_25,14;16;18;35;10751,Fantasy; Animation; Drama; Comedy; Family,5
4386,The Women on the 6th Floor,shuffle_25,18;35;10749,Drama; Comedy; Romance,3
7751,Big Trouble,shuffle_25,18;35,Drama; Comedy,2
995,The Others,shuffle_25,14;18;27,Fantasy; Drama; Horror,3
4023,Mike's New Car,shuffle_25,35;10751,Comedy; Family,2
6574,Baba Yaga: Terror of the Dark Forest,shuffle_25,14;16;27;35;9648;10751,Fantasy; Animation; Horror; Comedy; Mystery; Family,6
3210,Futurama: Into the Wild Green Yonder,shuffle_25,12;14;16;28;35;878,Adventure; Fantasy; Animation; Action; Comedy; Science Fiction,6
402,Amélie,shuffle_25,18;35;10749,Drama; Comedy; Romance,3
7862,The Zero Theorem,shuffle_25,18;28;53;878,Drama; Action; Thriller; Science Fiction,4
4335,The Dry,shuffle_25,18;35,Drama; Comedy,2
9059,A Christmas Horror Story,shuffle_25,35;10751,Comedy; Family,2
7776,Cocktail,shuffle_25,18;35;80;10402,Drama; Comedy; Crime; Music,4
1341,Boyhood,shuffle_25,18;35;10749,Drama; Comedy; Romance,3
6666,Octopussy,shuffle_25,12;28;53;80,Adventure; Action; Thriller; Crime,4
2993,Welcome to the Dollhouse,shuffle_25,18;35,Drama; Comedy,2
6943,Mighty Joe Young,shuffle_25,18;27;35;53,Drama; Horror; Comedy; Thriller,4
3669,Insomnia,shuffle_25,27;53;80;9648,Horror; Thriller; Crime; Mystery,4
1993,The Magnificent Ambersons,shuffle_25,14;18;35;10749,Fantasy; Drama; Comedy; Romance,4
7315,Knight and Day,shuffle_25,18;28;53,Drama; Action; Thriller,3
3411,The High Note,shuffle_25,18;35;10402;10749;10751,Drama; Comedy; Music; Romance; Family,5
9198,Red Planet,shuffle_25,12;28;53;878,Adventure; Action; Thriller; Science Fiction,4
4056,Hellraiser,shuffle_25,14;18;35;10751,Fantasy; Drama; Comedy; Family,4
286,Robot Dreams,shuffle_25,16;18;35;878;10749;10751,Animation; Drama; Comedy; Science Fiction; Romance; Family,6
5815,RED 2,shuffle_25,12;18;28;35;53;878,Adventure; Drama; Action; Comedy; Thriller; Science Fiction,6
8807,Sgt. Bilko,shuffle_25,18;28;35;10752,Drama; Action; Comedy; War,4
6362,Drop,shuffle_25,18;27;35;10749,Drama; Horror; Comedy; Romance,4
2517,Maria Full of Grace,shuffle_25,18;35;80,Drama; Comedy; Crime,3
7212,Sky High,shuffle_25,12;14;18;28;878,Adventure; Fantasy; Drama; Action; Science Fiction,5
3346,After We Fell,shuffle_25,18;53;10749,Drama; Thriller; Romance,3
1720,Once Were Warriors,shuffle_25,18;10749,Drama; Romance,2
714,Notorious,shuffle_25,18;28;53;80,Drama; Action; Thriller; Crime,4
1554,Erin Brockovich,shuffle_25,18;35;53;80;10749,Drama; Comedy; Thriller; Crime; Romance,5
8887,Fading Gigolo,shuffle_25,35;10751,Comedy; Family,2
9701,Forces of Nature,shuffle_25,35;10749,Comedy; Romance,2
178,Portrait of a Lady on Fire,shuffle_25,18;10749,Drama; Romance,2
304,Sound of Freedom,shuffle_25,18;53,Drama; Thriller,2
3262,Apollo 10½: A Space Age Childhood,shuffle_25,14;18;35,Fantasy; Drama; Comedy,3
4420,Black or White,shuffle_25,18,Drama,1
2071,Dog,shuffle_25,12;18,Adventure; Drama,2
7008,Cannibal Holocaust,shuffle_25,12;18;27;35;878,Adventure; Drama; Horror; Comedy; Science Fiction,5
5176,House of Usher,shuffle_25,27;53,Horror; Thriller,2
5834,The Ref,shuffle_25,27;35;53;10751,Horror; Comedy; Thriller; Family,4
7352,Zambezia,shuffle_25,12;16;10751,Adventure; Animation; Family,3
9847,Slumber,shuffle_25,14;27;35;53,Fantasy; Horror; Comedy; Thriller,4
2049,Deliverance,shuffle_25,18;53,Drama; Thriller,2
3354,C'est la vie!,shuffle_25,35;10749,Comedy; Romance,2
1715,Hour of the Wolf,shuffle_25,18;35;53;10749,Drama; Comedy; Thriller; Romance,4
6888,Bad Taste,shuffle_25,12;28;878,Adventure; Action; Science Fiction,3
9031,Big Momma's House 2,shuffle_25,28;35;10751,Action; Comedy; Family,3
5442,Brewster's Millions,shuffle_25,18;35,Drama; Comedy,2
5007,The Return,shuffle_25,18;27;35,Drama; Horror; Comedy,3
1430,Fist of Legend,shuffle_25,18;28,Drama; Action,2
2489,Little Manhattan,shuffle_25,18;35;10749,Drama; Comedy; Romance,3
2545,Time to Hunt,shuffle_25,18;28;35;53;80,Drama; Action; Comedy; Thriller; Crime,5
4713,Germinal,shuffle_25,18;36;80,Drama; History; Crime,3
1146,Inside Out 2,shuffle_25,18;27;35;53;9648,Drama; Horror; Comedy; Thriller; Mystery,5
8853,Replicant,shuffle_25,27;28;53;80;878,Horror; Action; Thriller; Crime; Science Fiction,5
6468,Baggio: The Divine Ponytail,shuffle_25,18;35,Drama; Comedy,2
3347,One Night in Miami...,shuffle_25,18;28;36,Drama; Action; History,3
1334,Band of Outsiders,shuffle_25,18;35,Drama; Comedy,2
9438,Diana,shuffle_25,18;28;10749,Drama; Action; Romance,3
967,The Turin Horse,shuffle_25,18,Drama,1
8297,Anon,shuffle_25,18;53;878;9648,Drama; Thriller; Science Fiction; Mystery,4
5244,Contagion,shuffle_25,18;27;28;53;878,Drama; Horror; Action; Thriller; Science Fiction,5
4592,Teen Beach 2,shuffle_25,35;10751,Comedy; Family,2
8526,Thanks for Sharing,shuffle_25,18;35;10749,Drama; Comedy; Romance,3
9994,Hollywood Homicide,shuffle_25,18;28;35;53;80,Drama; Action; Comedy; Thriller; Crime,5
496,Perfect Strangers,shuffle_25,18;35;10749,Drama; Comedy; Romance,3
971,Sniper: The White Raven,shuffle_25,18;28;53;10752,Drama; Action; Thriller; War,4
7663,That Awkward Moment,shuffle_25,18;35;10749,Drama; Comedy; Romance,3
9161,Urban Legend,shuffle_25,18;27;53;80;9648,Drama; Horror; Thriller; Crime; Mystery,5
3785,Streets of Fire,shuffle_25,35;10749,Comedy; Romance,2
9172,The Midnight Sky,shuffle_25,12;18;53;878,Adventure; Drama; Thriller; Science Fiction,4
4882,Boiler Room,shuffle_25,18;35,Drama; Comedy,2
7824,Trouble at Timpetill,shuffle_25,18;27,Drama; Horror,2
2979,Lamp Life,shuffle_25,16;18;35;10751,Animation; Drama; Comedy; Family,4
8429,The Oxford Murders,shuffle_25,18;27;53;9648,Drama; Horror; Thriller; Mystery,4
1654,They Call Me Jeeg,shuffle_25,12;28;35,Adventure; Action; Comedy,3
7583,Never Been Kissed,shuffle_25,18;35;80;10749,Drama; Comedy; Crime; Romance,4
5921,The Invisible Guardian,shuffle_25,14;18;27;53;9648,Fantasy; Drama; Horror; Thriller; Mystery,5
8963,Robinson Crusoe,shuffle_25,12;14;16;35;10751,Adventure; Fantasy; Animation; Comedy; Family,5
382,"Batman: The Dark Knight Returns, Part 2",shuffle_25,16;28;878,Animation; Action; Science Fiction,3
1746,Law Abiding Citizen,shuffle_25,18;28;53;80,Drama; Action; Thriller; Crime,4
7134,Ant-Man and the Wasp: Quantumania,shuffle_25,12;16;28;35;878,Adventure; Animation; Action; Comedy; Science Fiction,5
1215,The Second Tragic Fantozzi,shuffle_25,35;10751,Comedy; Family,2
7345,Jigsaw,shuffle_25,27;28;53;80;878;9648,Horror; Action; Thriller; Crime; Science Fiction; Mystery,6
2859,Matthias & Maxime,shuffle_25,18;35;10749,Drama; Comedy; Romance,3
2502,The Ten Commandments: The Movie,shuffle_25,12;18;36,Adventure; Drama; History,3
1396,Birdman of Alcatraz,shuffle_25,18;53;80,Drama; Thriller; Crime,3
1465,The Croods: A New Age,shuffle_25,12;35;10751,Adventure; Comedy; Family,3
5305,Valerian and the City of a Thousand Planets,shuffle_25,12;18;28;878,Adventure; Drama; Action; Science Fiction,4
4897,Just Go with It,shuffle_25,18;35;53;10749,Drama; Comedy; Thriller; Romance,4
1598,Trinity Is Still My Name,shuffle_25,28;35;80,Action; Comedy; Crime,3
4615,Primer,shuffle_25,12;18;878,Adventure; Drama; Science Fiction,3
9232,The Art of War,shuffle_25,18;28;53;80,Drama; Action; Thriller; Crime,4
5315,Mr. Morgan's Last Love,shuffle_25,18;35;10749,Drama; Comedy; Romance,3
1609,American Me,shuffle_25,18;28;53;80,Drama; Action; Thriller; Crime,4
6534,Creep,shuffle_25,18;35;53,Drama; Comedy; Thriller,3
3561,The White Tiger,shuffle_25,12;18;28;35,Adventure; Drama; Action; Comedy,4
3143,The Matrix Reloaded,shuffle_25,12;28;53;878,Adventure; Action; Thriller; Science Fiction,4
1986,Just Another Christmas,shuffle_25,18;35,Drama; Comedy,2
8285,Flight of the Phoenix,shuffle_25,12;18;28;35,Adventure; Drama; Action; Comedy,4
8843,The Big Wedding,shuffle_25,35;10749;10751,Comedy; Romance; Family,3
1234,The Girl with the Dragon Tattoo,shuffle_25,18;53;80;9648,Drama; Thriller; Crime; Mystery,4
4540,Battlestar Galactica: The Plan,shuffle_25,28;53;878,Action; Thriller; Science Fiction,3
5519,The Lord of the Rings,shuffle_25,12;16;28;878,Adventure; Animation; Action; Science Fiction,4
3791,Tracks,shuffle_25,12;18;35;10749;10751,Adventure; Drama; Comedy; Romance; Family,5
1189,Let the Right One In,shuffle_25,18;35,Drama; Comedy,2
9436,Max Steel,shuffle_25,12;16;28;35;878;10751,Adventure; Animation; Action; Comedy; Science Fiction; Family,6
4641,Jersey Boys,shuffle_25,18;35;10402,Drama; Comedy; Music,3
4769,The Fog,shuffle_25,27;35;53;9648,Horror; Comedy; Thriller; Mystery,4
5031,Meet the Parents,shuffle_25,18;35;10749,Drama; Comedy; Romance,3
7593,Jumper,shuffle_25,12;18;35;878,Adventure; Drama; Comedy; Science Fiction,4
7709,The Amityville Horror,shuffle_25,18;35;10749,Drama; Comedy; Romance,3
8969,Fantastic Four,shuffle_25,12;14;16;28;35;878;10751,Adventure; Fantasy; Animation; Action; Comedy; Science Fiction; Family,7
6047,The Last Days of American Crime,shuffle_25,18;28;35;53,Drama; Action; Comedy; Thriller,4
7284,Bridget Jones: The Edge of Reason,shuffle_25,18;35;53;80;10749,Drama; Comedy; Thriller; Crime; Romance,5
8021,Sleepover,shuffle_25,16;35;10751,Animation; Comedy; Family,3
7868,Village of the Damned,shuffle_25,18;27,Drama; Horror,2
6837,Bend It Like Beckham,shuffle_25,18;35;10749,Drama; Comedy; Romance,3
2632,Invictus,shuffle_25,18;35;36,Drama; Comedy; History,3
1775,Burning,shuffle_25,18;35;10749;10751,Drama; Comedy; Romance; Family,4
6545,Wonder Wheel,shuffle_25,18;35;10751,Drama; Comedy; Family,3
8751,The Spy Next Door,shuffle_25,18;35;53,Drama; Comedy; Thriller,3
5118,Back to Black,shuffle_25,18;10402;10749,Drama; Music; Romance,3
1843,The Big Short,shuffle_25,18;28;35;36,Drama; Action; Comedy; History,4
4243,The Man Who Invented Christmas,shuffle_25,18;35;10751,Drama; Comedy; Family,3
7744,Once Upon a Time in Bethlehem,shuffle_25,12;14;27;28;35,Adventure; Fantasy; Horror; Action; Comedy,5
9752,Poison Ivy,shuffle_25,18;35;10749,Drama; Comedy; Romance,3
2286,Star Wars: The Force Awakens,shuffle_25,12;16;28;878,Adventure; Animation; Action; Science Fiction,4
7217,"Marry Me, Dude",shuffle_25,18;35,Drama; Comedy,2
2203,Heathers,shuffle_25,18;35,Drama; Comedy,2
8900,Big Momma's House,shuffle_25,28;35;80,Action; Comedy; Crime,3
6554,The Awakening,shuffle_25,18;27;53;9648,Drama; Horror; Thriller; Mystery,4
2003,The Sea Beast,shuffle_25,12;14;16;28;35;10751,Adventure; Fantasy; Animation; Action; Comedy; Family,6
1265,Tell It to the Bees,shuffle_25,18;35;10751,Drama; Comedy; Family,3
3555,The Amateur,shuffle_25,18;53;80,Drama; Thriller; Crime,3
2763,Peter Pan,shuffle_25,12;14;16;35;10751,Adventure; Fantasy; Animation; Comedy; Family,5
755,The Sound of Music,shuffle_25,18;35;10749;10752,Drama; Comedy; Romance; War,4
8019,French Twist,shuffle_25,18;35;10749,Drama; Comedy; Romance,3
5983,Kinds of Kindness,shuffle_25,18;35,Drama; Comedy,2
6710,The Good Shepherd,shuffle_25,18,Drama,1
5045,Geek Charming,shuffle_25,18;35;10402;10749,Drama; Comedy; Music; Romance,4
8534,The Specialist,shuffle_25,18;28;35;53;80,Drama; Action; Comedy; Thriller; Crime,5
3843,Crazy Heart,shuffle_25,18;35;10402;10749,Drama; Comedy; Music; Romance,4
6830,The Bar,shuffle_25,18;27;53;80;9648,Drama; Horror; Thriller; Crime; Mystery,5
6072,The Manchurian Candidate,shuffle_25,18;28;35,Drama; Action; Comedy,3
9814,Downsizing,shuffle_25,18;35;878;10749,Drama; Comedy; Science Fiction; Romance,4
7982,Justice League,shuffle_25,12;14;16;28;35;878,Adventure; Fantasy; Animation; Action; Comedy; Science Fiction,6
3996,Saboteur,shuffle_25,18;28;53;80,Drama; Action; Thriller; Crime,4
651,Dune,shuffle_25,12;18;28;878,Adventure; Drama; Action; Science Fiction,4
555,A Fistful of Dollars,shuffle_25,18;28;53;80,Drama; Action; Thriller; Crime,4
2284,The Hurt Locker,shuffle_25,18;28;35;10752,Drama; Action; Comedy; War,4
3708,The Angels' Share,shuffle_25,18;35,Drama; Comedy,2
6832,The Immigrant,shuffle_25,18;35;10749,Drama; Comedy; Romance,3
40,Se7en,shuffle_25,27;53;80;9648,Horror; Thriller; Crime; Mystery,4
1083,Brother,shuffle_25,18;28;53;80,Drama; Action; Thriller; Crime,4
3234,Red One,shuffle_25,12;14;16;28;35;53;10751,Adventure; Fantasy; Animation; Action; Comedy; Thriller; Family,7
8155,Despite Everything,shuffle_25,18;35;10749,Drama; Comedy; Romance,3
92,Avengers: Infinity War,shuffle_25,12;14;16;28;53;878,Adventure; Fantasy; Animation; Action; Thriller; Science Fiction,6
1154,We Need to Talk About Kevin,shuffle_25,18;27,Drama; Horror,2
5901,Revenge,shuffle_25,18;35;10749,Drama; Comedy; Romance,3
521,Dances with Wolves,shuffle_25,18;53,Drama; Thriller,2
7454,Elizabethtown,shuffle_25,18;35;53,Drama; Comedy; Thriller,3
2694,Boyka: Undisputed IV,shuffle_25,28;80,Action; Crime,2
8724,Beverly Hills Cop III,shuffle_25,12;28;35;53;80;9648,Adventure; Action; Comedy; Thriller; Crime; Mystery,6
7149,Killer Elite,shuffle_25,12;28;35;53;80,Adventure; Action; Comedy; Thriller; Crime,5
6778,I Want You Back,shuffle_25,18;35;10749;10751,Drama; Comedy; Romance; Family,4
414,Army of Shadows,shuffle_25,18;28;53,Drama; Action; Thriller,3
7587,Bright,shuffle_25,14;16;28;35;878;10751,Fantasy; Animation; Action; Comedy; Science Fiction; Family,6
3261,The Lake House,shuffle_25,18;35;10749,Drama; Comedy; Romance,3
7476,The Big White,shuffle_25,18;28;35;53;80,Drama; Action; Comedy; Thriller; Crime,5
2780,Stargate: The Ark of Truth,shuffle_25,12;16;28;878,Adventure; Animation; Action; Science Fiction,4
2331,Team Thor,shuffle_25,12;18;28;36;878;10752,Adventure; Drama; Action; History; Science Fiction; War,6
3596,Addams Family Values,shuffle_25,16;35;10751,Animation; Comedy; Family,3
9724,Serenity,shuffle_25,18;35,Drama; Comedy,2
6912,The Fury,shuffle_25,12;28;53,Adventure; Action; Thriller,3
6482,"Hello, My Name Is Doris",shuffle_25,18;35;10749,Drama; Comedy; Romance,3
1105,Ferris Bueller's Day Off,shuffle_25,18;35;10749;10751,Drama; Comedy; Romance; Family,4
5399,Side Effects,shuffle_25,18;53,Drama; Thriller,2
4460,2048: Nowhere to Run,shuffle_25,18;28;35,Drama; Action; Comedy,3
6071,School Ties,shuffle_25,18;35,Drama; Comedy,2
5999,Borgman,shuffle_25,18;27;35,Drama; Horror; Comedy,3
4712,What If,shuffle_25,18;35;10749,Drama; Comedy; Romance,3
1640,The Muppet Christmas Carol,shuffle_25,14;18;35;10751,Fantasy; Drama; Comedy; Family,4
709,The Color Purple,shuffle_25,18;35;10749,Drama; Comedy; Romance,3
7223,Parkland,shuffle_25,18;878,Drama; Science Fiction,2
6026,A Guide to Recognizing Your Saints,shuffle_25,18;35,Drama; Comedy,2
9249,Office Christmas Party,shuffle_25,18;35,Drama; Comedy,2
3899,36th Precinct,shuffle_25,18;28;35;53;80,Drama; Action; Comedy; Thriller; Crime,5
1056,Beasts of No Nation,shuffle_25,12;18;28;10752,Adventure; Drama; Action; War,4
2852,Suspicion,shuffle_25,18;35;53;80;10749,Drama; Comedy; Thriller; Crime; Romance,5
5621,Star Wars: Episode I - The Phantom Menace,shuffle_25,12;16;28;878,Adventure; Animation; Action; Science Fiction,4
946,Boogie Nights,shuffle_25,18;35;10749,Drama; Comedy; Romance,3
689,The Untouchables,shuffle_25,18;28;35,Drama; Action; Comedy,3
6974,Single White Female,shuffle_25,18;35;10749,Drama; Comedy; Romance,3
1686,The Omen,shuffle_25,12;18;27;53;9648,Adventure; Drama; Horror; Thriller; Mystery,5
4271,The Red Sea Diving Resort,shuffle_25,12;18;28;53;10752,Adventure; Drama; Action; Thriller; War,5
9555,The Platform 2,shuffle_25,27;28;53;878,Horror; Action; Thriller; Science Fiction,4
5844,Young Guns II,shuffle_25,18;28;80,Drama; Action; Crime,3
9511,Horizon Line,shuffle_25,18;35;10749,Drama; Comedy; Romance,3
1034,Sin Nombre,shuffle_25,18;28,Drama; Action,2
6309,Halloween Kills,shuffle_25,18;27,Drama; Horror,2
7233,Rock Dog,shuffle_25,16;18;35;10402;10751,Animation; Drama; Comedy; Music; Family,5
3638,Tsotsi,shuffle_25,18;35;80,Drama; Comedy; Crime,3
900,Cat on a Hot Tin Roof,shuffle_25,18;35;10749,Drama; Comedy; Romance,3
9763,King Solomon's Mines,shuffle_25,12;18;28,Adventure; Drama; Action,3
2635,Sweeney Todd: The Demon Barber of Fleet Street,shuffle_25,18;35;10749,Drama; Comedy; Romance,3
1948,Christiane F.,shuffle_25,18;10402,Drama; Music,2
132,Bicycle Thieves,shuffle_25,18;28;35;53;80,Drama; Action; Comedy; Thriller; Crime,5
5596,No Man of God,shuffle_25,18;53;80;9648,Drama; Thriller; Crime; Mystery,4
1819,Waves,shuffle_25,18;53,Drama; Thriller,2
4439,The Swan,shuffle_25,18;35,Drama; Comedy,2
349,Mirror,shuffle_25,18;10752,Drama; War,2
1163,The Snowman,shuffle_25,12;14;16;18;35;10751,Adventure; Fantasy; Animation; Drama; Comedy; Family,6
2929,Punch-Drunk Love,shuffle_25,18;35;53;80,Drama; Comedy; Thriller; Crime,4
9539,King of Thieves,shuffle_25,12;18;28;53;80,Adventure; Drama; Action; Thriller; Crime,5
341,All Your Faces,shuffle_25,18;53;80,Drama; Thriller; Crime,3
4040,No Way Out,shuffle_25,18;28;53;9648,Drama; Action; Thriller; Mystery,4
2580,Barbara,shuffle_25,18,Drama,1
6187,The Great Outdoors,shuffle_25,18;35;53;10749,Drama; Comedy; Thriller; Romance,4
776,Rurouni Kenshin Part III: The Legend Ends,shuffle_25,12;16;18;28;35;10751,Adventure; Animation; Drama; Action; Comedy; Family,6
2406,Crazy About Her,shuffle_25,18;27;35;10749,Drama; Horror; Comedy; Romance,4
4254,Outlaw King,shuffle_25,12;18;28;36,Adventure; Drama; Action; History,4
5105,A Good Year,shuffle_25,18;35;53,Drama; Comedy; Thriller,3
6701,The Taking of Pelham 1 2 3,shuffle_25,12;28;53;80,Adventure; Action; Thriller; Crime,4
8319,Poltergeist II: The Other Side,shuffle_25,12;14;27;35;10751,Adventure; Fantasy; Horror; Comedy; Family,5
6647,The Man Who Knew Too Little,shuffle_25,18;35;53;80,Drama; Comedy; Thriller; Crime,4
9463,The Sweetest Thing,shuffle_25,18;35;10749,Drama; Comedy; Romance,3
5469,Angel Has Fallen,shuffle_25,18;28;53;80,Drama; Action; Thriller; Crime,4
7305,Kidnap,shuffle_25,12;18;28;53,Adventure; Drama; Action; Thriller,4
4563,High Tension,shuffle_25,14;27;35;10749,Fantasy; Horror; Comedy; Romance,4
7657,Cujo,shuffle_25,18;27;35;53,Drama; Horror; Comedy; Thriller,4
8270,Guess Who,shuffle_25,18;35;10749,Drama; Comedy; Romance,3
5602,Welcome to the Rileys,shuffle_25,18;53,Drama; Thriller,2
2400,The Lego Batman Movie,shuffle_25,12;16;28;35;80,Adventure; Animation; Action; Comedy; Crime,5
1004,The Philadelphia Story,shuffle_25,18;35;53;10749,Drama; Comedy; Thriller; Romance,4
3083,Superman: Man of Tomorrow,shuffle_25,12;16;28;878,Adventure; Animation; Action; Science Fiction,4
30,The Lord of the Rings: The Two Towers,shuffle_25,12;14;16;28;35,Adventure; Fantasy; Animation; Action; Comedy,5
1263,The Conversation,shuffle_25,18;28;53;80;9648,Drama; Action; Thriller; Crime; Mystery,5
3810,Fear of Rain,shuffle_25,18;27;53;9648,Drama; Horror; Thriller; Mystery,4
8803,Mighty Morphin Power Rangers: The Movie,shuffle_25,12;14;16;28;878;10751,Adventure; Fantasy; Animation; Action; Science Fiction; Family,6
583,Demon Slayer: Kimetsu no Yaiba Infinity Castle,shuffle_25,12;14;16;27;28,Adventure; Fantasy; Animation; Horror; Action,5
6256,The Girl on the Train,shuffle_25,18;27;35;53;9648;10749,Drama; Horror; Comedy; Thriller; Mystery; Romance,6
5639,Ocean's Twelve,shuffle_25,18;28;35;80,Drama; Action; Comedy; Crime,4
7245,Like Father,shuffle_25,18;35;10749,Drama; Comedy; Romance,3
5319,Cypher,shuffle_25,28;35;53;80,Action; Comedy; Thriller; Crime,4
5952,Love at First Fight,shuffle_25,18;10749,Drama; Romance,2
6771,Yummy,shuffle_25,18;27;35;53,Drama; Horror; Comedy; Thriller,4
2704,After We Collided,shuffle_25,18;10749,Drama; Romance,2
4232,The Taste of Others,shuffle_25,16;18;35,Animation; Drama; Comedy,3
8102,Starry Eyes,shuffle_25,12;28;35;878,Adventure; Action; Comedy; Science Fiction,4
1271,E.T. the Extra-Terrestrial,shuffle_25,12;28;53;878;10751,Adventure; Action; Thriller; Science Fiction; Family,5
1771,The Fighter,shuffle_25,18;28;35,Drama; Action; Comedy,3
4190,Iron Man 2,shuffle_25,12;18;28;35;53;878,Adventure; Drama; Action; Comedy; Thriller; Science Fiction,6
9336,Babe: Pig in the City,shuffle_25,16;18;35;10751,Animation; Drama; Comedy; Family,4
278,Scooby-Doo! and Kiss: Rock and Roll Mystery,shuffle_25,12;14;16;28;35;10751,Adventure; Fantasy; Animation; Action; Comedy; Family,6
6246,Pontypool,shuffle_25,16;27;35;53;10751,Animation; Horror; Comedy; Thriller; Family,5
606,Die Hard,shuffle_25,28;35;53;80,Action; Comedy; Thriller; Crime,4
638,Freaks,shuffle_25,18;35;10749,Drama; Comedy; Romance,3
2320,"Lust, Caution",shuffle_25,18;28;53,Drama; Action; Thriller,3
1711,Happy as Lazzaro,shuffle_25,18;35,Drama; Comedy,2
7726,Pacific Rim: Uprising,shuffle_25,12;18;28;53;878,Adventure; Drama; Action; Thriller; Science Fiction,5
5162,Tron,shuffle_25,28;35;53;878,Action; Comedy; Thriller; Science Fiction,4
8223,The Last Summer,shuffle_25,18;35;10749,Drama; Comedy; Romance,3
507,Scooby-Doo! Camp Scare,shuffle_25,16;27;35;10751,Animation; Horror; Comedy; Family,4
6279,Outland,shuffle_25,12;18;35;80,Adventure; Drama; Comedy; Crime,4
9998,Repossessed,shuffle_25,14;27;35,Fantasy; Horror; Comedy,3
2817,Dragon Ball Z: Bojack Unbound,shuffle_25,12;16;28;35;80,Adventure; Animation; Action; Comedy; Crime,5
7110,#realityhigh,shuffle_25,18;35;10402;10749,Drama; Comedy; Music; Romance,4
7215,Clean,shuffle_25,18;35;80,Drama; Comedy; Crime,3
8956,Brick,shuffle_25,27;53;878;9648,Horror; Thriller; Science Fiction; Mystery,4
1225,Father There Is Only One 2,shuffle_25,18;35,Drama; Comedy,2
2844,Bad Boys for Life,shuffle_25,18;28;35;53;80,Drama; Action; Comedy; Thriller; Crime,5
7171,Unsane,shuffle_25,18;27;53;9648,Drama; Horror; Thriller; Mystery,4
9108,The Ward,shuffle_25,27;28;53;9648,Horror; Action; Thriller; Mystery,4
353,Tel chi el telùn,shuffle_25,18;35,Drama; Comedy,2
5141,Overboard,shuffle_25,18;28;35;53;80,Drama; Action; Comedy; Thriller; Crime,5
4401,The Family Man,shuffle_25,18;35;10749,Drama; Comedy; Romance,3
8003,Infinity Pool,shuffle_25,18;28;53,Drama; Action; Thriller,3
7218,The Expendables,shuffle_25,12;28;35;53,Adventure; Action; Comedy; Thriller,4
1513,Dunkirk,shuffle_25,18;36;10752,Drama; History; War,3
4096,The Jacket,shuffle_25,18;878,Drama; Science Fiction,2
9377,Darkness,shuffle_25,18;27;53,Drama; Horror; Thriller,3
5039,Planet Terror,shuffle_25,18;27;35,Drama; Horror; Comedy,3
10,Parasite,shuffle_25,18;35,Drama; Comedy,2
9857,Wrecked,shuffle_25,18;27;28;53;80,Drama; Horror; Action; Thriller; Crime,5
7319,The Incredible Hulk,shuffle_25,12;28;878,Adventure; Action; Science Fiction,3
1604,Bullet Train,shuffle_25,12;16;28;35,Adventure; Animation; Action; Comedy,4
2652,Compagni di scuola,shuffle_25,18;35,Drama; Comedy,2
7969,Erased,shuffle_25,18;28;35;53;80,Drama; Action; Comedy; Thriller; Crime,5
4844,Nosferatu,shuffle_25,14;18;27;53;9648,Fantasy; Drama; Horror; Thriller; Mystery,5
9453,Inconceivable,shuffle_25,18;27;53,Drama; Horror; Thriller,3
4308,World War Z,shuffle_25,18;27;28;53;878,Drama; Horror; Action; Thriller; Science Fiction,5
4367,Danger Close: The Battle of Long Tan,shuffle_25,18;28;36;10752,Drama; Action; History; War,4
4104,Barbie: A Fairy Secret,shuffle_25,12;14;16;35;10751,Adventure; Fantasy; Animation; Comedy; Family,5
5831,The Amazing Spider-Man 2,shuffle_25,14;16;18;28;35;10749,Fantasy; Animation; Drama; Action; Comedy; Romance,6
8014,Spoiled Brats,shuffle_25,18;35;10751,Drama; Comedy; Family,3
7036,Insidious: Chapter 3,shuffle_25,14;18;27;53;9648,Fantasy; Drama; Horror; Thriller; Mystery,5
6669,The Blair Witch Project,shuffle_25,18;27;53;9648,Drama; Horror; Thriller; Mystery,4
1478,Lifted,shuffle_25,27;35;878,Horror; Comedy; Science Fiction,3
7325,Monster-in-Law,shuffle_25,18;35;10749,Drama; Comedy; Romance,3
7483,Hummingbird,shuffle_25,18;28;53;80,Drama; Action; Thriller; Crime,4
5542,Get the Gringo,shuffle_25,18;28;53;80,Drama; Action; Thriller; Crime,4
4516,Chappie,shuffle_25,12;14;16;18;35;878;10751,Adventure; Fantasy; Animation; Drama; Comedy; Science Fiction; Family,7
440,Miracle in Cell No. 7,shuffle_25,18;53;80,Drama; Thriller; Crime,3
6612,Curly Sue,shuffle_25,18;35;80;10749,Drama; Comedy; Crime; Romance,4
8885,Drillbit Taylor,shuffle_25,18;28;35;53;80,Drama; Action; Comedy; Thriller; Crime,5
1335,Emergency Declaration,shuffle_25,18;27;28;53;878;9648,Drama; Horror; Action; Thriller; Science Fiction; Mystery,6
7269,Red Heat,shuffle_25,18;28;53;80,Drama; Action; Thriller; Crime,4
2238,Trolls Band Together,shuffle_25,12;18;35;10402,Adventure; Drama; Comedy; Music,4
1158,Pandora,shuffle_25,18;53;878,Drama; Thriller; Science Fiction,3
2104,Kiss and Cry,shuffle_25,18;10749,Drama; Romance,2
5863,Rio 2,shuffle_25,12;14;16;35;10751,Adventure; Fantasy; Animation; Comedy; Family,5
4764,Altered States,shuffle_25,18;878,Drama; Science Fiction,2
9468,Iron Eagle,shuffle_25,18;28;35;53,Drama; Action; Comedy; Thriller,4
4952,Hillbilly Elegy,shuffle_25,18;35;10749,Drama; Comedy; Romance,3
9004,Josie and the Pussycats,shuffle_25,18;35;10402;10749,Drama; Comedy; Music; Romance,4
1976,Glengarry Glen Ross,shuffle_25,35,Comedy,1
5068,Parenthood,shuffle_25,18;35,Drama; Comedy,2
5629,The Brothers Bloom,shuffle_25,12;35;10749,Adventure; Comedy; Romance,3
6355,The Second Best Exotic Marigold Hotel,shuffle_25,18;35,Drama; Comedy,2
1066,Tombstone,shuffle_25,12;18;28;35,Adventure; Drama; Action; Comedy,4
928,Mickey's Christmas Carol,shuffle_25,14;16;18;35;10751,Fantasy; Animation; Drama; Comedy; Family,5
2189,Nosferatu the Vampyre,shuffle_25,14;18;27;53,Fantasy; Drama; Horror; Thriller,4
3026,Batman: Death in the Family,shuffle_25,18;28,Drama; Action,2
7938,Queen of the Damned,shuffle_25,12;14;16;28;35;878;10749,Adventure; Fantasy; Animation; Action; Comedy; Science Fiction; Romance,7
5436,"Me, Myself & Irene",shuffle_25,18;35;80,Drama; Comedy; Crime,3
3215,Caché,shuffle_25,18;35,Drama; Comedy,2
8379,Friends with Kids,shuffle_25,18;35;10749,Drama; Comedy; Romance,3
455,My Hero Academia: Two Heroes,shuffle_25,12;16;28;35;878,Adventure; Animation; Action; Comedy; Science Fiction,5
8199,Leaves of Grass,shuffle_25,18;35,Drama; Comedy,2
7507,Blood Father,shuffle_25,18;28;53;80,Drama; Action; Thriller; Crime,4
7647,The Weather Man,shuffle_25,18;35;10749,Drama; Comedy; Romance,3
2317,The Past,shuffle_25,18;10749,Drama; Romance,2
6662,Talladega Nights: The Ballad of Ricky Bobby,shuffle_25,18;28;35,Drama; Action; Comedy,3
1645,Women on the Verge of a Nervous Breakdown,shuffle_25,35;53,Comedy; Thriller,2
4317,To All the Boys: P.S. I Still Love You,shuffle_25,18;35;10749,Drama; Comedy; Romance,3
2774,Descendants,shuffle_25,12;14;16;35;10751,Adventure; Fantasy; Animation; Comedy; Family,5
6250,Luther,shuffle_25,18;36,Drama; History,2
3387,Stargate,shuffle_25,12;14;16;878,Adventure; Fantasy; Animation; Science Fiction,4
3710,24 Hour Party People,shuffle_25,18;35,Drama; Comedy,2
6835,Heist,shuffle_25,18;28;35;53;80,Drama; Action; Comedy; Thriller; Crime,5
3696,Silkwood,shuffle_25,18;27;53;80;878,Drama; Horror; Thriller; Crime; Science Fiction,5
8622,Little Man,shuffle_25,35;80;10751,Comedy; Crime; Family,3
4822,Terrified,shuffle_25,18;27;53;80;9648,Drama; Horror; Thriller; Crime; Mystery,5
1832,Scooby-Doo and the Ghoul School,shuffle_25,16;35;10751,Animation; Comedy; Family,3
7530,Throw Momma from the Train,shuffle_25,35;53,Comedy; Thriller,2
7327,Force 10 from Navarone,shuffle_25,12;18;28;36;53;10752,Adventure; Drama; Action; History; Thriller; War,6
9367,Time Cut,shuffle_25,27;28;53;878;9648,Horror; Action; Thriller; Science Fiction; Mystery,5
6840,Windtalkers,shuffle_25,18;28;53,Drama; Action; Thriller,3
7734,Ip Man: The Final Fight,shuffle_25,12;28;878,Adventure; Action; Science Fiction,3
2313,Z-O-M-B-I-E-S,shuffle_25,18;35;10749,Drama; Comedy; Romance,3
684,Life of Brian,shuffle_25,18;35,Drama; Comedy,2
169,Red Beard,shuffle_25,18;35,Drama; Comedy,2
1443,Free Guy,shuffle_25,12;18;28;35;53;878,Adventure; Drama; Action; Comedy; Thriller; Science Fiction,6
5612,The Son of Bigfoot,shuffle_25,12;14;16;27;35;878;10751,Adventure; Fantasy; Animation; Horror; Comedy; Science Fiction; Family,7
3381,Martin Eden,shuffle_25,18;36;10749,Drama; History; Romance,3
6677,Roald Dahl's The Witches,shuffle_25,14;18;27;35;10751,Fantasy; Drama; Horror; Comedy; Family,5
6123,Fantozzi Still Suffers,shuffle_25,35;10751,Comedy; Family,2
3317,Brain on Fire,shuffle_25,14;18;27;53,Fantasy; Drama; Horror; Thriller,4
4636,Frankie and Johnny,shuffle_25,18;35;80;10749,Drama; Comedy; Crime; Romance,4
923,Time of the Gypsies,shuffle_25,18;28;53;878,Drama; Action; Thriller; Science Fiction,4
5063,The Words,shuffle_25,18;35;10749,Drama; Comedy; Romance,3
3713,The Three Musketeers: D'Artagnan,shuffle_25,12;14;18;35;10749,Adventure; Fantasy; Drama; Comedy; Romance,5
7235,The Astronaut Farmer,shuffle_25,18;28;35,Drama; Action; Comedy,3
2570,Utøya: July 22,shuffle_25,18;27;53,Drama; Horror; Thriller,3
8696,The Jungle Book 2,shuffle_25,12;16;35;10751,Adventure; Animation; Comedy; Family,4
3942,Locke,shuffle_25,18,Drama,1
5856,Beverly Hills Cop II,shuffle_25,28;35;53,Action; Comedy; Thriller,3
2986,Starred Up,shuffle_25,18;28;53;80,Drama; Action; Thriller; Crime,4
1224,Anonymously Yours,shuffle_25,18;35;10749,Drama; Comedy; Romance,3
8447,Beyond Re-Animator,shuffle_25,18;53;878,Drama; Thriller; Science Fiction,3
2611,Toy Story of Terror!,shuffle_25,12;27;35;53;10751,Adventure; Horror; Comedy; Thriller; Family,5
4338,City of Angels,shuffle_25,14;18;28;878,Fantasy; Drama; Action; Science Fiction,4
269,For a Few Dollars More,shuffle_25,12;18;28;80,Adventure; Drama; Action; Crime,4
9122,Miss Congeniality 2: Armed and Fabulous,shuffle_25,18;35,Drama; Comedy,2
4983,21,shuffle_25,18;35,Drama; Comedy,2
7521,Bad Lieutenant: Port of Call - New Orleans,shuffle_25,18;28;53,Drama; Action; Thriller,3
9100,The Jack in the Box,shuffle_25,14;16;27;35;878;10751,Fantasy; Animation; Horror; Comedy; Science Fiction; Family,6
4660,The Mummy,shuffle_25,12;14;18,Adventure; Fantasy; Drama,3
5841,Just Wright,shuffle_25,18;35;10749,Drama; Comedy; Romance,3
3986,The X-Files,shuffle_25,28;53;80;878;9648,Action; Thriller; Crime; Science Fiction; Mystery,5
144,Vertigo,shuffle_25,18;27;53;80;9648,Drama; Horror; Thriller; Crime; Mystery,5
3414,Anplagghed al Cinema,shuffle_25,18;35;53,Drama; Comedy; Thriller,3
3086,"The Legend of Al, John and Jack",shuffle_25,35;53;80,Comedy; Thriller; Crime,3
5530,Black Rain,shuffle_25,18;28;53;80,Drama; Action; Thriller; Crime,4
4848,Oliver & Company,shuffle_25,12;16;35;10751,Adventure; Animation; Comedy; Family,4
8399,The Men Who Stare at Goats,shuffle_25,18;28;35;53,Drama; Action; Comedy; Thriller,4
616,Into the Wild,shuffle_25,18;35,Drama; Comedy,2
1632,Crush,shuffle_25,18;35;10402;10749,Drama; Comedy; Music; Romance,4
5034,The Replacements,shuffle_25,18;35;53,Drama; Comedy; Thriller,3
8507,Cyrus,shuffle_25,18;35;53;10749,Drama; Comedy; Thriller; Romance,4
4975,Fear Street: 1994,shuffle_25,18;27;28;53,Drama; Horror; Action; Thriller,4
5437,Annabelle: Creation,shuffle_25,14;27,Fantasy; Horror,2
56,The Wild Robot,shuffle_25,12;16;18;35;878;10751,Adventure; Animation; Drama; Comedy; Science Fiction; Family,6
4069,My Spy,shuffle_25,18;28;53;80,Drama; Action; Thriller; Crime,4
6787,Zack and Miri Make a Porno,shuffle_25,18;35;10749,Drama; Comedy; Romance,3
6758,The Last Mimzy,shuffle_25,12;14;18;35;10751,Adventure; Fantasy; Drama; Comedy; Family,5
9038,The Bay,shuffle_25,27;53;9648,Horror; Thriller; Mystery,3
4071,The Ice Storm,shuffle_25,18;35,Drama; Comedy,2
3020,Drugstore Cowboy,shuffle_25,18;35,Drama; Comedy,2
3243,Radiofreccia,shuffle_25,18;35,Drama; Comedy,2
8174,Spanglish,shuffle_25,18;35;10749,Drama; Comedy; Romance,3
8898,Department Store,shuffle_25,18;35,Drama; Comedy,2
256,The Wolf of Wall Street,shuffle_25,18;35;53;80,Drama; Comedy; Thriller; Crime,4
4276,The Blob,shuffle_25,27;35;878,Horror; Comedy; Science Fiction,3
307,"Love, Simon",shuffle_25,18;35;10749,Drama; Comedy; Romance,3
1719,The Long Goodbye,shuffle_25,18;53;80,Drama; Thriller; Crime,3
4377,Easy A,shuffle_25,18;35,Drama; Comedy,2
1360,"Play It Again, Sam",shuffle_25,18;35;10749,Drama; Comedy; Romance,3
1294,Mars Express,shuffle_25,12;28;53;80;878;9648,Adventure; Action; Thriller; Crime; Science Fiction; Mystery,6
5554,The Lion King 1½,shuffle_25,12;14;16;35;10751,Adventure; Fantasy; Animation; Comedy; Family,5
8719,Planet 51,shuffle_25,12;18;35;878,Adventure; Drama; Comedy; Science Fiction,4
5660,Blade II,shuffle_25,14;27;28;35,Fantasy; Horror; Action; Comedy,4
4771,Beau Is Afraid,shuffle_25,18;27;53;9648,Drama; Horror; Thriller; Mystery,4
9355,Cool World,shuffle_25,35;878,Comedy; Science Fiction,2
9982,And Soon the Darkness,shuffle_25,27;35;53,Horror; Comedy; Thriller,3
4705,The Gilded Cage,shuffle_25,18;35,Drama; Comedy,2
4714,Flawless,shuffle_25,18;35;53;80;10749,Drama; Comedy; Thriller; Crime; Romance,5
159,Togo,shuffle_25,12;18;10751,Adventure; Drama; Family,3
3345,"I'm a Cyborg, But That's OK",shuffle_25,18;35;878,Drama; Comedy; Science Fiction,3
5605,Hitch,shuffle_25,18;35;10749,Drama; Comedy; Romance,3
5835,Joy Ride,shuffle_25,18;27;35;53,Drama; Horror; Comedy; Thriller,4
88,Le Trou,shuffle_25,27;28;35;53;80,Horror; Action; Comedy; Thriller; Crime,5
5794,Red Sparrow,shuffle_25,12;16;18;35;10751,Adventure; Animation; Drama; Comedy; Family,5
3166,Trash,shuffle_25,35;53;80,Comedy; Thriller; Crime,3
5760,Jurassic World: Fallen Kingdom,shuffle_25,12;18;27;28;878,Adventure; Drama; Horror; Action; Science Fiction,5
2083,American Fiction,shuffle_25,18;35,Drama; Comedy,2
354,The Sixth Sense,shuffle_25,18;53;9648,Drama; Thriller; Mystery,3
9465,Blue Mountain State: The Rise of Thadland,shuffle_25,18;35;10751,Drama; Comedy; Family,3
9630,Don't Knock Twice,shuffle_25,14;18;27,Fantasy; Drama; Horror,3
604,Mr. Nobody,shuffle_25,14;18;35,Fantasy; Drama; Comedy,3
9133,Life of Crime,shuffle_25,28;35;53;80,Action; Comedy; Thriller; Crime,4
439,Dangal,shuffle_25,18;35;10751,Drama; Comedy; Family,3
5242,The Harder They Fall,shuffle_25,12;28;35;53;80,Adventure; Action; Comedy; Thriller; Crime,5
5089,"Mektoub, My Love: Canto Uno",shuffle_25,18;35;10749,Drama; Comedy; Romance,3
9187,MILF,shuffle_25,18;35;10749,Drama; Comedy; Romance,3
9662,My Soul to Take,shuffle_25,18;27,Drama; Horror,2
6237,Cloudy with a Chance of Meatballs 2,shuffle_25,12;16;35;878;10751,Adventure; Animation; Comedy; Science Fiction; Family,5
4155,Den of Thieves,shuffle_25,18;28;53;80,Drama; Action; Thriller; Crime,4
1235,Hard Boiled,shuffle_25,28;35;53;80,Action; Comedy; Thriller; Crime,4
458,A Whisker Away,shuffle_25,16;18;27;35;10749;10751,Animation; Drama; Horror; Comedy; Romance; Family,6
480,Kill Bill: Vol. 2,shuffle_25,18;28;53;80,Drama; Action; Thriller; Crime,4
7672,Last Night,shuffle_25,18;35;10749,Drama; Comedy; Romance,3
8738,Love Addict,shuffle_25,18;35;10749,Drama; Comedy; Romance,3
4017,Tales from the Crypt: Demon Knight,shuffle_25,12;14;28;53;80,Adventure; Fantasy; Action; Thriller; Crime,5
726,Deep Red,shuffle_25,18;27;53;80;9648,Drama; Horror; Thriller; Crime; Mystery,5
222,My Neighbor Totoro,shuffle_25,14;27;35;10751,Fantasy; Horror; Comedy; Family,4
1221,Angels with Dirty Faces,shuffle_25,18;35;80,Drama; Comedy; Crime,3
1256,The Passion of the Christ,shuffle_25,14;18;27,Fantasy; Drama; Horror,3
9620,Blackhat,shuffle_25,28;53;80;9648,Action; Thriller; Crime; Mystery,4
5287,Barefoot,shuffle_25,18;35,Drama; Comedy,2
2645,Alien: Romulus,shuffle_25,12;16;27;53;878,Adventure; Animation; Horror; Thriller; Science Fiction,5
8601,Mean Girls,shuffle_25,16;35;10751,Animation; Comedy; Family,3
2568,Irreversible,shuffle_25,18;28;53;80,Drama; Action; Thriller; Crime,4
8171,Franklyn,shuffle_25,14;18;10749,Fantasy; Drama; Romance,3
9547,Open Water,shuffle_25,18;53,Drama; Thriller,2
2384,"The Good, the Bart, and the Loki",shuffle_25,12;14;16;28;35;878;10751,Adventure; Fantasy; Animation; Action; Comedy; Science Fiction; Family,7
6491,Vantage Point,shuffle_25,18;28;53,Drama; Action; Thriller,3
7684,Every Which Way but Loose,shuffle_25,18;35;80,Drama; Comedy; Crime,3
4330,Pooh's Heffalump Movie,shuffle_25,12;14;16;35;10751,Adventure; Fantasy; Animation; Comedy; Family,5
2210,Labyrinth,shuffle_25,12;14;16;35;10751,Adventure; Fantasy; Animation; Comedy; Family,5
1332,Batman: Mask of the Phantasm,shuffle_25,18;28;53;80,Drama; Action; Thriller; Crime,4
2861,This Boy's Life,shuffle_25,18;35;53,Drama; Comedy; Thriller,3
7870,Valhalla Rising,shuffle_25,12;14;16;18;28;53,Adventure; Fantasy; Animation; Drama; Action; Thriller,6
813,Divines,shuffle_25,18;35,Drama; Comedy,2
4858,Anna Karenina,shuffle_25,18;53;10749,Drama; Thriller; Romance,3
4637,Danny Collins,shuffle_25,18;35,Drama; Comedy,2
4591,The Girl in the Fog,shuffle_25,18;27;53;9648,Drama; Horror; Thriller; Mystery,4
9045,Trespass Against Us,shuffle_25,18;28;35;80,Drama; Action; Comedy; Crime,4
8481,Paradise Hills,shuffle_25,18;27;53,Drama; Horror; Thriller,3
2302,Mask,shuffle_25,18;53,Drama; Thriller,2
9943,Welcome Home,shuffle_25,35,Comedy,1
8338,Dead Snow,shuffle_25,18;27;53,Drama; Horror; Thriller,3
8262,Mission to Mars,shuffle_25,18;27;53;878;9648,Drama; Horror; Thriller; Science Fiction; Mystery,5
1764,Mudbound,shuffle_25,18;10752,Drama; War,2
9988,Halloween III: Season of the Witch,shuffle_25,14;27;35;53;10751,Fantasy; Horror; Comedy; Thriller; Family,5
1603,The Secret Garden,shuffle_25,18;53;10749,Drama; Thriller; Romance,3
9989,Poltergeist III,shuffle_25,27;28;53,Horror; Action; Thriller,3
8535,1922,shuffle_25,18;35;80,Drama; Comedy; Crime,3
8708,Hitman: Agent 47,shuffle_25,27;28;53;9648,Horror; Action; Thriller; Mystery,4
2858,Your Fault,shuffle_25,18;35;10749,Drama; Comedy; Romance,3
8086,All Good Things,shuffle_25,18;53;80;9648,Drama; Thriller; Crime; Mystery,4
6753,Security,shuffle_25,18;28;35;53;80,Drama; Action; Comedy; Thriller; Crime,5
2722,The Man Who Knew Infinity,shuffle_25,18;36;10749,Drama; History; Romance,3
6178,Cobweb,shuffle_25,14;18;27;53;9648,Fantasy; Drama; Horror; Thriller; Mystery,5
57,The Quintessential Quintuplets Movie,shuffle_25,18;35;10749,Drama; Comedy; Romance,3
4650,Coma,shuffle_25,18;27;53;9648,Drama; Horror; Thriller; Mystery,4
3683,Rescue Dawn,shuffle_25,12;18;28;36;53;10752,Adventure; Drama; Action; History; Thriller; War,6
7963,Journey to the Center of the Earth,shuffle_25,12;18;28;878,Adventure; Drama; Action; Science Fiction,4
2275,The Names of Love,shuffle_25,18;35,Drama; Comedy,2
8384,Elvis & Nixon,shuffle_25,18;35,Drama; Comedy,2
2126,Lights Out,shuffle_25,14;27;35;53;9648;10749,Fantasy; Horror; Comedy; Thriller; Mystery; Romance,6
4528,Last Flag Flying,shuffle_25,18,Drama,1
8652,The Riot Club,shuffle_25,18;35;53,Drama; Comedy; Thriller,3
5581,Greta,shuffle_25,18;10749,Drama; Romance,2
7976,Alien Nation,shuffle_25,18;28;878,Drama; Action; Science Fiction,3
452,Roman Holiday,shuffle_25,18;35;10749,Drama; Comedy; Romance,3
9321,Captive State,shuffle_25,18;28;53;878,Drama; Action; Thriller; Science Fiction,4
2136,Star Trek: First Contact,shuffle_25,28;878,Action; Science Fiction,2
5207,Ninja: Shadow of a Tear,shuffle_25,28;53;80,Action; Thriller; Crime,3
3373,Emma.,shuffle_25,18;36;10749,Drama; History; Romance,3
4361,Wild Rose,shuffle_25,18;35;10402;10749,Drama; Comedy; Music; Romance,4
8255,Sudden Death,shuffle_25,28;35;53,Action; Comedy; Thriller,3
9020,The Town that Dreaded Sundown,shuffle_25,27;28;53;80;9648,Horror; Action; Thriller; Crime; Mystery,5
9744,The Dead Don't Die,shuffle_25,14;16;27;35,Fantasy; Animation; Horror; Comedy,4
1291,Prison Break: The Final Break,shuffle_25,18;35;53;80,Drama; Comedy; Thriller; Crime,4
4674,Fantomas Unleashed,shuffle_25,12;35;878,Adventure; Comedy; Science Fiction,3
3253,Say Anything...,shuffle_25,18;35;10749,Drama; Comedy; Romance,3
2587,"Ruby Gillman, Teenage Kraken",shuffle_25,12;14;16;28;878;10751,Adventure; Fantasy; Animation; Action; Science Fiction; Family,6
5753,Harold & Kumar Go to White Castle,shuffle_25,12;35;10751,Adventure; Comedy; Family,3
7793,Kin,shuffle_25,12;18;28;53,Adventure; Drama; Action; Thriller,4
8698,Stuck Together,shuffle_25,18;27;53,Drama; Horror; Thriller,3
2524,"Are You There God? It's Me, Margaret.",shuffle_25,18;35;10749,Drama; Comedy; Romance,3
8467,Mars Needs Moms,shuffle_25,12;16;28;35;878;10751,Adventure; Animation; Action; Comedy; Science Fiction; Family,6
8225,12 Feet Deep,shuffle_25,27;35;53,Horror; Comedy; Thriller,3
7360,Short Circuit 2,shuffle_25,12;28;35;80;878,Adventure; Action; Comedy; Crime; Science Fiction,5
7800,The Inbetweeners 2,shuffle_25,18;35;10749,Drama; Comedy; Romance,3
7262,Unknown Origins,shuffle_25,18;28;35;53;80,Drama; Action; Comedy; Thriller; Crime,5
5690,The Vast of Night,shuffle_25,12;18;878,Adventure; Drama; Science Fiction,3
1613,Hedwig and the Angry Inch,shuffle_25,18;35;10402;10749,Drama; Comedy; Music; Romance,4
1054,The Longest Day,shuffle_25,18;36;10752,Drama; History; War,3
9170,The Order,shuffle_25,18;27;28;53;80;9648,Drama; Horror; Action; Thriller; Crime; Mystery,6
446,The Notebook,shuffle_25,18;35;10749,Drama; Comedy; Romance,3
6194,Da 5 Bloods,shuffle_25,18;28;36;10752,Drama; Action; History; War,4
6702,Shrek the Halls,shuffle_25,14;16;27;35;10751,Fantasy; Animation; Horror; Comedy; Family,5
1526,Marty,shuffle_25,18;35;10749,Drama; Comedy; Romance,3
6737,Looney Tunes: Back in Action,shuffle_25,12;14;16;28;35;10751,Adventure; Fantasy; Animation; Action; Comedy; Family,6
935,The Spirit of the Beehive,shuffle_25,14;18;27;9648,Fantasy; Drama; Horror; Mystery,4
4749,Maze Runner: The Scorch Trials,shuffle_25,12;28;35,Adventure; Action; Comedy,3
2642,The Broken Hearts Gallery,shuffle_25,14;18;35;10749,Fantasy; Drama; Comedy; Romance,4
141,Innocent Voices,shuffle_25,18;28;10752,Drama; Action; War,3
6091,The United States of Leland,shuffle_25,18;53;80,Drama; Thriller; Crime,3
532,The Big Lebowski,shuffle_25,18;35,Drama; Comedy,2
704,How to Train Your Dragon: The Hidden World,shuffle_25,12;14;16;28;35;10751,Adventure; Fantasy; Animation; Action; Comedy; Family,6
1277,Escape from Alcatraz,shuffle_25,18;28;53;80,Drama; Action; Thriller; Crime,4
3806,Meet the Robinsons,shuffle_25,12;18;35;878;10751,Adventure; Drama; Comedy; Science Fiction; Family,5
6470,Kick-Ass 2,shuffle_25,16;28;878,Animation; Action; Science Fiction,3
7101,Unfriended: Dark Web,shuffle_25,27;28;53;878;9648,Horror; Action; Thriller; Science Fiction; Mystery,5
8133,Prey,shuffle_25,18;27;53,Drama; Horror; Thriller,3
2481,It's Only the End of the World,shuffle_25,18;35,Drama; Comedy,2
5156,Fire in the Sky,shuffle_25,18;27;53;80;9648,Drama; Horror; Thriller; Crime; Mystery,5
3418,Naked Lunch,shuffle_25,27;35,Horror; Comedy,2
7481,El Conde,shuffle_25,27;28;35,Horror; Action; Comedy,3
1109,Imagine Me & You,shuffle_25,18;35;10749,Drama; Comedy; Romance,3
9659,Sandy Wexler,shuffle_25,18;35;10402;10749,Drama; Comedy; Music; Romance,4
2155,A Monster Calls,shuffle_25,14;18;27;10751,Fantasy; Drama; Horror; Family,4
9842,The Flintstones,shuffle_25,16;35;10751,Animation; Comedy; Family,3
1476,Man on Fire,shuffle_25,18;28;35;53;80,Drama; Action; Comedy; Thriller; Crime,5
2743,Talk to Me,shuffle_25,14;27;53,Fantasy; Horror; Thriller,3
3742,Chicken Run: Dawn of the Nugget,shuffle_25,18;35,Drama; Comedy,2
2768,Seven Brides for Seven Brothers,shuffle_25,18;35;37;10749,Drama; Comedy; Western; Romance,4
5670,Reminiscence,shuffle_25,18;53;10749,Drama; Thriller; Romance,3
1894,Eraserhead,shuffle_25,18;27;35,Drama; Horror; Comedy,3
3695,Four Lions,shuffle_25,12;18;35,Adventure; Drama; Comedy,3
276,Harry Potter and the Prisoner of Azkaban,shuffle_25,12;14;16;35;10751,Adventure; Fantasy; Animation; Comedy; Family,5
389,Heat,shuffle_25,12;28;35;53;80,Adventure; Action; Comedy; Thriller; Crime,5
2500,Monster,shuffle_25,18;27;53;80,Drama; Horror; Thriller; Crime,4
4675,Sightless,shuffle_25,18;27;28;53;9648,Drama; Horror; Action; Thriller; Mystery,5
5163,The Hunger,shuffle_25,14;18;27;878;10749,Fantasy; Drama; Horror; Science Fiction; Romance,5
7397,Stretch,shuffle_25,18;28;35;53;80,Drama; Action; Comedy; Thriller; Crime,5
1805,The Impossible,shuffle_25,18,Drama,1
7148,Deadstream,shuffle_25,18;27;35;53,Drama; Horror; Comedy; Thriller,4
3272,The Lobster,shuffle_25,18;35;10749,Drama; Comedy; Romance,3
1741,Braindead,shuffle_25,14;16;27;35;10751,Fantasy; Animation; Horror; Comedy; Family,5
992,The Anthem of the Heart,shuffle_25,16;18;35;10402;10749,Animation; Drama; Comedy; Music; Romance,5
9001,Ricki and the Flash,shuffle_25,18;35;10402,Drama; Comedy; Music,3
3841,Isi & Ossi,shuffle_25,18;35;10749,Drama; Comedy; Romance,3
1575,Mr. Church,shuffle_25,18;35;10749,Drama; Comedy; Romance,3
4004,The Night Comes for Us,shuffle_25,28;53;80,Action; Thriller; Crime,3
8695,Suburbicon,shuffle_25,18;27;35;53,Drama; Horror; Comedy; Thriller,4
9457,Earth Girls Are Easy,shuffle_25,35;878;10749,Comedy; Science Fiction; Romance,3
9385,Semi-Pro,shuffle_25,18;35,Drama; Comedy,2
8987,Joe's Apartment,shuffle_25,18;35,Drama; Comedy,2
1415,C.R.A.Z.Y.,shuffle_25,18;35,Drama; Comedy,2
6478,Hot Rod,shuffle_25,18;28;35,Drama; Action; Comedy,3
9618,Dirty Dancing,shuffle_25,18;35;10749;10751,Drama; Comedy; Romance; Family,4
2350,Frozen II,shuffle_25,12;14;16;10751,Adventure; Fantasy; Animation; Family,4
4942,A Nightmare on Elm Street 3: Dream Warriors,shuffle_25,27;53,Horror; Thriller,2
1458,Balkan Line,shuffle_25,18;28;53;10752,Drama; Action; Thriller; War,4
7723,Jackass Presents: Bad Grandpa,shuffle_25,18;35;10751,Drama; Comedy; Family,3
8997,Vanity Fair,shuffle_25,18,Drama,1
4514,Don't Worry Darling,shuffle_25,35;53,Comedy; Thriller,2
8848,A Classic Horror Story,shuffle_25,18;27;53,Drama; Horror; Thriller,3
7374,Blown Away,shuffle_25,18;28;35;53,Drama; Action; Comedy; Thriller,4
4010,Sleeper,shuffle_25,18;35;878,Drama; Comedy; Science Fiction,3
5486,The Fury of a Patient Man,shuffle_25,18;35;10749,Drama; Comedy; Romance,3
7473,Under the Riccione Sun,shuffle_25,18;35;10749,Drama; Comedy; Romance,3
7071,Gemini Man,shuffle_25,12;28;35;53,Adventure; Action; Comedy; Thriller,4
7029,I ♥ Huckabees,shuffle_25,35;53;80;9648;10749,Comedy; Thriller; Crime; Mystery; Romance,5
4653,Twitches,shuffle_25,14;27;35;10749,Fantasy; Horror; Comedy; Romance,4
3016,Aladdin,shuffle_25,12;14;16;35;10751,Adventure; Fantasy; Animation; Comedy; Family,5
8194,Tracers,shuffle_25,18;28;35;53;80,Drama; Action; Comedy; Thriller; Crime,5
9594,Budapest,shuffle_25,18;35;10749,Drama; Comedy; Romance,3
6034,Hey Arnold! The Movie,shuffle_25,18;35;53;80,Drama; Comedy; Thriller; Crime,4
9080,The Smurfs,shuffle_25,12;14;16;27;28;35;10751,Adventure; Fantasy; Animation; Horror; Action; Comedy; Family,7
5733,Saving Grace,shuffle_25,18;35;10749,Drama; Comedy; Romance,3
3927,Supernova,shuffle_25,18;10749,Drama; Romance,2
5580,The Mask of Zorro,shuffle_25,18;28,Drama; Action,2
2296,One Man Band,shuffle_25,16;18;35;10749;10751,Animation; Drama; Comedy; Romance; Family,5
5976,Four Flies on Grey Velvet,shuffle_25,18;35;53;80,Drama; Comedy; Thriller; Crime,4
3517,The Bob's Burgers Movie,shuffle_25,27;35;53,Horror; Comedy; Thriller,3
2050,Total Recall,shuffle_25,12;18;35;878,Adventure; Drama; Comedy; Science Fiction,4
1426,The Discreet Charm of the Bourgeoisie,shuffle_25,18;35;10749,Drama; Comedy; Romance,3
6691,A Dangerous Method,shuffle_25,18;35;53,Drama; Comedy; Thriller,3
6945,The Gendarme in New York,shuffle_25,18;28;80;10752,Drama; Action; Crime; War,4
728,Guy Ritchie's The Covenant,shuffle_25,18;28;53;10752,Drama; Action; Thriller; War,4
7850,Haunter,shuffle_25,18;53,Drama; Thriller,2
8524,All You Need is Crime,shuffle_25,18;35;80,Drama; Comedy; Crime,3
4313,Smallfoot,shuffle_25,12;14;16;18;35;10751,Adventure; Fantasy; Animation; Drama; Comedy; Family,6
148,Silenced,shuffle_25,18,Drama,1
4468,I Walked with a Zombie,shuffle_25,18;27;35;10749,Drama; Horror; Comedy; Romance,4
2699,"The Good, the Bad, the Weird",shuffle_25,12;18;28;36;80,Adventure; Drama; Action; History; Crime,5
3028,Immortal Beloved,shuffle_25,18;10749,Drama; Romance,2
2474,The Princess and the Frog,shuffle_25,18;35;10749,Drama; Comedy; Romance,3
4080,AKA,shuffle_25,18;28;35;53;80,Drama; Action; Comedy; Thriller; Crime,5
4455,Babysitting,shuffle_25,35;53,Comedy; Thriller,2
732,Accattone,shuffle_25,18;35;53;80,Drama; Comedy; Thriller; Crime,4
9622,102 Dalmatians,shuffle_25,12;14;16;28;35;10751,Adventure; Fantasy; Animation; Action; Comedy; Family,6
3629,Superman vs. The Elite,shuffle_25,12;28;35,Adventure; Action; Comedy,3
7579,The Belko Experiment,shuffle_25,18;53,Drama; Thriller,2
5666,Return of the Living Dead III,shuffle_25,18;27;53,Drama; Horror; Thriller,3
1126,Bao,shuffle_25,16;18;35;10751,Animation; Drama; Comedy; Family,4
3446,"Extremely Wicked, Shockingly Evil and Vile",shuffle_25,18;53,Drama; Thriller,2
5726,Bad Santa,shuffle_25,14;35;10751,Fantasy; Comedy; Family,3
7407,The Yards,shuffle_25,18;35;53;80,Drama; Comedy; Thriller; Crime,4
5932,The Rebound,shuffle_25,18;35;80;10749,Drama; Comedy; Crime; Romance,4
6000,Stir Crazy,shuffle_25,35;80,Comedy; Crime,2
3539,The Way We Were,shuffle_25,18;35;10749,Drama; Comedy; Romance,3
2847,Greenland,shuffle_25,12;28;53;878,Adventure; Action; Thriller; Science Fiction,4
6716,The Expendables 2,shuffle_25,28;35;53;80,Action; Comedy; Thriller; Crime,4
4167,Bill & Ted's Excellent Adventure,shuffle_25,12;18;35,Adventure; Drama; Comedy,3
4963,The Boxtrolls,shuffle_25,12;14;16;27;878;10751,Adventure; Fantasy; Animation; Horror; Science Fiction; Family,6
1456,Sin City,shuffle_25,18;28;35;53;80,Drama; Action; Comedy; Thriller; Crime,5
1387,Running on Empty,shuffle_25,18;28;35,Drama; Action; Comedy,3
7015,The Three Caballeros,shuffle_25,12;35;10751,Adventure; Comedy; Family,3
2438,Beating Hearts,shuffle_25,18;10749,Drama; Romance,2
8273,Gretel & Hansel,shuffle_25,12;14;16;18;27;10751,Adventure; Fantasy; Animation; Drama; Horror; Family,6
6741,Lady and the Tramp II: Scamp's Adventure,shuffle_25,16;18;35;10749;10751,Animation; Drama; Comedy; Romance; Family,5
6386,Game of Death,shuffle_25,18;28;53;80,Drama; Action; Thriller; Crime,4
3406,Boy Erased,shuffle_25,18;35,Drama; Comedy,2
7635,We're No Angels,shuffle_25,18;28;53,Drama; Action; Thriller,3
62,Léon: The Professional,shuffle_25,18;28;35;80,Drama; Action; Comedy; Crime,4
9345,Old People,shuffle_25,18;27;53,Drama; Horror; Thriller,3
7311,Wimbledon,shuffle_25,18;35,Drama; Comedy,2
8681,Child's Play 3,shuffle_25,14;35;10751,Fantasy; Comedy; Family,3
4758,Silver Streak,shuffle_25,18;27;53;80;9648,Drama; Horror; Thriller; Crime; Mystery,5
2188,The Texas Chain Saw Massacre,shuffle_25,27;53;9648,Horror; Thriller; Mystery,3
9278,Cosmopolis,shuffle_25,18;28;35,Drama; Action; Comedy,3
9375,The House,shuffle_25,18;35;10749,Drama; Comedy; Romance,3
2504,Only Lovers Left Alive,shuffle_25,18;35;10749,Drama; Comedy; Romance,3
7361,Sabrina,shuffle_25,18;35;10749;10751,Drama; Comedy; Romance; Family,4
8890,21 & Over,shuffle_25,18;35,Drama; Comedy,2
5301,Taxidermia,shuffle_25,14;18;27;35,Fantasy; Drama; Horror; Comedy,4
7172,Cold Prey,shuffle_25,18;27;35;53,Drama; Horror; Comedy; Thriller,4
44,Gabriel's Inferno: Part III,shuffle_25,18;53,Drama; Thriller,2
5765,Indiana Jones and the Dial of Destiny,shuffle_25,18;28;35,Drama; Action; Comedy,3
5260,Alan Partridge: Alpha Papa,shuffle_25,18;28;35;53,Drama; Action; Comedy; Thriller,4
9326,Horse Girl,shuffle_25,14;18;35;10749,Fantasy; Drama; Comedy; Romance,4
202,Green Snake,shuffle_25,18;28;53;9648;10749,Drama; Action; Thriller; Mystery; Romance,5
7655,The Eiger Sanction,shuffle_25,18;28;35;80,Drama; Action; Comedy; Crime,4
2662,"Ciao, Professore!",shuffle_25,18;35,Drama; Comedy,2
1696,Irma la Douce,shuffle_25,18;35;53;80;10749,Drama; Comedy; Thriller; Crime; Romance,5
7162,Pacific Heights,shuffle_25,18;35;10749,Drama; Comedy; Romance,3
158,Palmer,shuffle_25,18;35;53;80,Drama; Comedy; Thriller; Crime,4
9686,School for Scoundrels,shuffle_25,18;35;10749,Drama; Comedy; Romance,3
3226,Climax,shuffle_25,18;27;35,Drama; Horror; Comedy,3
5555,A Cinderella Story,shuffle_25,27;35,Horror; Comedy,2
8549,The Mexican,shuffle_25,18;28;35;53;80,Drama; Action; Comedy; Thriller; Crime,5
1608,Predestination,shuffle_25,12;28;53;878;9648,Adventure; Action; Thriller; Science Fiction; Mystery,5
2571,No,shuffle_25,18;35,Drama; Comedy,2
6950,The Cheetah Girls 2,shuffle_25,18;35;10749;10751,Drama; Comedy; Romance; Family,4
8108,The Den,shuffle_25,18;27;53;80;9648,Drama; Horror; Thriller; Crime; Mystery,5
1253,Barbie: Princess Charm School,shuffle_25,12;14;16;35;10749;10751,Adventure; Fantasy; Animation; Comedy; Romance; Family,6
5341,The Eagle Has Landed,shuffle_25,12;18;35;36;10752,Adventure; Drama; Comedy; History; War,5
1474,Key Largo,shuffle_25,18;53,Drama; Thriller,2
3282,Cleopatra,shuffle_25,18;28;53,Drama; Action; Thriller,3
963,Boyz n the Hood,shuffle_25,18;28;35;53;80,Drama; Action; Comedy; Thriller; Crime,5
8661,The Break-Up,shuffle_25,18;35;53;10749,Drama; Comedy; Thriller; Romance,4
4989,About a Boy,shuffle_25,18;35;10749,Drama; Comedy; Romance,3
9883,Get a Job,shuffle_25,35,Comedy,1
3034,Maleficent,shuffle_25,12;14;16;18;35;10749,Adventure; Fantasy; Animation; Drama; Comedy; Romance,6
2688,Kahaani,shuffle_25,18;53;9648;10749,Drama; Thriller; Mystery; Romance,4
2482,Wonder Woman,shuffle_25,12;14;16;28;878,Adventure; Fantasy; Animation; Action; Science Fiction,5
4851,The Thieves,shuffle_25,12;18;28;35;53;80,Adventure; Drama; Action; Comedy; Thriller; Crime,6
8942,To the Wonder,shuffle_25,18;35;10749,Drama; Comedy; Romance,3
5456,Underworld: Evolution,shuffle_25,27;28,Horror; Action,2
7706,God's Not Dead 2,shuffle_25,14;18;35,Fantasy; Drama; Comedy,3
7658,World Trade Center,shuffle_25,12;18;28;53;80;878,Adventure; Drama; Action; Thriller; Crime; Science Fiction,6
8952,Eight Legged Freaks,shuffle_25,12;27;28;35;10751,Adventure; Horror; Action; Comedy; Family,5
1644,"Jeanne Dielman, 23, quai du Commerce, 1080 Bruxelles",shuffle_25,18;35;10749,Drama; Comedy; Romance,3
6621,Into the Labyrinth,shuffle_25,18;27;53;80;9648,Drama; Horror; Thriller; Crime; Mystery,5
5564,Halloween II,shuffle_25,18;27;53,Drama; Horror; Thriller,3
939,Another Round,shuffle_25,18;35,Drama; Comedy,2
9245,I'm So Excited!,shuffle_25,18;35;53,Drama; Comedy; Thriller,3
7335,Senseless,shuffle_25,18;27;53,Drama; Horror; Thriller,3
5848,The Tearsmith,shuffle_25,18;35;10749;10751,Drama; Comedy; Romance; Family,4
2053,Air,shuffle_25,18;35,Drama; Comedy,2
1987,Jungle Cruise,shuffle_25,12;14;18;10751,Adventure; Fantasy; Drama; Family,4
9387,Snow Dogs,shuffle_25,18;35;10751,Drama; Comedy; Family,3
9452,Spinning Man,shuffle_25,18;35;53;9648,Drama; Comedy; Thriller; Mystery,4
8302,The Cable Guy,shuffle_25,35;53;80,Comedy; Thriller; Crime,3
2994,Where the Heart Is,shuffle_25,18;35;10749,Drama; Comedy; Romance,3
6884,¡Three Amigos!,shuffle_25,18;35;80,Drama; Comedy; Crime,3
1018,Butch Cassidy and the Sundance Kid,shuffle_25,12;18;28;37;53;80,Adventure; Drama; Action; Western; Thriller; Crime,6
1296,All That Jazz,shuffle_25,18;35;10402,Drama; Comedy; Music,3
4193,RETURN,shuffle_25,18,Drama,1
359,The Cure,shuffle_25,18;35;10749,Drama; Comedy; Romance,3
1979,The Judge,shuffle_25,18;53;80;9648,Drama; Thriller; Crime; Mystery,4
405,Death Note Relight 1: Visions of a God,shuffle_25,12;28;53;878,Adventure; Action; Thriller; Science Fiction,4
1050,The Curious Case of Benjamin Button,shuffle_25,18;35;10749,Drama; Comedy; Romance,3
1495,Three Colors: White,shuffle_25,18;35;10749,Drama; Comedy; Romance,3
5427,The Addams Family,shuffle_25,18;35,Drama; Comedy,2
5806,Act of Valor,shuffle_25,12;28;53;878,Adventure; Action; Thriller; Science Fiction,4
8208,Birth,shuffle_25,18;53;10749,Drama; Thriller; Romance,3
9313,Playing for Keeps,shuffle_25,18;35;10751,Drama; Comedy; Family,3
3279,The Northman,shuffle_25,12;14;28,Adventure; Fantasy; Action,3
5095,Hellboy,shuffle_25,12;14;27;28;10752,Adventure; Fantasy; Horror; Action; War,5
9482,Hellboy,shuffle_25,12;14;16;28,Adventure; Fantasy; Animation; Action,4
770,"I, Daniel Blake",shuffle_25,18;35,Drama; Comedy,2
8670,No One Gets Out Alive,shuffle_25,18;27;53,Drama; Horror; Thriller,3
177,"“The Shorts” by Aldo, Giovanni and Giacomo",shuffle_25,18;35,Drama; Comedy,2
2246,Lean On Me,shuffle_25,18;28;35;53;80,Drama; Action; Comedy; Thriller; Crime,5
3333,Malcolm & Marie,shuffle_25,18;35;10749,Drama; Comedy; Romance,3
1844,Dragon Ball: The Path to Power,shuffle_25,12;14;16;28;35;10751,Adventure; Fantasy; Animation; Action; Comedy; Family,6
2060,True Grit,shuffle_25,18;28;35;53;80,Drama; Action; Comedy; Thriller; Crime,5
3195,The Ministry of Ungentlemanly Warfare,shuffle_25,12;18;28;36;53;10752,Adventure; Drama; Action; History; Thriller; War,6
6548,District 13: Ultimatum,shuffle_25,18;28;35,Drama; Action; Comedy,3
8833,Coexister,shuffle_25,18;27;35;10402,Drama; Horror; Comedy; Music,4
796,The Man from Nowhere,shuffle_25,18;28;35;53;80,Drama; Action; Comedy; Thriller; Crime,5
4116,Mean Creek,shuffle_25,18;27;35,Drama; Horror; Comedy,3
8212,Orange County,shuffle_25,18;35,Drama; Comedy,2
467,My Way,shuffle_25,12;18;28;36;10752,Adventure; Drama; Action; History; War,5
3641,The Eight Hundred,shuffle_25,18;28;36;10752,Drama; Action; History; War,4
3085,22 July,shuffle_25,18;27;28;36;53,Drama; Horror; Action; History; Thriller,5
1757,Twin Peaks: Fire Walk with Me,shuffle_25,27;53;9648,Horror; Thriller; Mystery,3
3189,Death Note: The Last Name,shuffle_25,18;28,Drama; Action,2
8097,The Gendarme and the Creatures from Outer Space,shuffle_25,27;35;878,Horror; Comedy; Science Fiction,3
9101,The Tunnel,shuffle_25,18;27;53;9648,Drama; Horror; Thriller; Mystery,4
1656,Summer of 85,shuffle_25,18;10749,Drama; Romance,2
8274,What to Expect When You're Expecting,shuffle_25,18;35;10749,Drama; Comedy; Romance,3
5940,Star Trek: Generations,shuffle_25,12;18;28;35;878,Adventure; Drama; Action; Comedy; Science Fiction,5
4725,Mermaids,shuffle_25,18;35;10749;10751,Drama; Comedy; Romance; Family,4
6282,Borat Subsequent Moviefilm,shuffle_25,18;35;878,Drama; Comedy; Science Fiction,3
6195,Café Society,shuffle_25,18;35;10749,Drama; Comedy; Romance,3
1033,Elemental,shuffle_25,18;35;10749,Drama; Comedy; Romance,3
7769,Blood Ties,shuffle_25,18;28;53;80,Drama; Action; Thriller; Crime,4
6731,In a World...,shuffle_25,18;35;10402;10749;10751,Drama; Comedy; Music; Romance; Family,5
5081,Martian Child,shuffle_25,12;14;18;35;878,Adventure; Fantasy; Drama; Comedy; Science Fiction,5
7639,Final Destination 5,shuffle_25,14;27;28;53;878,Fantasy; Horror; Action; Thriller; Science Fiction,5
2157,Weekend,shuffle_25,35;10749,Comedy; Romance,2
3203,Lee,shuffle_25,18;36;10752,Drama; History; War,3
2237,The Hours,shuffle_25,18;10749,Drama; Romance,2
2600,The Caine Mutiny,shuffle_25,18;28;10752,Drama; Action; War,3
9444,Airport '77,shuffle_25,12;18;28;53,Adventure; Drama; Action; Thriller,4
6273,The Chronicles of Narnia: The Voyage of the Dawn Treader,shuffle_25,12;14;16;35;10751,Adventure; Fantasy; Animation; Comedy; Family,5
1210,Control,shuffle_50,18;35,Drama; Comedy,2
1288,Shang-Chi and the Legend of the Ten Rings,shuffle_50,12;14;16;18;28,Adventure; Fantasy; Animation; Drama; Action,5
6147,Dry,shuffle_50,18,Drama,1
120,Shutter Island,shuffle_50,18;28;53;9648;10752,Drama; Action; Thriller; Mystery; War,5
3105,Galaxy Quest,shuffle_50,28;35;53;878,Action; Comedy; Thriller; Science Fiction,4
4250,Spy,shuffle_50,28;35;53;80;878,Action; Comedy; Thriller; Crime; Science Fiction,5
350,Million Dollar Baby,shuffle_50,18;35;10751,Drama; Comedy; Family,3
6325,Spree,shuffle_50,28;35;53;878,Action; Comedy; Thriller; Science Fiction,4
1898,The Time Machine,shuffle_50,12;18;878,Adventure; Drama; Science Fiction,3
9290,Survivor,shuffle_50,18;28;53;80,Drama; Action; Thriller; Crime,4
9395,The Hunters,shuffle_50,12;14;27;28;53,Adventure; Fantasy; Horror; Action; Thriller,5
7853,Goosebumps 2: Haunted Halloween,shuffle_50,12;14;27;35;10751,Adventure; Fantasy; Horror; Comedy; Family,5
2734,Petite Maman,shuffle_50,18;9648,Drama; Mystery,2
2181,Victor/Victoria,shuffle_50,18;35;10749,Drama; Comedy; Romance,3
8548,Volcano,shuffle_50,18;35;53,Drama; Comedy; Thriller,3
4191,About Schmidt,shuffle_50,18;35;10749,Drama; Comedy; Romance,3
1320,The Rules of the Game,shuffle_50,18;35,Drama; Comedy,2
1419,The Reader,shuffle_50,18;53;10749;10752,Drama; Thriller; Romance; War,4
1016,In a Lonely Place,shuffle_50,18;27;53;80;9648;10749,Drama; Horror; Thriller; Crime; Mystery; Romance,6
110,Puss in Boots: The Last Wish,shuffle_50,12;14;16;10751,Adventure; Fantasy; Animation; Family,4
8307,The 6th Day,shuffle_50,12;27;28;35;53;878,Adventure; Horror; Action; Comedy; Thriller; Science Fiction,6
6202,Jackie,shuffle_50,18;36;53,Drama; History; Thriller,3
5861,I'm Not There,shuffle_50,18;35;10402,Drama; Comedy; Music,3
764,Manhattan,shuffle_50,18;35;10749,Drama; Comedy; Romance,3
4105,Margin Call,shuffle_50,18;53,Drama; Thriller,2
6763,Three Floors,shuffle_50,18;27;35,Drama; Horror; Comedy,3
8256,Neuilly Yo Mama!,shuffle_50,18;28;35;80,Drama; Action; Comedy; Crime,4
3483,10 Cloverfield Lane,shuffle_50,18;27;28;53;878,Drama; Horror; Action; Thriller; Science Fiction,5
8226,How to Lose Friends & Alienate People,shuffle_50,18;35,Drama; Comedy,2
4316,Ashfall,shuffle_50,12;14;16;28;35;10751,Adventure; Fantasy; Animation; Action; Comedy; Family,6
3917,Clash of the Titans,shuffle_50,12;14;16;28;878;10749;10751,Adventure; Fantasy; Animation; Action; Science Fiction; Romance; Family,7
1199,The Train,shuffle_50,12;18;28;10752,Adventure; Drama; Action; War,4
731,Safety Last!,shuffle_50,12;35,Adventure; Comedy,2
5218,Rambo: First Blood Part II,shuffle_50,12;18;28;53;80,Adventure; Drama; Action; Thriller; Crime,5
5136,The Trip,shuffle_50,35;10749,Comedy; Romance,2
8940,Henry's Crime,shuffle_50,18;28;53;80,Drama; Action; Thriller; Crime,4
6940,Archive,shuffle_50,18;35;53;878,Drama; Comedy; Thriller; Science Fiction,4
4263,Justice League: The New Frontier,shuffle_50,12;16;28;53;878,Adventure; Animation; Action; Thriller; Science Fiction,5
6066,God Willing,shuffle_50,18;35,Drama; Comedy,2
2945,Gia,shuffle_50,18;35;10749,Drama; Comedy; Romance,3
4732,The Longest Yard,shuffle_50,18;53;80,Drama; Thriller; Crime,3
8744,Phantom,shuffle_50,12;18;53;9648,Adventure; Drama; Thriller; Mystery,4
6262,A California Christmas,shuffle_50,18;35;10749;10751,Drama; Comedy; Romance; Family,4
5233,Something's Gotta Give,shuffle_50,18;35;10749,Drama; Comedy; Romance,3
6947,Return of the Hero,shuffle_50,18;35;10749,Drama; Comedy; Romance,3
6591,The Collection,shuffle_50,12;28,Adventure; Action,2
997,Harold and Maude,shuffle_50,18;35;10749,Drama; Comedy; Romance,3
5071,Pollock,shuffle_50,18;35;36;10749,Drama; Comedy; History; Romance,4
8027,Fortress,shuffle_50,18;27;53;878,Drama; Horror; Thriller; Science Fiction,4
9716,17 Girls,shuffle_50,35;10749,Comedy; Romance,2
9919,Toys,shuffle_50,12;14;28;35;10751,Adventure; Fantasy; Action; Comedy; Family,5
8209,House of Wax,shuffle_50,12;27;35;10751,Adventure; Horror; Comedy; Family,4
7139,The Little Shop of Horrors,shuffle_50,18;35;10749,Drama; Comedy; Romance,3
9944,The Phantom,shuffle_50,12;14;16;28;35;878;10751,Adventure; Fantasy; Animation; Action; Comedy; Science Fiction; Family,7
8063,The Brats,shuffle_50,18;35;10749,Drama; Comedy; Romance,3
5046,Patriot Games,shuffle_50,18;28;35;53;80,Drama; Action; Comedy; Thriller; Crime,5
293,Barry Lyndon,shuffle_50,18;35,Drama; Comedy,2
553,Sunrise: A Song of Two Humans,shuffle_50,18;35;10749,Drama; Comedy; Romance,3
7939,The 51st State,shuffle_50,18;35;53;80;878,Drama; Comedy; Thriller; Crime; Science Fiction,5
4233,Underworld,shuffle_50,14;28;10749,Fantasy; Action; Romance,3
9238,Maggie's Plan,shuffle_50,18;35;10749,Drama; Comedy; Romance,3
4951,Harold and the Purple Crayon,shuffle_50,12;14;18;35;10751,Adventure; Fantasy; Drama; Comedy; Family,5
7035,The Assistant,shuffle_50,18;53,Drama; Thriller,2
8603,Robin Hood,shuffle_50,12;14;18;28;36;10752,Adventure; Fantasy; Drama; Action; History; War,6
3330,Hoosiers,shuffle_50,18;35,Drama; Comedy,2
4255,The Pit and the Pendulum,shuffle_50,18;36,Drama; History,2
1293,Training Day,shuffle_50,28;35;53;80;9648,Action; Comedy; Thriller; Crime; Mystery,5
540,F1,shuffle_50,18;28;35,Drama; Action; Comedy,3
4235,Barbarian,shuffle_50,18;35;53;10749,Drama; Comedy; Thriller; Romance,4
6601,FernGully: The Last Rainforest,shuffle_50,12;14;16;35;10751,Adventure; Fantasy; Animation; Comedy; Family,5
1973,Spider-Man: Homecoming,shuffle_50,12;18;28;878,Adventure; Drama; Action; Science Fiction,4
6557,Nighthawks,shuffle_50,28;53;80,Action; Thriller; Crime,3
5705,Super Troopers,shuffle_50,18;28;35;53;80,Drama; Action; Comedy; Thriller; Crime,5
5731,The Witches of Eastwick,shuffle_50,18;35;10749,Drama; Comedy; Romance,3
7665,Push,shuffle_50,28;35;53;80,Action; Comedy; Thriller; Crime,4
7180,Insidious: The Last Key,shuffle_50,18;27;53,Drama; Horror; Thriller,3
977,Stagecoach,shuffle_50,12;18;53,Adventure; Drama; Thriller,3
9691,Be Cool,shuffle_50,18;35,Drama; Comedy,2
8418,Tin & Tina,shuffle_50,18;27,Drama; Horror,2
3626,Compartment No. 6,shuffle_50,18;53;10749,Drama; Thriller; Romance,3
2034,Justice League: Crisis on Two Earths,shuffle_50,12;14;16;28;878,Adventure; Fantasy; Animation; Action; Science Fiction,5
4098,The Strange Thing About the Johnsons,shuffle_50,18;53,Drama; Thriller,2
9643,Wanderlust,shuffle_50,18;35;10749,Drama; Comedy; Romance,3
4179,Flight,shuffle_50,18;35;53;80,Drama; Comedy; Thriller; Crime,4
6176,For Love of the Game,shuffle_50,18;10749,Drama; Romance,2
7119,Taken 3,shuffle_50,18;28;35;53;80,Drama; Action; Comedy; Thriller; Crime,5
2173,Stardust,shuffle_50,12;14;16;18;35;10751,Adventure; Fantasy; Animation; Drama; Comedy; Family,6
189,The Father,shuffle_50,18;35;10749,Drama; Comedy; Romance,3
7372,He Never Died,shuffle_50,14;35;53,Fantasy; Comedy; Thriller,3
1626,Saw,shuffle_50,27;35;53,Horror; Comedy; Thriller,3
563,The Avengers,shuffle_50,12;18;28;53;878,Adventure; Drama; Action; Thriller; Science Fiction,5
1784,Grease,shuffle_50,18;35;10749,Drama; Comedy; Romance,3
6167,Bride & Prejudice,shuffle_50,18;35;10749,Drama; Comedy; Romance,3
7022,Severance,shuffle_50,27;28;35;53,Horror; Action; Comedy; Thriller,4
7046,Child 44,shuffle_50,18;53;80;9648,Drama; Thriller; Crime; Mystery,4
6244,Life,shuffle_50,12;18;35;878,Adventure; Drama; Comedy; Science Fiction,4
1057,10 Things I Hate About You,shuffle_50,35;10749,Comedy; Romance,2
645,The King of Comedy,shuffle_50,16;18;35;10751,Animation; Drama; Comedy; Family,4
371,Don't Look Now... We're Being Shot At!,shuffle_50,12;18;28;36;53;10752,Adventure; Drama; Action; History; Thriller; War,6
5995,Assassins,shuffle_50,18;28;35;53;80,Drama; Action; Comedy; Thriller; Crime,5
8216,Shaft,shuffle_50,18;28;53;80,Drama; Action; Thriller; Crime,4
3421,Wild,shuffle_50,18;53;10749,Drama; Thriller; Romance,3
1869,Possession,shuffle_50,18;53;9648,Drama; Thriller; Mystery,3
5536,Star Trek III: The Search for Spock,shuffle_50,18;28;878,Drama; Action; Science Fiction,3
6922,King Arthur,shuffle_50,12;14;18;28;36,Adventure; Fantasy; Drama; Action; History,5
6810,Second Act,shuffle_50,18;35,Drama; Comedy,2
4033,Mad God,shuffle_50,12;14;16;27;28;878,Adventure; Fantasy; Animation; Horror; Action; Science Fiction,6
8510,She-Devil,shuffle_50,18;35;53;10749,Drama; Comedy; Thriller; Romance,4
8582,The Karate Kid Part III,shuffle_50,18;28,Drama; Action,2
8712,Righteous Kill,shuffle_50,18;28;53;80;9648,Drama; Action; Thriller; Crime; Mystery,5
1427,Glory,shuffle_50,18;36;10752,Drama; History; War,3
2328,"Planes, Trains and Automobiles",shuffle_50,18;35,Drama; Comedy,2
7303,Chernobyl: Abyss,shuffle_50,18;36;878,Drama; History; Science Fiction,3
4803,Escape Plan,shuffle_50,18;28;53;80,Drama; Action; Thriller; Crime,4
2657,The Driver,shuffle_50,18;28;35;53;80,Drama; Action; Comedy; Thriller; Crime,5
530,An Autumn Afternoon,shuffle_50,18;10749,Drama; Romance,2
3412,The Zone of Interest,shuffle_50,18;36;10752,Drama; History; War,3
7021,Great Balls of Fire!,shuffle_50,18;35;36;10402,Drama; Comedy; History; Music,4
3863,The Substitute,shuffle_50,28;35;53;80,Action; Comedy; Thriller; Crime,4
769,BPM (Beats per Minute),shuffle_50,18;27;28;53;878,Drama; Horror; Action; Thriller; Science Fiction,5
603,Land of Mine,shuffle_50,18;28;53;10752,Drama; Action; Thriller; War,4
1826,The Way of the Dragon,shuffle_50,12;18;28;35;80,Adventure; Drama; Action; Comedy; Crime,5
9990,Marmaduke,shuffle_50,18;35;10751,Drama; Comedy; Family,3
5454,Titan A.E.,shuffle_50,12;18;28;53;878,Adventure; Drama; Action; Thriller; Science Fiction,5
4689,King of New York,shuffle_50,18;28;35;53;80,Drama; Action; Comedy; Thriller; Crime,5
1769,Babylon,shuffle_50,18;35,Drama; Comedy,2
7109,The Noel Diary,shuffle_50,18;35;10749,Drama; Comedy; Romance,3
7040,Basilicata Coast to Coast,shuffle_50,18;35;10402,Drama; Comedy; Music,3
2951,Bitter Moon,shuffle_50,18;35;10749,Drama; Comedy; Romance,3
4916,Return to Oz,shuffle_50,14;18;27,Fantasy; Drama; Horror,3
8894,6 Below: Miracle on the Mountain,shuffle_50,18;28;53,Drama; Action; Thriller,3
3547,Mamma Mia!,shuffle_50,18;35;10749,Drama; Comedy; Romance,3
4476,Winter's Bone,shuffle_50,18;53;80,Drama; Thriller; Crime,3
5633,Seeking a Friend for the End of the World,shuffle_50,12;35;53;878,Adventure; Comedy; Thriller; Science Fiction,4
3732,The Isle,shuffle_50,16;18;35,Animation; Drama; Comedy,3
9559,The Conference,shuffle_50,18;28;35;53;80,Drama; Action; Comedy; Thriller; Crime,5
365,Spider-Man: No Way Home,shuffle_50,12;16;28;35;878,Adventure; Animation; Action; Comedy; Science Fiction,5
9417,Admission,shuffle_50,18;35;10749,Drama; Comedy; Romance,3
1174,The Six Triple Eight,shuffle_50,18;35;36;10752,Drama; Comedy; History; War,4
6956,Bandits,shuffle_50,12;35;53;80;10749,Adventure; Comedy; Thriller; Crime; Romance,5
259,Amadeus,shuffle_50,18;35,Drama; Comedy,2
5569,Flesh + Blood,shuffle_50,12;14;28;35;53,Adventure; Fantasy; Action; Comedy; Thriller,5
1042,Evangelion: 1.0 You Are (Not) Alone,shuffle_50,16;27;28;878,Animation; Horror; Action; Science Fiction,4
5282,Colombiana,shuffle_50,18;27;53;80;9648,Drama; Horror; Thriller; Crime; Mystery,5
9250,Alvin and the Chipmunks: Chipwrecked,shuffle_50,12;16;27;35;878;10751,Adventure; Animation; Horror; Comedy; Science Fiction; Family,6
7326,There's No Place Like Home,shuffle_50,18;35;10749,Drama; Comedy; Romance,3
475,A Bronx Tale,shuffle_50,18;53;80,Drama; Thriller; Crime,3
7344,Waiting...,shuffle_50,28;35;53,Action; Comedy; Thriller,3
3786,White Chicks,shuffle_50,18;28;35;53;80,Drama; Action; Comedy; Thriller; Crime,5
6347,Shaft,shuffle_50,12;28;53;80;9648,Adventure; Action; Thriller; Crime; Mystery,5
9922,Mutant Chronicles,shuffle_50,12;28;53;878,Adventure; Action; Thriller; Science Fiction,4
4664,He Got Game,shuffle_50,18;35;80,Drama; Comedy; Crime,3
5439,The Finest Hours,shuffle_50,12;18;28;53;10752,Adventure; Drama; Action; Thriller; War,5
2950,Cross of Iron,shuffle_50,18;28;36;53;10752,Drama; Action; History; Thriller; War,5
9117,Rules Don't Apply,shuffle_50,18;35;10749,Drama; Comedy; Romance,3
5908,Seoul Station,shuffle_50,16;27;28;53;878,Animation; Horror; Action; Thriller; Science Fiction,5
8203,Up for Love,shuffle_50,18;35;53;10749,Drama; Comedy; Thriller; Romance,4
6735,"Roman J. Israel, Esq.",shuffle_50,18;28;35,Drama; Action; Comedy,3
2161,Swades,shuffle_50,12;18;35;878,Adventure; Drama; Comedy; Science Fiction,4
1965,All That Heaven Allows,shuffle_50,18;35;10749,Drama; Comedy; Romance,3
21,Fight Club,shuffle_50,18;35;53;80,Drama; Comedy; Thriller; Crime,4
6143,Ice Age: A Mammoth Christmas,shuffle_50,12;14;16;35;10751,Adventure; Fantasy; Animation; Comedy; Family,5
3839,Antwone Fisher,shuffle_50,18;53,Drama; Thriller,2
8704,Cooties,shuffle_50,18;27;53,Drama; Horror; Thriller,3
5092,Charlie Bartlett,shuffle_50,18;35,Drama; Comedy,2
868,A Charlie Brown Christmas,shuffle_50,14;16;18;35;10751,Fantasy; Animation; Drama; Comedy; Family,5
4932,The Stepford Wives,shuffle_50,18;35;10749,Drama; Comedy; Romance,3
5225,Jack Reacher,shuffle_50,18;28;35;53;80,Drama; Action; Comedy; Thriller; Crime,5
2573,Upgraded,shuffle_50,18;35;10749,Drama; Comedy; Romance,3
3624,A Conspiracy of Faith,shuffle_50,18;27;53,Drama; Horror; Thriller,3
2062,Kung Fu Panda,shuffle_50,12;14;16;28;35;10751,Adventure; Fantasy; Animation; Action; Comedy; Family,6
8654,Men in Black: International,shuffle_50,12;28;53;878,Adventure; Action; Thriller; Science Fiction,4
1791,Asterix & Obelix: Mission Cleopatra,shuffle_50,18;35,Drama; Comedy,2
5534,May December,shuffle_50,18;35;10749,Drama; Comedy; Romance,3
7704,Crossing Over,shuffle_50,18;28;53,Drama; Action; Thriller,3
8983,The Man,shuffle_50,18;28;35;53;80;9648,Drama; Action; Comedy; Thriller; Crime; Mystery,6
5453,Main Hoon Na,shuffle_50,18;28;35;53,Drama; Action; Comedy; Thriller,4
9626,Leprechaun 2,shuffle_50,12;14;16;28;35,Adventure; Fantasy; Animation; Action; Comedy,5
4336,Time After Time,shuffle_50,18;28;53;80,Drama; Action; Thriller; Crime,4
5568,"I Love You, Man",shuffle_50,35;10749,Comedy; Romance,2
8488,An American Werewolf in Paris,shuffle_50,14;27;28;35;53;878,Fantasy; Horror; Action; Comedy; Thriller; Science Fiction,6
4057,Flavors of Youth,shuffle_50,18,Drama,1
3456,The Dressmaker,shuffle_50,18;35;10749,Drama; Comedy; Romance,3
2164,The Seventh Company Has Been Found,shuffle_50,12;16;35;10751,Adventure; Animation; Comedy; Family,4
9966,With Open Arms,shuffle_50,18;35;10749,Drama; Comedy; Romance,3
7617,28 Days,shuffle_50,18;35;80;10749,Drama; Comedy; Crime; Romance,4
5215,Brother Bear 2,shuffle_50,12;14;16;18;10751,Adventure; Fantasy; Animation; Drama; Family,5
5899,Thor: The Dark World,shuffle_50,12;14;16;28;878,Adventure; Fantasy; Animation; Action; Science Fiction,5
5683,Trust,shuffle_50,18;35;53;10749,Drama; Comedy; Thriller; Romance,4
8688,King Cobra,shuffle_50,18;28;35;53,Drama; Action; Comedy; Thriller,4
6197,Your Sister's Sister,shuffle_50,18;35;10749;10751,Drama; Comedy; Romance; Family,4
9850,Sleeping Beauty,shuffle_50,14;18;27;10749,Fantasy; Drama; Horror; Romance,4
6159,Judgment Night,shuffle_50,18;27;28;53;80,Drama; Horror; Action; Thriller; Crime,5
3199,Far from Heaven,shuffle_50,18;10749,Drama; Romance,2
8679,Problem Child 2,shuffle_50,18;35;10749,Drama; Comedy; Romance,3
1942,High Plains Drifter,shuffle_50,28;35;53;80,Action; Comedy; Thriller; Crime,4
9317,The Pact,shuffle_50,18;27;53;9648,Drama; Horror; Thriller; Mystery,4
481,Bad Genius,shuffle_50,18;35;10749,Drama; Comedy; Romance,3
3280,The Proposition,shuffle_50,18;53;80,Drama; Thriller; Crime,3
1169,Moulin Rouge!,shuffle_50,18;35;10749,Drama; Comedy; Romance,3
7475,The Crew,shuffle_50,18;28;35;53;80,Drama; Action; Comedy; Thriller; Crime,5
6721,Smurfs: The Lost Village,shuffle_50,12;14;16;35;9648;10751,Adventure; Fantasy; Animation; Comedy; Mystery; Family,6
297,The Passion of Joan of Arc,shuffle_50,18;27,Drama; Horror,2
5367,Suicide Kings,shuffle_50,12;28;35;53;80,Adventure; Action; Comedy; Thriller; Crime,5
6173,Super Fuzz,shuffle_50,12;28;35;53;878,Adventure; Action; Comedy; Thriller; Science Fiction,5
7924,Monster Trucks,shuffle_50,12;16;35;10751,Adventure; Animation; Comedy; Family,4
2700,Troy,shuffle_50,12;18;28,Adventure; Drama; Action,3
4379,Dark Water,shuffle_50,18;27;53;9648;10749,Drama; Horror; Thriller; Mystery; Romance,5
6784,The Wrath of Becky,shuffle_50,18;28;53,Drama; Action; Thriller,3
8228,Kidnapping Mr. Heineken,shuffle_50,18;35;80,Drama; Comedy; Crime,3
5132,JCVD,shuffle_50,18;28;35;80;10749,Drama; Action; Comedy; Crime; Romance,5
9687,Drive-Away Dolls,shuffle_50,18;27;35;53;10749,Drama; Horror; Comedy; Thriller; Romance,5
1595,The SpongeBob Movie: Sponge on the Run,shuffle_50,12;16;35;878;10751,Adventure; Animation; Comedy; Science Fiction; Family,5
1329,Breaking the Waves,shuffle_50,18;35;10749,Drama; Comedy; Romance,3
1923,Nowhere,shuffle_50,18;53,Drama; Thriller,2
8010,The Pacifier,shuffle_50,12;28;53;878,Adventure; Action; Thriller; Science Fiction,4
5896,Tideland,shuffle_50,18;53,Drama; Thriller,2
6459,Cargo,shuffle_50,18;27;53;878,Drama; Horror; Thriller; Science Fiction,4
9013,Exit Wounds,shuffle_50,28;35;53;80,Action; Comedy; Thriller; Crime,4
3324,Ip Man 3,shuffle_50,18;28;35;53;80,Drama; Action; Comedy; Thriller; Crime,5
5770,Little Monsters,shuffle_50,18;27;35;53,Drama; Horror; Comedy; Thriller,4
5902,The Neon Demon,shuffle_50,18;35;10749,Drama; Comedy; Romance,3
3230,Moby Dick,shuffle_50,12;18;35,Adventure; Drama; Comedy,3
285,Song of the Sea,shuffle_50,12;14;27;10751,Adventure; Fantasy; Horror; Family,4
5939,The Jane Austen Book Club,shuffle_50,18;10749,Drama; Romance,2
7077,Extinction,shuffle_50,12;14;16;18;27;878,Adventure; Fantasy; Animation; Drama; Horror; Science Fiction,6
1471,High School of the Dead: Drifters of the Dead,shuffle_50,12;27;28;35;53,Adventure; Horror; Action; Comedy; Thriller,5
4106,Loft,shuffle_50,18;35;53;80;10749,Drama; Comedy; Thriller; Crime; Romance,5
5257,The Man in the Iron Mask,shuffle_50,12;18;28,Adventure; Drama; Action,3
1837,The Great Gatsby,shuffle_50,18;35;10749,Drama; Comedy; Romance,3
4529,In Her Name,shuffle_50,18;53;80;9648,Drama; Thriller; Crime; Mystery,4
6063,Colors,shuffle_50,18;28;53;80,Drama; Action; Thriller; Crime,4
9741,Incarnate,shuffle_50,14;27;53;878,Fantasy; Horror; Thriller; Science Fiction,4
1257,The Birds,shuffle_50,27;28;53,Horror; Action; Thriller,3
7900,The Night Before,shuffle_50,35,Comedy,1
4861,Nymphomaniac: Vol. II,shuffle_50,18;10749,Drama; Romance,2
9380,Inside,shuffle_50,12;18;28;53;80,Adventure; Drama; Action; Thriller; Crime,5
145,Good Will Hunting,shuffle_50,18;28;53,Drama; Action; Thriller,3
2347,Pearl,shuffle_50,18;10749,Drama; Romance,2
1047,Steins;Gate: The Movie - Load Region of Déjà Vu,shuffle_50,16;18;28;878,Animation; Drama; Action; Science Fiction,4
6199,Drag Me to Hell,shuffle_50,18;27;35;53;10749,Drama; Horror; Comedy; Thriller; Romance,5
2878,The Dark Crystal,shuffle_50,12;14;16;27;28;35;878,Adventure; Fantasy; Animation; Horror; Action; Comedy; Science Fiction,7
5053,Emily the Criminal,shuffle_50,18;35;53;80;10749,Drama; Comedy; Thriller; Crime; Romance,5
3147,I Hate Summer,shuffle_50,18;35;10749,Drama; Comedy; Romance,3
4581,The DUFF,shuffle_50,16;35;10749;10751,Animation; Comedy; Romance; Family,4
5254,White God,shuffle_50,14;18;28;10751,Fantasy; Drama; Action; Family,4
503,Shoplifters,shuffle_50,18,Drama,1
6101,Police Story 4: First Strike,shuffle_50,18;28;35;53;80,Drama; Action; Comedy; Thriller; Crime,5
7290,Mean Machine,shuffle_50,18;28;53;80,Drama; Action; Thriller; Crime,4
9036,Paranormal Activity 2,shuffle_50,14;16;27;35,Fantasy; Animation; Horror; Comedy,4
1097,The Hobbit: The Desolation of Smaug,shuffle_50,12;14;16;28;35;10751,Adventure; Fantasy; Animation; Action; Comedy; Family,6
7192,Ghosts of War,shuffle_50,18;28;53;10752,Drama; Action; Thriller; War,4
826,Black Swan,shuffle_50,18;35;10749,Drama; Comedy; Romance,3
1943,Red River,shuffle_50,12;18;37,Adventure; Drama; Western,3
1783,My Sister's Keeper,shuffle_50,18;35;10749,Drama; Comedy; Romance,3
6847,Dark Skies,shuffle_50,27;53;9648,Horror; Thriller; Mystery,3
5990,Mother's Day,shuffle_50,18;27;53,Drama; Horror; Thriller,3
4698,First Love,shuffle_50,18;28;53;80,Drama; Action; Thriller; Crime,4
4319,The Ghost Writer,shuffle_50,18;35;53,Drama; Comedy; Thriller,3
1309,Almost Famous,shuffle_50,18;35;10402;10749,Drama; Comedy; Music; Romance,4
6541,The Knight Before Christmas,shuffle_50,12;14;18;35,Adventure; Fantasy; Drama; Comedy,4
6728,Doc Hollywood,shuffle_50,18;28;35;53;80,Drama; Action; Comedy; Thriller; Crime,5
68,Given,shuffle_50,16;18;35;10749,Animation; Drama; Comedy; Romance,4
6565,The Assassin,shuffle_50,12;18;28,Adventure; Drama; Action,3
3340,Lethal Weapon 2,shuffle_50,12;18;28;53,Adventure; Drama; Action; Thriller,4
5380,Conspiracy Theory,shuffle_50,28;35;53;878,Action; Comedy; Thriller; Science Fiction,4
5732,The Chronicles of Riddick,shuffle_50,12;28;878,Adventure; Action; Science Fiction,3
1738,Mad Max 2,shuffle_50,12;18;28;53;80,Adventure; Drama; Action; Thriller; Crime,5
9357,My Best Friend's Girl,shuffle_50,18;35;10749,Drama; Comedy; Romance,3
93,Klaus,shuffle_50,14;16;18;35;10751,Fantasy; Animation; Drama; Comedy; Family,5
7555,Murder by Numbers,shuffle_50,18;28;53;80;9648,Drama; Action; Thriller; Crime; Mystery,5
4648,Oedipus Rex,shuffle_50,12;18;28,Adventure; Drama; Action,3
5928,The Bookshop,shuffle_50,18,Drama,1
4387,200 Pounds Beauty,shuffle_50,16;18;35;10402;10749,Animation; Drama; Comedy; Music; Romance,5
7601,Splinter,shuffle_50,12;27;35;53;10751,Adventure; Horror; Comedy; Thriller; Family,5
8944,Kicking & Screaming,shuffle_50,18;35;10751,Drama; Comedy; Family,3
76,The Intouchables,shuffle_50,18;35,Drama; Comedy,2
2319,Betty Blue,shuffle_50,18;35;10749,Drama; Comedy; Romance,3
7425,The Prince & Me,shuffle_50,14;18;35;10749,Fantasy; Drama; Comedy; Romance,4
916,Laurence Anyways,shuffle_50,18;35;10749,Drama; Comedy; Romance,3
9369,The Maiden Heist,shuffle_50,12;28;35;53;80,Adventure; Action; Comedy; Thriller; Crime,5
4345,An Unfinished Life,shuffle_50,18,Drama,1
7191,No Escape,shuffle_50,12;18;28;53;80,Adventure; Drama; Action; Thriller; Crime,5
8369,The Marvels,shuffle_50,12;16;35;878;10749;10751,Adventure; Animation; Comedy; Science Fiction; Romance; Family,6
2010,Carrie,shuffle_50,18;27;53,Drama; Horror; Thriller,3
7722,Happily Mixed Up,shuffle_50,18,Drama,1
194,The Hunt,shuffle_50,18;35;53,Drama; Comedy; Thriller,3
7314,The Other Woman,shuffle_50,18;35;10749,Drama; Comedy; Romance,3
6475,Flypaper,shuffle_50,18;28;35;53;80;10749,Drama; Action; Comedy; Thriller; Crime; Romance,6
9513,Truth or Dare,shuffle_50,18;27;35;53,Drama; Horror; Comedy; Thriller,4
7049,Your Place or Mine,shuffle_50,16;35;10749;10751,Animation; Comedy; Romance; Family,4
6424,Don't Think Twice,shuffle_50,18;35;53;80,Drama; Comedy; Thriller; Crime,4
4977,Troll Hunter,shuffle_50,18;27;53,Drama; Horror; Thriller,3
998,Mortal Kombat Legends: Battle of the Realms,shuffle_50,12;14;16;28;878,Adventure; Fantasy; Animation; Action; Science Fiction,5
6904,Beauty Shop,shuffle_50,18;28;35;53;80,Drama; Action; Comedy; Thriller; Crime,5
8099,Arcadian,shuffle_50,12;27;28;53;878,Adventure; Horror; Action; Thriller; Science Fiction,5
5448,Silent Hill,shuffle_50,18;27;53;9648,Drama; Horror; Thriller; Mystery,4
9327,Momentum,shuffle_50,28;53;80;9648,Action; Thriller; Crime; Mystery,4
7114,The Dead Pool,shuffle_50,18;35;80,Drama; Comedy; Crime,3
3408,Mickey's Twice Upon a Christmas,shuffle_50,12;14;16;35;10751,Adventure; Fantasy; Animation; Comedy; Family,5
5405,The Wizard of Lies,shuffle_50,18;53;80,Drama; Thriller; Crime,3
2850,Tangled Ever After,shuffle_50,12;14;16;35;10749;10751,Adventure; Fantasy; Animation; Comedy; Romance; Family,6
8088,Sanctum,shuffle_50,12;18;28,Adventure; Drama; Action,3
2705,Kiss Kiss Bang Bang,shuffle_50,18;28;35;53;80,Drama; Action; Comedy; Thriller; Crime,5
6846,The Visit,shuffle_50,18;27;35,Drama; Horror; Comedy,3
432,Divorce Italian Style,shuffle_50,18;35;10749,Drama; Comedy; Romance,3
7851,F,shuffle_50,18;27;28;53,Drama; Horror; Action; Thriller,4
4028,Rango,shuffle_50,12;16;18;28;10751,Adventure; Animation; Drama; Action; Family,5
1048,The Fault in Our Stars,shuffle_50,18;878;10751,Drama; Science Fiction; Family,3
4923,RED,shuffle_50,18;28;35;53;80,Drama; Action; Comedy; Thriller; Crime,5
1935,A Nightmare on Elm Street,shuffle_50,27;53,Horror; Thriller,2
4569,Asterix in Britain,shuffle_50,12;14;16;28;35;10751,Adventure; Fantasy; Animation; Action; Comedy; Family,6
195,New Gods: Nezha Reborn,shuffle_50,12;14;16;28;35;878,Adventure; Fantasy; Animation; Action; Comedy; Science Fiction,6
4697,Superman II,shuffle_50,12;16;28;878,Adventure; Animation; Action; Science Fiction,4
392,We Are the Nobles,shuffle_50,18;35,Drama; Comedy,2
8213,Alvin and the Chipmunks: The Road Chip,shuffle_50,18;35;10749,Drama; Comedy; Romance,3
6304,Wild Target,shuffle_50,18;28;53;80,Drama; Action; Thriller; Crime,4
3110,What's Love Got to Do with It,shuffle_50,18;35;10749,Drama; Comedy; Romance,3
4715,Road House,shuffle_50,18;35;53;80,Drama; Comedy; Thriller; Crime,4
5549,Lionheart,shuffle_50,18;28;80,Drama; Action; Crime,3
2066,Red Dog,shuffle_50,12;18;35;10751,Adventure; Drama; Comedy; Family,4
1716,Rushmore,shuffle_50,18;35;10749,Drama; Comedy; Romance,3
537,The Shadow in My Eye,shuffle_50,18;28;36;53;10752,Drama; Action; History; Thriller; War,5
7092,Legends of Oz: Dorothy's Return,shuffle_50,12;14;16;35;10751,Adventure; Fantasy; Animation; Comedy; Family,5
6211,The Uninvited,shuffle_50,18;27;53;9648,Drama; Horror; Thriller; Mystery,4
4824,Bumblebee,shuffle_50,12;16;35;10751,Adventure; Animation; Comedy; Family,4
2220,Riders of Justice,shuffle_50,18;27;53,Drama; Horror; Thriller,3
2109,Sonic the Hedgehog,shuffle_50,12;14;16;28;35;878;10751,Adventure; Fantasy; Animation; Action; Comedy; Science Fiction; Family,7
2137,The Fundamentals of Caring,shuffle_50,18;35,Drama; Comedy,2
8471,Alexander,shuffle_50,12;16;18;28;36;878;10752,Adventure; Animation; Drama; Action; History; Science Fiction; War,7
8919,Neighbors 2: Sorority Rising,shuffle_50,18;35,Drama; Comedy,2
7279,Accident Man,shuffle_50,18;28;35;53;80,Drama; Action; Comedy; Thriller; Crime,5
2200,Land of Bad,shuffle_50,28;35;53;878,Action; Comedy; Thriller; Science Fiction,4
954,The Longest Ride,shuffle_50,18;35;10749,Drama; Comedy; Romance,3
5846,Dragonslayer,shuffle_50,12;14;28;10751,Adventure; Fantasy; Action; Family,4
2761,Confession of Murder,shuffle_50,18;27;28;53;80;9648,Drama; Horror; Action; Thriller; Crime; Mystery,6
3169,Patriots Day,shuffle_50,18;28;53;80,Drama; Action; Thriller; Crime,4
4930,Night Moves,shuffle_50,18;35;53;80;9648,Drama; Comedy; Thriller; Crime; Mystery,5
7857,V/H/S/94,shuffle_50,27;28;53;878;9648,Horror; Action; Thriller; Science Fiction; Mystery,5
459,Persepolis,shuffle_50,18;36,Drama; History,2
3793,Nine to Five,shuffle_50,18;35;80,Drama; Comedy; Crime,3
742,Slumdog Millionaire,shuffle_50,18;35;80,Drama; Comedy; Crime,3
9458,Leatherface,shuffle_50,18;27;28;53,Drama; Horror; Action; Thriller,4
5743,Looking for Eric,shuffle_50,18;35,Drama; Comedy,2
50,American History X,shuffle_50,18;28;53;80,Drama; Action; Thriller; Crime,4
2108,Stolen Kisses,shuffle_50,18;35;10749,Drama; Comedy; Romance,3
3005,Ariel,shuffle_50,18;35;53,Drama; Comedy; Thriller,3
2698,Monsieur Lazhar,shuffle_50,18,Drama,1
6130,The Love Witch,shuffle_50,14;35;10749,Fantasy; Comedy; Romance,3
2762,House of Sand and Fog,shuffle_50,18;35;53;80,Drama; Comedy; Thriller; Crime,4
8909,Analyze That,shuffle_50,18;35;53;80,Drama; Comedy; Thriller; Crime,4
4555,Kill the Irishman,shuffle_50,18;28;53;80,Drama; Action; Thriller; Crime,4
3314,My Neighbors the Yamadas,shuffle_50,18;35,Drama; Comedy,2
6867,Yara,shuffle_50,18;27;53;80;9648,Drama; Horror; Thriller; Crime; Mystery,5
866,Scooby-Doo on Zombie Island,shuffle_50,12;14;16;27;35;10751,Adventure; Fantasy; Animation; Horror; Comedy; Family,6
5897,Bubba Ho-tep,shuffle_50,18;35,Drama; Comedy,2
3362,An Officer and a Gentleman,shuffle_50,18;28;35,Drama; Action; Comedy,3
5462,Goya's Ghosts,shuffle_50,18;28;53,Drama; Action; Thriller,3
3704,RocknRolla,shuffle_50,35;53;80,Comedy; Thriller; Crime,3
2058,"Good Morning, Vietnam",shuffle_50,18;35,Drama; Comedy,2
3919,Finestkind,shuffle_50,18;28;35;53;80,Drama; Action; Comedy; Thriller; Crime,5
7768,Ad Astra,shuffle_50,12;18;28;53;878,Adventure; Drama; Action; Thriller; Science Fiction,5
8004,No Filter,shuffle_50,18;35;10749,Drama; Comedy; Romance,3
7957,Kill Your Friends,shuffle_50,18;35;53;10402,Drama; Comedy; Thriller; Music,4
8023,My Life Without Me,shuffle_50,18;53,Drama; Thriller,2
8173,Bee Movie,shuffle_50,18;35;878,Drama; Comedy; Science Fiction,3
3737,Fly Away Home,shuffle_50,18;27;35;10751,Drama; Horror; Comedy; Family,4
5273,Aline,shuffle_50,18;35;10402,Drama; Comedy; Music,3
2229,Jeremiah Johnson,shuffle_50,12;14;18;28,Adventure; Fantasy; Drama; Action,4
4706,Tucker: The Man and His Dream,shuffle_50,18;878,Drama; Science Fiction,2
9060,We Are What We Are,shuffle_50,12;18;27;28;53,Adventure; Drama; Horror; Action; Thriller,5
2063,Duck Soup,shuffle_50,18;35,Drama; Comedy,2
3257,Elephant,shuffle_50,18;35,Drama; Comedy,2
9891,Behaving Badly,shuffle_50,18;35;10749,Drama; Comedy; Romance,3
3808,Project Silence,shuffle_50,18;27;28;53;878,Drama; Horror; Action; Thriller; Science Fiction,5
6370,"My Donkey, My Lover & I",shuffle_50,12;18;35;10749;10751,Adventure; Drama; Comedy; Romance; Family,5
863,12 Angry Men,shuffle_50,18;53;80,Drama; Thriller; Crime,3
2830,After the Wedding,shuffle_50,18;53,Drama; Thriller,2
6596,The Imaginarium of Doctor Parnassus,shuffle_50,12;14;28;35,Adventure; Fantasy; Action; Comedy,4
7661,Ben 10: Alien Swarm,shuffle_50,12;28;53;878,Adventure; Action; Thriller; Science Fiction,4
9043,Black Sheep,shuffle_50,27;878,Horror; Science Fiction,2
3112,The Thirteenth Floor,shuffle_50,18;35;53,Drama; Comedy; Thriller,3
6154,Olaf's Frozen Adventure,shuffle_50,12;14;16;35;10751,Adventure; Fantasy; Animation; Comedy; Family,5
1132,Gattaca,shuffle_50,12;28;35,Adventure; Action; Comedy,3
6679,New Kids Turbo,shuffle_50,18;35;80,Drama; Comedy; Crime,3
6352,Operation Christmas Drop,shuffle_50,18;28;53,Drama; Action; Thriller,3
6897,Flushed Away,shuffle_50,12;16;35;10751,Adventure; Animation; Comedy; Family,4
9302,Damaged,shuffle_50,18;53;80;9648,Drama; Thriller; Crime; Mystery,4
4186,Moonstruck,shuffle_50,18;35;10749,Drama; Comedy; Romance,3
9506,Deep Blue Sea 3,shuffle_50,12;18;35;878;10751,Adventure; Drama; Comedy; Science Fiction; Family,5
1553,Scarface,shuffle_50,18;28;35;53;80,Drama; Action; Comedy; Thriller; Crime,5
8924,Young Adult,shuffle_50,18;35;10749,Drama; Comedy; Romance,3
2655,Identity,shuffle_50,27;53;9648,Horror; Thriller; Mystery,3
9460,Family Pack,shuffle_50,12;14;16;28;35;10751,Adventure; Fantasy; Animation; Action; Comedy; Family,6
919,Vampire Hunter D: Bloodlust,shuffle_50,27;28;35;80,Horror; Action; Comedy; Crime,4
2957,A Writer's Odyssey,shuffle_50,12;14;16;28,Adventure; Fantasy; Animation; Action,4
5598,Who You Think I Am,shuffle_50,18;35;10749,Drama; Comedy; Romance,3
9215,Porky's II: The Next Day,shuffle_50,18;27;35,Drama; Horror; Comedy,3
9951,Havoc,shuffle_50,18;35;80,Drama; Comedy; Crime,3
5870,Turbo Kid,shuffle_50,12;14;18;28,Adventure; Fantasy; Drama; Action,4
2826,The Rock,shuffle_50,18;28;53;80,Drama; Action; Thriller; Crime,4
4831,Dreamgirls,shuffle_50,18;35;10402;10749,Drama; Comedy; Music; Romance,4
899,Onward,shuffle_50,12;14;16;35;10751,Adventure; Fantasy; Animation; Comedy; Family,5
7350,Alice and the Mayor,shuffle_50,18;35,Drama; Comedy,2
5022,Yes Man,shuffle_50,18;35,Drama; Comedy,2
8371,When in Rome,shuffle_50,18;35;10749;10751,Drama; Comedy; Romance; Family,4
3153,SPY x FAMILY CODE: White,shuffle_50,12;28;35;53,Adventure; Action; Comedy; Thriller,4
6119,Bridget Jones: Mad About the Boy,shuffle_50,18;35;10749,Drama; Comedy; Romance,3
6726,The Only Living Boy in New York,shuffle_50,18;35;10749,Drama; Comedy; Romance,3
6890,Dead in a Week (Or Your Money Back),shuffle_50,18;28;53;80,Drama; Action; Thriller; Crime,4
53,Princess Mononoke,shuffle_50,12;14;16;18;28,Adventure; Fantasy; Animation; Drama; Action,5
4530,Perfect Addiction,shuffle_50,18;28,Drama; Action,2
7321,Megan Is Missing,shuffle_50,18;27;35;53,Drama; Horror; Comedy; Thriller,4
7738,Housesitter,shuffle_50,18;35;10749,Drama; Comedy; Romance,3
1058,The Wizard of Oz,shuffle_50,12;14;16;35;10751,Adventure; Fantasy; Animation; Comedy; Family,5
7960,Duplex,shuffle_50,27;35;10749,Horror; Comedy; Romance,3
3944,The Hidden,shuffle_50,18;28;53;80,Drama; Action; Thriller; Crime,4
5543,Ender's Game,shuffle_50,12;18;28;878;10751,Adventure; Drama; Action; Science Fiction; Family,5
4162,Denial,shuffle_50,18;36,Drama; History,2
290,Citizen Kane,shuffle_50,18;35,Drama; Comedy,2
717,Gran Turismo,shuffle_50,12;18;35;10751,Adventure; Drama; Comedy; Family,4
584,Spotlight,shuffle_50,18;27;53,Drama; Horror; Thriller,3
3508,This Must Be the Place,shuffle_50,18;35;53;80,Drama; Comedy; Thriller; Crime,4
1103,Spies in Disguise,shuffle_50,12;18;28;35;878,Adventure; Drama; Action; Comedy; Science Fiction,5
7365,The Night Clerk,shuffle_50,18;35;53;80;9648,Drama; Comedy; Thriller; Crime; Mystery,5
7951,The SpongeBob Movie: Sponge Out of Water,shuffle_50,12;14;16;28;35;10751,Adventure; Fantasy; Animation; Action; Comedy; Family,6
1112,"Girl, Interrupted",shuffle_50,14;18;35;10749,Fantasy; Drama; Comedy; Romance,4
8563,Curse of Chucky,shuffle_50,14;18;27;53;9648,Fantasy; Drama; Horror; Thriller; Mystery,5
8522,Pyewacket,shuffle_50,14;18;27;53;9648,Fantasy; Drama; Horror; Thriller; Mystery,5
4553,Anna and the King,shuffle_50,18;10749,Drama; Romance,2
5111,The Spiderwick Chronicles,shuffle_50,12;14;16;35;10751,Adventure; Fantasy; Animation; Comedy; Family,5
9159,Arthur and the Revenge of Maltazard,shuffle_50,12;14;35,Adventure; Fantasy; Comedy,3
8686,Line of Duty,shuffle_50,18;28;35;53;80,Drama; Action; Comedy; Thriller; Crime,5
542,Two Women,shuffle_50,18;10752,Drama; War,2
5531,Star Wars: Episode II - Attack of the Clones,shuffle_50,18;28;878,Drama; Action; Science Fiction,3
5529,House of Gucci,shuffle_50,18;35;10749,Drama; Comedy; Romance,3
1683,Boys Don't Cry,shuffle_50,18;35;10749,Drama; Comedy; Romance,3
8472,"Farewell, My Queen",shuffle_50,18;36;10749,Drama; History; Romance,3
4976,Time Freak,shuffle_50,18;35;878;10749,Drama; Comedy; Science Fiction; Romance,4
5687,Fragile,shuffle_50,18;27;53;9648,Drama; Horror; Thriller; Mystery,4
2550,The Animatrix,shuffle_50,12;16;28;35;878,Adventure; Animation; Action; Comedy; Science Fiction,5
5810,Ramona and Beezus,shuffle_50,14;16;18;35;10751,Fantasy; Animation; Drama; Comedy; Family,5
4386,The Women on the 6th Floor,shuffle_50,18;35;10749,Drama; Comedy; Romance,3
7751,Big Trouble,shuffle_50,18;35;80,Drama; Comedy; Crime,3
995,The Others,shuffle_50,14;18;27;10749,Fantasy; Drama; Horror; Romance,4
4023,Mike's New Car,shuffle_50,35;10751,Comedy; Family,2
6574,Baba Yaga: Terror of the Dark Forest,shuffle_50,14;16;27;35;9648;10751,Fantasy; Animation; Horror; Comedy; Mystery; Family,6
3210,Futurama: Into the Wild Green Yonder,shuffle_50,12;14;16;27;28;35;878,Adventure; Fantasy; Animation; Horror; Action; Comedy; Science Fiction,7
402,Amélie,shuffle_50,35;10749,Comedy; Romance,2
7862,The Zero Theorem,shuffle_50,18;53;878,Drama; Thriller; Science Fiction,3
4335,The Dry,shuffle_50,18;35,Drama; Comedy,2
9059,A Christmas Horror Story,shuffle_50,35;10751,Comedy; Family,2
7776,Cocktail,shuffle_50,18;35;80,Drama; Comedy; Crime,3
1341,Boyhood,shuffle_50,18;35;10749,Drama; Comedy; Romance,3
6666,Octopussy,shuffle_50,12;28;53;80;9648,Adventure; Action; Thriller; Crime; Mystery,5
2993,Welcome to the Dollhouse,shuffle_50,18;35,Drama; Comedy,2
6943,Mighty Joe Young,shuffle_50,18;27;35;53;878,Drama; Horror; Comedy; Thriller; Science Fiction,5
3669,Insomnia,shuffle_50,27;35;53;80;9648,Horror; Comedy; Thriller; Crime; Mystery,5
1993,The Magnificent Ambersons,shuffle_50,14;18;35;10749,Fantasy; Drama; Comedy; Romance,4
7315,Knight and Day,shuffle_50,18;28;53,Drama; Action; Thriller,3
3411,The High Note,shuffle_50,18;35;10402;10749,Drama; Comedy; Music; Romance,4
9198,Red Planet,shuffle_50,12;28;35;53;878,Adventure; Action; Comedy; Thriller; Science Fiction,5
4056,Hellraiser,shuffle_50,12;14;18;35,Adventure; Fantasy; Drama; Comedy,4
286,Robot Dreams,shuffle_50,16;18;35;10749;10751,Animation; Drama; Comedy; Romance; Family,5
5815,RED 2,shuffle_50,18;28;35,Drama; Action; Comedy,3
8807,Sgt. Bilko,shuffle_50,12;18;28;35;10752,Adventure; Drama; Action; Comedy; War,5
6362,Drop,shuffle_50,18;35;10749,Drama; Comedy; Romance,3
2517,Maria Full of Grace,shuffle_50,18;35;80,Drama; Comedy; Crime,3
7212,Sky High,shuffle_50,12;14;16;18;28;878,Adventure; Fantasy; Animation; Drama; Action; Science Fiction,6
3346,After We Fell,shuffle_50,18;53;10749,Drama; Thriller; Romance,3
1720,Once Were Warriors,shuffle_50,18;10749,Drama; Romance,2
714,Notorious,shuffle_50,18;28;53;80;10752,Drama; Action; Thriller; Crime; War,5
1554,Erin Brockovich,shuffle_50,18;35;53;10749,Drama; Comedy; Thriller; Romance,4
8887,Fading Gigolo,shuffle_50,18;35;10749;10751,Drama; Comedy; Romance; Family,4
9701,Forces of Nature,shuffle_50,35;10749,Comedy; Romance,2
178,Portrait of a Lady on Fire,shuffle_50,18;10749,Drama; Romance,2
304,Sound of Freedom,shuffle_50,18;53,Drama; Thriller,2
3262,Apollo 10½: A Space Age Childhood,shuffle_50,14;18;35;10751,Fantasy; Drama; Comedy; Family,4
4420,Black or White,shuffle_50,18,Drama,1
2071,Dog,shuffle_50,18;28;35,Drama; Action; Comedy,3
7008,Cannibal Holocaust,shuffle_50,12;18;35;878,Adventure; Drama; Comedy; Science Fiction,4
5176,House of Usher,shuffle_50,27;28,Horror; Action,2
5834,The Ref,shuffle_50,18;27;35;53,Drama; Horror; Comedy; Thriller,4
7352,Zambezia,shuffle_50,12;16;18;10751,Adventure; Animation; Drama; Family,4
9847,Slumber,shuffle_50,14;27;35;53,Fantasy; Horror; Comedy; Thriller,4
2049,Deliverance,shuffle_50,18;35;53,Drama; Comedy; Thriller,3
3354,C'est la vie!,shuffle_50,28;35;10749,Action; Comedy; Romance,3
1715,Hour of the Wolf,shuffle_50,18;35;10749,Drama; Comedy; Romance,3
6888,Bad Taste,shuffle_50,12;28;35;878,Adventure; Action; Comedy; Science Fiction,4
9031,Big Momma's House 2,shuffle_50,12;28;35;10751,Adventure; Action; Comedy; Family,4
5442,Brewster's Millions,shuffle_50,18;35,Drama; Comedy,2
5007,The Return,shuffle_50,18;27;35,Drama; Horror; Comedy,3
1430,Fist of Legend,shuffle_50,18;28;35,Drama; Action; Comedy,3
2489,Little Manhattan,shuffle_50,18;35,Drama; Comedy,2
2545,Time to Hunt,shuffle_50,18;28;35;53;80,Drama; Action; Comedy; Thriller; Crime,5
4713,Germinal,shuffle_50,18;36;80,Drama; History; Crime,3
1146,Inside Out 2,shuffle_50,18;35;53,Drama; Comedy; Thriller,3
8853,Replicant,shuffle_50,27;28;35;53;80;878,Horror; Action; Comedy; Thriller; Crime; Science Fiction,6
6468,Baggio: The Divine Ponytail,shuffle_50,18;35,Drama; Comedy,2
3347,One Night in Miami...,shuffle_50,18;28;36,Drama; Action; History,3
1334,Band of Outsiders,shuffle_50,18;35,Drama; Comedy,2
9438,Diana,shuffle_50,18;10749,Drama; Romance,2
967,The Turin Horse,shuffle_50,18,Drama,1
8297,Anon,shuffle_50,18;27;53;9648,Drama; Horror; Thriller; Mystery,4
5244,Contagion,shuffle_50,18;27;28;53;878,Drama; Horror; Action; Thriller; Science Fiction,5
4592,Teen Beach 2,shuffle_50,35;10751,Comedy; Family,2
8526,Thanks for Sharing,shuffle_50,18;35,Drama; Comedy,2
9994,Hollywood Homicide,shuffle_50,18;28;35;53;80,Drama; Action; Comedy; Thriller; Crime,5
496,Perfect Strangers,shuffle_50,18;35;10749,Drama; Comedy; Romance,3
971,Sniper: The White Raven,shuffle_50,18;28,Drama; Action,2
7663,That Awkward Moment,shuffle_50,18;35;10749,Drama; Comedy; Romance,3
9161,Urban Legend,shuffle_50,18;27;53;80;9648,Drama; Horror; Thriller; Crime; Mystery,5
3785,Streets of Fire,shuffle_50,12;28;35,Adventure; Action; Comedy,3
9172,The Midnight Sky,shuffle_50,12;18;53;878,Adventure; Drama; Thriller; Science Fiction,4
4882,Boiler Room,shuffle_50,18;35,Drama; Comedy,2
7824,Trouble at Timpetill,shuffle_50,18;27,Drama; Horror,2
2979,Lamp Life,shuffle_50,16;18;35;10751,Animation; Drama; Comedy; Family,4
8429,The Oxford Murders,shuffle_50,18;27;53;9648,Drama; Horror; Thriller; Mystery,4
1654,They Call Me Jeeg,shuffle_50,12;28;35,Adventure; Action; Comedy,3
7583,Never Been Kissed,shuffle_50,18;35;80;10749,Drama; Comedy; Crime; Romance,4
5921,The Invisible Guardian,shuffle_50,14;18;27;53;9648,Fantasy; Drama; Horror; Thriller; Mystery,5
8963,Robinson Crusoe,shuffle_50,12;14;16;35;10751,Adventure; Fantasy; Animation; Comedy; Family,5
382,"Batman: The Dark Knight Returns, Part 2",shuffle_50,12;16;28;878,Adventure; Animation; Action; Science Fiction,4
1746,Law Abiding Citizen,shuffle_50,18;28;53;80,Drama; Action; Thriller; Crime,4
7134,Ant-Man and the Wasp: Quantumania,shuffle_50,12;14;16;28;35;878,Adventure; Fantasy; Animation; Action; Comedy; Science Fiction,6
1215,The Second Tragic Fantozzi,shuffle_50,16;35;10751,Animation; Comedy; Family,3
7345,Jigsaw,shuffle_50,27;28;53;80;878;9648,Horror; Action; Thriller; Crime; Science Fiction; Mystery,6
2859,Matthias & Maxime,shuffle_50,18;35;10749,Drama; Comedy; Romance,3
2502,The Ten Commandments: The Movie,shuffle_50,12;18;36,Adventure; Drama; History,3
1396,Birdman of Alcatraz,shuffle_50,18;53;80;9648,Drama; Thriller; Crime; Mystery,4
1465,The Croods: A New Age,shuffle_50,12;27;53;10751,Adventure; Horror; Thriller; Family,4
5305,Valerian and the City of a Thousand Planets,shuffle_50,12;18;28;53;878,Adventure; Drama; Action; Thriller; Science Fiction,5
4897,Just Go with It,shuffle_50,18;35;53;10749,Drama; Comedy; Thriller; Romance,4
1598,Trinity Is Still My Name,shuffle_50,18;28;35;80,Drama; Action; Comedy; Crime,4
4615,Primer,shuffle_50,12;18;878,Adventure; Drama; Science Fiction,3
9232,The Art of War,shuffle_50,18;28;53;80,Drama; Action; Thriller; Crime,4
5315,Mr. Morgan's Last Love,shuffle_50,18;35;10749,Drama; Comedy; Romance,3
1609,American Me,shuffle_50,18;28;53;80,Drama; Action; Thriller; Crime,4
6534,Creep,shuffle_50,18;35,Drama; Comedy,2
3561,The White Tiger,shuffle_50,12;18;35,Adventure; Drama; Comedy,3
3143,The Matrix Reloaded,shuffle_50,12;28;53;878,Adventure; Action; Thriller; Science Fiction,4
1986,Just Another Christmas,shuffle_50,27;35;10751,Horror; Comedy; Family,3
8285,Flight of the Phoenix,shuffle_50,12;18;28;35;53,Adventure; Drama; Action; Comedy; Thriller,5
8843,The Big Wedding,shuffle_50,35;10751,Comedy; Family,2
1234,The Girl with the Dragon Tattoo,shuffle_50,18;53;80,Drama; Thriller; Crime,3
4540,Battlestar Galactica: The Plan,shuffle_50,28;53;878,Action; Thriller; Science Fiction,3
5519,The Lord of the Rings,shuffle_50,12;14;16;28;878,Adventure; Fantasy; Animation; Action; Science Fiction,5
3791,Tracks,shuffle_50,12;18;35;10749;10751,Adventure; Drama; Comedy; Romance; Family,5
1189,Let the Right One In,shuffle_50,18;35,Drama; Comedy,2
9436,Max Steel,shuffle_50,12;14;16;28;35;878;10751,Adventure; Fantasy; Animation; Action; Comedy; Science Fiction; Family,7
4641,Jersey Boys,shuffle_50,18;35;10402,Drama; Comedy; Music,3
4769,The Fog,shuffle_50,14;27;35;9648,Fantasy; Horror; Comedy; Mystery,4
5031,Meet the Parents,shuffle_50,18;35;10749,Drama; Comedy; Romance,3
7593,Jumper,shuffle_50,18;35;878,Drama; Comedy; Science Fiction,3
7709,The Amityville Horror,shuffle_50,18;27;35;10749,Drama; Horror; Comedy; Romance,4
8969,Fantastic Four,shuffle_50,12;14;16;28;878,Adventure; Fantasy; Animation; Action; Science Fiction,5
6047,The Last Days of American Crime,shuffle_50,18;28;53;80;878,Drama; Action; Thriller; Crime; Science Fiction,5
7284,Bridget Jones: The Edge of Reason,shuffle_50,18;35;53;80;10749,Drama; Comedy; Thriller; Crime; Romance,5
8021,Sleepover,shuffle_50,35;10749;10751,Comedy; Romance; Family,3
7868,Village of the Damned,shuffle_50,18;27;53,Drama; Horror; Thriller,3
6837,Bend It Like Beckham,shuffle_50,18;35;10749,Drama; Comedy; Romance,3
2632,Invictus,shuffle_50,18;35;36,Drama; Comedy; History,3
1775,Burning,shuffle_50,16;18;35;10749;10751,Animation; Drama; Comedy; Romance; Family,5
6545,Wonder Wheel,shuffle_50,18;35;10751,Drama; Comedy; Family,3
8751,The Spy Next Door,shuffle_50,18;35;53;80,Drama; Comedy; Thriller; Crime,4
5118,Back to Black,shuffle_50,18;10402;10749,Drama; Music; Romance,3
1843,The Big Short,shuffle_50,18;28;35;36;878,Drama; Action; Comedy; History; Science Fiction,5
4243,The Man Who Invented Christmas,shuffle_50,14;18;35;10751,Fantasy; Drama; Comedy; Family,4
7744,Once Upon a Time in Bethlehem,shuffle_50,12;14;27;28,Adventure; Fantasy; Horror; Action,4
9752,Poison Ivy,shuffle_50,18;35;10749,Drama; Comedy; Romance,3
2286,Star Wars: The Force Awakens,shuffle_50,12;16;28;878;10752,Adventure; Animation; Action; Science Fiction; War,5
7217,"Marry Me, Dude",shuffle_50,18;35,Drama; Comedy,2
2203,Heathers,shuffle_50,18;35,Drama; Comedy,2
8900,Big Momma's House,shuffle_50,28;35;53;80,Action; Comedy; Thriller; Crime,4
6554,The Awakening,shuffle_50,18;27;53;9648,Drama; Horror; Thriller; Mystery,4
2003,The Sea Beast,shuffle_50,12;14;16;28;35;10751,Adventure; Fantasy; Animation; Action; Comedy; Family,6
1265,Tell It to the Bees,shuffle_50,18;35;10749;10751,Drama; Comedy; Romance; Family,4
3555,The Amateur,shuffle_50,18;28;53;80,Drama; Action; Thriller; Crime,4
2763,Peter Pan,shuffle_50,12;14;16;35;10751,Adventure; Fantasy; Animation; Comedy; Family,5
755,The Sound of Music,shuffle_50,18;35;10749;10752,Drama; Comedy; Romance; War,4
8019,French Twist,shuffle_50,18;35;10749,Drama; Comedy; Romance,3
5983,Kinds of Kindness,shuffle_50,14;18;35,Fantasy; Drama; Comedy,3
6710,The Good Shepherd,shuffle_50,18,Drama,1
5045,Geek Charming,shuffle_50,35;10749;10751,Comedy; Romance; Family,3
8534,The Specialist,shuffle_50,28;35;53;80,Action; Comedy; Thriller; Crime,4
3843,Crazy Heart,shuffle_50,18;35;10402;10749,Drama; Comedy; Music; Romance,4
6830,The Bar,shuffle_50,27;35;53;80,Horror; Comedy; Thriller; Crime,4
6072,The Manchurian Candidate,shuffle_50,18;28;35,Drama; Action; Comedy,3
9814,Downsizing,shuffle_50,18;35;878;10749,Drama; Comedy; Science Fiction; Romance,4
7982,Justice League,shuffle_50,12;14;16;28;35;878;10751,Adventure; Fantasy; Animation; Action; Comedy; Science Fiction; Family,7
3996,Saboteur,shuffle_50,18;28;35;53;80,Drama; Action; Comedy; Thriller; Crime,5
651,Dune,shuffle_50,12;28;878,Adventure; Action; Science Fiction,3
555,A Fistful of Dollars,shuffle_50,18;28;35;53;80,Drama; Action; Comedy; Thriller; Crime,5
2284,The Hurt Locker,shuffle_50,18;28;35;53;10752,Drama; Action; Comedy; Thriller; War,5
3708,The Angels' Share,shuffle_50,18;35,Drama; Comedy,2
6832,The Immigrant,shuffle_50,18;35;10749,Drama; Comedy; Romance,3
40,Se7en,shuffle_50,27;53;80;9648,Horror; Thriller; Crime; Mystery,4
1083,Brother,shuffle_50,18;28;35;53,Drama; Action; Comedy; Thriller,4
3234,Red One,shuffle_50,12;14;16;28;35;53;10751,Adventure; Fantasy; Animation; Action; Comedy; Thriller; Family,7
8155,Despite Everything,shuffle_50,18;35,Drama; Comedy,2
92,Avengers: Infinity War,shuffle_50,12;16;28;53;878,Adventure; Animation; Action; Thriller; Science Fiction,5
1154,We Need to Talk About Kevin,shuffle_50,18;27,Drama; Horror,2
5901,Revenge,shuffle_50,18;35;10749,Drama; Comedy; Romance,3
521,Dances with Wolves,shuffle_50,18;53,Drama; Thriller,2
7454,Elizabethtown,shuffle_50,18;35;53;10749,Drama; Comedy; Thriller; Romance,4
2694,Boyka: Undisputed IV,shuffle_50,16;28;35;80;878,Animation; Action; Comedy; Crime; Science Fiction,5
8724,Beverly Hills Cop III,shuffle_50,28;35;53;80;9648,Action; Comedy; Thriller; Crime; Mystery,5
7149,Killer Elite,shuffle_50,12;28;35;53;80,Adventure; Action; Comedy; Thriller; Crime,5
6778,I Want You Back,shuffle_50,18;35;10749;10751,Drama; Comedy; Romance; Family,4
414,Army of Shadows,shuffle_50,18;28;53,Drama; Action; Thriller,3
7587,Bright,shuffle_50,14;16;28;35;878;10751,Fantasy; Animation; Action; Comedy; Science Fiction; Family,6
3261,The Lake House,shuffle_50,18;35;9648;10749,Drama; Comedy; Mystery; Romance,4
7476,The Big White,shuffle_50,18;28;53;80,Drama; Action; Thriller; Crime,4
2780,Stargate: The Ark of Truth,shuffle_50,12;16;28;53;878,Adventure; Animation; Action; Thriller; Science Fiction,5
2331,Team Thor,shuffle_50,12;18;28;36;878;10752,Adventure; Drama; Action; History; Science Fiction; War,6
3596,Addams Family Values,shuffle_50,27;35;10751,Horror; Comedy; Family,3
9724,Serenity,shuffle_50,18,Drama,1
6912,The Fury,shuffle_50,12;28;53;878,Adventure; Action; Thriller; Science Fiction,4
6482,"Hello, My Name Is Doris",shuffle_50,18;35;10749,Drama; Comedy; Romance,3
1105,Ferris Bueller's Day Off,shuffle_50,18;35;10749;10751,Drama; Comedy; Romance; Family,4
5399,Side Effects,shuffle_50,18;53,Drama; Thriller,2
4460,2048: Nowhere to Run,shuffle_50,18;28;35;878,Drama; Action; Comedy; Science Fiction,4
6071,School Ties,shuffle_50,18;35,Drama; Comedy,2
5999,Borgman,shuffle_50,18;27;35,Drama; Horror; Comedy,3
4712,What If,shuffle_50,18;35;10749,Drama; Comedy; Romance,3
1640,The Muppet Christmas Carol,shuffle_50,14;18;35;10751,Fantasy; Drama; Comedy; Family,4
709,The Color Purple,shuffle_50,18;35;10749,Drama; Comedy; Romance,3
7223,Parkland,shuffle_50,18;36,Drama; History,2
6026,A Guide to Recognizing Your Saints,shuffle_50,18;35,Drama; Comedy,2
9249,Office Christmas Party,shuffle_50,18;35;10751,Drama; Comedy; Family,3
3899,36th Precinct,shuffle_50,18;28;35;53;80,Drama; Action; Comedy; Thriller; Crime,5
1056,Beasts of No Nation,shuffle_50,12;18;10752,Adventure; Drama; War,3
2852,Suspicion,shuffle_50,18;35;53;80;10749,Drama; Comedy; Thriller; Crime; Romance,5
5621,Star Wars: Episode I - The Phantom Menace,shuffle_50,12;16;28;878,Adventure; Animation; Action; Science Fiction,4
946,Boogie Nights,shuffle_50,18;35;10402;10749,Drama; Comedy; Music; Romance,4
689,The Untouchables,shuffle_50,18;28;35;80,Drama; Action; Comedy; Crime,4
6974,Single White Female,shuffle_50,18;35;10749,Drama; Comedy; Romance,3
1686,The Omen,shuffle_50,12;35,Adventure; Comedy,2
4271,The Red Sea Diving Resort,shuffle_50,12;18;28;53;10752,Adventure; Drama; Action; Thriller; War,5
9555,The Platform 2,shuffle_50,18;28;53;80;878,Drama; Action; Thriller; Crime; Science Fiction,5
5844,Young Guns II,shuffle_50,18;28;80,Drama; Action; Crime,3
9511,Horizon Line,shuffle_50,18;35;10749,Drama; Comedy; Romance,3
1034,Sin Nombre,shuffle_50,18;28;35,Drama; Action; Comedy,3
6309,Halloween Kills,shuffle_50,14;27;28,Fantasy; Horror; Action,3
7233,Rock Dog,shuffle_50,14;16;18;35;10749;10751,Fantasy; Animation; Drama; Comedy; Romance; Family,6
3638,Tsotsi,shuffle_50,18;53;80,Drama; Thriller; Crime,3
900,Cat on a Hot Tin Roof,shuffle_50,18;35;10749,Drama; Comedy; Romance,3
9763,King Solomon's Mines,shuffle_50,12;18;28;36,Adventure; Drama; Action; History,4
2635,Sweeney Todd: The Demon Barber of Fleet Street,shuffle_50,18;35;10749,Drama; Comedy; Romance,3
1948,Christiane F.,shuffle_50,18;35;10402,Drama; Comedy; Music,3
132,Bicycle Thieves,shuffle_50,18;28;35;53;80,Drama; Action; Comedy; Thriller; Crime,5
5596,No Man of God,shuffle_50,18;53;80;9648,Drama; Thriller; Crime; Mystery,4
1819,Waves,shuffle_50,18;35,Drama; Comedy,2
4439,The Swan,shuffle_50,18;35,Drama; Comedy,2
349,Mirror,shuffle_50,18;10752,Drama; War,2
1163,The Snowman,shuffle_50,14;16;18;35;10751,Fantasy; Animation; Drama; Comedy; Family,5
2929,Punch-Drunk Love,shuffle_50,18;35;53;80;10749,Drama; Comedy; Thriller; Crime; Romance,5
9539,King of Thieves,shuffle_50,12;18;28;53;80,Adventure; Drama; Action; Thriller; Crime,5
341,All Your Faces,shuffle_50,18;53;80,Drama; Thriller; Crime,3
4040,No Way Out,shuffle_50,18;53;9648;10749,Drama; Thriller; Mystery; Romance,4
2580,Barbara,shuffle_50,18;53,Drama; Thriller,2
6187,The Great Outdoors,shuffle_50,35;10749,Comedy; Romance,2
776,Rurouni Kenshin Part III: The Legend Ends,shuffle_50,12;16;28;35;10751,Adventure; Animation; Action; Comedy; Family,5
2406,Crazy About Her,shuffle_50,18;27;35;10749,Drama; Horror; Comedy; Romance,4
4254,Outlaw King,shuffle_50,12;14;16;18;28;36,Adventure; Fantasy; Animation; Drama; Action; History,6
5105,A Good Year,shuffle_50,18;35;53,Drama; Comedy; Thriller,3
6701,The Taking of Pelham 1 2 3,shuffle_50,12;28;35;53;80,Adventure; Action; Comedy; Thriller; Crime,5
8319,Poltergeist II: The Other Side,shuffle_50,12;14;27,Adventure; Fantasy; Horror,3
6647,The Man Who Knew Too Little,shuffle_50,18;28;35;53;80,Drama; Action; Comedy; Thriller; Crime,5
9463,The Sweetest Thing,shuffle_50,18;35;10749,Drama; Comedy; Romance,3
5469,Angel Has Fallen,shuffle_50,18;28;53;80,Drama; Action; Thriller; Crime,4
7305,Kidnap,shuffle_50,12;18;28;53,Adventure; Drama; Action; Thriller,4
4563,High Tension,shuffle_50,14;35;10749,Fantasy; Comedy; Romance,3
7657,Cujo,shuffle_50,18;27;53,Drama; Horror; Thriller,3
8270,Guess Who,shuffle_50,18;35;10749,Drama; Comedy; Romance,3
5602,Welcome to the Rileys,shuffle_50,18;35;53,Drama; Comedy; Thriller,3
2400,The Lego Batman Movie,shuffle_50,12;16;28;35;80,Adventure; Animation; Action; Comedy; Crime,5
1004,The Philadelphia Story,shuffle_50,18;35;53;10749,Drama; Comedy; Thriller; Romance,4
3083,Superman: Man of Tomorrow,shuffle_50,12;16;28;878,Adventure; Animation; Action; Science Fiction,4
30,The Lord of the Rings: The Two Towers,shuffle_50,12;14;16;28;35,Adventure; Fantasy; Animation; Action; Comedy,5
1263,The Conversation,shuffle_50,18;28;53;80;9648,Drama; Action; Thriller; Crime; Mystery,5
3810,Fear of Rain,shuffle_50,18;27;53;9648,Drama; Horror; Thriller; Mystery,4
8803,Mighty Morphin Power Rangers: The Movie,shuffle_50,12;14;16;28;35;878;10751,Adventure; Fantasy; Animation; Action; Comedy; Science Fiction; Family,7
583,Demon Slayer: Kimetsu no Yaiba Infinity Castle,shuffle_50,12;14;16;27;28,Adventure; Fantasy; Animation; Horror; Action,5
6256,The Girl on the Train,shuffle_50,18;35;10749,Drama; Comedy; Romance,3
5639,Ocean's Twelve,shuffle_50,18;28;35;80,Drama; Action; Comedy; Crime,4
7245,Like Father,shuffle_50,18;35;10749,Drama; Comedy; Romance,3
5319,Cypher,shuffle_50,28;35;53;80,Action; Comedy; Thriller; Crime,4
5952,Love at First Fight,shuffle_50,18;35;10749,Drama; Comedy; Romance,3
6771,Yummy,shuffle_50,18;27;35;53;878,Drama; Horror; Comedy; Thriller; Science Fiction,5
2704,After We Collided,shuffle_50,18;10749,Drama; Romance,2
4232,The Taste of Others,shuffle_50,18;35,Drama; Comedy,2
8102,Starry Eyes,shuffle_50,12;28;35;878,Adventure; Action; Comedy; Science Fiction,4
1271,E.T. the Extra-Terrestrial,shuffle_50,12;28;53;878;10751,Adventure; Action; Thriller; Science Fiction; Family,5
1771,The Fighter,shuffle_50,18;28;35,Drama; Action; Comedy,3
4190,Iron Man 2,shuffle_50,12;18;28;878,Adventure; Drama; Action; Science Fiction,4
9336,Babe: Pig in the City,shuffle_50,16;18;35;10751,Animation; Drama; Comedy; Family,4
278,Scooby-Doo! and Kiss: Rock and Roll Mystery,shuffle_50,12;14;16;28;35;10751,Adventure; Fantasy; Animation; Action; Comedy; Family,6
6246,Pontypool,shuffle_50,16;27;35;10751,Animation; Horror; Comedy; Family,4
606,Die Hard,shuffle_50,28;35;53;80,Action; Comedy; Thriller; Crime,4
638,Freaks,shuffle_50,18;35;10749,Drama; Comedy; Romance,3
2320,"Lust, Caution",shuffle_50,12;18;28;53;10752,Adventure; Drama; Action; Thriller; War,5
1711,Happy as Lazzaro,shuffle_50,18;35,Drama; Comedy,2
7726,Pacific Rim: Uprising,shuffle_50,12;18;28;53;878,Adventure; Drama; Action; Thriller; Science Fiction,5
5162,Tron,shuffle_50,28;35;53;878,Action; Comedy; Thriller; Science Fiction,4
8223,The Last Summer,shuffle_50,18;35;10749,Drama; Comedy; Romance,3
507,Scooby-Doo! Camp Scare,shuffle_50,16;35;10751,Animation; Comedy; Family,3
6279,Outland,shuffle_50,12;18;35;53;80,Adventure; Drama; Comedy; Thriller; Crime,5
9998,Repossessed,shuffle_50,14;27;35,Fantasy; Horror; Comedy,3
2817,Dragon Ball Z: Bojack Unbound,shuffle_50,12;14;28;35,Adventure; Fantasy; Action; Comedy,4
7110,#realityhigh,shuffle_50,18;35;10402;10749,Drama; Comedy; Music; Romance,4
7215,Clean,shuffle_50,18;35;80,Drama; Comedy; Crime,3
8956,Brick,shuffle_50,27;53;878,Horror; Thriller; Science Fiction,3
1225,Father There Is Only One 2,shuffle_50,18;35,Drama; Comedy,2
2844,Bad Boys for Life,shuffle_50,18;28;53;80,Drama; Action; Thriller; Crime,4
7171,Unsane,shuffle_50,18;27;53,Drama; Horror; Thriller,3
9108,The Ward,shuffle_50,18;27;53;9648,Drama; Horror; Thriller; Mystery,4
353,Tel chi el telùn,shuffle_50,18;35,Drama; Comedy,2
5141,Overboard,shuffle_50,18;28;35;53,Drama; Action; Comedy; Thriller,4
4401,The Family Man,shuffle_50,18;35;10749,Drama; Comedy; Romance,3
8003,Infinity Pool,shuffle_50,18;28;53,Drama; Action; Thriller,3
7218,The Expendables,shuffle_50,12;28;35;53,Adventure; Action; Comedy; Thriller,4
1513,Dunkirk,shuffle_50,18;36;10752,Drama; History; War,3
4096,The Jacket,shuffle_50,18;28;878,Drama; Action; Science Fiction,3
9377,Darkness,shuffle_50,18;27;53;9648,Drama; Horror; Thriller; Mystery,4
5039,Planet Terror,shuffle_50,18;27;35,Drama; Horror; Comedy,3
10,Parasite,shuffle_50,18;35,Drama; Comedy,2
9857,Wrecked,shuffle_50,18;27;28;53,Drama; Horror; Action; Thriller,4
7319,The Incredible Hulk,shuffle_50,12;16;28;878,Adventure; Animation; Action; Science Fiction,4
1604,Bullet Train,shuffle_50,12;16;28;35,Adventure; Animation; Action; Comedy,4
2652,Compagni di scuola,shuffle_50,18;35,Drama; Comedy,2
7969,Erased,shuffle_50,18;28;35;53;80,Drama; Action; Comedy; Thriller; Crime,5
4844,Nosferatu,shuffle_50,14;18;27;53;9648;10749,Fantasy; Drama; Horror; Thriller; Mystery; Romance,6
9453,Inconceivable,shuffle_50,18;27;53,Drama; Horror; Thriller,3
4308,World War Z,shuffle_50,12;27;28;53;878,Adventure; Horror; Action; Thriller; Science Fiction,5
4367,Danger Close: The Battle of Long Tan,shuffle_50,18;28;36;10752,Drama; Action; History; War,4
4104,Barbie: A Fairy Secret,shuffle_50,12;14;16;35;10751,Adventure; Fantasy; Animation; Comedy; Family,5
5831,The Amazing Spider-Man 2,shuffle_50,14;16;18;28;35,Fantasy; Animation; Drama; Action; Comedy,5
8014,Spoiled Brats,shuffle_50,18;35;10751,Drama; Comedy; Family,3
7036,Insidious: Chapter 3,shuffle_50,14;27;53;9648,Fantasy; Horror; Thriller; Mystery,4
6669,The Blair Witch Project,shuffle_50,18;27;9648,Drama; Horror; Mystery,3
1478,Lifted,shuffle_50,27;35;878,Horror; Comedy; Science Fiction,3
7325,Monster-in-Law,shuffle_50,18;35;10749,Drama; Comedy; Romance,3
7483,Hummingbird,shuffle_50,18;28;53;80,Drama; Action; Thriller; Crime,4
5542,Get the Gringo,shuffle_50,18;28;53;80,Drama; Action; Thriller; Crime,4
4516,Chappie,shuffle_50,12;14;16;18;35;878;10751,Adventure; Fantasy; Animation; Drama; Comedy; Science Fiction; Family,7
440,Miracle in Cell No. 7,shuffle_50,18;53;80,Drama; Thriller; Crime,3
6612,Curly Sue,shuffle_50,18;35;80;10749,Drama; Comedy; Crime; Romance,4
8885,Drillbit Taylor,shuffle_50,18;28;35;53;80,Drama; Action; Comedy; Thriller; Crime,5
1335,Emergency Declaration,shuffle_50,12;18;28;53,Adventure; Drama; Action; Thriller,4
7269,Red Heat,shuffle_50,18;28;53;80,Drama; Action; Thriller; Crime,4
2238,Trolls Band Together,shuffle_50,12;18;35;10402,Adventure; Drama; Comedy; Music,4
1158,Pandora,shuffle_50,18;53;878,Drama; Thriller; Science Fiction,3
2104,Kiss and Cry,shuffle_50,18;35;10749,Drama; Comedy; Romance,3
5863,Rio 2,shuffle_50,12;14;16;35;10751,Adventure; Fantasy; Animation; Comedy; Family,5
4764,Altered States,shuffle_50,18;878,Drama; Science Fiction,2
9468,Iron Eagle,shuffle_50,28;35;53,Action; Comedy; Thriller,3
4952,Hillbilly Elegy,shuffle_50,18;35;10749,Drama; Comedy; Romance,3
9004,Josie and the Pussycats,shuffle_50,18;35;10402;10749,Drama; Comedy; Music; Romance,4
1976,Glengarry Glen Ross,shuffle_50,35;53;10749,Comedy; Thriller; Romance,3
5068,Parenthood,shuffle_50,18;35,Drama; Comedy,2
5629,The Brothers Bloom,shuffle_50,12;35;10749,Adventure; Comedy; Romance,3
6355,The Second Best Exotic Marigold Hotel,shuffle_50,18;35,Drama; Comedy,2
1066,Tombstone,shuffle_50,12;18;28;35,Adventure; Drama; Action; Comedy,4
928,Mickey's Christmas Carol,shuffle_50,14;16;18;35;10749;10751,Fantasy; Animation; Drama; Comedy; Romance; Family,6
2189,Nosferatu the Vampyre,shuffle_50,14;18;27;35;53;10749,Fantasy; Drama; Horror; Comedy; Thriller; Romance,6
3026,Batman: Death in the Family,shuffle_50,18,Drama,1
7938,Queen of the Damned,shuffle_50,14;16;28;10749,Fantasy; Animation; Action; Romance,4
5436,"Me, Myself & Irene",shuffle_50,18;35;80;10749,Drama; Comedy; Crime; Romance,4
3215,Caché,shuffle_50,18;35,Drama; Comedy,2
8379,Friends with Kids,shuffle_50,18;35;10749,Drama; Comedy; Romance,3
455,My Hero Academia: Two Heroes,shuffle_50,12;28;35;878,Adventure; Action; Comedy; Science Fiction,4
8199,Leaves of Grass,shuffle_50,18;35,Drama; Comedy,2
7507,Blood Father,shuffle_50,18;28;35;53;80,Drama; Action; Comedy; Thriller; Crime,5
7647,The Weather Man,shuffle_50,18;35;10749,Drama; Comedy; Romance,3
2317,The Past,shuffle_50,18;10749,Drama; Romance,2
6662,Talladega Nights: The Ballad of Ricky Bobby,shuffle_50,18;35,Drama; Comedy,2
1645,Women on the Verge of a Nervous Breakdown,shuffle_50,18;35,Drama; Comedy,2
4317,To All the Boys: P.S. I Still Love You,shuffle_50,35;10749,Comedy; Romance,2
2774,Descendants,shuffle_50,12;14;16;35;10751,Adventure; Fantasy; Animation; Comedy; Family,5
6250,Luther,shuffle_50,18;36,Drama; History,2
3387,Stargate,shuffle_50,12;14;28;878,Adventure; Fantasy; Action; Science Fiction,4
3710,24 Hour Party People,shuffle_50,18;35,Drama; Comedy,2
6835,Heist,shuffle_50,18;28;35;53;80,Drama; Action; Comedy; Thriller; Crime,5
3696,Silkwood,shuffle_50,18;27;53;80;878;9648,Drama; Horror; Thriller; Crime; Science Fiction; Mystery,6
8622,Little Man,shuffle_50,35;10751,Comedy; Family,2
4822,Terrified,shuffle_50,18;27;35;53;80;9648,Drama; Horror; Comedy; Thriller; Crime; Mystery,6
1832,Scooby-Doo and the Ghoul School,shuffle_50,16;35;10402;10751,Animation; Comedy; Music; Family,4
7530,Throw Momma from the Train,shuffle_50,18;53,Drama; Thriller,2
7327,Force 10 from Navarone,shuffle_50,12;18;28;36;53;10752,Adventure; Drama; Action; History; Thriller; War,6
9367,Time Cut,shuffle_50,27;28;53;878;9648,Horror; Action; Thriller; Science Fiction; Mystery,5
6840,Windtalkers,shuffle_50,18;28;53,Drama; Action; Thriller,3
7734,Ip Man: The Final Fight,shuffle_50,12;28;878,Adventure; Action; Science Fiction,3
2313,Z-O-M-B-I-E-S,shuffle_50,18;35;10749,Drama; Comedy; Romance,3
684,Life of Brian,shuffle_50,18;35,Drama; Comedy,2
169,Red Beard,shuffle_50,18,Drama,1
1443,Free Guy,shuffle_50,12;18;28;35,Adventure; Drama; Action; Comedy,4
5612,The Son of Bigfoot,shuffle_50,12;14;16;28;35;878;10751,Adventure; Fantasy; Animation; Action; Comedy; Science Fiction; Family,7
3381,Martin Eden,shuffle_50,18;36,Drama; History,2
6677,Roald Dahl's The Witches,shuffle_50,14;18;27;35;10751,Fantasy; Drama; Horror; Comedy; Family,5
6123,Fantozzi Still Suffers,shuffle_50,35,Comedy,1
3317,Brain on Fire,shuffle_50,18;27;53;9648,Drama; Horror; Thriller; Mystery,4
4636,Frankie and Johnny,shuffle_50,18;35;80;10749,Drama; Comedy; Crime; Romance,4
923,Time of the Gypsies,shuffle_50,18,Drama,1
5063,The Words,shuffle_50,18;35;10749,Drama; Comedy; Romance,3
3713,The Three Musketeers: D'Artagnan,shuffle_50,12;14;16;18;10749,Adventure; Fantasy; Animation; Drama; Romance,5
7235,The Astronaut Farmer,shuffle_50,18;35,Drama; Comedy,2
2570,Utøya: July 22,shuffle_50,18;53,Drama; Thriller,2
8696,The Jungle Book 2,shuffle_50,12;16;18;35;10751,Adventure; Animation; Drama; Comedy; Family,5
3942,Locke,shuffle_50,18,Drama,1
5856,Beverly Hills Cop II,shuffle_50,28;35;53;80,Action; Comedy; Thriller; Crime,4
2986,Starred Up,shuffle_50,18;28;35;53;80,Drama; Action; Comedy; Thriller; Crime,5
1224,Anonymously Yours,shuffle_50,18;35;10749,Drama; Comedy; Romance,3
8447,Beyond Re-Animator,shuffle_50,18;27;53;878,Drama; Horror; Thriller; Science Fiction,4
2611,Toy Story of Terror!,shuffle_50,12;16;27;35;10751,Adventure; Animation; Horror; Comedy; Family,5
4338,City of Angels,shuffle_50,18;28;35;53;878,Drama; Action; Comedy; Thriller; Science Fiction,5
269,For a Few Dollars More,shuffle_50,12;28;35;80,Adventure; Action; Comedy; Crime,4
9122,Miss Congeniality 2: Armed and Fabulous,shuffle_50,18;35,Drama; Comedy,2
4983,21,shuffle_50,18;35;10749,Drama; Comedy; Romance,3
7521,Bad Lieutenant: Port of Call - New Orleans,shuffle_50,18;28;53;80,Drama; Action; Thriller; Crime,4
9100,The Jack in the Box,shuffle_50,14;16;27;35;10751,Fantasy; Animation; Horror; Comedy; Family,5
4660,The Mummy,shuffle_50,12;14;18,Adventure; Fantasy; Drama,3
5841,Just Wright,shuffle_50,18;35;10749,Drama; Comedy; Romance,3
3986,The X-Files,shuffle_50,18;28;53;80;878;9648,Drama; Action; Thriller; Crime; Science Fiction; Mystery,6
144,Vertigo,shuffle_50,18;27;53;9648,Drama; Horror; Thriller; Mystery,4
3414,Anplagghed al Cinema,shuffle_50,18;35;53,Drama; Comedy; Thriller,3
3086,"The Legend of Al, John and Jack",shuffle_50,18;35;53;80,Drama; Comedy; Thriller; Crime,4
5530,Black Rain,shuffle_50,18;28;53;80,Drama; Action; Thriller; Crime,4
4848,Oliver & Company,shuffle_50,12;16;18;35;10751,Adventure; Animation; Drama; Comedy; Family,5
8399,The Men Who Stare at Goats,shuffle_50,18;28;35;53,Drama; Action; Comedy; Thriller,4
616,Into the Wild,shuffle_50,18;35,Drama; Comedy,2
1632,Crush,shuffle_50,18;35;10749,Drama; Comedy; Romance,3
5034,The Replacements,shuffle_50,35;53,Comedy; Thriller,2
8507,Cyrus,shuffle_50,18;35;53;10749,Drama; Comedy; Thriller; Romance,4
4975,Fear Street: 1994,shuffle_50,27;28;53;80,Horror; Action; Thriller; Crime,4
5437,Annabelle: Creation,shuffle_50,14;27,Fantasy; Horror,2
56,The Wild Robot,shuffle_50,12;16;18;35;878;10751,Adventure; Animation; Drama; Comedy; Science Fiction; Family,6
4069,My Spy,shuffle_50,18;28;53;80,Drama; Action; Thriller; Crime,4
6787,Zack and Miri Make a Porno,shuffle_50,18;35;10749,Drama; Comedy; Romance,3
6758,The Last Mimzy,shuffle_50,12;14;18;35;10751,Adventure; Fantasy; Drama; Comedy; Family,5
9038,The Bay,shuffle_50,27;53;9648,Horror; Thriller; Mystery,3
4071,The Ice Storm,shuffle_50,18;35;53,Drama; Comedy; Thriller,3
3020,Drugstore Cowboy,shuffle_50,18;35,Drama; Comedy,2
3243,Radiofreccia,shuffle_50,18;35,Drama; Comedy,2
8174,Spanglish,shuffle_50,18;35;10749,Drama; Comedy; Romance,3
8898,Department Store,shuffle_50,18;35,Drama; Comedy,2
256,The Wolf of Wall Street,shuffle_50,18;35;53;80,Drama; Comedy; Thriller; Crime,4
4276,The Blob,shuffle_50,27;28;35;878,Horror; Action; Comedy; Science Fiction,4
307,"Love, Simon",shuffle_50,18;35;10749,Drama; Comedy; Romance,3
1719,The Long Goodbye,shuffle_50,18;53;80;9648,Drama; Thriller; Crime; Mystery,4
4377,Easy A,shuffle_50,18;35;10749,Drama; Comedy; Romance,3
1360,"Play It Again, Sam",shuffle_50,18;35;10749,Drama; Comedy; Romance,3
1294,Mars Express,shuffle_50,12;28;53;80;878,Adventure; Action; Thriller; Crime; Science Fiction,5
5554,The Lion King 1½,shuffle_50,12;14;16;35;878;10751,Adventure; Fantasy; Animation; Comedy; Science Fiction; Family,6
8719,Planet 51,shuffle_50,12;18;35;878,Adventure; Drama; Comedy; Science Fiction,4
5660,Blade II,shuffle_50,14;27;28;35;878,Fantasy; Horror; Action; Comedy; Science Fiction,5
4771,Beau Is Afraid,shuffle_50,18;27;53;9648,Drama; Horror; Thriller; Mystery,4
9355,Cool World,shuffle_50,12;14;35,Adventure; Fantasy; Comedy,3
9982,And Soon the Darkness,shuffle_50,18;35;53;10749,Drama; Comedy; Thriller; Romance,4
4705,The Gilded Cage,shuffle_50,18;35,Drama; Comedy,2
4714,Flawless,shuffle_50,18;35;80;10749,Drama; Comedy; Crime; Romance,4
159,Togo,shuffle_50,12;18;10751,Adventure; Drama; Family,3
3345,"I'm a Cyborg, But That's OK",shuffle_50,18;35;878,Drama; Comedy; Science Fiction,3
5605,Hitch,shuffle_50,18;35;10749,Drama; Comedy; Romance,3
5835,Joy Ride,shuffle_50,18;27;35;53,Drama; Horror; Comedy; Thriller,4
88,Le Trou,shuffle_50,18;35;53;80,Drama; Comedy; Thriller; Crime,4
5794,Red Sparrow,shuffle_50,12;16;35;10751,Adventure; Animation; Comedy; Family,4
3166,Trash,shuffle_50,35;53,Comedy; Thriller,2
5760,Jurassic World: Fallen Kingdom,shuffle_50,12;18;28;53;878,Adventure; Drama; Action; Thriller; Science Fiction,5
2083,American Fiction,shuffle_50,18;35,Drama; Comedy,2
354,The Sixth Sense,shuffle_50,18;53;9648,Drama; Thriller; Mystery,3
9465,Blue Mountain State: The Rise of Thadland,shuffle_50,18;35,Drama; Comedy,2
9630,Don't Knock Twice,shuffle_50,14;18;27,Fantasy; Drama; Horror,3
604,Mr. Nobody,shuffle_50,14;18;28;35;878,Fantasy; Drama; Action; Comedy; Science Fiction,5
9133,Life of Crime,shuffle_50,18;28;35;53;80,Drama; Action; Comedy; Thriller; Crime,5
439,Dangal,shuffle_50,14;18;35;10751,Fantasy; Drama; Comedy; Family,4
5242,The Harder They Fall,shuffle_50,12;28;35;53;80,Adventure; Action; Comedy; Thriller; Crime,5
5089,"Mektoub, My Love: Canto Uno",shuffle_50,18;35;10749,Drama; Comedy; Romance,3
9187,MILF,shuffle_50,18;35;10749,Drama; Comedy; Romance,3
9662,My Soul to Take,shuffle_50,18;27,Drama; Horror,2
6237,Cloudy with a Chance of Meatballs 2,shuffle_50,16;18;35;878,Animation; Drama; Comedy; Science Fiction,4
4155,Den of Thieves,shuffle_50,18;28;35;37;53;80,Drama; Action; Comedy; Western; Thriller; Crime,6
1235,Hard Boiled,shuffle_50,28;35;53;80,Action; Comedy; Thriller; Crime,4
458,A Whisker Away,shuffle_50,14;16;27;35;10749;10751,Fantasy; Animation; Horror; Comedy; Romance; Family,6
480,Kill Bill: Vol. 2,shuffle_50,18;28;53;80,Drama; Action; Thriller; Crime,4
7672,Last Night,shuffle_50,18;35;10749,Drama; Comedy; Romance,3
8738,Love Addict,shuffle_50,18;35;10749,Drama; Comedy; Romance,3
4017,Tales from the Crypt: Demon Knight,shuffle_50,12;14;28;53;80,Adventure; Fantasy; Action; Thriller; Crime,5
726,Deep Red,shuffle_50,18;27;53;80;9648,Drama; Horror; Thriller; Crime; Mystery,5
222,My Neighbor Totoro,shuffle_50,12;14;16;27;35;10751,Adventure; Fantasy; Animation; Horror; Comedy; Family,6
1221,Angels with Dirty Faces,shuffle_50,18;35,Drama; Comedy,2
1256,The Passion of the Christ,shuffle_50,18;27,Drama; Horror,2
9620,Blackhat,shuffle_50,12;28;53;80;9648,Adventure; Action; Thriller; Crime; Mystery,5
5287,Barefoot,shuffle_50,18;35,Drama; Comedy,2
2645,Alien: Romulus,shuffle_50,27;53;878,Horror; Thriller; Science Fiction,3
8601,Mean Girls,shuffle_50,16;35;10751,Animation; Comedy; Family,3
2568,Irreversible,shuffle_50,18;28;53;80,Drama; Action; Thriller; Crime,4
8171,Franklyn,shuffle_50,14;18;10749,Fantasy; Drama; Romance,3
9547,Open Water,shuffle_50,18;53,Drama; Thriller,2
2384,"The Good, the Bart, and the Loki",shuffle_50,12;14;16;28;35;878;10751,Adventure; Fantasy; Animation; Action; Comedy; Science Fiction; Family,7
6491,Vantage Point,shuffle_50,18;28;53,Drama; Action; Thriller,3
7684,Every Which Way but Loose,shuffle_50,12;18;28;35,Adventure; Drama; Action; Comedy,4
4330,Pooh's Heffalump Movie,shuffle_50,12;14;16;35;10751,Adventure; Fantasy; Animation; Comedy; Family,5
2210,Labyrinth,shuffle_50,12;14;35;10751,Adventure; Fantasy; Comedy; Family,4
1332,Batman: Mask of the Phantasm,shuffle_50,18;28;53;80,Drama; Action; Thriller; Crime,4
2861,This Boy's Life,shuffle_50,18;35;53,Drama; Comedy; Thriller,3
7870,Valhalla Rising,shuffle_50,12;14;16;18;28;53,Adventure; Fantasy; Animation; Drama; Action; Thriller,6
813,Divines,shuffle_50,18;35;80,Drama; Comedy; Crime,3
4858,Anna Karenina,shuffle_50,18;53;10749,Drama; Thriller; Romance,3
4637,Danny Collins,shuffle_50,18;35;10749,Drama; Comedy; Romance,3
4591,The Girl in the Fog,shuffle_50,18;27;53;9648,Drama; Horror; Thriller; Mystery,4
9045,Trespass Against Us,shuffle_50,18;35,Drama; Comedy,2
8481,Paradise Hills,shuffle_50,14;18;27;53,Fantasy; Drama; Horror; Thriller,4
2302,Mask,shuffle_50,18;35,Drama; Comedy,2
9943,Welcome Home,shuffle_50,35,Comedy,1
8338,Dead Snow,shuffle_50,18;27;53,Drama; Horror; Thriller,3
8262,Mission to Mars,shuffle_50,27;53;878,Horror; Thriller; Science Fiction,3
1764,Mudbound,shuffle_50,18;36;10752,Drama; History; War,3
9988,Halloween III: Season of the Witch,shuffle_50,27;35;53;10751,Horror; Comedy; Thriller; Family,4
1603,The Secret Garden,shuffle_50,14;18;10749;10751,Fantasy; Drama; Romance; Family,4
9989,Poltergeist III,shuffle_50,27;28;53,Horror; Action; Thriller,3
8535,1922,shuffle_50,18;35;80,Drama; Comedy; Crime,3
8708,Hitman: Agent 47,shuffle_50,28;53;9648,Action; Thriller; Mystery,3
2858,Your Fault,shuffle_50,18;35;10749,Drama; Comedy; Romance,3
8086,All Good Things,shuffle_50,18;53;80;9648,Drama; Thriller; Crime; Mystery,4
6753,Security,shuffle_50,28;35;53;80,Action; Comedy; Thriller; Crime,4
2722,The Man Who Knew Infinity,shuffle_50,18;36,Drama; History,2
6178,Cobweb,shuffle_50,18;53,Drama; Thriller,2
57,The Quintessential Quintuplets Movie,shuffle_50,16;18;35;10749,Animation; Drama; Comedy; Romance,4
4650,Coma,shuffle_50,18;27;53;9648,Drama; Horror; Thriller; Mystery,4
3683,Rescue Dawn,shuffle_50,12;18;28;36;53;10752,Adventure; Drama; Action; History; Thriller; War,6
7963,Journey to the Center of the Earth,shuffle_50,12;14;18;53;878;9648;10751,Adventure; Fantasy; Drama; Thriller; Science Fiction; Mystery; Family,7
2275,The Names of Love,shuffle_50,18;35,Drama; Comedy,2
8384,Elvis & Nixon,shuffle_50,18;35,Drama; Comedy,2
2126,Lights Out,shuffle_50,14;27;35;53;10749,Fantasy; Horror; Comedy; Thriller; Romance,5
4528,Last Flag Flying,shuffle_50,18;35,Drama; Comedy,2
8652,The Riot Club,shuffle_50,18;35,Drama; Comedy,2
5581,Greta,shuffle_50,18;35;10749,Drama; Comedy; Romance,3
7976,Alien Nation,shuffle_50,18;27;28;878,Drama; Horror; Action; Science Fiction,4
452,Roman Holiday,shuffle_50,18;35;10749,Drama; Comedy; Romance,3
9321,Captive State,shuffle_50,18;28;53;878,Drama; Action; Thriller; Science Fiction,4
2136,Star Trek: First Contact,shuffle_50,12;28;878,Adventure; Action; Science Fiction,3
5207,Ninja: Shadow of a Tear,shuffle_50,28;53;80,Action; Thriller; Crime,3
3373,Emma.,shuffle_50,18;10749,Drama; Romance,2
4361,Wild Rose,shuffle_50,18;35;10402,Drama; Comedy; Music,3
8255,Sudden Death,shuffle_50,28;35;53,Action; Comedy; Thriller,3
9020,The Town that Dreaded Sundown,shuffle_50,27;28;53;80;9648,Horror; Action; Thriller; Crime; Mystery,5
9744,The Dead Don't Die,shuffle_50,14;16;27;35,Fantasy; Animation; Horror; Comedy,4
1291,Prison Break: The Final Break,shuffle_50,18;35;53;80,Drama; Comedy; Thriller; Crime,4
4674,Fantomas Unleashed,shuffle_50,12;28;35;878,Adventure; Action; Comedy; Science Fiction,4
3253,Say Anything...,shuffle_50,18;35;10749,Drama; Comedy; Romance,3
2587,"Ruby Gillman, Teenage Kraken",shuffle_50,12;14;16;28;35;10749;10751,Adventure; Fantasy; Animation; Action; Comedy; Romance; Family,7
5753,Harold & Kumar Go to White Castle,shuffle_50,12;35;10751,Adventure; Comedy; Family,3
7793,Kin,shuffle_50,12;18;28;53;80,Adventure; Drama; Action; Thriller; Crime,5
8698,Stuck Together,shuffle_50,18;27;53,Drama; Horror; Thriller,3
2524,"Are You There God? It's Me, Margaret.",shuffle_50,18;35;10749,Drama; Comedy; Romance,3
8467,Mars Needs Moms,shuffle_50,12;16;28;35;878;10751,Adventure; Animation; Action; Comedy; Science Fiction; Family,6
8225,12 Feet Deep,shuffle_50,16;27;35;53;10751,Animation; Horror; Comedy; Thriller; Family,5
7360,Short Circuit 2,shuffle_50,12;28;35;80;878;10751,Adventure; Action; Comedy; Crime; Science Fiction; Family,6
7800,The Inbetweeners 2,shuffle_50,35;10749,Comedy; Romance,2
7262,Unknown Origins,shuffle_50,18;28;35;53;80,Drama; Action; Comedy; Thriller; Crime,5
5690,The Vast of Night,shuffle_50,12;18;878,Adventure; Drama; Science Fiction,3
1613,Hedwig and the Angry Inch,shuffle_50,18;35;10749,Drama; Comedy; Romance,3
1054,The Longest Day,shuffle_50,18;36;10752,Drama; History; War,3
9170,The Order,shuffle_50,18;28;53;80;9648,Drama; Action; Thriller; Crime; Mystery,5
446,The Notebook,shuffle_50,18;35;10749,Drama; Comedy; Romance,3
6194,Da 5 Bloods,shuffle_50,18;28;10752,Drama; Action; War,3
6702,Shrek the Halls,shuffle_50,14;16;27;35;10751,Fantasy; Animation; Horror; Comedy; Family,5
1526,Marty,shuffle_50,18;35;10749,Drama; Comedy; Romance,3
6737,Looney Tunes: Back in Action,shuffle_50,12;14;16;28;35;10751,Adventure; Fantasy; Animation; Action; Comedy; Family,6
935,The Spirit of the Beehive,shuffle_50,14;18;27,Fantasy; Drama; Horror,3
4749,Maze Runner: The Scorch Trials,shuffle_50,12;28;35,Adventure; Action; Comedy,3
2642,The Broken Hearts Gallery,shuffle_50,14;18;35;10749;10751,Fantasy; Drama; Comedy; Romance; Family,5
141,Innocent Voices,shuffle_50,12;18;28,Adventure; Drama; Action,3
6091,The United States of Leland,shuffle_50,18;35;53;80,Drama; Comedy; Thriller; Crime,4
532,The Big Lebowski,shuffle_50,18;35,Drama; Comedy,2
704,How to Train Your Dragon: The Hidden World,shuffle_50,12;14;16;28;35,Adventure; Fantasy; Animation; Action; Comedy,5
1277,Escape from Alcatraz,shuffle_50,18;28;53;80,Drama; Action; Thriller; Crime,4
3806,Meet the Robinsons,shuffle_50,12;18;35;10751,Adventure; Drama; Comedy; Family,4
6470,Kick-Ass 2,shuffle_50,28,Action,1
7101,Unfriended: Dark Web,shuffle_50,27;53;878;9648,Horror; Thriller; Science Fiction; Mystery,4
8133,Prey,shuffle_50,18;27;53,Drama; Horror; Thriller,3
2481,It's Only the End of the World,shuffle_50,18;35;53,Drama; Comedy; Thriller,3
5156,Fire in the Sky,shuffle_50,18;27;35;53;80;9648,Drama; Horror; Comedy; Thriller; Crime; Mystery,6
3418,Naked Lunch,shuffle_50,27;35,Horror; Comedy,2
7481,El Conde,shuffle_50,27;28;35;53,Horror; Action; Comedy; Thriller,4
1109,Imagine Me & You,shuffle_50,18;35;10749,Drama; Comedy; Romance,3
9659,Sandy Wexler,shuffle_50,18;35;10402;10749,Drama; Comedy; Music; Romance,4
2155,A Monster Calls,shuffle_50,12;14;18;27;10751,Adventure; Fantasy; Drama; Horror; Family,5
9842,The Flintstones,shuffle_50,16;35;10751,Animation; Comedy; Family,3
1476,Man on Fire,shuffle_50,18;28;35;53;80,Drama; Action; Comedy; Thriller; Crime,5
2743,Talk to Me,shuffle_50,27;35;53,Horror; Comedy; Thriller,3
3742,Chicken Run: Dawn of the Nugget,shuffle_50,27;35;53,Horror; Comedy; Thriller,3
2768,Seven Brides for Seven Brothers,shuffle_50,18;35;37;10749,Drama; Comedy; Western; Romance,4
5670,Reminiscence,shuffle_50,18;53,Drama; Thriller,2
1894,Eraserhead,shuffle_50,18;35,Drama; Comedy,2
3695,Four Lions,shuffle_50,18,Drama,1
276,Harry Potter and the Prisoner of Azkaban,shuffle_50,12;14;16;35;10751,Adventure; Fantasy; Animation; Comedy; Family,5
389,Heat,shuffle_50,12;28;35;53;80,Adventure; Action; Comedy; Thriller; Crime,5
2500,Monster,shuffle_50,18;27;28;53;80,Drama; Horror; Action; Thriller; Crime,5
4675,Sightless,shuffle_50,18;27;53;9648,Drama; Horror; Thriller; Mystery,4
5163,The Hunger,shuffle_50,14;18;27;878;10749,Fantasy; Drama; Horror; Science Fiction; Romance,5
7397,Stretch,shuffle_50,18;28;35;80,Drama; Action; Comedy; Crime,4
1805,The Impossible,shuffle_50,18;35,Drama; Comedy,2
7148,Deadstream,shuffle_50,14;27;35;53,Fantasy; Horror; Comedy; Thriller,4
3272,The Lobster,shuffle_50,18;35;10749,Drama; Comedy; Romance,3
1741,Braindead,shuffle_50,14;16;27;35;10751,Fantasy; Animation; Horror; Comedy; Family,5
992,The Anthem of the Heart,shuffle_50,16;18;35;10402;10749,Animation; Drama; Comedy; Music; Romance,5
9001,Ricki and the Flash,shuffle_50,18;35;10402,Drama; Comedy; Music,3
3841,Isi & Ossi,shuffle_50,18;35,Drama; Comedy,2
1575,Mr. Church,shuffle_50,18;35;10749,Drama; Comedy; Romance,3
4004,The Night Comes for Us,shuffle_50,28;53;80,Action; Thriller; Crime,3
8695,Suburbicon,shuffle_50,18;27;35;53,Drama; Horror; Comedy; Thriller,4
9457,Earth Girls Are Easy,shuffle_50,35;878;10749,Comedy; Science Fiction; Romance,3
9385,Semi-Pro,shuffle_50,18;35,Drama; Comedy,2
8987,Joe's Apartment,shuffle_50,35,Comedy,1
1415,C.R.A.Z.Y.,shuffle_50,18;35,Drama; Comedy,2
6478,Hot Rod,shuffle_50,18;28;35,Drama; Action; Comedy,3
9618,Dirty Dancing,shuffle_50,18;35;10749;10751,Drama; Comedy; Romance; Family,4
2350,Frozen II,shuffle_50,12;14;16;35;10751,Adventure; Fantasy; Animation; Comedy; Family,5
4942,A Nightmare on Elm Street 3: Dream Warriors,shuffle_50,18;27;53,Drama; Horror; Thriller,3
1458,Balkan Line,shuffle_50,18;28;53;10752,Drama; Action; Thriller; War,4
7723,Jackass Presents: Bad Grandpa,shuffle_50,18;35;10751,Drama; Comedy; Family,3
8997,Vanity Fair,shuffle_50,18;53,Drama; Thriller,2
4514,Don't Worry Darling,shuffle_50,35;53,Comedy; Thriller,2
8848,A Classic Horror Story,shuffle_50,18;27,Drama; Horror,2
7374,Blown Away,shuffle_50,18;28;35;53,Drama; Action; Comedy; Thriller,4
4010,Sleeper,shuffle_50,18;35,Drama; Comedy,2
5486,The Fury of a Patient Man,shuffle_50,18;35;10749,Drama; Comedy; Romance,3
7473,Under the Riccione Sun,shuffle_50,18;35;10749,Drama; Comedy; Romance,3
7071,Gemini Man,shuffle_50,28;35;53,Action; Comedy; Thriller,3
7029,I ♥ Huckabees,shuffle_50,35;80;10749,Comedy; Crime; Romance,3
4653,Twitches,shuffle_50,14;35,Fantasy; Comedy,2
3016,Aladdin,shuffle_50,12;14;16;35;10751,Adventure; Fantasy; Animation; Comedy; Family,5
8194,Tracers,shuffle_50,18;35;53;80,Drama; Comedy; Thriller; Crime,4
9594,Budapest,shuffle_50,18;35;10749,Drama; Comedy; Romance,3
6034,Hey Arnold! The Movie,shuffle_50,18;28;35;53;80,Drama; Action; Comedy; Thriller; Crime,5
9080,The Smurfs,shuffle_50,12;14;16;28;35;10751,Adventure; Fantasy; Animation; Action; Comedy; Family,6
5733,Saving Grace,shuffle_50,18;35;10749,Drama; Comedy; Romance,3
3927,Supernova,shuffle_50,18,Drama,1
5580,The Mask of Zorro,shuffle_50,18;28,Drama; Action,2
2296,One Man Band,shuffle_50,16;18;35;10749;10751,Animation; Drama; Comedy; Romance; Family,5
5976,Four Flies on Grey Velvet,shuffle_50,18;35;53;80,Drama; Comedy; Thriller; Crime,4
3517,The Bob's Burgers Movie,shuffle_50,27;35;53,Horror; Comedy; Thriller,3
2050,Total Recall,shuffle_50,12;18;35;53;878,Adventure; Drama; Comedy; Thriller; Science Fiction,5
1426,The Discreet Charm of the Bourgeoisie,shuffle_50,18;35;10749,Drama; Comedy; Romance,3
6691,A Dangerous Method,shuffle_50,18;53,Drama; Thriller,2
6945,The Gendarme in New York,shuffle_50,18;28;80;10752,Drama; Action; Crime; War,4
728,Guy Ritchie's The Covenant,shuffle_50,18;28;53;10752,Drama; Action; Thriller; War,4
7850,Haunter,shuffle_50,18;53,Drama; Thriller,2
8524,All You Need is Crime,shuffle_50,18;35;80,Drama; Comedy; Crime,3
4313,Smallfoot,shuffle_50,12;14;16;18;27;35;10751,Adventure; Fantasy; Animation; Drama; Horror; Comedy; Family,7
148,Silenced,shuffle_50,18,Drama,1
4468,I Walked with a Zombie,shuffle_50,18;27;35;10749,Drama; Horror; Comedy; Romance,4
2699,"The Good, the Bad, the Weird",shuffle_50,12;18;28;36;80,Adventure; Drama; Action; History; Crime,5
3028,Immortal Beloved,shuffle_50,18;10749,Drama; Romance,2
2474,The Princess and the Frog,shuffle_50,18;35;10749,Drama; Comedy; Romance,3
4080,AKA,shuffle_50,18;28;35;53;80,Drama; Action; Comedy; Thriller; Crime,5
4455,Babysitting,shuffle_50,18;35;53,Drama; Comedy; Thriller,3
732,Accattone,shuffle_50,18;35;80,Drama; Comedy; Crime,3
9622,102 Dalmatians,shuffle_50,12;14;16;28;35;10751,Adventure; Fantasy; Animation; Action; Comedy; Family,6
3629,Superman vs. The Elite,shuffle_50,18;28;35,Drama; Action; Comedy,3
7579,The Belko Experiment,shuffle_50,18;35;53,Drama; Comedy; Thriller,3
5666,Return of the Living Dead III,shuffle_50,18;27;28;53;9648,Drama; Horror; Action; Thriller; Mystery,5
1126,Bao,shuffle_50,18;35;10751,Drama; Comedy; Family,3
3446,"Extremely Wicked, Shockingly Evil and Vile",shuffle_50,18;53;80;9648,Drama; Thriller; Crime; Mystery,4
5726,Bad Santa,shuffle_50,14;35;10751,Fantasy; Comedy; Family,3
7407,The Yards,shuffle_50,18;28;35;53;80,Drama; Action; Comedy; Thriller; Crime,5
5932,The Rebound,shuffle_50,18;35;10749,Drama; Comedy; Romance,3
6000,Stir Crazy,shuffle_50,35;80,Comedy; Crime,2
3539,The Way We Were,shuffle_50,18;35;10749,Drama; Comedy; Romance,3
2847,Greenland,shuffle_50,12;28;35;53;878,Adventure; Action; Comedy; Thriller; Science Fiction,5
6716,The Expendables 2,shuffle_50,18;28;35;53;80,Drama; Action; Comedy; Thriller; Crime,5
4167,Bill & Ted's Excellent Adventure,shuffle_50,12;18;35,Adventure; Drama; Comedy,3
4963,The Boxtrolls,shuffle_50,12;14;16;27;35;878;10751,Adventure; Fantasy; Animation; Horror; Comedy; Science Fiction; Family,7
1456,Sin City,shuffle_50,18;28;35;53;80,Drama; Action; Comedy; Thriller; Crime,5
1387,Running on Empty,shuffle_50,18;28;35,Drama; Action; Comedy,3
7015,The Three Caballeros,shuffle_50,35;10751,Comedy; Family,2
2438,Beating Hearts,shuffle_50,18;10749,Drama; Romance,2
8273,Gretel & Hansel,shuffle_50,12;14;16;18;27;10751,Adventure; Fantasy; Animation; Drama; Horror; Family,6
6741,Lady and the Tramp II: Scamp's Adventure,shuffle_50,16;18;35;10749;10751,Animation; Drama; Comedy; Romance; Family,5
6386,Game of Death,shuffle_50,18;28;35;53;80,Drama; Action; Comedy; Thriller; Crime,5
3406,Boy Erased,shuffle_50,18;35,Drama; Comedy,2
7635,We're No Angels,shuffle_50,18;28;53,Drama; Action; Thriller,3
62,Léon: The Professional,shuffle_50,18;28;35,Drama; Action; Comedy,3
9345,Old People,shuffle_50,18;27;35;53,Drama; Horror; Comedy; Thriller,4
7311,Wimbledon,shuffle_50,18;35,Drama; Comedy,2
8681,Child's Play 3,shuffle_50,12;14;16;27;35;10751,Adventure; Fantasy; Animation; Horror; Comedy; Family,6
4758,Silver Streak,shuffle_50,18;53;80,Drama; Thriller; Crime,3
2188,The Texas Chain Saw Massacre,shuffle_50,27;35;53;9648,Horror; Comedy; Thriller; Mystery,4
9278,Cosmopolis,shuffle_50,18;35,Drama; Comedy,2
9375,The House,shuffle_50,18;35;10749,Drama; Comedy; Romance,3
2504,Only Lovers Left Alive,shuffle_50,18;35;10749,Drama; Comedy; Romance,3
7361,Sabrina,shuffle_50,18;35;10749;10751,Drama; Comedy; Romance; Family,4
8890,21 & Over,shuffle_50,18;35,Drama; Comedy,2
5301,Taxidermia,shuffle_50,14;18;27;35,Fantasy; Drama; Horror; Comedy,4
7172,Cold Prey,shuffle_50,18;27;35;53,Drama; Horror; Comedy; Thriller,4
44,Gabriel's Inferno: Part III,shuffle_50,18;53,Drama; Thriller,2
5765,Indiana Jones and the Dial of Destiny,shuffle_50,12;28;35,Adventure; Action; Comedy,3
5260,Alan Partridge: Alpha Papa,shuffle_50,18;35;53;10402,Drama; Comedy; Thriller; Music,4
9326,Horse Girl,shuffle_50,14;18;27;35;10749,Fantasy; Drama; Horror; Comedy; Romance,5
202,Green Snake,shuffle_50,18;28;53;9648;10749,Drama; Action; Thriller; Mystery; Romance,5
7655,The Eiger Sanction,shuffle_50,18;28;35;80,Drama; Action; Comedy; Crime,4
2662,"Ciao, Professore!",shuffle_50,18;35,Drama; Comedy,2
1696,Irma la Douce,shuffle_50,18;35;80;10749,Drama; Comedy; Crime; Romance,4
7162,Pacific Heights,shuffle_50,18;35,Drama; Comedy,2
158,Palmer,shuffle_50,18;35;53;80,Drama; Comedy; Thriller; Crime,4
9686,School for Scoundrels,shuffle_50,35;10749,Comedy; Romance,2
3226,Climax,shuffle_50,18;27;35,Drama; Horror; Comedy,3
5555,A Cinderella Story,shuffle_50,27;35,Horror; Comedy,2
8549,The Mexican,shuffle_50,18;28;35;80,Drama; Action; Comedy; Crime,4
1608,Predestination,shuffle_50,12;18;28;53;878,Adventure; Drama; Action; Thriller; Science Fiction,5
2571,No,shuffle_50,18;35,Drama; Comedy,2
6950,The Cheetah Girls 2,shuffle_50,16;18;35;10402;10749;10751,Animation; Drama; Comedy; Music; Romance; Family,6
8108,The Den,shuffle_50,18;27;53;80;9648,Drama; Horror; Thriller; Crime; Mystery,5
1253,Barbie: Princess Charm School,shuffle_50,14;16;35;10749;10751,Fantasy; Animation; Comedy; Romance; Family,5
5341,The Eagle Has Landed,shuffle_50,12;18;35;10752,Adventure; Drama; Comedy; War,4
1474,Key Largo,shuffle_50,18;27;53,Drama; Horror; Thriller,3
3282,Cleopatra,shuffle_50,18;28;53,Drama; Action; Thriller,3
963,Boyz n the Hood,shuffle_50,18;28;35;53;80,Drama; Action; Comedy; Thriller; Crime,5
8661,The Break-Up,shuffle_50,18;35;53;10749,Drama; Comedy; Thriller; Romance,4
4989,About a Boy,shuffle_50,18;35;10749,Drama; Comedy; Romance,3
9883,Get a Job,shuffle_50,35,Comedy,1
3034,Maleficent,shuffle_50,12;14;16;18;10749,Adventure; Fantasy; Animation; Drama; Romance,5
2688,Kahaani,shuffle_50,18;53;9648,Drama; Thriller; Mystery,3
2482,Wonder Woman,shuffle_50,12;14;16;18;28;878,Adventure; Fantasy; Animation; Drama; Action; Science Fiction,6
4851,The Thieves,shuffle_50,12;28;35;53;80,Adventure; Action; Comedy; Thriller; Crime,5
8942,To the Wonder,shuffle_50,18;35;10749,Drama; Comedy; Romance,3
5456,Underworld: Evolution,shuffle_50,12;27;28,Adventure; Horror; Action,3
7706,God's Not Dead 2,shuffle_50,18;35,Drama; Comedy,2
7658,World Trade Center,shuffle_50,12;18;28;53;80,Adventure; Drama; Action; Thriller; Crime,5
8952,Eight Legged Freaks,shuffle_50,12;27;28;35,Adventure; Horror; Action; Comedy,4
1644,"Jeanne Dielman, 23, quai du Commerce, 1080 Bruxelles",shuffle_50,18;35;10749,Drama; Comedy; Romance,3
6621,Into the Labyrinth,shuffle_50,18;27;28;53;80;878;9648,Drama; Horror; Action; Thriller; Crime; Science Fiction; Mystery,7
5564,Halloween II,shuffle_50,18;27;53,Drama; Horror; Thriller,3
939,Another Round,shuffle_50,18;35,Drama; Comedy,2
9245,I'm So Excited!,shuffle_50,18;28;35;53,Drama; Action; Comedy; Thriller,4
7335,Senseless,shuffle_50,18;53,Drama; Thriller,2
5848,The Tearsmith,shuffle_50,18;35;10749;10751,Drama; Comedy; Romance; Family,4
2053,Air,shuffle_50,18;35;878,Drama; Comedy; Science Fiction,3
1987,Jungle Cruise,shuffle_50,12;14;35;10751,Adventure; Fantasy; Comedy; Family,4
9387,Snow Dogs,shuffle_50,18;35;10751,Drama; Comedy; Family,3
9452,Spinning Man,shuffle_50,18;35,Drama; Comedy,2
8302,The Cable Guy,shuffle_50,35;53;80,Comedy; Thriller; Crime,3
2994,Where the Heart Is,shuffle_50,18;35,Drama; Comedy,2
6884,¡Three Amigos!,shuffle_50,18;35;80,Drama; Comedy; Crime,3
1018,Butch Cassidy and the Sundance Kid,shuffle_50,12;18;28;37;53;80,Adventure; Drama; Action; Western; Thriller; Crime,6
1296,All That Jazz,shuffle_50,18;35;10402,Drama; Comedy; Music,3
4193,RETURN,shuffle_50,18,Drama,1
359,The Cure,shuffle_50,18;35,Drama; Comedy,2
1979,The Judge,shuffle_50,18;53;80;9648,Drama; Thriller; Crime; Mystery,4
405,Death Note Relight 1: Visions of a God,shuffle_50,18;28;53;878,Drama; Action; Thriller; Science Fiction,4
1050,The Curious Case of Benjamin Button,shuffle_50,18;35;10749;10751,Drama; Comedy; Romance; Family,4
1495,Three Colors: White,shuffle_50,18;35;10749,Drama; Comedy; Romance,3
5427,The Addams Family,shuffle_50,18;35,Drama; Comedy,2
5806,Act of Valor,shuffle_50,12;28;53;878,Adventure; Action; Thriller; Science Fiction,4
8208,Birth,shuffle_50,18;53;10749,Drama; Thriller; Romance,3
9313,Playing for Keeps,shuffle_50,18;35;10751,Drama; Comedy; Family,3
3279,The Northman,shuffle_50,12;14;28;53,Adventure; Fantasy; Action; Thriller,4
5095,Hellboy,shuffle_50,12;14;27;28;10752,Adventure; Fantasy; Horror; Action; War,5
9482,Hellboy,shuffle_50,12;14;16;28,Adventure; Fantasy; Animation; Action,4
770,"I, Daniel Blake",shuffle_50,18;35,Drama; Comedy,2
8670,No One Gets Out Alive,shuffle_50,18;27;53,Drama; Horror; Thriller,3
177,"“The Shorts” by Aldo, Giovanni and Giacomo",shuffle_50,18;35;36;10749,Drama; Comedy; History; Romance,4
2246,Lean On Me,shuffle_50,18;28;35;53;80,Drama; Action; Comedy; Thriller; Crime,5
3333,Malcolm & Marie,shuffle_50,18;35;10749,Drama; Comedy; Romance,3
1844,Dragon Ball: The Path to Power,shuffle_50,12;14;16;28;35;10751,Adventure; Fantasy; Animation; Action; Comedy; Family,6
2060,True Grit,shuffle_50,18;28;35;53;80,Drama; Action; Comedy; Thriller; Crime,5
3195,The Ministry of Ungentlemanly Warfare,shuffle_50,12;18;28;36;10752,Adventure; Drama; Action; History; War,5
6548,District 13: Ultimatum,shuffle_50,28;35,Action; Comedy,2
8833,Coexister,shuffle_50,18;35;10402,Drama; Comedy; Music,3
796,The Man from Nowhere,shuffle_50,18;28;35;53;80,Drama; Action; Comedy; Thriller; Crime,5
4116,Mean Creek,shuffle_50,18;35,Drama; Comedy,2
8212,Orange County,shuffle_50,18;35,Drama; Comedy,2
467,My Way,shuffle_50,12;18;28;35;36;10752,Adventure; Drama; Action; Comedy; History; War,6
3641,The Eight Hundred,shuffle_50,18;28;36;10752,Drama; Action; History; War,4
3085,22 July,shuffle_50,18;27;28;53,Drama; Horror; Action; Thriller,4
1757,Twin Peaks: Fire Walk with Me,shuffle_50,27;53;80;9648,Horror; Thriller; Crime; Mystery,4
3189,Death Note: The Last Name,shuffle_50,18;28,Drama; Action,2
8097,The Gendarme and the Creatures from Outer Space,shuffle_50,27;35;878,Horror; Comedy; Science Fiction,3
9101,The Tunnel,shuffle_50,18;35;53;9648,Drama; Comedy; Thriller; Mystery,4
1656,Summer of 85,shuffle_50,18;35;10749,Drama; Comedy; Romance,3
8274,What to Expect When You're Expecting,shuffle_50,35,Comedy,1
5940,Star Trek: Generations,shuffle_50,12;28;35;878,Adventure; Action; Comedy; Science Fiction,4
4725,Mermaids,shuffle_50,18;35;10749;10751,Drama; Comedy; Romance; Family,4
6282,Borat Subsequent Moviefilm,shuffle_50,18;35,Drama; Comedy,2
6195,Café Society,shuffle_50,18;35;10749,Drama; Comedy; Romance,3
1033,Elemental,shuffle_50,18;35;10749,Drama; Comedy; Romance,3
7769,Blood Ties,shuffle_50,18;28;35;53;80,Drama; Action; Comedy; Thriller; Crime,5
6731,In a World...,shuffle_50,18;35;10402;10749;10751,Drama; Comedy; Music; Romance; Family,5
5081,Martian Child,shuffle_50,18;35;878,Drama; Comedy; Science Fiction,3
7639,Final Destination 5,shuffle_50,14;27;28;53;878,Fantasy; Horror; Action; Thriller; Science Fiction,5
2157,Weekend,shuffle_50,35;10749,Comedy; Romance,2
3203,Lee,shuffle_50,18;36;10752,Drama; History; War,3
2237,The Hours,shuffle_50,18;10749,Drama; Romance,2
2600,The Caine Mutiny,shuffle_50,18;28,Drama; Action,2
9444,Airport '77,shuffle_50,12;28;53,Adventure; Action; Thriller,3
6273,The Chronicles of Narnia: The Voyage of the Dawn Treader,shuffle_50,12;14;16;18;35;10751,Adventure; Fantasy; Animation; Drama; Comedy; Family,6
1210,Control,truncate_25,18;35;10402;10749,Drama; Comedy; Music; Romance,4
1288,Shang-Chi and the Legend of the Ten Rings,truncate_25,12;14;16;18;28;35,Adventure; Fantasy; Animation; Drama; Action; Comedy,6
6147,Dry,truncate_25,16;18;35,Animation; Drama; Comedy,3
120,Shutter Island,truncate_25,18;28;36;53;10752,Drama; Action; History; Thriller; War,5
3105,Galaxy Quest,truncate_25,18;28;53;878,Drama; Action; Thriller; Science Fiction,4
4250,Spy,truncate_25,18;28;35;53,Drama; Action; Comedy; Thriller,4
350,Million Dollar Baby,truncate_25,18,Drama,1
6325,Spree,truncate_25,18;35,Drama; Comedy,2
1898,The Time Machine,truncate_25,18;10749,Drama; Romance,2
9290,Survivor,truncate_25,18;28;35;53;80,Drama; Action; Comedy; Thriller; Crime,5
9395,The Hunters,truncate_25,12;14;16;28;35;10751,Adventure; Fantasy; Animation; Action; Comedy; Family,6
7853,Goosebumps 2: Haunted Halloween,truncate_25,18;35;10749,Drama; Comedy; Romance,3
2734,Petite Maman,truncate_25,18;27;9648,Drama; Horror; Mystery,3
2181,Victor/Victoria,truncate_25,18;35;53;10749,Drama; Comedy; Thriller; Romance,4
8548,Volcano,truncate_25,18;53;878,Drama; Thriller; Science Fiction,3
4191,About Schmidt,truncate_25,18;28;35,Drama; Action; Comedy,3
1320,The Rules of the Game,truncate_25,18;35;53,Drama; Comedy; Thriller,3
1419,The Reader,truncate_25,18;36;53;80;10749,Drama; History; Thriller; Crime; Romance,5
1016,In a Lonely Place,truncate_25,18;35;53;80,Drama; Comedy; Thriller; Crime,4
110,Puss in Boots: The Last Wish,truncate_25,12;16;35;10751,Adventure; Animation; Comedy; Family,4
8307,The 6th Day,truncate_25,12;16;35;878;10751,Adventure; Animation; Comedy; Science Fiction; Family,5
6202,Jackie,truncate_25,18;36,Drama; History,2
5861,I'm Not There,truncate_25,18;35;10402,Drama; Comedy; Music,3
764,Manhattan,truncate_25,18;878,Drama; Science Fiction,2
4105,Margin Call,truncate_25,18;27;53,Drama; Horror; Thriller,3
6763,Three Floors,truncate_25,18,Drama,1
8256,Neuilly Yo Mama!,truncate_25,12;18;28;35;10751,Adventure; Drama; Action; Comedy; Family,5
3483,10 Cloverfield Lane,truncate_25,18;27;53,Drama; Horror; Thriller,3
8226,How to Lose Friends & Alienate People,truncate_25,18;35,Drama; Comedy,2
4316,Ashfall,truncate_25,12;28;35;878,Adventure; Action; Comedy; Science Fiction,4
3917,Clash of the Titans,truncate_25,18;35;10749,Drama; Comedy; Romance,3
1199,The Train,truncate_25,18;35;10752,Drama; Comedy; War,3
731,Safety Last!,truncate_25,35,Comedy,1
5218,Rambo: First Blood Part II,truncate_25,18;35;53;80,Drama; Comedy; Thriller; Crime,4
5136,The Trip,truncate_25,18;35,Drama; Comedy,2
8940,Henry's Crime,truncate_25,18;28;53;80,Drama; Action; Thriller; Crime,4
6940,Archive,truncate_25,18;35;878,Drama; Comedy; Science Fiction,3
4263,Justice League: The New Frontier,truncate_25,12;18;28;878,Adventure; Drama; Action; Science Fiction,4
6066,God Willing,truncate_25,12;18;28,Adventure; Drama; Action,3
2945,Gia,truncate_25,16;18,Animation; Drama,2
4732,The Longest Yard,truncate_25,18;28;53;80,Drama; Action; Thriller; Crime,4
8744,Phantom,truncate_25,18;53,Drama; Thriller,2
6262,A California Christmas,truncate_25,18;35;10749,Drama; Comedy; Romance,3
5233,Something's Gotta Give,truncate_25,18;35;10402;10749,Drama; Comedy; Music; Romance,4
6947,Return of the Hero,truncate_25,12;18;28;36,Adventure; Drama; Action; History,4
6591,The Collection,truncate_25,12;28;53;80,Adventure; Action; Thriller; Crime,4
997,Harold and Maude,truncate_25,18,Drama,1
5071,Pollock,truncate_25,18;35;36,Drama; Comedy; History,3
8027,Fortress,truncate_25,18;28;53;80;878,Drama; Action; Thriller; Crime; Science Fiction,5
9716,17 Girls,truncate_25,18;35;10749,Drama; Comedy; Romance,3
9919,Toys,truncate_25,12;35;10749;10751,Adventure; Comedy; Romance; Family,4
8209,House of Wax,truncate_25,18;27,Drama; Horror,2
7139,The Little Shop of Horrors,truncate_25,18;35;10749,Drama; Comedy; Romance,3
9944,The Phantom,truncate_25,18;35,Drama; Comedy,2
8063,The Brats,truncate_25,18;35;10749,Drama; Comedy; Romance,3
5046,Patriot Games,truncate_25,18;35;53,Drama; Comedy; Thriller,3
293,Barry Lyndon,truncate_25,12;14;28;35;53,Adventure; Fantasy; Action; Comedy; Thriller,5
553,Sunrise: A Song of Two Humans,truncate_25,18;35;10749,Drama; Comedy; Romance,3
7939,The 51st State,truncate_25,18;35,Drama; Comedy,2
4233,Underworld,truncate_25,14;27;28,Fantasy; Horror; Action,3
9238,Maggie's Plan,truncate_25,35,Comedy,1
4951,Harold and the Purple Crayon,truncate_25,12;14;18;35;10751,Adventure; Fantasy; Drama; Comedy; Family,5
7035,The Assistant,truncate_25,14;18;27,Fantasy; Drama; Horror,3
8603,Robin Hood,truncate_25,12;18;28;36;53;10752,Adventure; Drama; Action; History; Thriller; War,6
3330,Hoosiers,truncate_25,18;35,Drama; Comedy,2
4255,The Pit and the Pendulum,truncate_25,18;36,Drama; History,2
1293,Training Day,truncate_25,18;35,Drama; Comedy,2
540,F1,truncate_25,18;28;35;80,Drama; Action; Comedy; Crime,4
4235,Barbarian,truncate_25,18;35;10749,Drama; Comedy; Romance,3
6601,FernGully: The Last Rainforest,truncate_25,14;16;18;35;10749;10751,Fantasy; Animation; Drama; Comedy; Romance; Family,6
1973,Spider-Man: Homecoming,truncate_25,12;18;28;36;878,Adventure; Drama; Action; History; Science Fiction,5
6557,Nighthawks,truncate_25,18;28;53;10752,Drama; Action; Thriller; War,4
5705,Super Troopers,truncate_25,35;53,Comedy; Thriller,2
5731,The Witches of Eastwick,truncate_25,18;35;10749,Drama; Comedy; Romance,3
7665,Push,truncate_25,18;28;53;80,Drama; Action; Thriller; Crime,4
7180,Insidious: The Last Key,truncate_25,18;35,Drama; Comedy,2
977,Stagecoach,truncate_25,18,Drama,1
9691,Be Cool,truncate_25,18;35,Drama; Comedy,2
8418,Tin & Tina,truncate_25,18;10749,Drama; Romance,2
3626,Compartment No. 6,truncate_25,18;53;10749,Drama; Thriller; Romance,3
2034,Justice League: Crisis on Two Earths,truncate_25,12;16;28;35;878,Adventure; Animation; Action; Comedy; Science Fiction,5
4098,The Strange Thing About the Johnsons,truncate_25,18;53,Drama; Thriller,2
9643,Wanderlust,truncate_25,18;35;53;10749,Drama; Comedy; Thriller; Romance,4
4179,Flight,truncate_25,18;35;80,Drama; Comedy; Crime,3
6176,For Love of the Game,truncate_25,18;35,Drama; Comedy,2
7119,Taken 3,truncate_25,18;35;53;80,Drama; Comedy; Thriller; Crime,4
2173,Stardust,truncate_25,14;18;35,Fantasy; Drama; Comedy,3
189,The Father,truncate_25,18;35;53,Drama; Comedy; Thriller,3
7372,He Never Died,truncate_25,18;35;53,Drama; Comedy; Thriller,3
1626,Saw,truncate_25,27;35;53,Horror; Comedy; Thriller,3
563,The Avengers,truncate_25,12;28;53;878,Adventure; Action; Thriller; Science Fiction,4
1784,Grease,truncate_25,18;35;10749,Drama; Comedy; Romance,3
6167,Bride & Prejudice,truncate_25,18;35;10749,Drama; Comedy; Romance,3
7022,Severance,truncate_25,18;28;53;10752,Drama; Action; Thriller; War,4
7046,Child 44,truncate_25,18;35;36;10752,Drama; Comedy; History; War,4
6244,Life,truncate_25,12;18;35;878,Adventure; Drama; Comedy; Science Fiction,4
1057,10 Things I Hate About You,truncate_25,18;35;10749;10751,Drama; Comedy; Romance; Family,4
645,The King of Comedy,truncate_25,16;18;35;10751,Animation; Drama; Comedy; Family,4
371,Don't Look Now... We're Being Shot At!,truncate_25,18;28;36;10752,Drama; Action; History; War,4
5995,Assassins,truncate_25,18;28;53;80,Drama; Action; Thriller; Crime,4
8216,Shaft,truncate_25,18;28;53;80;9648,Drama; Action; Thriller; Crime; Mystery,5
3421,Wild,truncate_25,18;53;9648,Drama; Thriller; Mystery,3
1869,Possession,truncate_25,18;53,Drama; Thriller,2
5536,Star Trek III: The Search for Spock,truncate_25,35;53,Comedy; Thriller,2
6922,King Arthur,truncate_25,12;14;18,Adventure; Fantasy; Drama,3
6810,Second Act,truncate_25,18;35;10749,Drama; Comedy; Romance,3
4033,Mad God,truncate_25,12;18,Adventure; Drama,2
8510,She-Devil,truncate_25,18;35;10749,Drama; Comedy; Romance,3
8582,The Karate Kid Part III,truncate_25,18;28,Drama; Action,2
8712,Righteous Kill,truncate_25,18;28;53;80;9648,Drama; Action; Thriller; Crime; Mystery,5
1427,Glory,truncate_25,18;53,Drama; Thriller,2
2328,"Planes, Trains and Automobiles",truncate_25,18;35,Drama; Comedy,2
7303,Chernobyl: Abyss,truncate_25,18;878,Drama; Science Fiction,2
4803,Escape Plan,truncate_25,18;28;53;80,Drama; Action; Thriller; Crime,4
2657,The Driver,truncate_25,18;28;35;80,Drama; Action; Comedy; Crime,4
530,An Autumn Afternoon,truncate_25,18,Drama,1
3412,The Zone of Interest,truncate_25,18;36;10752,Drama; History; War,3
7021,Great Balls of Fire!,truncate_25,18;35;36,Drama; Comedy; History,3
3863,The Substitute,truncate_25,18;27;35;53,Drama; Horror; Comedy; Thriller,4
769,BPM (Beats per Minute),truncate_25,18;53,Drama; Thriller,2
603,Land of Mine,truncate_25,18;36;10752,Drama; History; War,3
1826,The Way of the Dragon,truncate_25,18;35,Drama; Comedy,2
9990,Marmaduke,truncate_25,18;35;10749,Drama; Comedy; Romance,3
5454,Titan A.E.,truncate_25,18,Drama,1
4689,King of New York,truncate_25,18;28;53;80,Drama; Action; Thriller; Crime,4
1769,Babylon,truncate_25,18;35;36,Drama; Comedy; History,3
7109,The Noel Diary,truncate_25,18;35;10751,Drama; Comedy; Family,3
7040,Basilicata Coast to Coast,truncate_25,18;35;10402,Drama; Comedy; Music,3
2951,Bitter Moon,truncate_25,18;53,Drama; Thriller,2
4916,Return to Oz,truncate_25,18,Drama,1
8894,6 Below: Miracle on the Mountain,truncate_25,18;53,Drama; Thriller,2
3547,Mamma Mia!,truncate_25,18;35;10749,Drama; Comedy; Romance,3
4476,Winter's Bone,truncate_25,18;53;80,Drama; Thriller; Crime,3
5633,Seeking a Friend for the End of the World,truncate_25,53;878,Thriller; Science Fiction,2
3732,The Isle,truncate_25,18;35,Drama; Comedy,2
9559,The Conference,truncate_25,18;35;80,Drama; Comedy; Crime,3
365,Spider-Man: No Way Home,truncate_25,16;28;35,Animation; Action; Comedy,3
9417,Admission,truncate_25,18;35;10749,Drama; Comedy; Romance,3
1174,The Six Triple Eight,truncate_25,18;28;36;10752,Drama; Action; History; War,4
6956,Bandits,truncate_25,18;28;53;80,Drama; Action; Thriller; Crime,4
259,Amadeus,truncate_25,18;35,Drama; Comedy,2
5569,Flesh + Blood,truncate_25,12;14;28;35,Adventure; Fantasy; Action; Comedy,4
1042,Evangelion: 1.0 You Are (Not) Alone,truncate_25,12;14;16;27;28;878,Adventure; Fantasy; Animation; Horror; Action; Science Fiction,6
5282,Colombiana,truncate_25,18;27;53;80;9648,Drama; Horror; Thriller; Crime; Mystery,5
9250,Alvin and the Chipmunks: Chipwrecked,truncate_25,12;16;35;10751,Adventure; Animation; Comedy; Family,4
7326,There's No Place Like Home,truncate_25,18;35,Drama; Comedy,2
475,A Bronx Tale,truncate_25,18;80,Drama; Crime,2
7344,Waiting...,truncate_25,35,Comedy,1
3786,White Chicks,truncate_25,28;35;53;80,Action; Comedy; Thriller; Crime,4
6347,Shaft,truncate_25,18;53,Drama; Thriller,2
9922,Mutant Chronicles,truncate_25,12;28;878,Adventure; Action; Science Fiction,3
4664,He Got Game,truncate_25,18;35,Drama; Comedy,2
5439,The Finest Hours,truncate_25,12;18;28;53,Adventure; Drama; Action; Thriller,4
2950,Cross of Iron,truncate_25,18;28;36;53;10752,Drama; Action; History; Thriller; War,5
9117,Rules Don't Apply,truncate_25,18;35;10749,Drama; Comedy; Romance,3
5908,Seoul Station,truncate_25,12;16;28;878;10751,Adventure; Animation; Action; Science Fiction; Family,5
8203,Up for Love,truncate_25,18;53;10749,Drama; Thriller; Romance,3
6735,"Roman J. Israel, Esq.",truncate_25,18;28;35,Drama; Action; Comedy,3
2161,Swades,truncate_25,18;35;878,Drama; Comedy; Science Fiction,3
1965,All That Heaven Allows,truncate_25,18;35,Drama; Comedy,2
21,Fight Club,truncate_25,18;35;53;80,Drama; Comedy; Thriller; Crime,4
6143,Ice Age: A Mammoth Christmas,truncate_25,12;14;16;35;10751,Adventure; Fantasy; Animation; Comedy; Family,5
3839,Antwone Fisher,truncate_25,18;53,Drama; Thriller,2
8704,Cooties,truncate_25,18;27;53;878;9648,Drama; Horror; Thriller; Science Fiction; Mystery,5
5092,Charlie Bartlett,truncate_25,18;35;10749,Drama; Comedy; Romance,3
868,A Charlie Brown Christmas,truncate_25,18;35,Drama; Comedy,2
4932,The Stepford Wives,truncate_25,18;35;10749,Drama; Comedy; Romance,3
5225,Jack Reacher,truncate_25,18;27;28;53;80;9648,Drama; Horror; Action; Thriller; Crime; Mystery,6
2573,Upgraded,truncate_25,18;35;10749,Drama; Comedy; Romance,3
3624,A Conspiracy of Faith,truncate_25,18;53,Drama; Thriller,2
2062,Kung Fu Panda,truncate_25,12;14;16;28;35;10751,Adventure; Fantasy; Animation; Action; Comedy; Family,6
8654,Men in Black: International,truncate_25,12;28;53;878,Adventure; Action; Thriller; Science Fiction,4
1791,Asterix & Obelix: Mission Cleopatra,truncate_25,12;18;35;36,Adventure; Drama; Comedy; History,4
5534,May December,truncate_25,18;35;10749,Drama; Comedy; Romance,3
7704,Crossing Over,truncate_25,18;35,Drama; Comedy,2
8983,The Man,truncate_25,18;35;53;80;9648,Drama; Comedy; Thriller; Crime; Mystery,5
5453,Main Hoon Na,truncate_25,18;28;35,Drama; Action; Comedy,3
9626,Leprechaun 2,truncate_25,12;14;18;28,Adventure; Fantasy; Drama; Action,4
4336,Time After Time,truncate_25,18;35,Drama; Comedy,2
5568,"I Love You, Man",truncate_25,18;35;10749,Drama; Comedy; Romance,3
8488,An American Werewolf in Paris,truncate_25,18;35;53,Drama; Comedy; Thriller,3
4057,Flavors of Youth,truncate_25,18,Drama,1
3456,The Dressmaker,truncate_25,18;35;10749,Drama; Comedy; Romance,3
2164,The Seventh Company Has Been Found,truncate_25,18;35,Drama; Comedy,2
9966,With Open Arms,truncate_25,18;35,Drama; Comedy,2
7617,28 Days,truncate_25,18;35;10749,Drama; Comedy; Romance,3
5215,Brother Bear 2,truncate_25,12;16;18,Adventure; Animation; Drama,3
5899,Thor: The Dark World,truncate_25,12;14;16;28;878,Adventure; Fantasy; Animation; Action; Science Fiction,5
5683,Trust,truncate_25,18;35;53;10749,Drama; Comedy; Thriller; Romance,4
8688,King Cobra,truncate_25,18;35,Drama; Comedy,2
6197,Your Sister's Sister,truncate_25,18;35;10749,Drama; Comedy; Romance,3
9850,Sleeping Beauty,truncate_25,14;18;27,Fantasy; Drama; Horror,3
6159,Judgment Night,truncate_25,18;35,Drama; Comedy,2
3199,Far from Heaven,truncate_25,18;35;10749,Drama; Comedy; Romance,3
8679,Problem Child 2,truncate_25,18;35,Drama; Comedy,2
1942,High Plains Drifter,truncate_25,18;28;53;80,Drama; Action; Thriller; Crime,4
9317,The Pact,truncate_25,18;27;35,Drama; Horror; Comedy,3
481,Bad Genius,truncate_25,18,Drama,1
3280,The Proposition,truncate_25,18;35;80,Drama; Comedy; Crime,3
1169,Moulin Rouge!,truncate_25,18;35;10749,Drama; Comedy; Romance,3
7475,The Crew,truncate_25,18;28;35;53;80,Drama; Action; Comedy; Thriller; Crime,5
6721,Smurfs: The Lost Village,truncate_25,12;16;35;878;10751,Adventure; Animation; Comedy; Science Fiction; Family,5
297,The Passion of Joan of Arc,truncate_25,18;27,Drama; Horror,2
5367,Suicide Kings,truncate_25,18;28;35;53;80,Drama; Action; Comedy; Thriller; Crime,5
6173,Super Fuzz,truncate_25,18;35,Drama; Comedy,2
7924,Monster Trucks,truncate_25,35,Comedy,1
2700,Troy,truncate_25,12;18;28;36;878,Adventure; Drama; Action; History; Science Fiction,5
4379,Dark Water,truncate_25,18;27;53;9648,Drama; Horror; Thriller; Mystery,4
6784,The Wrath of Becky,truncate_25,18;53,Drama; Thriller,2
8228,Kidnapping Mr. Heineken,truncate_25,18;35,Drama; Comedy,2
5132,JCVD,truncate_25,18;35;80,Drama; Comedy; Crime,3
9687,Drive-Away Dolls,truncate_25,18;27;35;10749,Drama; Horror; Comedy; Romance,4
1595,The SpongeBob Movie: Sponge on the Run,truncate_25,16;18;35,Animation; Drama; Comedy,3
1329,Breaking the Waves,truncate_25,18;35,Drama; Comedy,2
1923,Nowhere,truncate_25,18;53,Drama; Thriller,2
8010,The Pacifier,truncate_25,18;28,Drama; Action,2
5896,Tideland,truncate_25,18,Drama,1
6459,Cargo,truncate_25,18;27;53;878,Drama; Horror; Thriller; Science Fiction,4
9013,Exit Wounds,truncate_25,18;28;35;53;80,Drama; Action; Comedy; Thriller; Crime,5
3324,Ip Man 3,truncate_25,18;28;53;80;10402,Drama; Action; Thriller; Crime; Music,5
5770,Little Monsters,truncate_25,18;35;10402,Drama; Comedy; Music,3
5902,The Neon Demon,truncate_25,18;35;10749,Drama; Comedy; Romance,3
3230,Moby Dick,truncate_25,12;18,Adventure; Drama,2
285,Song of the Sea,truncate_25,12;18;10751,Adventure; Drama; Family,3
5939,The Jane Austen Book Club,truncate_25,18;35,Drama; Comedy,2
7077,Extinction,truncate_25,18;878,Drama; Science Fiction,2
1471,High School of the Dead: Drifters of the Dead,truncate_25,12;18;53,Adventure; Drama; Thriller,3
4106,Loft,truncate_25,18;35;10749,Drama; Comedy; Romance,3
5257,The Man in the Iron Mask,truncate_25,12;18;28;36,Adventure; Drama; Action; History,4
1837,The Great Gatsby,truncate_25,18;10749,Drama; Romance,2
4529,In Her Name,truncate_25,18,Drama,1
6063,Colors,truncate_25,18;28;53;80,Drama; Action; Thriller; Crime,4
9741,Incarnate,truncate_25,14;27;53,Fantasy; Horror; Thriller,3
1257,The Birds,truncate_25,18,Drama,1
7900,The Night Before,truncate_25,18;35,Drama; Comedy,2
4861,Nymphomaniac: Vol. II,truncate_25,18;35;10749,Drama; Comedy; Romance,3
9380,Inside,truncate_25,18;53;80;9648,Drama; Thriller; Crime; Mystery,4
145,Good Will Hunting,truncate_25,12;35,Adventure; Comedy,2
2347,Pearl,truncate_25,18,Drama,1
1047,Steins;Gate: The Movie - Load Region of Déjà Vu,truncate_25,16;18;35,Animation; Drama; Comedy,3
6199,Drag Me to Hell,truncate_25,18;53;10749,Drama; Thriller; Romance,3
2878,The Dark Crystal,truncate_25,12;16;28;35;878,Adventure; Animation; Action; Comedy; Science Fiction,5
5053,Emily the Criminal,truncate_25,18;35;80,Drama; Comedy; Crime,3
3147,I Hate Summer,truncate_25,18;35,Drama; Comedy,2
4581,The DUFF,truncate_25,35;10749,Comedy; Romance,2
5254,White God,truncate_25,14;18;35;10751,Fantasy; Drama; Comedy; Family,4
503,Shoplifters,truncate_25,18,Drama,1
6101,Police Story 4: First Strike,truncate_25,18;28;35,Drama; Action; Comedy,3
7290,Mean Machine,truncate_25,18;28;35;53;80,Drama; Action; Comedy; Thriller; Crime,5
9036,Paranormal Activity 2,truncate_25,35;10751,Comedy; Family,2
1097,The Hobbit: The Desolation of Smaug,truncate_25,12;14;16;28;35,Adventure; Fantasy; Animation; Action; Comedy,5
7192,Ghosts of War,truncate_25,12;18;28;36;10752,Adventure; Drama; Action; History; War,5
826,Black Swan,truncate_25,18;35;10749,Drama; Comedy; Romance,3
1943,Red River,truncate_25,18;37,Drama; Western,2
1783,My Sister's Keeper,truncate_25,18;35,Drama; Comedy,2
6847,Dark Skies,truncate_25,14;27;53;9648,Fantasy; Horror; Thriller; Mystery,4
5990,Mother's Day,truncate_25,18;35;53,Drama; Comedy; Thriller,3
4698,First Love,truncate_25,18;28;10749,Drama; Action; Romance,3
4319,The Ghost Writer,truncate_25,18;35;53;9648;10749,Drama; Comedy; Thriller; Mystery; Romance,5
1309,Almost Famous,truncate_25,18;35;10402;10749,Drama; Comedy; Music; Romance,4
6541,The Knight Before Christmas,truncate_25,12;14;18;35,Adventure; Fantasy; Drama; Comedy,4
6728,Doc Hollywood,truncate_25,18;35;878,Drama; Comedy; Science Fiction,3
68,Given,truncate_25,18;35;10749,Drama; Comedy; Romance,3
6565,The Assassin,truncate_25,12;18;28,Adventure; Drama; Action,3
3340,Lethal Weapon 2,truncate_25,18;35;10751,Drama; Comedy; Family,3
5380,Conspiracy Theory,truncate_25,18;35;53,Drama; Comedy; Thriller,3
5732,The Chronicles of Riddick,truncate_25,18;28;53;80,Drama; Action; Thriller; Crime,4
1738,Mad Max 2,truncate_25,18;28;53;878,Drama; Action; Thriller; Science Fiction,4
9357,My Best Friend's Girl,truncate_25,35;10749,Comedy; Romance,2
93,Klaus,truncate_25,18;35;53,Drama; Comedy; Thriller,3
7555,Murder by Numbers,truncate_25,18;53;80;9648,Drama; Thriller; Crime; Mystery,4
4648,Oedipus Rex,truncate_25,18;35;10752,Drama; Comedy; War,3
5928,The Bookshop,truncate_25,18;35,Drama; Comedy,2
4387,200 Pounds Beauty,truncate_25,14;16;18;10751,Fantasy; Animation; Drama; Family,4
7601,Splinter,truncate_25,12;16;35;10751,Adventure; Animation; Comedy; Family,4
8944,Kicking & Screaming,truncate_25,18;35,Drama; Comedy,2
76,The Intouchables,truncate_25,18;35;36;10749,Drama; Comedy; History; Romance,4
2319,Betty Blue,truncate_25,18;35,Drama; Comedy,2
7425,The Prince & Me,truncate_25,18;35;10749,Drama; Comedy; Romance,3
916,Laurence Anyways,truncate_25,18;10749,Drama; Romance,2
9369,The Maiden Heist,truncate_25,28;35;53,Action; Comedy; Thriller,3
4345,An Unfinished Life,truncate_25,18,Drama,1
7191,No Escape,truncate_25,28;53;80;878,Action; Thriller; Crime; Science Fiction,4
8369,The Marvels,truncate_25,35;10751,Comedy; Family,2
2010,Carrie,truncate_25,18,Drama,1
7722,Happily Mixed Up,truncate_25,18;27;53;9648,Drama; Horror; Thriller; Mystery,4
194,The Hunt,truncate_25,18;10749,Drama; Romance,2
7314,The Other Woman,truncate_25,18;35;10749,Drama; Comedy; Romance,3
6475,Flypaper,truncate_25,18;28;53;80,Drama; Action; Thriller; Crime,4
9513,Truth or Dare,truncate_25,18;27;35;53,Drama; Horror; Comedy; Thriller,4
7049,Your Place or Mine,truncate_25,18;35;10749,Drama; Comedy; Romance,3
6424,Don't Think Twice,truncate_25,18;35,Drama; Comedy,2
4977,Troll Hunter,truncate_25,27;35;9648;10751,Horror; Comedy; Mystery; Family,4
998,Mortal Kombat Legends: Battle of the Realms,truncate_25,12;14;16;28;35;878,Adventure; Fantasy; Animation; Action; Comedy; Science Fiction,6
6904,Beauty Shop,truncate_25,18;35;10749,Drama; Comedy; Romance,3
8099,Arcadian,truncate_25,12;18;878,Adventure; Drama; Science Fiction,3
5448,Silent Hill,truncate_25,18;53,Drama; Thriller,2
9327,Momentum,truncate_25,18;28;53;80;9648,Drama; Action; Thriller; Crime; Mystery,5
7114,The Dead Pool,truncate_25,18;35,Drama; Comedy,2
3408,Mickey's Twice Upon a Christmas,truncate_25,12;14;16;35;10751,Adventure; Fantasy; Animation; Comedy; Family,5
5405,The Wizard of Lies,truncate_25,18;35;53,Drama; Comedy; Thriller,3
2850,Tangled Ever After,truncate_25,12;16;35;10749;10751,Adventure; Animation; Comedy; Romance; Family,5
8088,Sanctum,truncate_25,12;18;878,Adventure; Drama; Science Fiction,3
2705,Kiss Kiss Bang Bang,truncate_25,18;28;35;53;80,Drama; Action; Comedy; Thriller; Crime,5
6846,The Visit,truncate_25,18;35,Drama; Comedy,2
432,Divorce Italian Style,truncate_25,18;35;10749,Drama; Comedy; Romance,3
7851,F,truncate_25,18,Drama,1
4028,Rango,truncate_25,16;18;35;9648;10751,Animation; Drama; Comedy; Mystery; Family,5
1048,The Fault in Our Stars,truncate_25,18,Drama,1
4923,RED,truncate_25,18;28;53;80,Drama; Action; Thriller; Crime,4
1935,A Nightmare on Elm Street,truncate_25,18;27;53;80;9648,Drama; Horror; Thriller; Crime; Mystery,5
4569,Asterix in Britain,truncate_25,12;16;28;36,Adventure; Animation; Action; History,4
195,New Gods: Nezha Reborn,truncate_25,18;35;10749,Drama; Comedy; Romance,3
4697,Superman II,truncate_25,12;18;28;80,Adventure; Drama; Action; Crime,4
392,We Are the Nobles,truncate_25,18;35,Drama; Comedy,2
8213,Alvin and the Chipmunks: The Road Chip,truncate_25,18;35,Drama; Comedy,2
6304,Wild Target,truncate_25,18;28;53;80,Drama; Action; Thriller; Crime,4
3110,What's Love Got to Do with It,truncate_25,18;35;10402;10749,Drama; Comedy; Music; Romance,4
4715,Road House,truncate_25,18;35;53,Drama; Comedy; Thriller,3
5549,Lionheart,truncate_25,18;28;35,Drama; Action; Comedy,3
2066,Red Dog,truncate_25,12;18,Adventure; Drama,2
1716,Rushmore,truncate_25,18;35;10749,Drama; Comedy; Romance,3
537,The Shadow in My Eye,truncate_25,18;28;36;10752,Drama; Action; History; War,4
7092,Legends of Oz: Dorothy's Return,truncate_25,16;18;27,Animation; Drama; Horror,3
6211,The Uninvited,truncate_25,18;27;53,Drama; Horror; Thriller,3
4824,Bumblebee,truncate_25,12;18;35,Adventure; Drama; Comedy,3
2220,Riders of Justice,truncate_25,18;35;10749,Drama; Comedy; Romance,3
2109,Sonic the Hedgehog,truncate_25,12;14;16;28;35;878;10751,Adventure; Fantasy; Animation; Action; Comedy; Science Fiction; Family,7
2137,The Fundamentals of Caring,truncate_25,18;35,Drama; Comedy,2
8471,Alexander,truncate_25,12;18;28;36,Adventure; Drama; Action; History,4
8919,Neighbors 2: Sorority Rising,truncate_25,27;35,Horror; Comedy,2
7279,Accident Man,truncate_25,18;35;53,Drama; Comedy; Thriller,3
2200,Land of Bad,truncate_25,18;28;35,Drama; Action; Comedy,3
954,The Longest Ride,truncate_25,18;10749,Drama; Romance,2
5846,Dragonslayer,truncate_25,12;14;18;28;35;10751,Adventure; Fantasy; Drama; Action; Comedy; Family,6
2761,Confession of Murder,truncate_25,18;53;80;9648,Drama; Thriller; Crime; Mystery,4
3169,Patriots Day,truncate_25,18;28;53;80;9648,Drama; Action; Thriller; Crime; Mystery,5
4930,Night Moves,truncate_25,18;35;53;80;9648,Drama; Comedy; Thriller; Crime; Mystery,5
7857,V/H/S/94,truncate_25,27;35;53;9648,Horror; Comedy; Thriller; Mystery,4
459,Persepolis,truncate_25,18;10749,Drama; Romance,2
3793,Nine to Five,truncate_25,18;35,Drama; Comedy,2
742,Slumdog Millionaire,truncate_25,18,Drama,1
9458,Leatherface,truncate_25,18;27;53,Drama; Horror; Thriller,3
5743,Looking for Eric,truncate_25,18;35,Drama; Comedy,2
50,American History X,truncate_25,18;28;53;80,Drama; Action; Thriller; Crime,4
2108,Stolen Kisses,truncate_25,18;35,Drama; Comedy,2
3005,Ariel,truncate_25,18;35,Drama; Comedy,2
2698,Monsieur Lazhar,truncate_25,18;27,Drama; Horror,2
6130,The Love Witch,truncate_25,14;16;18;27,Fantasy; Animation; Drama; Horror,4
2762,House of Sand and Fog,truncate_25,18;35,Drama; Comedy,2
8909,Analyze That,truncate_25,18;35;53;80,Drama; Comedy; Thriller; Crime,4
4555,Kill the Irishman,truncate_25,18;28;36;53,Drama; Action; History; Thriller,4
3314,My Neighbors the Yamadas,truncate_25,18;35,Drama; Comedy,2
6867,Yara,truncate_25,18;27;53;80;9648,Drama; Horror; Thriller; Crime; Mystery,5
866,Scooby-Doo on Zombie Island,truncate_25,14;16;35;10751,Fantasy; Animation; Comedy; Family,4
5897,Bubba Ho-tep,truncate_25,18;35,Drama; Comedy,2
3362,An Officer and a Gentleman,truncate_25,18;28;35,Drama; Action; Comedy,3
5462,Goya's Ghosts,truncate_25,18;28;53,Drama; Action; Thriller,3
3704,RocknRolla,truncate_25,18;35;53;80,Drama; Comedy; Thriller; Crime,4
2058,"Good Morning, Vietnam",truncate_25,12;18;28;35,Adventure; Drama; Action; Comedy,4
3919,Finestkind,truncate_25,18;35,Drama; Comedy,2
7768,Ad Astra,truncate_25,12;18;28;878,Adventure; Drama; Action; Science Fiction,4
8004,No Filter,truncate_25,18;35;10749,Drama; Comedy; Romance,3
7957,Kill Your Friends,truncate_25,18;35;53;80;10402,Drama; Comedy; Thriller; Crime; Music,5
8023,My Life Without Me,truncate_25,18;27;53;9648,Drama; Horror; Thriller; Mystery,4
8173,Bee Movie,truncate_25,18;35,Drama; Comedy,2
3737,Fly Away Home,truncate_25,18;27;53,Drama; Horror; Thriller,3
5273,Aline,truncate_25,18;878,Drama; Science Fiction,2
2229,Jeremiah Johnson,truncate_25,12;14;18;10749,Adventure; Fantasy; Drama; Romance,4
4706,Tucker: The Man and His Dream,truncate_25,18;36,Drama; History,2
9060,We Are What We Are,truncate_25,12;18;28;35,Adventure; Drama; Action; Comedy,4
2063,Duck Soup,truncate_25,12;18;35;10751,Adventure; Drama; Comedy; Family,4
3257,Elephant,truncate_25,18;35,Drama; Comedy,2
9891,Behaving Badly,truncate_25,18;35;53,Drama; Comedy; Thriller,3
3808,Project Silence,truncate_25,18;27;53,Drama; Horror; Thriller,3
6370,"My Donkey, My Lover & I",truncate_25,18;35;10749,Drama; Comedy; Romance,3
863,12 Angry Men,truncate_25,18;53;80,Drama; Thriller; Crime,3
2830,After the Wedding,truncate_25,18;53,Drama; Thriller,2
6596,The Imaginarium of Doctor Parnassus,truncate_25,18;35;10751,Drama; Comedy; Family,3
7661,Ben 10: Alien Swarm,truncate_25,18;35;53;10749,Drama; Comedy; Thriller; Romance,4
9043,Black Sheep,truncate_25,12;878;10751,Adventure; Science Fiction; Family,3
3112,The Thirteenth Floor,truncate_25,18;35,Drama; Comedy,2
6154,Olaf's Frozen Adventure,truncate_25,12;14;16;28;35;10751,Adventure; Fantasy; Animation; Action; Comedy; Family,6
1132,Gattaca,truncate_25,28;35,Action; Comedy,2
6679,New Kids Turbo,truncate_25,18;35,Drama; Comedy,2
6352,Operation Christmas Drop,truncate_25,18;53,Drama; Thriller,2
6897,Flushed Away,truncate_25,12;16;35,Adventure; Animation; Comedy,3
9302,Damaged,truncate_25,18;28;53;80;9648,Drama; Action; Thriller; Crime; Mystery,5
4186,Moonstruck,truncate_25,18;35;10749,Drama; Comedy; Romance,3
9506,Deep Blue Sea 3,truncate_25,18;35;10751,Drama; Comedy; Family,3
1553,Scarface,truncate_25,18;36;80,Drama; History; Crime,3
8924,Young Adult,truncate_25,18;35;10749,Drama; Comedy; Romance,3
2655,Identity,truncate_25,18;27;53,Drama; Horror; Thriller,3
9460,Family Pack,truncate_25,12;16;35,Adventure; Animation; Comedy,3
919,Vampire Hunter D: Bloodlust,truncate_25,12;16;35;10402;10751,Adventure; Animation; Comedy; Music; Family,5
2957,A Writer's Odyssey,truncate_25,12;14;16;18;28;10751,Adventure; Fantasy; Animation; Drama; Action; Family,6
5598,Who You Think I Am,truncate_25,18;35;10749,Drama; Comedy; Romance,3
9215,Porky's II: The Next Day,truncate_25,18;35;10749,Drama; Comedy; Romance,3
9951,Havoc,truncate_25,18;35;10749,Drama; Comedy; Romance,3
5870,Turbo Kid,truncate_25,18;27;53;878,Drama; Horror; Thriller; Science Fiction,4
2826,The Rock,truncate_25,18;28;36;53;80;10752,Drama; Action; History; Thriller; Crime; War,6
4831,Dreamgirls,truncate_25,18;35;10402;10749,Drama; Comedy; Music; Romance,4
899,Onward,truncate_25,18;35,Drama; Comedy,2
7350,Alice and the Mayor,truncate_25,18;35,Drama; Comedy,2
5022,Yes Man,truncate_25,18;35;10749,Drama; Comedy; Romance,3
8371,When in Rome,truncate_25,16;35;10751,Animation; Comedy; Family,3
3153,SPY x FAMILY CODE: White,truncate_25,18;35,Drama; Comedy,2
6119,Bridget Jones: Mad About the Boy,truncate_25,18;10749,Drama; Romance,2
6726,The Only Living Boy in New York,truncate_25,18;35,Drama; Comedy,2
6890,Dead in a Week (Or Your Money Back),truncate_25,18;35;53;80,Drama; Comedy; Thriller; Crime,4
53,Princess Mononoke,truncate_25,12;14;16;27;28;35;10751,Adventure; Fantasy; Animation; Horror; Action; Comedy; Family,7
4530,Perfect Addiction,truncate_25,18,Drama,1
7321,Megan Is Missing,truncate_25,18;35;10749,Drama; Comedy; Romance,3
7738,Housesitter,truncate_25,18;35;10749,Drama; Comedy; Romance,3
1058,The Wizard of Oz,truncate_25,12;14;16;18;35;10749;10751,Adventure; Fantasy; Animation; Drama; Comedy; Romance; Family,7
7960,Duplex,truncate_25,18;35;10749,Drama; Comedy; Romance,3
3944,The Hidden,truncate_25,18;35;53,Drama; Comedy; Thriller,3
5543,Ender's Game,truncate_25,18,Drama,1
4162,Denial,truncate_25,18;36,Drama; History,2
290,Citizen Kane,truncate_25,18,Drama,1
717,Gran Turismo,truncate_25,18;35;10749,Drama; Comedy; Romance,3
584,Spotlight,truncate_25,18;35,Drama; Comedy,2
3508,This Must Be the Place,truncate_25,18;35;10402,Drama; Comedy; Music,3
1103,Spies in Disguise,truncate_25,12;14;28;35;878,Adventure; Fantasy; Action; Comedy; Science Fiction,5
7365,The Night Clerk,truncate_25,18;35,Drama; Comedy,2
7951,The SpongeBob Movie: Sponge Out of Water,truncate_25,12;14;16;28;35;10751,Adventure; Fantasy; Animation; Action; Comedy; Family,6
1112,"Girl, Interrupted",truncate_25,18;10749,Drama; Romance,2
8563,Curse of Chucky,truncate_25,18;27;53;9648,Drama; Horror; Thriller; Mystery,4
8522,Pyewacket,truncate_25,18;27;53,Drama; Horror; Thriller,3
4553,Anna and the King,truncate_25,18;36;10749,Drama; History; Romance,3
5111,The Spiderwick Chronicles,truncate_25,27;35;10751,Horror; Comedy; Family,3
9159,Arthur and the Revenge of Maltazard,truncate_25,14;18,Fantasy; Drama,2
8686,Line of Duty,truncate_25,18;28;35;53;80,Drama; Action; Comedy; Thriller; Crime,5
542,Two Women,truncate_25,18,Drama,1
5531,Star Wars: Episode II - Attack of the Clones,truncate_25,18;28;53;80,Drama; Action; Thriller; Crime,4
5529,House of Gucci,truncate_25,18;35;10749,Drama; Comedy; Romance,3
1683,Boys Don't Cry,truncate_25,18,Drama,1
8472,"Farewell, My Queen",truncate_25,18;10749,Drama; Romance,2
4976,Time Freak,truncate_25,18;35;878,Drama; Comedy; Science Fiction,3
5687,Fragile,truncate_25,18;27;53;9648,Drama; Horror; Thriller; Mystery,4
2550,The Animatrix,truncate_25,16;35;878,Animation; Comedy; Science Fiction,3
5810,Ramona and Beezus,truncate_25,14;16;35;10751,Fantasy; Animation; Comedy; Family,4
4386,The Women on the 6th Floor,truncate_25,18;35;10749,Drama; Comedy; Romance,3
7751,Big Trouble,truncate_25,18;53;9648,Drama; Thriller; Mystery,3
995,The Others,truncate_25,14;18;27;10749,Fantasy; Drama; Horror; Romance,4
4023,Mike's New Car,truncate_25,27;35;10751,Horror; Comedy; Family,3
6574,Baba Yaga: Terror of the Dark Forest,truncate_25,18;35;10751,Drama; Comedy; Family,3
3210,Futurama: Into the Wild Green Yonder,truncate_25,18,Drama,1
402,Amélie,truncate_25,27;35,Horror; Comedy,2
7862,The Zero Theorem,truncate_25,28;53;878,Action; Thriller; Science Fiction,3
4335,The Dry,truncate_25,18;35;10751,Drama; Comedy; Family,3
9059,A Christmas Horror Story,truncate_25,35;10751,Comedy; Family,2
7776,Cocktail,truncate_25,18;35,Drama; Comedy,2
1341,Boyhood,truncate_25,18;35;10749,Drama; Comedy; Romance,3
6666,Octopussy,truncate_25,18;28;53;80,Drama; Action; Thriller; Crime,4
2993,Welcome to the Dollhouse,truncate_25,18;35,Drama; Comedy,2
6943,Mighty Joe Young,truncate_25,18;27;53,Drama; Horror; Thriller,3
3669,Insomnia,truncate_25,18;28;35;53;80;9648,Drama; Action; Comedy; Thriller; Crime; Mystery,6
1993,The Magnificent Ambersons,truncate_25,18;35;10751,Drama; Comedy; Family,3
7315,Knight and Day,truncate_25,28;53;80,Action; Thriller; Crime,3
3411,The High Note,truncate_25,18;35;10402;10749,Drama; Comedy; Music; Romance,4
9198,Red Planet,truncate_25,12;35;53;878,Adventure; Comedy; Thriller; Science Fiction,4
4056,Hellraiser,truncate_25,18;35;9648,Drama; Comedy; Mystery,3
286,Robot Dreams,truncate_25,16;18;35;10751,Animation; Drama; Comedy; Family,4
5815,RED 2,truncate_25,18;35,Drama; Comedy,2
8807,Sgt. Bilko,truncate_25,18;35;10752,Drama; Comedy; War,3
6362,Drop,truncate_25,18;35;10749,Drama; Comedy; Romance,3
2517,Maria Full of Grace,truncate_25,18;35,Drama; Comedy,2
7212,Sky High,truncate_25,12;14;16;28;878,Adventure; Fantasy; Animation; Action; Science Fiction,5
3346,After We Fell,truncate_25,18;35;10749,Drama; Comedy; Romance,3
1720,Once Were Warriors,truncate_25,18,Drama,1
714,Notorious,truncate_25,18;28;53;80;10752,Drama; Action; Thriller; Crime; War,5
1554,Erin Brockovich,truncate_25,18;35;53,Drama; Comedy; Thriller,3
8887,Fading Gigolo,truncate_25,18;35,Drama; Comedy,2
9701,Forces of Nature,truncate_25,35;10749,Comedy; Romance,2
178,Portrait of a Lady on Fire,truncate_25,12;18;53,Adventure; Drama; Thriller,3
304,Sound of Freedom,truncate_25,18;10749,Drama; Romance,2
3262,Apollo 10½: A Space Age Childhood,truncate_25,18,Drama,1
4420,Black or White,truncate_25,18;27;53,Drama; Horror; Thriller,3
2071,Dog,truncate_25,12;18;28;35;10751;10752,Adventure; Drama; Action; Comedy; Family; War,6
7008,Cannibal Holocaust,truncate_25,18;28;53,Drama; Action; Thriller,3
5176,House of Usher,truncate_25,14;18;27;28;53,Fantasy; Drama; Horror; Action; Thriller,5
5834,The Ref,truncate_25,18;35;53,Drama; Comedy; Thriller,3
7352,Zambezia,truncate_25,12;16;10751,Adventure; Animation; Family,3
9847,Slumber,truncate_25,18;27;35;53,Drama; Horror; Comedy; Thriller,4
2049,Deliverance,truncate_25,18,Drama,1
3354,C'est la vie!,truncate_25,35,Comedy,1
1715,Hour of the Wolf,truncate_25,18;35,Drama; Comedy,2
6888,Bad Taste,truncate_25,16;35;878,Animation; Comedy; Science Fiction,3
9031,Big Momma's House 2,truncate_25,28;35;80,Action; Comedy; Crime,3
5442,Brewster's Millions,truncate_25,18;35,Drama; Comedy,2
5007,The Return,truncate_25,18;36,Drama; History,2
1430,Fist of Legend,truncate_25,18;35,Drama; Comedy,2
2489,Little Manhattan,truncate_25,14;18;35;10751,Fantasy; Drama; Comedy; Family,4
2545,Time to Hunt,truncate_25,18;35,Drama; Comedy,2
4713,Germinal,truncate_25,18;36,Drama; History,2
1146,Inside Out 2,truncate_25,18;27;35;53;80;878,Drama; Horror; Comedy; Thriller; Crime; Science Fiction,6
8853,Replicant,truncate_25,35;878;10751,Comedy; Science Fiction; Family,3
6468,Baggio: The Divine Ponytail,truncate_25,18;36,Drama; History,2
3347,One Night in Miami...,truncate_25,18;28,Drama; Action,2
1334,Band of Outsiders,truncate_25,18;35,Drama; Comedy,2
9438,Diana,truncate_25,18;10749,Drama; Romance,2
967,The Turin Horse,truncate_25,12;18,Adventure; Drama,2
8297,Anon,truncate_25,18;53;878;9648,Drama; Thriller; Science Fiction; Mystery,4
5244,Contagion,truncate_25,27;28;53;878,Horror; Action; Thriller; Science Fiction,4
4592,Teen Beach 2,truncate_25,16;18;35;10402;10749;10751,Animation; Drama; Comedy; Music; Romance; Family,6
8526,Thanks for Sharing,truncate_25,18;35;10749,Drama; Comedy; Romance,3
9994,Hollywood Homicide,truncate_25,18;35;53;80,Drama; Comedy; Thriller; Crime,4
496,Perfect Strangers,truncate_25,18;35,Drama; Comedy,2
971,Sniper: The White Raven,truncate_25,12;16;18;28;878;10752,Adventure; Animation; Drama; Action; Science Fiction; War,6
7663,That Awkward Moment,truncate_25,18;35;10749,Drama; Comedy; Romance,3
9161,Urban Legend,truncate_25,18;27,Drama; Horror,2
3785,Streets of Fire,truncate_25,35,Comedy,1
9172,The Midnight Sky,truncate_25,18;878,Drama; Science Fiction,2
4882,Boiler Room,truncate_25,18;35;10749,Drama; Comedy; Romance,3
7824,Trouble at Timpetill,truncate_25,12;18;35;10751,Adventure; Drama; Comedy; Family,4
2979,Lamp Life,truncate_25,18;35;878,Drama; Comedy; Science Fiction,3
8429,The Oxford Murders,truncate_25,18;10749,Drama; Romance,2
1654,They Call Me Jeeg,truncate_25,12;28;35;878;10751,Adventure; Action; Comedy; Science Fiction; Family,5
7583,Never Been Kissed,truncate_25,18;35;10749,Drama; Comedy; Romance,3
5921,The Invisible Guardian,truncate_25,18;27;53;9648,Drama; Horror; Thriller; Mystery,4
8963,Robinson Crusoe,truncate_25,12;14;16;35;10751,Adventure; Fantasy; Animation; Comedy; Family,5
382,"Batman: The Dark Knight Returns, Part 2",truncate_25,16;18;28;53,Animation; Drama; Action; Thriller,4
1746,Law Abiding Citizen,truncate_25,18;53;80,Drama; Thriller; Crime,3
7134,Ant-Man and the Wasp: Quantumania,truncate_25,18;35,Drama; Comedy,2
1215,The Second Tragic Fantozzi,truncate_25,12;18;35;10751,Adventure; Drama; Comedy; Family,4
7345,Jigsaw,truncate_25,27;28;53;80;9648,Horror; Action; Thriller; Crime; Mystery,5
2859,Matthias & Maxime,truncate_25,18;35;10749,Drama; Comedy; Romance,3
2502,The Ten Commandments: The Movie,truncate_25,18;36,Drama; History,2
1396,Birdman of Alcatraz,truncate_25,18;53;80;9648,Drama; Thriller; Crime; Mystery,4
1465,The Croods: A New Age,truncate_25,12;27;878,Adventure; Horror; Science Fiction,3
5305,Valerian and the City of a Thousand Planets,truncate_25,18;28,Drama; Action,2
4897,Just Go with It,truncate_25,18;35,Drama; Comedy,2
1598,Trinity Is Still My Name,truncate_25,18;35;10751,Drama; Comedy; Family,3
4615,Primer,truncate_25,12;18;35;878,Adventure; Drama; Comedy; Science Fiction,4
9232,The Art of War,truncate_25,18;28;53,Drama; Action; Thriller,3
5315,Mr. Morgan's Last Love,truncate_25,18;10749,Drama; Romance,2
1609,American Me,truncate_25,18;28;53;80,Drama; Action; Thriller; Crime,4
6534,Creep,truncate_25,18;35;53;80,Drama; Comedy; Thriller; Crime,4
3561,The White Tiger,truncate_25,18;35,Drama; Comedy,2
3143,The Matrix Reloaded,truncate_25,12;18;28;53;878,Adventure; Drama; Action; Thriller; Science Fiction,5
1986,Just Another Christmas,truncate_25,18;35,Drama; Comedy,2
8285,Flight of the Phoenix,truncate_25,12;18;28;35;53;878,Adventure; Drama; Action; Comedy; Thriller; Science Fiction,6
8843,The Big Wedding,truncate_25,18;35;10749,Drama; Comedy; Romance,3
1234,The Girl with the Dragon Tattoo,truncate_25,18;53,Drama; Thriller,2
4540,Battlestar Galactica: The Plan,truncate_25,18;28;36;53;878,Drama; Action; History; Thriller; Science Fiction,5
5519,The Lord of the Rings,truncate_25,12;18;878,Adventure; Drama; Science Fiction,3
3791,Tracks,truncate_25,18;10749;10751,Drama; Romance; Family,3
1189,Let the Right One In,truncate_25,18;35,Drama; Comedy,2
9436,Max Steel,truncate_25,12;18;10751,Adventure; Drama; Family,3
4641,Jersey Boys,truncate_25,18;35;10402;10749,Drama; Comedy; Music; Romance,4
4769,The Fog,truncate_25,18;27;878,Drama; Horror; Science Fiction,3
5031,Meet the Parents,truncate_25,18;35;10749,Drama; Comedy; Romance,3
7593,Jumper,truncate_25,18;35,Drama; Comedy,2
7709,The Amityville Horror,truncate_25,18;35;10749,Drama; Comedy; Romance,3
8969,Fantastic Four,truncate_25,12;18;28;35;878,Adventure; Drama; Action; Comedy; Science Fiction,5
6047,The Last Days of American Crime,truncate_25,18;53;878,Drama; Thriller; Science Fiction,3
7284,Bridget Jones: The Edge of Reason,truncate_25,18;35;10749,Drama; Comedy; Romance,3
8021,Sleepover,truncate_25,16;35;10751,Animation; Comedy; Family,3
7868,Village of the Damned,truncate_25,18;27;53;878;9648,Drama; Horror; Thriller; Science Fiction; Mystery,5
6837,Bend It Like Beckham,truncate_25,18;35;10749,Drama; Comedy; Romance,3
2632,Invictus,truncate_25,18;36,Drama; History,2
1775,Burning,truncate_25,18;35;10749,Drama; Comedy; Romance,3
6545,Wonder Wheel,truncate_25,18;35;10751,Drama; Comedy; Family,3
8751,The Spy Next Door,truncate_25,18;35;53;80,Drama; Comedy; Thriller; Crime,4
5118,Back to Black,truncate_25,18;35;10749,Drama; Comedy; Romance,3
1843,The Big Short,truncate_25,18;35;36,Drama; Comedy; History,3
4243,The Man Who Invented Christmas,truncate_25,18;35,Drama; Comedy,2
7744,Once Upon a Time in Bethlehem,truncate_25,14;27;28;53,Fantasy; Horror; Action; Thriller,4
9752,Poison Ivy,truncate_25,18;35;10749,Drama; Comedy; Romance,3
2286,Star Wars: The Force Awakens,truncate_25,12;18;28;36;878,Adventure; Drama; Action; History; Science Fiction,5
7217,"Marry Me, Dude",truncate_25,18;35,Drama; Comedy,2
2203,Heathers,truncate_25,18;35;10749,Drama; Comedy; Romance,3
8900,Big Momma's House,truncate_25,18;28;35;53;80,Drama; Action; Comedy; Thriller; Crime,5
6554,The Awakening,truncate_25,12;18;36;10752,Adventure; Drama; History; War,4
2003,The Sea Beast,truncate_25,18;53;10749,Drama; Thriller; Romance,3
1265,Tell It to the Bees,truncate_25,18,Drama,1
3555,The Amateur,truncate_25,18;35,Drama; Comedy,2
2763,Peter Pan,truncate_25,14;18;35;10749;10751,Fantasy; Drama; Comedy; Romance; Family,5
755,The Sound of Music,truncate_25,18;35;36;10752,Drama; Comedy; History; War,4
8019,French Twist,truncate_25,18;53;10749,Drama; Thriller; Romance,3
5983,Kinds of Kindness,truncate_25,12;14;18;35,Adventure; Fantasy; Drama; Comedy,4
6710,The Good Shepherd,truncate_25,18;53;9648,Drama; Thriller; Mystery,3
5045,Geek Charming,truncate_25,18;35;878,Drama; Comedy; Science Fiction,3
8534,The Specialist,truncate_25,18;28;53;80,Drama; Action; Thriller; Crime,4
3843,Crazy Heart,truncate_25,18;35,Drama; Comedy,2
6830,The Bar,truncate_25,18;35,Drama; Comedy,2
6072,The Manchurian Candidate,truncate_25,18;28;53;10752,Drama; Action; Thriller; War,4
9814,Downsizing,truncate_25,18;35,Drama; Comedy,2
7982,Justice League,truncate_25,12;18;28;36;878,Adventure; Drama; Action; History; Science Fiction,5
3996,Saboteur,truncate_25,18;28;80,Drama; Action; Crime,3
651,Dune,truncate_25,12;18,Adventure; Drama,2
555,A Fistful of Dollars,truncate_25,18;28;53,Drama; Action; Thriller,3
2284,The Hurt Locker,truncate_25,18;28;10752,Drama; Action; War,3
3708,The Angels' Share,truncate_25,18;35;53;80,Drama; Comedy; Thriller; Crime,4
6832,The Immigrant,truncate_25,18;53,Drama; Thriller,2
40,Se7en,truncate_25,18;27;28;53;80;9648,Drama; Horror; Action; Thriller; Crime; Mystery,6
1083,Brother,truncate_25,18;35,Drama; Comedy,2
3234,Red One,truncate_25,12;14;16;27;28;35;53;10751,Adventure; Fantasy; Animation; Horror; Action; Comedy; Thriller; Family,8
8155,Despite Everything,truncate_25,18;35;10749,Drama; Comedy; Romance,3
92,Avengers: Infinity War,truncate_25,12;28;878,Adventure; Action; Science Fiction,3
1154,We Need to Talk About Kevin,truncate_25,18;27;35;53,Drama; Horror; Comedy; Thriller,4
5901,Revenge,truncate_25,18;35;10749,Drama; Comedy; Romance,3
521,Dances with Wolves,truncate_25,18;53,Drama; Thriller,2
7454,Elizabethtown,truncate_25,18;35,Drama; Comedy,2
2694,Boyka: Undisputed IV,truncate_25,16;28;35,Animation; Action; Comedy,3
8724,Beverly Hills Cop III,truncate_25,18;28;53;80;9648,Drama; Action; Thriller; Crime; Mystery,5
7149,Killer Elite,truncate_25,28;35;53;80,Action; Comedy; Thriller; Crime,4
6778,I Want You Back,truncate_25,18;35;10749,Drama; Comedy; Romance,3
414,Army of Shadows,truncate_25,18;53,Drama; Thriller,2
7587,Bright,truncate_25,14;16;35;10751,Fantasy; Animation; Comedy; Family,4
3261,The Lake House,truncate_25,18;27;9648,Drama; Horror; Mystery,3
7476,The Big White,truncate_25,18;35,Drama; Comedy,2
2780,Stargate: The Ark of Truth,truncate_25,12;16;28;878,Adventure; Animation; Action; Science Fiction,4
2331,Team Thor,truncate_25,12;14;16;18;28;878,Adventure; Fantasy; Animation; Drama; Action; Science Fiction,6
3596,Addams Family Values,truncate_25,12;35;10751,Adventure; Comedy; Family,3
9724,Serenity,truncate_25,18;35;10749,Drama; Comedy; Romance,3
6912,The Fury,truncate_25,18;28;35;53;80,Drama; Action; Comedy; Thriller; Crime,5
6482,"Hello, My Name Is Doris",truncate_25,18;35,Drama; Comedy,2
1105,Ferris Bueller's Day Off,truncate_25,18;35,Drama; Comedy,2
5399,Side Effects,truncate_25,18;53,Drama; Thriller,2
4460,2048: Nowhere to Run,truncate_25,28;35;878,Action; Comedy; Science Fiction,3
6071,School Ties,truncate_25,18;35,Drama; Comedy,2
5999,Borgman,truncate_25,18,Drama,1
4712,What If,truncate_25,18;35,Drama; Comedy,2
1640,The Muppet Christmas Carol,truncate_25,18;35;10751,Drama; Comedy; Family,3
709,The Color Purple,truncate_25,18;36,Drama; History,2
7223,Parkland,truncate_25,18,Drama,1
6026,A Guide to Recognizing Your Saints,truncate_25,18,Drama,1
9249,Office Christmas Party,truncate_25,18;35;10749,Drama; Comedy; Romance,3
3899,36th Precinct,truncate_25,18;28;35;80,Drama; Action; Comedy; Crime,4
1056,Beasts of No Nation,truncate_25,12;18;28;36;10752,Adventure; Drama; Action; History; War,5
2852,Suspicion,truncate_25,18;35;10749,Drama; Comedy; Romance,3
5621,Star Wars: Episode I - The Phantom Menace,truncate_25,12;16;18;28;878,Adventure; Animation; Drama; Action; Science Fiction,5
946,Boogie Nights,truncate_25,18;35;10749,Drama; Comedy; Romance,3
689,The Untouchables,truncate_25,18;35;53;80,Drama; Comedy; Thriller; Crime,4
6974,Single White Female,truncate_25,18;35;10749,Drama; Comedy; Romance,3
1686,The Omen,truncate_25,18;36;53,Drama; History; Thriller,3
4271,The Red Sea Diving Resort,truncate_25,12;18;28;36;53;10752,Adventure; Drama; Action; History; Thriller; War,6
9555,The Platform 2,truncate_25,12;18;28;53;9648,Adventure; Drama; Action; Thriller; Mystery,5
5844,Young Guns II,truncate_25,18;28;80,Drama; Action; Crime,3
9511,Horizon Line,truncate_25,18;35,Drama; Comedy,2
1034,Sin Nombre,truncate_25,18;35,Drama; Comedy,2
6309,Halloween Kills,truncate_25,27;35;53,Horror; Comedy; Thriller,3
7233,Rock Dog,truncate_25,18;10749,Drama; Romance,2
3638,Tsotsi,truncate_25,18,Drama,1
900,Cat on a Hot Tin Roof,truncate_25,18;35;10749,Drama; Comedy; Romance,3
9763,King Solomon's Mines,truncate_25,12;18;35,Adventure; Drama; Comedy,3
2635,Sweeney Todd: The Demon Barber of Fleet Street,truncate_25,18;35,Drama; Comedy,2
1948,Christiane F.,truncate_25,18;35,Drama; Comedy,2
132,Bicycle Thieves,truncate_25,18;35,Drama; Comedy,2
5596,No Man of God,truncate_25,18;10749,Drama; Romance,2
1819,Waves,truncate_25,18;35,Drama; Comedy,2
4439,The Swan,truncate_25,18;35;80,Drama; Comedy; Crime,3
349,Mirror,truncate_25,18;53,Drama; Thriller,2
1163,The Snowman,truncate_25,14;16;18;35;10751,Fantasy; Animation; Drama; Comedy; Family,5
2929,Punch-Drunk Love,truncate_25,18;35;10749,Drama; Comedy; Romance,3
9539,King of Thieves,truncate_25,18;28;35;53;80,Drama; Action; Comedy; Thriller; Crime,5
341,All Your Faces,truncate_25,18;53;80,Drama; Thriller; Crime,3
4040,No Way Out,truncate_25,18;35;10749,Drama; Comedy; Romance,3
2580,Barbara,truncate_25,18,Drama,1
6187,The Great Outdoors,truncate_25,18;35;10749,Drama; Comedy; Romance,3
776,Rurouni Kenshin Part III: The Legend Ends,truncate_25,12;14;16;18;28;35;10749;10751,Adventure; Fantasy; Animation; Drama; Action; Comedy; Romance; Family,8
2406,Crazy About Her,truncate_25,14;16;27,Fantasy; Animation; Horror,3
4254,Outlaw King,truncate_25,12;18;36;10752,Adventure; Drama; History; War,4
5105,A Good Year,truncate_25,18,Drama,1
6701,The Taking of Pelham 1 2 3,truncate_25,12;18;28;53;80,Adventure; Drama; Action; Thriller; Crime,5
8319,Poltergeist II: The Other Side,truncate_25,18;27;53,Drama; Horror; Thriller,3
6647,The Man Who Knew Too Little,truncate_25,18;35,Drama; Comedy,2
9463,The Sweetest Thing,truncate_25,18;35;10749,Drama; Comedy; Romance,3
5469,Angel Has Fallen,truncate_25,18;28;53;80,Drama; Action; Thriller; Crime,4
7305,Kidnap,truncate_25,18,Drama,1
4563,High Tension,truncate_25,35;10749,Comedy; Romance,2
7657,Cujo,truncate_25,18;35,Drama; Comedy,2
8270,Guess Who,truncate_25,18;35;10749,Drama; Comedy; Romance,3
5602,Welcome to the Rileys,truncate_25,18;35,Drama; Comedy,2
2400,The Lego Batman Movie,truncate_25,18;28;35,Drama; Action; Comedy,3
1004,The Philadelphia Story,truncate_25,18;35;80;10749,Drama; Comedy; Crime; Romance,4
3083,Superman: Man of Tomorrow,truncate_25,12;16;28;878,Adventure; Animation; Action; Science Fiction,4
30,The Lord of the Rings: The Two Towers,truncate_25,12;14;16;28;35,Adventure; Fantasy; Animation; Action; Comedy,5
1263,The Conversation,truncate_25,18;27;53;80;9648,Drama; Horror; Thriller; Crime; Mystery,5
3810,Fear of Rain,truncate_25,18;27;53;9648,Drama; Horror; Thriller; Mystery,4
8803,Mighty Morphin Power Rangers: The Movie,truncate_25,12;14;16;28;35;878;10751,Adventure; Fantasy; Animation; Action; Comedy; Science Fiction; Family,7
583,Demon Slayer: Kimetsu no Yaiba Infinity Castle,truncate_25,12;14;16;27;28;35;878,Adventure; Fantasy; Animation; Horror; Action; Comedy; Science Fiction,7
6256,The Girl on the Train,truncate_25,18;35;10749,Drama; Comedy; Romance,3
5639,Ocean's Twelve,truncate_25,18;28;35;80,Drama; Action; Comedy; Crime,4
7245,Like Father,truncate_25,18;35;10749,Drama; Comedy; Romance,3
5319,Cypher,truncate_25,18;35;53,Drama; Comedy; Thriller,3
5952,Love at First Fight,truncate_25,18;53,Drama; Thriller,2
6771,Yummy,truncate_25,18;35;10749,Drama; Comedy; Romance,3
2704,After We Collided,truncate_25,18;53;10749,Drama; Thriller; Romance,3
4232,The Taste of Others,truncate_25,18;35,Drama; Comedy,2
8102,Starry Eyes,truncate_25,18;35;878;10751,Drama; Comedy; Science Fiction; Family,4
1271,E.T. the Extra-Terrestrial,truncate_25,12;18;28;878;10751,Adventure; Drama; Action; Science Fiction; Family,5
1771,The Fighter,truncate_25,18;28;35,Drama; Action; Comedy,3
4190,Iron Man 2,truncate_25,12;14;16;28;35;878,Adventure; Fantasy; Animation; Action; Comedy; Science Fiction,6
9336,Babe: Pig in the City,truncate_25,18;35;36;10751,Drama; Comedy; History; Family,4
278,Scooby-Doo! and Kiss: Rock and Roll Mystery,truncate_25,12;16;35;10402;10751,Adventure; Animation; Comedy; Music; Family,5
6246,Pontypool,truncate_25,18;35;10402;10751,Drama; Comedy; Music; Family,4
606,Die Hard,truncate_25,18;28;35;53;80,Drama; Action; Comedy; Thriller; Crime,5
638,Freaks,truncate_25,18;35;10402;10751,Drama; Comedy; Music; Family,4
2320,"Lust, Caution",truncate_25,12;18;28;36;10752,Adventure; Drama; Action; History; War,5
1711,Happy as Lazzaro,truncate_25,18;35,Drama; Comedy,2
7726,Pacific Rim: Uprising,truncate_25,12;18;28;53;878,Adventure; Drama; Action; Thriller; Science Fiction,5
5162,Tron,truncate_25,18;28;35;53,Drama; Action; Comedy; Thriller,4
8223,The Last Summer,truncate_25,18;878,Drama; Science Fiction,2
507,Scooby-Doo! Camp Scare,truncate_25,16;35;10751,Animation; Comedy; Family,3
6279,Outland,truncate_25,12;18;878,Adventure; Drama; Science Fiction,3
9998,Repossessed,truncate_25,14;27;35,Fantasy; Horror; Comedy,3
2817,Dragon Ball Z: Bojack Unbound,truncate_25,28;35,Action; Comedy,2
7110,#realityhigh,truncate_25,18;35;10402;10749,Drama; Comedy; Music; Romance,4
7215,Clean,truncate_25,18;35;53,Drama; Comedy; Thriller,3
8956,Brick,truncate_25,18;27;53;878;9648,Drama; Horror; Thriller; Science Fiction; Mystery,5
1225,Father There Is Only One 2,truncate_25,18;35;878,Drama; Comedy; Science Fiction,3
2844,Bad Boys for Life,truncate_25,18;35;53,Drama; Comedy; Thriller,3
7171,Unsane,truncate_25,18;53;10749,Drama; Thriller; Romance,3
9108,The Ward,truncate_25,18;27;28;53;80,Drama; Horror; Action; Thriller; Crime,5
353,Tel chi el telùn,truncate_25,18;53,Drama; Thriller,2
5141,Overboard,truncate_25,18;35,Drama; Comedy,2
4401,The Family Man,truncate_25,18;35,Drama; Comedy,2
8003,Infinity Pool,truncate_25,18;35,Drama; Comedy,2
7218,The Expendables,truncate_25,28;35;80,Action; Comedy; Crime,3
1513,Dunkirk,truncate_25,18;36;10752,Drama; History; War,3
4096,The Jacket,truncate_25,18;28;10752,Drama; Action; War,3
9377,Darkness,truncate_25,18,Drama,1
5039,Planet Terror,truncate_25,18;27;35;9648,Drama; Horror; Comedy; Mystery,4
10,Parasite,truncate_25,18;35,Drama; Comedy,2
9857,Wrecked,truncate_25,18;53,Drama; Thriller,2
7319,The Incredible Hulk,truncate_25,12;18;28;878,Adventure; Drama; Action; Science Fiction,4
1604,Bullet Train,truncate_25,28;35;53;80,Action; Comedy; Thriller; Crime,4
2652,Compagni di scuola,truncate_25,18;35,Drama; Comedy,2
7969,Erased,truncate_25,18;28;53;80,Drama; Action; Thriller; Crime,4
4844,Nosferatu,truncate_25,18;35;10749,Drama; Comedy; Romance,3
9453,Inconceivable,truncate_25,18;27;53,Drama; Horror; Thriller,3
4308,World War Z,truncate_25,18;28;53,Drama; Action; Thriller,3
4367,Danger Close: The Battle of Long Tan,truncate_25,18;36;10752,Drama; History; War,3
4104,Barbie: A Fairy Secret,truncate_25,12;14;16;35;10751,Adventure; Fantasy; Animation; Comedy; Family,5
5831,The Amazing Spider-Man 2,truncate_25,16;28;35,Animation; Action; Comedy,3
8014,Spoiled Brats,truncate_25,18;35,Drama; Comedy,2
7036,Insidious: Chapter 3,truncate_25,18;27;53,Drama; Horror; Thriller,3
6669,The Blair Witch Project,truncate_25,18;35,Drama; Comedy,2
1478,Lifted,truncate_25,12;35;878,Adventure; Comedy; Science Fiction,3
7325,Monster-in-Law,truncate_25,18;35;10749,Drama; Comedy; Romance,3
7483,Hummingbird,truncate_25,18;53;80,Drama; Thriller; Crime,3
5542,Get the Gringo,truncate_25,18;28;53;80,Drama; Action; Thriller; Crime,4
4516,Chappie,truncate_25,12;14;16;18;35;10751,Adventure; Fantasy; Animation; Drama; Comedy; Family,6
440,Miracle in Cell No. 7,truncate_25,18,Drama,1
6612,Curly Sue,truncate_25,18;35;80,Drama; Comedy; Crime,3
8885,Drillbit Taylor,truncate_25,18;35,Drama; Comedy,2
1335,Emergency Declaration,truncate_25,18;28;53;9648,Drama; Action; Thriller; Mystery,4
7269,Red Heat,truncate_25,18;28;35;53;80,Drama; Action; Comedy; Thriller; Crime,5
2238,Trolls Band Together,truncate_25,18;35;80;10402,Drama; Comedy; Crime; Music,4
1158,Pandora,truncate_25,18;53,Drama; Thriller,2
2104,Kiss and Cry,truncate_25,18;10749,Drama; Romance,2
5863,Rio 2,truncate_25,12;14;16;35;10751,Adventure; Fantasy; Animation; Comedy; Family,5
4764,Altered States,truncate_25,18;53;878,Drama; Thriller; Science Fiction,3
9468,Iron Eagle,truncate_25,18;28;53,Drama; Action; Thriller,3
4952,Hillbilly Elegy,truncate_25,18;35;53;10749,Drama; Comedy; Thriller; Romance,4
9004,Josie and the Pussycats,truncate_25,18;35;10402;10749,Drama; Comedy; Music; Romance,4
1976,Glengarry Glen Ross,truncate_25,18;35,Drama; Comedy,2
5068,Parenthood,truncate_25,18;35,Drama; Comedy,2
5629,The Brothers Bloom,truncate_25,35;80,Comedy; Crime,2
6355,The Second Best Exotic Marigold Hotel,truncate_25,35,Comedy,1
1066,Tombstone,truncate_25,12;18;28,Adventure; Drama; Action,3
928,Mickey's Christmas Carol,truncate_25,35;10751,Comedy; Family,2
2189,Nosferatu the Vampyre,truncate_25,18;35;53,Drama; Comedy; Thriller,3
3026,Batman: Death in the Family,truncate_25,18;28,Drama; Action,2
7938,Queen of the Damned,truncate_25,16;18;35,Animation; Drama; Comedy,3
5436,"Me, Myself & Irene",truncate_25,18;35;80,Drama; Comedy; Crime,3
3215,Caché,truncate_25,18;35,Drama; Comedy,2
8379,Friends with Kids,truncate_25,18;35;10749,Drama; Comedy; Romance,3
455,My Hero Academia: Two Heroes,truncate_25,12;16;18;28;35,Adventure; Animation; Drama; Action; Comedy,5
8199,Leaves of Grass,truncate_25,18;35;10749,Drama; Comedy; Romance,3
7507,Blood Father,truncate_25,18;35;53;80;10749,Drama; Comedy; Thriller; Crime; Romance,5
7647,The Weather Man,truncate_25,18;35;53;10749,Drama; Comedy; Thriller; Romance,4
2317,The Past,truncate_25,18;35;10749,Drama; Comedy; Romance,3
6662,Talladega Nights: The Ballad of Ricky Bobby,truncate_25,18;28;35,Drama; Action; Comedy,3
1645,Women on the Verge of a Nervous Breakdown,truncate_25,35;53,Comedy; Thriller,2
4317,To All the Boys: P.S. I Still Love You,truncate_25,28;35,Action; Comedy,2
2774,Descendants,truncate_25,12;14;18;10751,Adventure; Fantasy; Drama; Family,4
6250,Luther,truncate_25,18;36;10749,Drama; History; Romance,3
3387,Stargate,truncate_25,12;18;878,Adventure; Drama; Science Fiction,3
3710,24 Hour Party People,truncate_25,18;35;53,Drama; Comedy; Thriller,3
6835,Heist,truncate_25,18;28;35;53;80,Drama; Action; Comedy; Thriller; Crime,5
3696,Silkwood,truncate_25,18;35;878,Drama; Comedy; Science Fiction,3
8622,Little Man,truncate_25,18;28;35;80,Drama; Action; Comedy; Crime,4
4822,Terrified,truncate_25,18;35;53;80,Drama; Comedy; Thriller; Crime,4
1832,Scooby-Doo and the Ghoul School,truncate_25,12;14;16;35;10751,Adventure; Fantasy; Animation; Comedy; Family,5
7530,Throw Momma from the Train,truncate_25,18;35;10749,Drama; Comedy; Romance,3
7327,Force 10 from Navarone,truncate_25,18;36;10752,Drama; History; War,3
9367,Time Cut,truncate_25,28;35;53;878,Action; Comedy; Thriller; Science Fiction,4
6840,Windtalkers,truncate_25,18;28;53,Drama; Action; Thriller,3
7734,Ip Man: The Final Fight,truncate_25,18;35,Drama; Comedy,2
2313,Z-O-M-B-I-E-S,truncate_25,18;35,Drama; Comedy,2
684,Life of Brian,truncate_25,18;35,Drama; Comedy,2
169,Red Beard,truncate_25,18;35,Drama; Comedy,2
1443,Free Guy,truncate_25,18;35;53;80,Drama; Comedy; Thriller; Crime,4
5612,The Son of Bigfoot,truncate_25,12;27;53;9648,Adventure; Horror; Thriller; Mystery,4
3381,Martin Eden,truncate_25,18,Drama,1
6677,Roald Dahl's The Witches,truncate_25,18;35,Drama; Comedy,2
6123,Fantozzi Still Suffers,truncate_25,18;35,Drama; Comedy,2
3317,Brain on Fire,truncate_25,18;10749,Drama; Romance,2
4636,Frankie and Johnny,truncate_25,18;28;35;53;80,Drama; Action; Comedy; Thriller; Crime,5
923,Time of the Gypsies,truncate_25,18,Drama,1
5063,The Words,truncate_25,18;35;10749,Drama; Comedy; Romance,3
3713,The Three Musketeers: D'Artagnan,truncate_25,18;28;35,Drama; Action; Comedy,3
7235,The Astronaut Farmer,truncate_25,12;18;28,Adventure; Drama; Action,3
2570,Utøya: July 22,truncate_25,18;35;10749,Drama; Comedy; Romance,3
8696,The Jungle Book 2,truncate_25,18;35;10749;10751,Drama; Comedy; Romance; Family,4
3942,Locke,truncate_25,18;35,Drama; Comedy,2
5856,Beverly Hills Cop II,truncate_25,18;35,Drama; Comedy,2
2986,Starred Up,truncate_25,18;35;53;80,Drama; Comedy; Thriller; Crime,4
1224,Anonymously Yours,truncate_25,18;53,Drama; Thriller,2
8447,Beyond Re-Animator,truncate_25,18;53;878,Drama; Thriller; Science Fiction,3
2611,Toy Story of Terror!,truncate_25,12;16;35;10751,Adventure; Animation; Comedy; Family,4
4338,City of Angels,truncate_25,18;27;28;35;53,Drama; Horror; Action; Comedy; Thriller,5
269,For a Few Dollars More,truncate_25,18;28;35;80,Drama; Action; Comedy; Crime,4
9122,Miss Congeniality 2: Armed and Fabulous,truncate_25,18;35,Drama; Comedy,2
4983,21,truncate_25,18;35,Drama; Comedy,2
7521,Bad Lieutenant: Port of Call - New Orleans,truncate_25,18;28;53,Drama; Action; Thriller,3
9100,The Jack in the Box,truncate_25,12;18;35,Adventure; Drama; Comedy,3
4660,The Mummy,truncate_25,14;18,Fantasy; Drama,2
5841,Just Wright,truncate_25,18;35,Drama; Comedy,2
3986,The X-Files,truncate_25,28;35;80;878,Action; Comedy; Crime; Science Fiction,4
144,Vertigo,truncate_25,18;28;53;80;9648,Drama; Action; Thriller; Crime; Mystery,5
3414,Anplagghed al Cinema,truncate_25,18;28;53,Drama; Action; Thriller,3
3086,"The Legend of Al, John and Jack",truncate_25,18;35,Drama; Comedy,2
5530,Black Rain,truncate_25,18;28;53;80,Drama; Action; Thriller; Crime,4
4848,Oliver & Company,truncate_25,12;14;16;18;35;10751,Adventure; Fantasy; Animation; Drama; Comedy; Family,6
8399,The Men Who Stare at Goats,truncate_25,18;35;53;10752,Drama; Comedy; Thriller; War,4
616,Into the Wild,truncate_25,18;35,Drama; Comedy,2
1632,Crush,truncate_25,18;35;10402;10749,Drama; Comedy; Music; Romance,4
5034,The Replacements,truncate_25,18,Drama,1
8507,Cyrus,truncate_25,18;35;10749,Drama; Comedy; Romance,3
4975,Fear Street: 1994,truncate_25,18;27;28;53,Drama; Horror; Action; Thriller,4
5437,Annabelle: Creation,truncate_25,18,Drama,1
56,The Wild Robot,truncate_25,12;16;18;878;10751,Adventure; Animation; Drama; Science Fiction; Family,5
4069,My Spy,truncate_25,18;28;53;80,Drama; Action; Thriller; Crime,4
6787,Zack and Miri Make a Porno,truncate_25,18;35;10749,Drama; Comedy; Romance,3
6758,The Last Mimzy,truncate_25,18;35;10751,Drama; Comedy; Family,3
9038,The Bay,truncate_25,18;27;53,Drama; Horror; Thriller,3
4071,The Ice Storm,truncate_25,18;35;36,Drama; Comedy; History,3
3020,Drugstore Cowboy,truncate_25,18,Drama,1
3243,Radiofreccia,truncate_25,18;35,Drama; Comedy,2
8174,Spanglish,truncate_25,18;35;10749,Drama; Comedy; Romance,3
8898,Department Store,truncate_25,18;35,Drama; Comedy,2
256,The Wolf of Wall Street,truncate_25,18;35;80,Drama; Comedy; Crime,3
4276,The Blob,truncate_25,18;35,Drama; Comedy,2
307,"Love, Simon",truncate_25,18;35;10749,Drama; Comedy; Romance,3
1719,The Long Goodbye,truncate_25,18;28;53;80,Drama; Action; Thriller; Crime,4
4377,Easy A,truncate_25,18;35;10749,Drama; Comedy; Romance,3
1360,"Play It Again, Sam",truncate_25,18;35,Drama; Comedy,2
1294,Mars Express,truncate_25,18;28;35;53;80,Drama; Action; Comedy; Thriller; Crime,5
5554,The Lion King 1½,truncate_25,12;14;16;35;10751,Adventure; Fantasy; Animation; Comedy; Family,5
8719,Planet 51,truncate_25,12;28;35;878,Adventure; Action; Comedy; Science Fiction,4
5660,Blade II,truncate_25,12;18;28,Adventure; Drama; Action,3
4771,Beau Is Afraid,truncate_25,18;53;9648,Drama; Thriller; Mystery,3
9355,Cool World,truncate_25,18;35,Drama; Comedy,2
9982,And Soon the Darkness,truncate_25,18;35;10749,Drama; Comedy; Romance,3
4705,The Gilded Cage,truncate_25,18,Drama,1
4714,Flawless,truncate_25,18;35;53;10749,Drama; Comedy; Thriller; Romance,4
159,Togo,truncate_25,18;36,Drama; History,2
3345,"I'm a Cyborg, But That's OK",truncate_25,18;35;53,Drama; Comedy; Thriller,3
5605,Hitch,truncate_25,18;35;10749,Drama; Comedy; Romance,3
5835,Joy Ride,truncate_25,18;35,Drama; Comedy,2
88,Le Trou,truncate_25,28;35;53;80,Action; Comedy; Thriller; Crime,4
5794,Red Sparrow,truncate_25,16;18;35,Animation; Drama; Comedy,3
3166,Trash,truncate_25,18;35;10751,Drama; Comedy; Family,3
5760,Jurassic World: Fallen Kingdom,truncate_25,12;18;878,Adventure; Drama; Science Fiction,3
2083,American Fiction,truncate_25,18;35,Drama; Comedy,2
354,The Sixth Sense,truncate_25,18;27;53;9648,Drama; Horror; Thriller; Mystery,4
9465,Blue Mountain State: The Rise of Thadland,truncate_25,18;35,Drama; Comedy,2
9630,Don't Knock Twice,truncate_25,18;53,Drama; Thriller,2
604,Mr. Nobody,truncate_25,18;28;35,Drama; Action; Comedy,3
9133,Life of Crime,truncate_25,18;28;35;53;80,Drama; Action; Comedy; Thriller; Crime,5
439,Dangal,truncate_25,18;35,Drama; Comedy,2
5242,The Harder They Fall,truncate_25,12;28;35;53;80,Adventure; Action; Comedy; Thriller; Crime,5
5089,"Mektoub, My Love: Canto Uno",truncate_25,18;35,Drama; Comedy,2
9187,MILF,truncate_25,18;35;10749;10751,Drama; Comedy; Romance; Family,4
9662,My Soul to Take,truncate_25,18;27,Drama; Horror,2
6237,Cloudy with a Chance of Meatballs 2,truncate_25,16;18;27;35,Animation; Drama; Horror; Comedy,4
4155,Den of Thieves,truncate_25,18;53;80;9648,Drama; Thriller; Crime; Mystery,4
1235,Hard Boiled,truncate_25,18;28;35;53;80,Drama; Action; Comedy; Thriller; Crime,5
458,A Whisker Away,truncate_25,14;16;18;27;35;10751,Fantasy; Animation; Drama; Horror; Comedy; Family,6
480,Kill Bill: Vol. 2,truncate_25,18;53,Drama; Thriller,2
7672,Last Night,truncate_25,18;35;10749,Drama; Comedy; Romance,3
8738,Love Addict,truncate_25,18;35;10749,Drama; Comedy; Romance,3
4017,Tales from the Crypt: Demon Knight,truncate_25,12;14;28;53;878,Adventure; Fantasy; Action; Thriller; Science Fiction,5
726,Deep Red,truncate_25,18;53;80,Drama; Thriller; Crime,3
222,My Neighbor Totoro,truncate_25,18;35;10749,Drama; Comedy; Romance,3
1221,Angels with Dirty Faces,truncate_25,18;35,Drama; Comedy,2
1256,The Passion of the Christ,truncate_25,18,Drama,1
9620,Blackhat,truncate_25,18;28;53;80;9648,Drama; Action; Thriller; Crime; Mystery,5
5287,Barefoot,truncate_25,18,Drama,1
2645,Alien: Romulus,truncate_25,12;18;27;53,Adventure; Drama; Horror; Thriller,4
8601,Mean Girls,truncate_25,18;35,Drama; Comedy,2
2568,Irreversible,truncate_25,18;35;53;80;10749,Drama; Comedy; Thriller; Crime; Romance,5
8171,Franklyn,truncate_25,18;10749,Drama; Romance,2
9547,Open Water,truncate_25,18;35,Drama; Comedy,2
2384,"The Good, the Bart, and the Loki",truncate_25,12;14;16;28;878;10751,Adventure; Fantasy; Animation; Action; Science Fiction; Family,6
6491,Vantage Point,truncate_25,18;28;36;53,Drama; Action; History; Thriller,4
7684,Every Which Way but Loose,truncate_25,18;35;80,Drama; Comedy; Crime,3
4330,Pooh's Heffalump Movie,truncate_25,12;14;18;35;10751,Adventure; Fantasy; Drama; Comedy; Family,5
2210,Labyrinth,truncate_25,14;16;35;10751,Fantasy; Animation; Comedy; Family,4
1332,Batman: Mask of the Phantasm,truncate_25,18;35;10749,Drama; Comedy; Romance,3
2861,This Boy's Life,truncate_25,18;35,Drama; Comedy,2
7870,Valhalla Rising,truncate_25,12;18;28;53,Adventure; Drama; Action; Thriller,4
813,Divines,truncate_25,18;35;80,Drama; Comedy; Crime,3
4858,Anna Karenina,truncate_25,18;28;10752,Drama; Action; War,3
4637,Danny Collins,truncate_25,18;35;10402,Drama; Comedy; Music,3
4591,The Girl in the Fog,truncate_25,18;27;53;9648,Drama; Horror; Thriller; Mystery,4
9045,Trespass Against Us,truncate_25,18;28;80,Drama; Action; Crime,3
8481,Paradise Hills,truncate_25,18;10749,Drama; Romance,2
2302,Mask,truncate_25,18;878,Drama; Science Fiction,2
9943,Welcome Home,truncate_25,18;35;53,Drama; Comedy; Thriller,3
8338,Dead Snow,truncate_25,18;27;36,Drama; Horror; History,3
8262,Mission to Mars,truncate_25,18;878,Drama; Science Fiction,2
1764,Mudbound,truncate_25,12;18;36;10752,Adventure; Drama; History; War,4
9988,Halloween III: Season of the Witch,truncate_25,27;35;53,Horror; Comedy; Thriller,3
1603,The Secret Garden,truncate_25,18;53,Drama; Thriller,2
9989,Poltergeist III,truncate_25,18;27;35,Drama; Horror; Comedy,3
8535,1922,truncate_25,18;35,Drama; Comedy,2
8708,Hitman: Agent 47,truncate_25,28;53;80,Action; Thriller; Crime,3
2858,Your Fault,truncate_25,18;35;10749;10751,Drama; Comedy; Romance; Family,4
8086,All Good Things,truncate_25,18;53;80;9648,Drama; Thriller; Crime; Mystery,4
6753,Security,truncate_25,18;28;35;53;80,Drama; Action; Comedy; Thriller; Crime,5
2722,The Man Who Knew Infinity,truncate_25,18;36,Drama; History,2
6178,Cobweb,truncate_25,14;16;18;27;53,Fantasy; Animation; Drama; Horror; Thriller,5
57,The Quintessential Quintuplets Movie,truncate_25,18;35;10749,Drama; Comedy; Romance,3
4650,Coma,truncate_25,18,Drama,1
3683,Rescue Dawn,truncate_25,18;28;53;10752,Drama; Action; Thriller; War,4
7963,Journey to the Center of the Earth,truncate_25,12;18;53;9648,Adventure; Drama; Thriller; Mystery,4
2275,The Names of Love,truncate_25,18;35;10749,Drama; Comedy; Romance,3
8384,Elvis & Nixon,truncate_25,18;35;36;10402,Drama; Comedy; History; Music,4
2126,Lights Out,truncate_25,18;10749,Drama; Romance,2
4528,Last Flag Flying,truncate_25,18;28;35;10749,Drama; Action; Comedy; Romance,4
8652,The Riot Club,truncate_25,18;35;10749,Drama; Comedy; Romance,3
5581,Greta,truncate_25,18;27;10749,Drama; Horror; Romance,3
7976,Alien Nation,truncate_25,12;16;28;878,Adventure; Animation; Action; Science Fiction,4
452,Roman Holiday,truncate_25,18;35;10749,Drama; Comedy; Romance,3
9321,Captive State,truncate_25,18;28;878,Drama; Action; Science Fiction,3
2136,Star Trek: First Contact,truncate_25,28;878,Action; Science Fiction,2
5207,Ninja: Shadow of a Tear,truncate_25,18;28;53;80,Drama; Action; Thriller; Crime,4
3373,Emma.,truncate_25,18;36,Drama; History,2
4361,Wild Rose,truncate_25,18;35;10402;10749,Drama; Comedy; Music; Romance,4
8255,Sudden Death,truncate_25,18;35,Drama; Comedy,2
9020,The Town that Dreaded Sundown,truncate_25,27;28;53;9648,Horror; Action; Thriller; Mystery,4
9744,The Dead Don't Die,truncate_25,18;35,Drama; Comedy,2
1291,Prison Break: The Final Break,truncate_25,18;35;10749,Drama; Comedy; Romance,3
4674,Fantomas Unleashed,truncate_25,35,Comedy,1
3253,Say Anything...,truncate_25,18;53;10749,Drama; Thriller; Romance,3
2587,"Ruby Gillman, Teenage Kraken",truncate_25,18;35,Drama; Comedy,2
5753,Harold & Kumar Go to White Castle,truncate_25,18;35,Drama; Comedy,2
7793,Kin,truncate_25,12;14;18;28;878,Adventure; Fantasy; Drama; Action; Science Fiction,5
8698,Stuck Together,truncate_25,18;35,Drama; Comedy,2
2524,"Are You There God? It's Me, Margaret.",truncate_25,18;35;10749;10751,Drama; Comedy; Romance; Family,4
8467,Mars Needs Moms,truncate_25,12;18;28;35;878,Adventure; Drama; Action; Comedy; Science Fiction,5
8225,12 Feet Deep,truncate_25,18;27;53,Drama; Horror; Thriller,3
7360,Short Circuit 2,truncate_25,18;28;35;53;878,Drama; Action; Comedy; Thriller; Science Fiction,5
7800,The Inbetweeners 2,truncate_25,18;35;10749,Drama; Comedy; Romance,3
7262,Unknown Origins,truncate_25,18;27;53;80;9648,Drama; Horror; Thriller; Crime; Mystery,5
5690,The Vast of Night,truncate_25,18;35;878,Drama; Comedy; Science Fiction,3
1613,Hedwig and the Angry Inch,truncate_25,18;35,Drama; Comedy,2
1054,The Longest Day,truncate_25,18;36;10752,Drama; History; War,3
9170,The Order,truncate_25,18;53,Drama; Thriller,2
446,The Notebook,truncate_25,18;35;10749,Drama; Comedy; Romance,3
6194,Da 5 Bloods,truncate_25,18;28;10752,Drama; Action; War,3
6702,Shrek the Halls,truncate_25,14;16;27;35;878;10751,Fantasy; Animation; Horror; Comedy; Science Fiction; Family,6
1526,Marty,truncate_25,18;35;80,Drama; Comedy; Crime,3
6737,Looney Tunes: Back in Action,truncate_25,12;16;35;10751,Adventure; Animation; Comedy; Family,4
935,The Spirit of the Beehive,truncate_25,18;36;10752,Drama; History; War,3
4749,Maze Runner: The Scorch Trials,truncate_25,12;18;35,Adventure; Drama; Comedy,3
2642,The Broken Hearts Gallery,truncate_25,18;35;10749,Drama; Comedy; Romance,3
141,Innocent Voices,truncate_25,18;10751,Drama; Family,2
6091,The United States of Leland,truncate_25,18;53;80,Drama; Thriller; Crime,3
532,The Big Lebowski,truncate_25,18;35;10749,Drama; Comedy; Romance,3
704,How to Train Your Dragon: The Hidden World,truncate_25,12;14;16;35;10751,Adventure; Fantasy; Animation; Comedy; Family,5
1277,Escape from Alcatraz,truncate_25,18;36,Drama; History,2
3806,Meet the Robinsons,truncate_25,12;18;35;878;10751,Adventure; Drama; Comedy; Science Fiction; Family,5
6470,Kick-Ass 2,truncate_25,12;28,Adventure; Action,2
7101,Unfriended: Dark Web,truncate_25,35;53;9648,Comedy; Thriller; Mystery,3
8133,Prey,truncate_25,18;27;10749,Drama; Horror; Romance,3
2481,It's Only the End of the World,truncate_25,18,Drama,1
5156,Fire in the Sky,truncate_25,18;28;35,Drama; Action; Comedy,3
3418,Naked Lunch,truncate_25,27;35,Horror; Comedy,2
7481,El Conde,truncate_25,18;36,Drama; History,2
1109,Imagine Me & You,truncate_25,18;35;10749,Drama; Comedy; Romance,3
9659,Sandy Wexler,truncate_25,18;35;10402;10749,Drama; Comedy; Music; Romance,4
2155,A Monster Calls,truncate_25,12;14;18;27,Adventure; Fantasy; Drama; Horror,4
9842,The Flintstones,truncate_25,18;35,Drama; Comedy,2
1476,Man on Fire,truncate_25,18;35;53;80,Drama; Comedy; Thriller; Crime,4
2743,Talk to Me,truncate_25,18;27;35;878,Drama; Horror; Comedy; Science Fiction,4
3742,Chicken Run: Dawn of the Nugget,truncate_25,18;35,Drama; Comedy,2
2768,Seven Brides for Seven Brothers,truncate_25,18;36;37,Drama; History; Western,3
5670,Reminiscence,truncate_25,18;28;53,Drama; Action; Thriller,3
1894,Eraserhead,truncate_25,18;35,Drama; Comedy,2
3695,Four Lions,truncate_25,12;18;28;36;10752,Adventure; Drama; Action; History; War,5
276,Harry Potter and the Prisoner of Azkaban,truncate_25,12;14;16;18;35;10751,Adventure; Fantasy; Animation; Drama; Comedy; Family,6
389,Heat,truncate_25,12;28;35;53;80,Adventure; Action; Comedy; Thriller; Crime,5
2500,Monster,truncate_25,18;53;10749,Drama; Thriller; Romance,3
4675,Sightless,truncate_25,18;27;53,Drama; Horror; Thriller,3
5163,The Hunger,truncate_25,14;18;27;10749,Fantasy; Drama; Horror; Romance,4
7397,Stretch,truncate_25,18;35;10749,Drama; Comedy; Romance,3
1805,The Impossible,truncate_25,18;35,Drama; Comedy,2
7148,Deadstream,truncate_25,18;35;53,Drama; Comedy; Thriller,3
3272,The Lobster,truncate_25,18;35;53;878,Drama; Comedy; Thriller; Science Fiction,4
1741,Braindead,truncate_25,16;18;35;10751,Animation; Drama; Comedy; Family,4
992,The Anthem of the Heart,truncate_25,14;16;18;27;10751,Fantasy; Animation; Drama; Horror; Family,5
9001,Ricki and the Flash,truncate_25,18;35;10402,Drama; Comedy; Music,3
3841,Isi & Ossi,truncate_25,18;35;10749,Drama; Comedy; Romance,3
1575,Mr. Church,truncate_25,16;18;35;10749;10751,Animation; Drama; Comedy; Romance; Family,5
4004,The Night Comes for Us,truncate_25,18;35;10749,Drama; Comedy; Romance,3
8695,Suburbicon,truncate_25,18;35,Drama; Comedy,2
9457,Earth Girls Are Easy,truncate_25,18;35;10749,Drama; Comedy; Romance,3
9385,Semi-Pro,truncate_25,18;35,Drama; Comedy,2
8987,Joe's Apartment,truncate_25,18;35;10749,Drama; Comedy; Romance,3
1415,C.R.A.Z.Y.,truncate_25,18;35,Drama; Comedy,2
6478,Hot Rod,truncate_25,18;35,Drama; Comedy,2
9618,Dirty Dancing,truncate_25,18;35;10749;10751,Drama; Comedy; Romance; Family,4
2350,Frozen II,truncate_25,12;14;16;35;10751,Adventure; Fantasy; Animation; Comedy; Family,5
4942,A Nightmare on Elm Street 3: Dream Warriors,truncate_25,18;27;53;80,Drama; Horror; Thriller; Crime,4
1458,Balkan Line,truncate_25,18;28;53;10752,Drama; Action; Thriller; War,4
7723,Jackass Presents: Bad Grandpa,truncate_25,18;35,Drama; Comedy,2
8997,Vanity Fair,truncate_25,18;36,Drama; History,2
4514,Don't Worry Darling,truncate_25,35;878,Comedy; Science Fiction,2
8848,A Classic Horror Story,truncate_25,18;53,Drama; Thriller,2
7374,Blown Away,truncate_25,18;35;53,Drama; Comedy; Thriller,3
4010,Sleeper,truncate_25,18;35;10402;10749,Drama; Comedy; Music; Romance,4
5486,The Fury of a Patient Man,truncate_25,18;35,Drama; Comedy,2
7473,Under the Riccione Sun,truncate_25,18;35,Drama; Comedy,2
7071,Gemini Man,truncate_25,12;18;28;35,Adventure; Drama; Action; Comedy,4
7029,I ♥ Huckabees,truncate_25,35;53;80;9648,Comedy; Thriller; Crime; Mystery,4
4653,Twitches,truncate_25,18;35;10749,Drama; Comedy; Romance,3
3016,Aladdin,truncate_25,12;14;16;35;10751,Adventure; Fantasy; Animation; Comedy; Family,5
8194,Tracers,truncate_25,18;35;53;80,Drama; Comedy; Thriller; Crime,4
9594,Budapest,truncate_25,18;35;10749,Drama; Comedy; Romance,3
6034,Hey Arnold! The Movie,truncate_25,18;35,Drama; Comedy,2
9080,The Smurfs,truncate_25,12;14;16;28;35;10751,Adventure; Fantasy; Animation; Action; Comedy; Family,6
5733,Saving Grace,truncate_25,18;35;10749,Drama; Comedy; Romance,3
3927,Supernova,truncate_25,18;35;10749,Drama; Comedy; Romance,3
5580,The Mask of Zorro,truncate_25,18;36,Drama; History,2
2296,One Man Band,truncate_25,16;18;35;10751,Animation; Drama; Comedy; Family,4
5976,Four Flies on Grey Velvet,truncate_25,18;35;53,Drama; Comedy; Thriller,3
3517,The Bob's Burgers Movie,truncate_25,28;35,Action; Comedy,2
2050,Total Recall,truncate_25,18;878,Drama; Science Fiction,2
1426,The Discreet Charm of the Bourgeoisie,truncate_25,18;35,Drama; Comedy,2
6691,A Dangerous Method,truncate_25,18;35;53;878,Drama; Comedy; Thriller; Science Fiction,4
6945,The Gendarme in New York,truncate_25,18;28;35;10752,Drama; Action; Comedy; War,4
728,Guy Ritchie's The Covenant,truncate_25,18;28;36;53;10752,Drama; Action; History; Thriller; War,5
7850,Haunter,truncate_25,18;35,Drama; Comedy,2
8524,All You Need is Crime,truncate_25,35;80,Comedy; Crime,2
4313,Smallfoot,truncate_25,12;14;16;18,Adventure; Fantasy; Animation; Drama,4
148,Silenced,truncate_25,18;36,Drama; History,2
4468,I Walked with a Zombie,truncate_25,18,Drama,1
2699,"The Good, the Bad, the Weird",truncate_25,18;28;36;80,Drama; Action; History; Crime,4
3028,Immortal Beloved,truncate_25,18;36,Drama; History,2
2474,The Princess and the Frog,truncate_25,18;35;10749,Drama; Comedy; Romance,3
4080,AKA,truncate_25,12;28;35;53;80,Adventure; Action; Comedy; Thriller; Crime,5
4455,Babysitting,truncate_25,18;35;10749,Drama; Comedy; Romance,3
732,Accattone,truncate_25,18;35,Drama; Comedy,2
9622,102 Dalmatians,truncate_25,12;14;16;27;28;35;878;10751,Adventure; Fantasy; Animation; Horror; Action; Comedy; Science Fiction; Family,8
3629,Superman vs. The Elite,truncate_25,12;18;28,Adventure; Drama; Action,3
7579,The Belko Experiment,truncate_25,18;35;36,Drama; Comedy; History,3
5666,Return of the Living Dead III,truncate_25,18;27;53,Drama; Horror; Thriller,3
1126,Bao,truncate_25,18,Drama,1
3446,"Extremely Wicked, Shockingly Evil and Vile",truncate_25,18;53;80,Drama; Thriller; Crime,3
5726,Bad Santa,truncate_25,16;35;10751,Animation; Comedy; Family,3
7407,The Yards,truncate_25,18,Drama,1
5932,The Rebound,truncate_25,18;35;53;10749,Drama; Comedy; Thriller; Romance,4
6000,Stir Crazy,truncate_25,18;35;10749,Drama; Comedy; Romance,3
3539,The Way We Were,truncate_25,18;35;10749,Drama; Comedy; Romance,3
2847,Greenland,truncate_25,18,Drama,1
6716,The Expendables 2,truncate_25,18;35,Drama; Comedy,2
4167,Bill & Ted's Excellent Adventure,truncate_25,18;35;10402,Drama; Comedy; Music,3
4963,The Boxtrolls,truncate_25,12;14;16;18;27;10751,Adventure; Fantasy; Animation; Drama; Horror; Family,6
1456,Sin City,truncate_25,18;35,Drama; Comedy,2
1387,Running on Empty,truncate_25,18;35,Drama; Comedy,2
7015,The Three Caballeros,truncate_25,18;35;10751,Drama; Comedy; Family,3
2438,Beating Hearts,truncate_25,18,Drama,1
8273,Gretel & Hansel,truncate_25,12;14;16;18;10751,Adventure; Fantasy; Animation; Drama; Family,5
6741,Lady and the Tramp II: Scamp's Adventure,truncate_25,16;18;35;10751,Animation; Drama; Comedy; Family,4
6386,Game of Death,truncate_25,18;28;35,Drama; Action; Comedy,3
3406,Boy Erased,truncate_25,18;35,Drama; Comedy,2
7635,We're No Angels,truncate_25,18,Drama,1
62,Léon: The Professional,truncate_25,18;28;35;80,Drama; Action; Comedy; Crime,4
9345,Old People,truncate_25,18;35;10749,Drama; Comedy; Romance,3
7311,Wimbledon,truncate_25,18;35,Drama; Comedy,2
8681,Child's Play 3,truncate_25,18;27;35,Drama; Horror; Comedy,3
4758,Silver Streak,truncate_25,18;35,Drama; Comedy,2
2188,The Texas Chain Saw Massacre,truncate_25,18;35,Drama; Comedy,2
9278,Cosmopolis,truncate_25,18;35;10749,Drama; Comedy; Romance,3
9375,The House,truncate_25,18;35;10749,Drama; Comedy; Romance,3
2504,Only Lovers Left Alive,truncate_25,18;10402;10749,Drama; Music; Romance,3
7361,Sabrina,truncate_25,18;35;10749;10751,Drama; Comedy; Romance; Family,4
8890,21 & Over,truncate_25,18;35,Drama; Comedy,2
5301,Taxidermia,truncate_25,14;18;35,Fantasy; Drama; Comedy,3
7172,Cold Prey,truncate_25,18;35,Drama; Comedy,2
44,Gabriel's Inferno: Part III,truncate_25,18;28;35;878,Drama; Action; Comedy; Science Fiction,4
5765,Indiana Jones and the Dial of Destiny,truncate_25,18;35;10749,Drama; Comedy; Romance,3
5260,Alan Partridge: Alpha Papa,truncate_25,18;35;10402,Drama; Comedy; Music,3
9326,Horse Girl,truncate_25,18;35;10749,Drama; Comedy; Romance,3
202,Green Snake,truncate_25,18;35;53,Drama; Comedy; Thriller,3
7655,The Eiger Sanction,truncate_25,18;35,Drama; Comedy,2
2662,"Ciao, Professore!",truncate_25,18;35,Drama; Comedy,2
1696,Irma la Douce,truncate_25,18;35;10749,Drama; Comedy; Romance,3
7162,Pacific Heights,truncate_25,18;35;10749,Drama; Comedy; Romance,3
158,Palmer,truncate_25,18;80,Drama; Crime,2
9686,School for Scoundrels,truncate_25,18;35;10749,Drama; Comedy; Romance,3
3226,Climax,truncate_25,18;27;35;10402,Drama; Horror; Comedy; Music,4
5555,A Cinderella Story,truncate_25,18;27;35;53,Drama; Horror; Comedy; Thriller,4
8549,The Mexican,truncate_25,18;35;80,Drama; Comedy; Crime,3
1608,Predestination,truncate_25,12;14;53;878,Adventure; Fantasy; Thriller; Science Fiction,4
2571,No,truncate_25,18;35,Drama; Comedy,2
6950,The Cheetah Girls 2,truncate_25,12;16;18;35;10402;10749;10751,Adventure; Animation; Drama; Comedy; Music; Romance; Family,7
8108,The Den,truncate_25,18;53,Drama; Thriller,2
1253,Barbie: Princess Charm School,truncate_25,14;16;18;35;10749;10751,Fantasy; Animation; Drama; Comedy; Romance; Family,6
5341,The Eagle Has Landed,truncate_25,18;35;36;10752,Drama; Comedy; History; War,4
1474,Key Largo,truncate_25,18;53,Drama; Thriller,2
3282,Cleopatra,truncate_25,18;10749,Drama; Romance,2
963,Boyz n the Hood,truncate_25,18;53;80,Drama; Thriller; Crime,3
8661,The Break-Up,truncate_25,18;35;10749,Drama; Comedy; Romance,3
4989,About a Boy,truncate_25,18;35;10749,Drama; Comedy; Romance,3
9883,Get a Job,truncate_25,18;35,Drama; Comedy,2
3034,Maleficent,truncate_25,18;28;10749,Drama; Action; Romance,3
2688,Kahaani,truncate_25,18;35,Drama; Comedy,2
2482,Wonder Woman,truncate_25,12;14;16;35;10751,Adventure; Fantasy; Animation; Comedy; Family,5
4851,The Thieves,truncate_25,12;18;28;35;53;80,Adventure; Drama; Action; Comedy; Thriller; Crime,6
8942,To the Wonder,truncate_25,18;35;10749,Drama; Comedy; Romance,3
5456,Underworld: Evolution,truncate_25,27;35,Horror; Comedy,2
7706,God's Not Dead 2,truncate_25,18;35,Drama; Comedy,2
7658,World Trade Center,truncate_25,18;28;35;80,Drama; Action; Comedy; Crime,4
8952,Eight Legged Freaks,truncate_25,18;35,Drama; Comedy,2
1644,"Jeanne Dielman, 23, quai du Commerce, 1080 Bruxelles",truncate_25,18;35;10749,Drama; Comedy; Romance,3
6621,Into the Labyrinth,truncate_25,18;27;28;53;80;9648,Drama; Horror; Action; Thriller; Crime; Mystery,6
5564,Halloween II,truncate_25,18;27;53,Drama; Horror; Thriller,3
939,Another Round,truncate_25,18;35,Drama; Comedy,2
9245,I'm So Excited!,truncate_25,12;18;35,Adventure; Drama; Comedy,3
7335,Senseless,truncate_25,18;35,Drama; Comedy,2
5848,The Tearsmith,truncate_25,18;35;10749;10751,Drama; Comedy; Romance; Family,4
2053,Air,truncate_25,35,Comedy,1
1987,Jungle Cruise,truncate_25,14;18;35;10751,Fantasy; Drama; Comedy; Family,4
9387,Snow Dogs,truncate_25,18;35,Drama; Comedy,2
9452,Spinning Man,truncate_25,18;35;10749,Drama; Comedy; Romance,3
8302,The Cable Guy,truncate_25,35;53;80;10749,Comedy; Thriller; Crime; Romance,4
2994,Where the Heart Is,truncate_25,18;35,Drama; Comedy,2
6884,¡Three Amigos!,truncate_25,18;35,Drama; Comedy,2
1018,Butch Cassidy and the Sundance Kid,truncate_25,18;28,Drama; Action,2
1296,All That Jazz,truncate_25,18;35,Drama; Comedy,2
4193,RETURN,truncate_25,18,Drama,1
359,The Cure,truncate_25,18;35;10749,Drama; Comedy; Romance,3
1979,The Judge,truncate_25,18;35;80,Drama; Comedy; Crime,3
405,Death Note Relight 1: Visions of a God,truncate_25,18;28;53;80,Drama; Action; Thriller; Crime,4
1050,The Curious Case of Benjamin Button,truncate_25,18,Drama,1
1495,Three Colors: White,truncate_25,18;35;10749,Drama; Comedy; Romance,3
5427,The Addams Family,truncate_25,18,Drama,1
5806,Act of Valor,truncate_25,18;28;53;80,Drama; Action; Thriller; Crime,4
8208,Birth,truncate_25,18;53;10749,Drama; Thriller; Romance,3
9313,Playing for Keeps,truncate_25,18;53;10749,Drama; Thriller; Romance,3
3279,The Northman,truncate_25,28;35;10749,Action; Comedy; Romance,3
5095,Hellboy,truncate_25,12;28;36;10752,Adventure; Action; History; War,4
9482,Hellboy,truncate_25,12;16;18;28,Adventure; Animation; Drama; Action,4
770,"I, Daniel Blake",truncate_25,18;35,Drama; Comedy,2
8670,No One Gets Out Alive,truncate_25,18,Drama,1
177,"“The Shorts” by Aldo, Giovanni and Giacomo",truncate_25,18;35;10402,Drama; Comedy; Music,3
2246,Lean On Me,truncate_25,18;28;35,Drama; Action; Comedy,3
3333,Malcolm & Marie,truncate_25,18;35;10749,Drama; Comedy; Romance,3
1844,Dragon Ball: The Path to Power,truncate_25,12;14;16;35;10751,Adventure; Fantasy; Animation; Comedy; Family,5
2060,True Grit,truncate_25,18;53;80;9648,Drama; Thriller; Crime; Mystery,4
3195,The Ministry of Ungentlemanly Warfare,truncate_25,12;18;28;36;10752,Adventure; Drama; Action; History; War,5
6548,District 13: Ultimatum,truncate_25,12;18;35,Adventure; Drama; Comedy,3
8833,Coexister,truncate_25,18;35;10402,Drama; Comedy; Music,3
796,The Man from Nowhere,truncate_25,18;28;35;53;80,Drama; Action; Comedy; Thriller; Crime,5
4116,Mean Creek,truncate_25,18;35,Drama; Comedy,2
8212,Orange County,truncate_25,18;35,Drama; Comedy,2
467,My Way,truncate_25,18;28;36;10752,Drama; Action; History; War,4
3641,The Eight Hundred,truncate_25,18;28;36;10752,Drama; Action; History; War,4
3085,22 July,truncate_25,18;27;28;36;53,Drama; Horror; Action; History; Thriller,5
1757,Twin Peaks: Fire Walk with Me,truncate_25,12;27;28;53;9648,Adventure; Horror; Action; Thriller; Mystery,5
3189,Death Note: The Last Name,truncate_25,18;28;53;878,Drama; Action; Thriller; Science Fiction,4
8097,The Gendarme and the Creatures from Outer Space,truncate_25,35;80;9648,Comedy; Crime; Mystery,3
9101,The Tunnel,truncate_25,18;35;878,Drama; Comedy; Science Fiction,3
1656,Summer of 85,truncate_25,18;35,Drama; Comedy,2
8274,What to Expect When You're Expecting,truncate_25,18;35;10749,Drama; Comedy; Romance,3
5940,Star Trek: Generations,truncate_25,12;18;35;878,Adventure; Drama; Comedy; Science Fiction,4
4725,Mermaids,truncate_25,18;35;10751,Drama; Comedy; Family,3
6282,Borat Subsequent Moviefilm,truncate_25,18;36,Drama; History,2
6195,Café Society,truncate_25,18;35;10749,Drama; Comedy; Romance,3
1033,Elemental,truncate_25,18;53,Drama; Thriller,2
7769,Blood Ties,truncate_25,18;35,Drama; Comedy,2
6731,In a World...,truncate_25,18;35;10402,Drama; Comedy; Music,3
5081,Martian Child,truncate_25,18;878;10749,Drama; Science Fiction; Romance,3
7639,Final Destination 5,truncate_25,14;18;27;28;53;878,Fantasy; Drama; Horror; Action; Thriller; Science Fiction,6
2157,Weekend,truncate_25,18;35;10749,Drama; Comedy; Romance,3
3203,Lee,truncate_25,18;36;53,Drama; History; Thriller,3
2237,The Hours,truncate_25,18;35;10749,Drama; Comedy; Romance,3
2600,The Caine Mutiny,truncate_25,18;35;10749,Drama; Comedy; Romance,3
9444,Airport '77,truncate_25,18;53,Drama; Thriller,2
6273,The Chronicles of Narnia: The Voyage of the Dawn Treader,truncate_25,12;14;18;10749;10751,Adventure; Fantasy; Drama; Romance; Family,5
1210,Control,truncate_50,18;35;10402,Drama; Comedy; Music,3
1288,Shang-Chi and the Legend of the Ten Rings,truncate_50,12;14;16;18;28,Adventure; Fantasy; Animation; Drama; Action,5
6147,Dry,truncate_50,18;35,Drama; Comedy,2
120,Shutter Island,truncate_50,18;28;53;80;9648;10752,Drama; Action; Thriller; Crime; Mystery; War,6
3105,Galaxy Quest,truncate_50,28;53;878,Action; Thriller; Science Fiction,3
4250,Spy,truncate_50,28;35;53;80,Action; Comedy; Thriller; Crime,4
350,Million Dollar Baby,truncate_50,18;35;10751,Drama; Comedy; Family,3
6325,Spree,truncate_50,28;35;53;80,Action; Comedy; Thriller; Crime,4
1898,The Time Machine,truncate_50,18;10749,Drama; Romance,2
9290,Survivor,truncate_50,18;28;53;80,Drama; Action; Thriller; Crime,4
9395,The Hunters,truncate_50,12;14;16;35;10751,Adventure; Fantasy; Animation; Comedy; Family,5
7853,Goosebumps 2: Haunted Halloween,truncate_50,35;10751,Comedy; Family,2
2734,Petite Maman,truncate_50,18;27;9648,Drama; Horror; Mystery,3
2181,Victor/Victoria,truncate_50,18;35;53;10749,Drama; Comedy; Thriller; Romance,4
8548,Volcano,truncate_50,18;27;53;878,Drama; Horror; Thriller; Science Fiction,4
4191,About Schmidt,truncate_50,18;35;10749,Drama; Comedy; Romance,3
1320,The Rules of the Game,truncate_50,18;35,Drama; Comedy,2
1419,The Reader,truncate_50,18;53;80;10749,Drama; Thriller; Crime; Romance,4
1016,In a Lonely Place,truncate_50,18;35;53;10749,Drama; Comedy; Thriller; Romance,4
110,Puss in Boots: The Last Wish,truncate_50,12;18;28;10751,Adventure; Drama; Action; Family,4
8307,The 6th Day,truncate_50,28;35;878,Action; Comedy; Science Fiction,3
6202,Jackie,truncate_50,18;36;10749,Drama; History; Romance,3
5861,I'm Not There,truncate_50,18;35;10402,Drama; Comedy; Music,3
764,Manhattan,truncate_50,18;35;10749,Drama; Comedy; Romance,3
4105,Margin Call,truncate_50,18;53;80,Drama; Thriller; Crime,3
6763,Three Floors,truncate_50,18;35,Drama; Comedy,2
8256,Neuilly Yo Mama!,truncate_50,18;28;53;80,Drama; Action; Thriller; Crime,4
3483,10 Cloverfield Lane,truncate_50,18;27;53;878,Drama; Horror; Thriller; Science Fiction,4
8226,How to Lose Friends & Alienate People,truncate_50,18;35,Drama; Comedy,2
4316,Ashfall,truncate_50,12;18;28,Adventure; Drama; Action,3
3917,Clash of the Titans,truncate_50,12;14;16;18;35;10749,Adventure; Fantasy; Animation; Drama; Comedy; Romance,6
1199,The Train,truncate_50,18;10752,Drama; War,2
731,Safety Last!,truncate_50,35,Comedy,1
5218,Rambo: First Blood Part II,truncate_50,18;28;53;80,Drama; Action; Thriller; Crime,4
5136,The Trip,truncate_50,18;35;10749,Drama; Comedy; Romance,3
8940,Henry's Crime,truncate_50,18;28;53;80,Drama; Action; Thriller; Crime,4
6940,Archive,truncate_50,18;28;35;53;878,Drama; Action; Comedy; Thriller; Science Fiction,5
4263,Justice League: The New Frontier,truncate_50,12;14;16;28;878,Adventure; Fantasy; Animation; Action; Science Fiction,5
6066,God Willing,truncate_50,14;18,Fantasy; Drama,2
2945,Gia,truncate_50,18;35;10749,Drama; Comedy; Romance,3
4732,The Longest Yard,truncate_50,18;28;53;80,Drama; Action; Thriller; Crime,4
8744,Phantom,truncate_50,12;18;53,Adventure; Drama; Thriller,3
6262,A California Christmas,truncate_50,18;35;10749,Drama; Comedy; Romance,3
5233,Something's Gotta Give,truncate_50,18;35;10749,Drama; Comedy; Romance,3
6947,Return of the Hero,truncate_50,12;18;36;10749,Adventure; Drama; History; Romance,4
6591,The Collection,truncate_50,12;14;28,Adventure; Fantasy; Action,3
997,Harold and Maude,truncate_50,18;35;10749,Drama; Comedy; Romance,3
5071,Pollock,truncate_50,18;35;36,Drama; Comedy; History,3
8027,Fortress,truncate_50,18;27;53;80;878,Drama; Horror; Thriller; Crime; Science Fiction,5
9716,17 Girls,truncate_50,35;10749,Comedy; Romance,2
9919,Toys,truncate_50,12;14;35;10751,Adventure; Fantasy; Comedy; Family,4
8209,House of Wax,truncate_50,27;35,Horror; Comedy,2
7139,The Little Shop of Horrors,truncate_50,18;35;10749,Drama; Comedy; Romance,3
9944,The Phantom,truncate_50,12;16;28;35;878;10751,Adventure; Animation; Action; Comedy; Science Fiction; Family,6
8063,The Brats,truncate_50,18;35;10749,Drama; Comedy; Romance,3
5046,Patriot Games,truncate_50,18;28;35;53,Drama; Action; Comedy; Thriller,4
293,Barry Lyndon,truncate_50,28;35;53,Action; Comedy; Thriller,3
553,Sunrise: A Song of Two Humans,truncate_50,18;35;10749,Drama; Comedy; Romance,3
7939,The 51st State,truncate_50,18;35,Drama; Comedy,2
4233,Underworld,truncate_50,14;27;28,Fantasy; Horror; Action,3
9238,Maggie's Plan,truncate_50,18;35;10749,Drama; Comedy; Romance,3
4951,Harold and the Purple Crayon,truncate_50,12;14;18;35;10751,Adventure; Fantasy; Drama; Comedy; Family,5
7035,The Assistant,truncate_50,18;10749,Drama; Romance,2
8603,Robin Hood,truncate_50,12;14;18;28;36;10752,Adventure; Fantasy; Drama; Action; History; War,6
3330,Hoosiers,truncate_50,18;35,Drama; Comedy,2
4255,The Pit and the Pendulum,truncate_50,18;36,Drama; History,2
1293,Training Day,truncate_50,18;28;35;53;80,Drama; Action; Comedy; Thriller; Crime,5
540,F1,truncate_50,18;28;35,Drama; Action; Comedy,3
4235,Barbarian,truncate_50,18;35;10749,Drama; Comedy; Romance,3
6601,FernGully: The Last Rainforest,truncate_50,12;14;16;35;10751,Adventure; Fantasy; Animation; Comedy; Family,5
1973,Spider-Man: Homecoming,truncate_50,12;18;28;878,Adventure; Drama; Action; Science Fiction,4
6557,Nighthawks,truncate_50,18;28;53;80,Drama; Action; Thriller; Crime,4
5705,Super Troopers,truncate_50,18;35;53;80,Drama; Comedy; Thriller; Crime,4
5731,The Witches of Eastwick,truncate_50,18;35;10749,Drama; Comedy; Romance,3
7665,Push,truncate_50,18;28;53;80,Drama; Action; Thriller; Crime,4
7180,Insidious: The Last Key,truncate_50,18;53;9648,Drama; Thriller; Mystery,3
977,Stagecoach,truncate_50,18;53,Drama; Thriller,2
9691,Be Cool,truncate_50,18;35;80;10402,Drama; Comedy; Crime; Music,4
8418,Tin & Tina,truncate_50,18;35;10749,Drama; Comedy; Romance,3
3626,Compartment No. 6,truncate_50,18;53;10749,Drama; Thriller; Romance,3
2034,Justice League: Crisis on Two Earths,truncate_50,12;14;16;28;878,Adventure; Fantasy; Animation; Action; Science Fiction,5
4098,The Strange Thing About the Johnsons,truncate_50,18;53,Drama; Thriller,2
9643,Wanderlust,truncate_50,18;35;53;10749,Drama; Comedy; Thriller; Romance,4
4179,Flight,truncate_50,18;35;53;80,Drama; Comedy; Thriller; Crime,4
6176,For Love of the Game,truncate_50,18;35,Drama; Comedy,2
7119,Taken 3,truncate_50,18;53;80;9648,Drama; Thriller; Crime; Mystery,4
2173,Stardust,truncate_50,14;18;35;10749,Fantasy; Drama; Comedy; Romance,4
189,The Father,truncate_50,18;35,Drama; Comedy,2
7372,He Never Died,truncate_50,14;18;35;53,Fantasy; Drama; Comedy; Thriller,4
1626,Saw,truncate_50,27;35;53;9648,Horror; Comedy; Thriller; Mystery,4
563,The Avengers,truncate_50,12;18;28;53;878;10752,Adventure; Drama; Action; Thriller; Science Fiction; War,6
1784,Grease,truncate_50,18;35;10749,Drama; Comedy; Romance,3
6167,Bride & Prejudice,truncate_50,18;35;10749,Drama; Comedy; Romance,3
7022,Severance,truncate_50,28;35;53,Action; Comedy; Thriller,3
7046,Child 44,truncate_50,18;35;53;80,Drama; Comedy; Thriller; Crime,4
6244,Life,truncate_50,18;35;878,Drama; Comedy; Science Fiction,3
1057,10 Things I Hate About You,truncate_50,18;35;10749,Drama; Comedy; Romance,3
645,The King of Comedy,truncate_50,18;35,Drama; Comedy,2
371,Don't Look Now... We're Being Shot At!,truncate_50,18;28;36;10752,Drama; Action; History; War,4
5995,Assassins,truncate_50,18;28;53;80,Drama; Action; Thriller; Crime,4
8216,Shaft,truncate_50,18;28;53;80;9648,Drama; Action; Thriller; Crime; Mystery,5
3421,Wild,truncate_50,18;53;10749,Drama; Thriller; Romance,3
1869,Possession,truncate_50,18;53;80;9648,Drama; Thriller; Crime; Mystery,4
5536,Star Trek III: The Search for Spock,truncate_50,18;35;10751,Drama; Comedy; Family,3
6922,King Arthur,truncate_50,12;14;16;18,Adventure; Fantasy; Animation; Drama,4
6810,Second Act,truncate_50,18;35;10749,Drama; Comedy; Romance,3
4033,Mad God,truncate_50,12;14;28;53;878,Adventure; Fantasy; Action; Thriller; Science Fiction,5
8510,She-Devil,truncate_50,18;35;53;10749,Drama; Comedy; Thriller; Romance,4
8582,The Karate Kid Part III,truncate_50,18;28,Drama; Action,2
8712,Righteous Kill,truncate_50,18;53;80;9648,Drama; Thriller; Crime; Mystery,4
1427,Glory,truncate_50,18;36,Drama; History,2
2328,"Planes, Trains and Automobiles",truncate_50,35,Comedy,1
7303,Chernobyl: Abyss,truncate_50,18;27;36;878,Drama; Horror; History; Science Fiction,4
4803,Escape Plan,truncate_50,18;28;53;80,Drama; Action; Thriller; Crime,4
2657,The Driver,truncate_50,28;35;53;80,Action; Comedy; Thriller; Crime,4
530,An Autumn Afternoon,truncate_50,18,Drama,1
3412,The Zone of Interest,truncate_50,18;36;10752,Drama; History; War,3
7021,Great Balls of Fire!,truncate_50,18;35;36;10402,Drama; Comedy; History; Music,4
3863,The Substitute,truncate_50,18;28;35;53;80,Drama; Action; Comedy; Thriller; Crime,5
769,BPM (Beats per Minute),truncate_50,18;53;80;878,Drama; Thriller; Crime; Science Fiction,4
603,Land of Mine,truncate_50,18;28;53;10752,Drama; Action; Thriller; War,4
1826,The Way of the Dragon,truncate_50,12;18;28;35;80,Adventure; Drama; Action; Comedy; Crime,5
9990,Marmaduke,truncate_50,18;35,Drama; Comedy,2
5454,Titan A.E.,truncate_50,18;53,Drama; Thriller,2
4689,King of New York,truncate_50,18;28;35;53;80,Drama; Action; Comedy; Thriller; Crime,5
1769,Babylon,truncate_50,18;35;36,Drama; Comedy; History,3
7109,The Noel Diary,truncate_50,18;35,Drama; Comedy,2
7040,Basilicata Coast to Coast,truncate_50,18;10402,Drama; Music,2
2951,Bitter Moon,truncate_50,18;35;53,Drama; Comedy; Thriller,3
4916,Return to Oz,truncate_50,14;18;27;9648,Fantasy; Drama; Horror; Mystery,4
8894,6 Below: Miracle on the Mountain,truncate_50,18;53,Drama; Thriller,2
3547,Mamma Mia!,truncate_50,18;35;10749,Drama; Comedy; Romance,3
4476,Winter's Bone,truncate_50,18;35,Drama; Comedy,2
5633,Seeking a Friend for the End of the World,truncate_50,35;53;878,Comedy; Thriller; Science Fiction,3
3732,The Isle,truncate_50,18;35,Drama; Comedy,2
9559,The Conference,truncate_50,18;28;35,Drama; Action; Comedy,3
365,Spider-Man: No Way Home,truncate_50,12;14;16;28;35;878,Adventure; Fantasy; Animation; Action; Comedy; Science Fiction,6
9417,Admission,truncate_50,18;35;10749,Drama; Comedy; Romance,3
1174,The Six Triple Eight,truncate_50,18;28;36;10752,Drama; Action; History; War,4
6956,Bandits,truncate_50,18;28;35;53;80,Drama; Action; Comedy; Thriller; Crime,5
259,Amadeus,truncate_50,18;35,Drama; Comedy,2
5569,Flesh + Blood,truncate_50,12;14;28;35;53,Adventure; Fantasy; Action; Comedy; Thriller,5
1042,Evangelion: 1.0 You Are (Not) Alone,truncate_50,12;14;16;27;28;878,Adventure; Fantasy; Animation; Horror; Action; Science Fiction,6
5282,Colombiana,truncate_50,53;80,Thriller; Crime,2
9250,Alvin and the Chipmunks: Chipwrecked,truncate_50,35,Comedy,1
7326,There's No Place Like Home,truncate_50,18;35,Drama; Comedy,2
475,A Bronx Tale,truncate_50,18;80,Drama; Crime,2
7344,Waiting...,truncate_50,35,Comedy,1
3786,White Chicks,truncate_50,28;35;53;80,Action; Comedy; Thriller; Crime,4
6347,Shaft,truncate_50,18;28;35;53;80,Drama; Action; Comedy; Thriller; Crime,5
9922,Mutant Chronicles,truncate_50,12;28;53;878,Adventure; Action; Thriller; Science Fiction,4
4664,He Got Game,truncate_50,18;35,Drama; Comedy,2
5439,The Finest Hours,truncate_50,12;18;28;53,Adventure; Drama; Action; Thriller,4
2950,Cross of Iron,truncate_50,18;28;36;53;10752,Drama; Action; History; Thriller; War,5
9117,Rules Don't Apply,truncate_50,18;35;10749,Drama; Comedy; Romance,3
5908,Seoul Station,truncate_50,12;16;18;28;878;10751,Adventure; Animation; Drama; Action; Science Fiction; Family,6
8203,Up for Love,truncate_50,18;35;53;10749,Drama; Comedy; Thriller; Romance,4
6735,"Roman J. Israel, Esq.",truncate_50,18;28;35,Drama; Action; Comedy,3
2161,Swades,truncate_50,18;35,Drama; Comedy,2
1965,All That Heaven Allows,truncate_50,18;35;10749,Drama; Comedy; Romance,3
21,Fight Club,truncate_50,18;35;53;80,Drama; Comedy; Thriller; Crime,4
6143,Ice Age: A Mammoth Christmas,truncate_50,12;14;16;35;10751,Adventure; Fantasy; Animation; Comedy; Family,5
3839,Antwone Fisher,truncate_50,18;53,Drama; Thriller,2
8704,Cooties,truncate_50,27;53;878;10751,Horror; Thriller; Science Fiction; Family,4
5092,Charlie Bartlett,truncate_50,18;35;10749,Drama; Comedy; Romance,3
868,A Charlie Brown Christmas,truncate_50,18;35;10751,Drama; Comedy; Family,3
4932,The Stepford Wives,truncate_50,18;35;10749,Drama; Comedy; Romance,3
5225,Jack Reacher,truncate_50,27;28;53;80;9648,Horror; Action; Thriller; Crime; Mystery,5
2573,Upgraded,truncate_50,18;35;10749,Drama; Comedy; Romance,3
3624,A Conspiracy of Faith,truncate_50,18;53,Drama; Thriller,2
2062,Kung Fu Panda,truncate_50,12;14;16;28;35;10751,Adventure; Fantasy; Animation; Action; Comedy; Family,6
8654,Men in Black: International,truncate_50,12;14;28;878,Adventure; Fantasy; Action; Science Fiction,4
1791,Asterix & Obelix: Mission Cleopatra,truncate_50,18;35;36,Drama; Comedy; History,3
5534,May December,truncate_50,18;35;10749,Drama; Comedy; Romance,3
7704,Crossing Over,truncate_50,18;35,Drama; Comedy,2
8983,The Man,truncate_50,18;28;35;53;80;9648,Drama; Action; Comedy; Thriller; Crime; Mystery,6
5453,Main Hoon Na,truncate_50,18;28;35,Drama; Action; Comedy,3
9626,Leprechaun 2,truncate_50,12;14;16;28;35,Adventure; Fantasy; Animation; Action; Comedy,5
4336,Time After Time,truncate_50,18;53,Drama; Thriller,2
5568,"I Love You, Man",truncate_50,18;35;10749,Drama; Comedy; Romance,3
8488,An American Werewolf in Paris,truncate_50,27;28;35;53;80,Horror; Action; Comedy; Thriller; Crime,5
4057,Flavors of Youth,truncate_50,18,Drama,1
3456,The Dressmaker,truncate_50,18;35;10749,Drama; Comedy; Romance,3
2164,The Seventh Company Has Been Found,truncate_50,18,Drama,1
9966,With Open Arms,truncate_50,18;35,Drama; Comedy,2
7617,28 Days,truncate_50,18;35;80,Drama; Comedy; Crime,3
5215,Brother Bear 2,truncate_50,12;18,Adventure; Drama,2
5899,Thor: The Dark World,truncate_50,12;14;16;28;878,Adventure; Fantasy; Animation; Action; Science Fiction,5
5683,Trust,truncate_50,18;35;53;10749,Drama; Comedy; Thriller; Romance,4
8688,King Cobra,truncate_50,18;35;53,Drama; Comedy; Thriller,3
6197,Your Sister's Sister,truncate_50,12;18;35;10749,Adventure; Drama; Comedy; Romance,4
9850,Sleeping Beauty,truncate_50,14;18;27;35;10749,Fantasy; Drama; Horror; Comedy; Romance,5
6159,Judgment Night,truncate_50,18;35,Drama; Comedy,2
3199,Far from Heaven,truncate_50,18;35;10749,Drama; Comedy; Romance,3
8679,Problem Child 2,truncate_50,18;27;35,Drama; Horror; Comedy,3
1942,High Plains Drifter,truncate_50,18;27;28;53;80,Drama; Horror; Action; Thriller; Crime,5
9317,The Pact,truncate_50,18;27;53;9648,Drama; Horror; Thriller; Mystery,4
481,Bad Genius,truncate_50,18;35;10749,Drama; Comedy; Romance,3
3280,The Proposition,truncate_50,18;53;80,Drama; Thriller; Crime,3
1169,Moulin Rouge!,truncate_50,18;35;10749,Drama; Comedy; Romance,3
7475,The Crew,truncate_50,18;28;35;53;80,Drama; Action; Comedy; Thriller; Crime,5
6721,Smurfs: The Lost Village,truncate_50,12;14;16;35;10751,Adventure; Fantasy; Animation; Comedy; Family,5
297,The Passion of Joan of Arc,truncate_50,18;27,Drama; Horror,2
5367,Suicide Kings,truncate_50,28;35;53;80,Action; Comedy; Thriller; Crime,4
6173,Super Fuzz,truncate_50,18;28;35;53,Drama; Action; Comedy; Thriller,4
7924,Monster Trucks,truncate_50,12;16;35,Adventure; Animation; Comedy,3
2700,Troy,truncate_50,12;18;10749,Adventure; Drama; Romance,3
4379,Dark Water,truncate_50,18;27;53;9648,Drama; Horror; Thriller; Mystery,4
6784,The Wrath of Becky,truncate_50,18;53,Drama; Thriller,2
8228,Kidnapping Mr. Heineken,truncate_50,18;35,Drama; Comedy,2
5132,JCVD,truncate_50,18;35;80,Drama; Comedy; Crime,3
9687,Drive-Away Dolls,truncate_50,18;27;35;53;10749,Drama; Horror; Comedy; Thriller; Romance,5
1595,The SpongeBob Movie: Sponge on the Run,truncate_50,16;35;10751,Animation; Comedy; Family,3
1329,Breaking the Waves,truncate_50,18,Drama,1
1923,Nowhere,truncate_50,18;53;10752,Drama; Thriller; War,3
8010,The Pacifier,truncate_50,12;18;28;53,Adventure; Drama; Action; Thriller,4
5896,Tideland,truncate_50,18,Drama,1
6459,Cargo,truncate_50,18;27;28;53;878,Drama; Horror; Action; Thriller; Science Fiction,5
9013,Exit Wounds,truncate_50,18;28;35;53;80,Drama; Action; Comedy; Thriller; Crime,5
3324,Ip Man 3,truncate_50,28;35;53;80,Action; Comedy; Thriller; Crime,4
5770,Little Monsters,truncate_50,18;35;10402,Drama; Comedy; Music,3
5902,The Neon Demon,truncate_50,18;35;10749,Drama; Comedy; Romance,3
3230,Moby Dick,truncate_50,12;18,Adventure; Drama,2
285,Song of the Sea,truncate_50,12;18;10751,Adventure; Drama; Family,3
5939,The Jane Austen Book Club,truncate_50,18;35;10749,Drama; Comedy; Romance,3
7077,Extinction,truncate_50,18;27;878,Drama; Horror; Science Fiction,3
1471,High School of the Dead: Drifters of the Dead,truncate_50,27;28;35;53,Horror; Action; Comedy; Thriller,4
4106,Loft,truncate_50,18;35;10749,Drama; Comedy; Romance,3
5257,The Man in the Iron Mask,truncate_50,12;18;28;36,Adventure; Drama; Action; History,4
1837,The Great Gatsby,truncate_50,18;35,Drama; Comedy,2
4529,In Her Name,truncate_50,18,Drama,1
6063,Colors,truncate_50,18;28;53;80,Drama; Action; Thriller; Crime,4
9741,Incarnate,truncate_50,14;27;53,Fantasy; Horror; Thriller,3
1257,The Birds,truncate_50,18;35,Drama; Comedy,2
7900,The Night Before,truncate_50,18;35;10749,Drama; Comedy; Romance,3
4861,Nymphomaniac: Vol. II,truncate_50,18;10749,Drama; Romance,2
9380,Inside,truncate_50,18;28;53;80;9648,Drama; Action; Thriller; Crime; Mystery,5
145,Good Will Hunting,truncate_50,12;18;35,Adventure; Drama; Comedy,3
2347,Pearl,truncate_50,18;10751,Drama; Family,2
1047,Steins;Gate: The Movie - Load Region of Déjà Vu,truncate_50,16;18;878,Animation; Drama; Science Fiction,3
6199,Drag Me to Hell,truncate_50,18;27;53,Drama; Horror; Thriller,3
2878,The Dark Crystal,truncate_50,12;14;16;35;878;10751,Adventure; Fantasy; Animation; Comedy; Science Fiction; Family,6
5053,Emily the Criminal,truncate_50,18;35;53;80,Drama; Comedy; Thriller; Crime,4
3147,I Hate Summer,truncate_50,18;35,Drama; Comedy,2
4581,The DUFF,truncate_50,14;16;35;10749;10751,Fantasy; Animation; Comedy; Romance; Family,5
5254,White God,truncate_50,14;18;35;10749;10751,Fantasy; Drama; Comedy; Romance; Family,5
503,Shoplifters,truncate_50,18;80,Drama; Crime,2
6101,Police Story 4: First Strike,truncate_50,18;28;35;53;80,Drama; Action; Comedy; Thriller; Crime,5
7290,Mean Machine,truncate_50,18;28;35;53;80,Drama; Action; Comedy; Thriller; Crime,5
9036,Paranormal Activity 2,truncate_50,14;27;35,Fantasy; Horror; Comedy,3
1097,The Hobbit: The Desolation of Smaug,truncate_50,12;14;16;28;35;10751,Adventure; Fantasy; Animation; Action; Comedy; Family,6
7192,Ghosts of War,truncate_50,18;27;53;10752,Drama; Horror; Thriller; War,4
826,Black Swan,truncate_50,18;35;10749,Drama; Comedy; Romance,3
1943,Red River,truncate_50,12;18;37,Adventure; Drama; Western,3
1783,My Sister's Keeper,truncate_50,18;35,Drama; Comedy,2
6847,Dark Skies,truncate_50,14;27;53;9648,Fantasy; Horror; Thriller; Mystery,4
5990,Mother's Day,truncate_50,18;27;35;53,Drama; Horror; Comedy; Thriller,4
4698,First Love,truncate_50,18;28;35;80;10749,Drama; Action; Comedy; Crime; Romance,5
4319,The Ghost Writer,truncate_50,18;35;53,Drama; Comedy; Thriller,3
1309,Almost Famous,truncate_50,18;35;10402;10749,Drama; Comedy; Music; Romance,4
6541,The Knight Before Christmas,truncate_50,12;14;16;28,Adventure; Fantasy; Animation; Action,4
6728,Doc Hollywood,truncate_50,18;35;878,Drama; Comedy; Science Fiction,3
68,Given,truncate_50,18;35;10749,Drama; Comedy; Romance,3
6565,The Assassin,truncate_50,12;18;28;53,Adventure; Drama; Action; Thriller,4
3340,Lethal Weapon 2,truncate_50,12;18;10751,Adventure; Drama; Family,3
5380,Conspiracy Theory,truncate_50,18;35;53;9648,Drama; Comedy; Thriller; Mystery,4
5732,The Chronicles of Riddick,truncate_50,18;28;53;80;878,Drama; Action; Thriller; Crime; Science Fiction,5
1738,Mad Max 2,truncate_50,18;28;53,Drama; Action; Thriller,3
9357,My Best Friend's Girl,truncate_50,35;10749,Comedy; Romance,2
93,Klaus,truncate_50,18;35;10751,Drama; Comedy; Family,3
7555,Murder by Numbers,truncate_50,18;28;53;80;9648,Drama; Action; Thriller; Crime; Mystery,5
4648,Oedipus Rex,truncate_50,12;18;10752,Adventure; Drama; War,3
5928,The Bookshop,truncate_50,18;35;10749,Drama; Comedy; Romance,3
4387,200 Pounds Beauty,truncate_50,16;18;35;10749,Animation; Drama; Comedy; Romance,4
7601,Splinter,truncate_50,12;27;35;53;10751,Adventure; Horror; Comedy; Thriller; Family,5
8944,Kicking & Screaming,truncate_50,18;35,Drama; Comedy,2
76,The Intouchables,truncate_50,18;35;10749,Drama; Comedy; Romance,3
2319,Betty Blue,truncate_50,18;35;10749,Drama; Comedy; Romance,3
7425,The Prince & Me,truncate_50,18;35;10749,Drama; Comedy; Romance,3
916,Laurence Anyways,truncate_50,18;35;10749,Drama; Comedy; Romance,3
9369,The Maiden Heist,truncate_50,28;35;53;80,Action; Comedy; Thriller; Crime,4
4345,An Unfinished Life,truncate_50,18,Drama,1
7191,No Escape,truncate_50,18;28;53;80;878,Drama; Action; Thriller; Crime; Science Fiction,5
8369,The Marvels,truncate_50,12;16;28;35;878;10749;10751,Adventure; Animation; Action; Comedy; Science Fiction; Romance; Family,7
2010,Carrie,truncate_50,18;27,Drama; Horror,2
7722,Happily Mixed Up,truncate_50,18;53;9648,Drama; Thriller; Mystery,3
194,The Hunt,truncate_50,18;35;10749,Drama; Comedy; Romance,3
7314,The Other Woman,truncate_50,18;35;10749,Drama; Comedy; Romance,3
6475,Flypaper,truncate_50,18;28;35;53;80,Drama; Action; Comedy; Thriller; Crime,5
9513,Truth or Dare,truncate_50,18;27;35;53,Drama; Horror; Comedy; Thriller,4
7049,Your Place or Mine,truncate_50,16;35;10749;10751,Animation; Comedy; Romance; Family,4
6424,Don't Think Twice,truncate_50,18;53,Drama; Thriller,2
4977,Troll Hunter,truncate_50,27;53;9648,Horror; Thriller; Mystery,3
998,Mortal Kombat Legends: Battle of the Realms,truncate_50,12;14;16;18;28;878,Adventure; Fantasy; Animation; Drama; Action; Science Fiction,6
6904,Beauty Shop,truncate_50,18;35;10749,Drama; Comedy; Romance,3
8099,Arcadian,truncate_50,14;16;27;53;878,Fantasy; Animation; Horror; Thriller; Science Fiction,5
5448,Silent Hill,truncate_50,18;53,Drama; Thriller,2
9327,Momentum,truncate_50,18;28;53;80;9648,Drama; Action; Thriller; Crime; Mystery,5
7114,The Dead Pool,truncate_50,18;28;35;53;80,Drama; Action; Comedy; Thriller; Crime,5
3408,Mickey's Twice Upon a Christmas,truncate_50,12;14;16;35;10751,Adventure; Fantasy; Animation; Comedy; Family,5
5405,The Wizard of Lies,truncate_50,18;35;53;80,Drama; Comedy; Thriller; Crime,4
2850,Tangled Ever After,truncate_50,12;16;35;10749;10751,Adventure; Animation; Comedy; Romance; Family,5
8088,Sanctum,truncate_50,12;18;28;53;878,Adventure; Drama; Action; Thriller; Science Fiction,5
2705,Kiss Kiss Bang Bang,truncate_50,18;28;35;53;80,Drama; Action; Comedy; Thriller; Crime,5
6846,The Visit,truncate_50,18;35;10751,Drama; Comedy; Family,3
432,Divorce Italian Style,truncate_50,18;35;10749,Drama; Comedy; Romance,3
7851,F,truncate_50,18;28,Drama; Action,2
4028,Rango,truncate_50,12;16;35;10751,Adventure; Animation; Comedy; Family,4
1048,The Fault in Our Stars,truncate_50,18;878,Drama; Science Fiction,2
4923,RED,truncate_50,18;28;35;53;80;10752,Drama; Action; Comedy; Thriller; Crime; War,6
1935,A Nightmare on Elm Street,truncate_50,18;27;53;9648,Drama; Horror; Thriller; Mystery,4
4569,Asterix in Britain,truncate_50,12;14;16;28;35;10751,Adventure; Fantasy; Animation; Action; Comedy; Family,6
195,New Gods: Nezha Reborn,truncate_50,18;35;10749,Drama; Comedy; Romance,3
4697,Superman II,truncate_50,12;28;35;80,Adventure; Action; Comedy; Crime,4
392,We Are the Nobles,truncate_50,18;35,Drama; Comedy,2
8213,Alvin and the Chipmunks: The Road Chip,truncate_50,18;35,Drama; Comedy,2
6304,Wild Target,truncate_50,18;28;53;80,Drama; Action; Thriller; Crime,4
3110,What's Love Got to Do with It,truncate_50,18;35;10402;10749,Drama; Comedy; Music; Romance,4
4715,Road House,truncate_50,18;35;53,Drama; Comedy; Thriller,3
5549,Lionheart,truncate_50,18;28,Drama; Action,2
2066,Red Dog,truncate_50,18;35;10751,Drama; Comedy; Family,3
1716,Rushmore,truncate_50,18;35;10749,Drama; Comedy; Romance,3
537,The Shadow in My Eye,truncate_50,18;28;36;53;10752,Drama; Action; History; Thriller; War,5
7092,Legends of Oz: Dorothy's Return,truncate_50,12;14;16;27;10751,Adventure; Fantasy; Animation; Horror; Family,5
6211,The Uninvited,truncate_50,18;27;53;9648,Drama; Horror; Thriller; Mystery,4
4824,Bumblebee,truncate_50,18;35;10751,Drama; Comedy; Family,3
2220,Riders of Justice,truncate_50,18;53,Drama; Thriller,2
2109,Sonic the Hedgehog,truncate_50,12;14;16;28;35;878;10751,Adventure; Fantasy; Animation; Action; Comedy; Science Fiction; Family,7
2137,The Fundamentals of Caring,truncate_50,18;35,Drama; Comedy,2
8471,Alexander,truncate_50,12;16;18;28,Adventure; Animation; Drama; Action,4
8919,Neighbors 2: Sorority Rising,truncate_50,18;35,Drama; Comedy,2
7279,Accident Man,truncate_50,18;28;35;53;80,Drama; Action; Comedy; Thriller; Crime,5
2200,Land of Bad,truncate_50,28;35;878,Action; Comedy; Science Fiction,3
954,The Longest Ride,truncate_50,18;35;10749,Drama; Comedy; Romance,3
5846,Dragonslayer,truncate_50,12;14;16;28;10751,Adventure; Fantasy; Animation; Action; Family,5
2761,Confession of Murder,truncate_50,18;28;53;80;9648,Drama; Action; Thriller; Crime; Mystery,5
3169,Patriots Day,truncate_50,18;28;53,Drama; Action; Thriller,3
4930,Night Moves,truncate_50,18;35;53;80;9648,Drama; Comedy; Thriller; Crime; Mystery,5
7857,V/H/S/94,truncate_50,28;53;80;9648,Action; Thriller; Crime; Mystery,4
459,Persepolis,truncate_50,18;36,Drama; History,2
3793,Nine to Five,truncate_50,18;35,Drama; Comedy,2
742,Slumdog Millionaire,truncate_50,18;53;80,Drama; Thriller; Crime,3
9458,Leatherface,truncate_50,18;27;53,Drama; Horror; Thriller,3
5743,Looking for Eric,truncate_50,18;35,Drama; Comedy,2
50,American History X,truncate_50,18;28;53;80,Drama; Action; Thriller; Crime,4
2108,Stolen Kisses,truncate_50,18;35,Drama; Comedy,2
3005,Ariel,truncate_50,18;35;10749,Drama; Comedy; Romance,3
2698,Monsieur Lazhar,truncate_50,18,Drama,1
6130,The Love Witch,truncate_50,14;35;10749,Fantasy; Comedy; Romance,3
2762,House of Sand and Fog,truncate_50,18;53,Drama; Thriller,2
8909,Analyze That,truncate_50,18;28;35;53;80,Drama; Action; Comedy; Thriller; Crime,5
4555,Kill the Irishman,truncate_50,18;28;36;53,Drama; Action; History; Thriller,4
3314,My Neighbors the Yamadas,truncate_50,18;35,Drama; Comedy,2
6867,Yara,truncate_50,18;27;53;80;9648,Drama; Horror; Thriller; Crime; Mystery,5
866,Scooby-Doo on Zombie Island,truncate_50,12;14;16;35;10751,Adventure; Fantasy; Animation; Comedy; Family,5
5897,Bubba Ho-tep,truncate_50,18;35,Drama; Comedy,2
3362,An Officer and a Gentleman,truncate_50,18;28;35,Drama; Action; Comedy,3
5462,Goya's Ghosts,truncate_50,18;28;53,Drama; Action; Thriller,3
3704,RocknRolla,truncate_50,18;28;35;53;80,Drama; Action; Comedy; Thriller; Crime,5
2058,"Good Morning, Vietnam",truncate_50,18;28;35,Drama; Action; Comedy,3
3919,Finestkind,truncate_50,18;35,Drama; Comedy,2
7768,Ad Astra,truncate_50,18;28;878,Drama; Action; Science Fiction,3
8004,No Filter,truncate_50,18;35;10749,Drama; Comedy; Romance,3
7957,Kill Your Friends,truncate_50,18;35;53;80;10402,Drama; Comedy; Thriller; Crime; Music,5
8023,My Life Without Me,truncate_50,18;27;53;9648,Drama; Horror; Thriller; Mystery,4
8173,Bee Movie,truncate_50,18;35;80,Drama; Comedy; Crime,3
3737,Fly Away Home,truncate_50,18;27;35;53,Drama; Horror; Comedy; Thriller,4
5273,Aline,truncate_50,18;36,Drama; History,2
2229,Jeremiah Johnson,truncate_50,14;18;10749,Fantasy; Drama; Romance,3
4706,Tucker: The Man and His Dream,truncate_50,18;36,Drama; History,2
9060,We Are What We Are,truncate_50,12;27;28;53,Adventure; Horror; Action; Thriller,4
2063,Duck Soup,truncate_50,12;18;35,Adventure; Drama; Comedy,3
3257,Elephant,truncate_50,18;35,Drama; Comedy,2
9891,Behaving Badly,truncate_50,18;35;10749,Drama; Comedy; Romance,3
3808,Project Silence,truncate_50,18;27;53,Drama; Horror; Thriller,3
6370,"My Donkey, My Lover & I",truncate_50,18;35;10749,Drama; Comedy; Romance,3
863,12 Angry Men,truncate_50,18;53;80,Drama; Thriller; Crime,3
2830,After the Wedding,truncate_50,18;53,Drama; Thriller,2
6596,The Imaginarium of Doctor Parnassus,truncate_50,18;35,Drama; Comedy,2
7661,Ben 10: Alien Swarm,truncate_50,18;35;10749,Drama; Comedy; Romance,3
9043,Black Sheep,truncate_50,27;35;53;878,Horror; Comedy; Thriller; Science Fiction,4
3112,The Thirteenth Floor,truncate_50,18;35;53,Drama; Comedy; Thriller,3
6154,Olaf's Frozen Adventure,truncate_50,12;14;16;28;35;10751,Adventure; Fantasy; Animation; Action; Comedy; Family,6
1132,Gattaca,truncate_50,14;35,Fantasy; Comedy,2
6679,New Kids Turbo,truncate_50,18;35;80,Drama; Comedy; Crime,3
6352,Operation Christmas Drop,truncate_50,18;53;878,Drama; Thriller; Science Fiction,3
6897,Flushed Away,truncate_50,12;16;35;10751,Adventure; Animation; Comedy; Family,4
9302,Damaged,truncate_50,18;28;53;80;9648,Drama; Action; Thriller; Crime; Mystery,5
4186,Moonstruck,truncate_50,18;35;10749,Drama; Comedy; Romance,3
9506,Deep Blue Sea 3,truncate_50,12;18;35;878;10751,Adventure; Drama; Comedy; Science Fiction; Family,5
1553,Scarface,truncate_50,18;28;35;80,Drama; Action; Comedy; Crime,4
8924,Young Adult,truncate_50,18;35;10749,Drama; Comedy; Romance,3
2655,Identity,truncate_50,18;27;53;9648,Drama; Horror; Thriller; Mystery,4
9460,Family Pack,truncate_50,12;14;18;35;878;10751,Adventure; Fantasy; Drama; Comedy; Science Fiction; Family,6
919,Vampire Hunter D: Bloodlust,truncate_50,12;28;35;80,Adventure; Action; Comedy; Crime,4
2957,A Writer's Odyssey,truncate_50,12;14;16;18;28,Adventure; Fantasy; Animation; Drama; Action,5
5598,Who You Think I Am,truncate_50,18;35,Drama; Comedy,2
9215,Porky's II: The Next Day,truncate_50,18;35;10749,Drama; Comedy; Romance,3
9951,Havoc,truncate_50,18;35;80,Drama; Comedy; Crime,3
5870,Turbo Kid,truncate_50,12;18;27;28;878,Adventure; Drama; Horror; Action; Science Fiction,5
2826,The Rock,truncate_50,18;28;53;80,Drama; Action; Thriller; Crime,4
4831,Dreamgirls,truncate_50,18;35;10402;10749,Drama; Comedy; Music; Romance,4
899,Onward,truncate_50,12;14;18;35;10751,Adventure; Fantasy; Drama; Comedy; Family,5
7350,Alice and the Mayor,truncate_50,18;35;80,Drama; Comedy; Crime,3
5022,Yes Man,truncate_50,18;35;10749,Drama; Comedy; Romance,3
8371,When in Rome,truncate_50,18;35;10749;10751,Drama; Comedy; Romance; Family,4
3153,SPY x FAMILY CODE: White,truncate_50,35;10751,Comedy; Family,2
6119,Bridget Jones: Mad About the Boy,truncate_50,18;10749,Drama; Romance,2
6726,The Only Living Boy in New York,truncate_50,18;35;10749,Drama; Comedy; Romance,3
6890,Dead in a Week (Or Your Money Back),truncate_50,18;28;35;53;80,Drama; Action; Comedy; Thriller; Crime,5
53,Princess Mononoke,truncate_50,12;14;16;28;10751,Adventure; Fantasy; Animation; Action; Family,5
4530,Perfect Addiction,truncate_50,18,Drama,1
7321,Megan Is Missing,truncate_50,18;35,Drama; Comedy,2
7738,Housesitter,truncate_50,18;35,Drama; Comedy,2
1058,The Wizard of Oz,truncate_50,12;14;16;10751,Adventure; Fantasy; Animation; Family,4
7960,Duplex,truncate_50,18;27;35,Drama; Horror; Comedy,3
3944,The Hidden,truncate_50,18;53;80,Drama; Thriller; Crime,3
5543,Ender's Game,truncate_50,12;18,Adventure; Drama,2
4162,Denial,truncate_50,18;36,Drama; History,2
290,Citizen Kane,truncate_50,18;35;80,Drama; Comedy; Crime,3
717,Gran Turismo,truncate_50,18;35;10751,Drama; Comedy; Family,3
584,Spotlight,truncate_50,18;53;9648,Drama; Thriller; Mystery,3
3508,This Must Be the Place,truncate_50,18;35,Drama; Comedy,2
1103,Spies in Disguise,truncate_50,12;18;35,Adventure; Drama; Comedy,3
7365,The Night Clerk,truncate_50,18;53;80;9648,Drama; Thriller; Crime; Mystery,4
7951,The SpongeBob Movie: Sponge Out of Water,truncate_50,35,Comedy,1
1112,"Girl, Interrupted",truncate_50,14;18;10749,Fantasy; Drama; Romance,3
8563,Curse of Chucky,truncate_50,18;27;53;9648,Drama; Horror; Thriller; Mystery,4
8522,Pyewacket,truncate_50,14;18;27;53,Fantasy; Drama; Horror; Thriller,4
4553,Anna and the King,truncate_50,18;36;10749,Drama; History; Romance,3
5111,The Spiderwick Chronicles,truncate_50,18;35;10751,Drama; Comedy; Family,3
9159,Arthur and the Revenge of Maltazard,truncate_50,14;18;35,Fantasy; Drama; Comedy,3
8686,Line of Duty,truncate_50,18;28;35;53;80,Drama; Action; Comedy; Thriller; Crime,5
542,Two Women,truncate_50,18;10752,Drama; War,2
5531,Star Wars: Episode II - Attack of the Clones,truncate_50,18;28,Drama; Action,2
5529,House of Gucci,truncate_50,18;35;10749,Drama; Comedy; Romance,3
1683,Boys Don't Cry,truncate_50,18,Drama,1
8472,"Farewell, My Queen",truncate_50,18;36;10749,Drama; History; Romance,3
4976,Time Freak,truncate_50,18;35;878;10749,Drama; Comedy; Science Fiction; Romance,4
5687,Fragile,truncate_50,18;27;53;9648,Drama; Horror; Thriller; Mystery,4
2550,The Animatrix,truncate_50,16;18;28;35;878,Animation; Drama; Action; Comedy; Science Fiction,5
5810,Ramona and Beezus,truncate_50,14;16;35;10751,Fantasy; Animation; Comedy; Family,4
4386,The Women on the 6th Floor,truncate_50,18;35;10749,Drama; Comedy; Romance,3
7751,Big Trouble,truncate_50,18;35;10749,Drama; Comedy; Romance,3
995,The Others,truncate_50,14;18;27;10749,Fantasy; Drama; Horror; Romance,4
4023,Mike's New Car,truncate_50,35;10751,Comedy; Family,2
6574,Baba Yaga: Terror of the Dark Forest,truncate_50,18;27;35;53;9648,Drama; Horror; Comedy; Thriller; Mystery,5
3210,Futurama: Into the Wild Green Yonder,truncate_50,14;18;35;878,Fantasy; Drama; Comedy; Science Fiction,4
402,Amélie,truncate_50,35;10749,Comedy; Romance,2
7862,The Zero Theorem,truncate_50,18;28;53;878;9648,Drama; Action; Thriller; Science Fiction; Mystery,5
4335,The Dry,truncate_50,18;35,Drama; Comedy,2
9059,A Christmas Horror Story,truncate_50,35;10751,Comedy; Family,2
7776,Cocktail,truncate_50,18;35;80,Drama; Comedy; Crime,3
1341,Boyhood,truncate_50,18;35;10749,Drama; Comedy; Romance,3
6666,Octopussy,truncate_50,12;28;53;80;9648,Adventure; Action; Thriller; Crime; Mystery,5
2993,Welcome to the Dollhouse,truncate_50,18;35,Drama; Comedy,2
6943,Mighty Joe Young,truncate_50,18;27;53,Drama; Horror; Thriller,3
3669,Insomnia,truncate_50,18;28;53;80;9648,Drama; Action; Thriller; Crime; Mystery,5
1993,The Magnificent Ambersons,truncate_50,14;18;35,Fantasy; Drama; Comedy,3
7315,Knight and Day,truncate_50,53;80,Thriller; Crime,2
3411,The High Note,truncate_50,18;35;10402;10749,Drama; Comedy; Music; Romance,4
9198,Red Planet,truncate_50,12;53;878,Adventure; Thriller; Science Fiction,3
4056,Hellraiser,truncate_50,14;18;35,Fantasy; Drama; Comedy,3
286,Robot Dreams,truncate_50,16;18;35;10751,Animation; Drama; Comedy; Family,4
5815,RED 2,truncate_50,18;35,Drama; Comedy,2
8807,Sgt. Bilko,truncate_50,18;28;35;10752,Drama; Action; Comedy; War,4
6362,Drop,truncate_50,18;35;10749,Drama; Comedy; Romance,3
2517,Maria Full of Grace,truncate_50,18;35;80,Drama; Comedy; Crime,3
7212,Sky High,truncate_50,12;14;16;28;878,Adventure; Fantasy; Animation; Action; Science Fiction,5
3346,After We Fell,truncate_50,18;35;10749,Drama; Comedy; Romance,3
1720,Once Were Warriors,truncate_50,18,Drama,1
714,Notorious,truncate_50,18;28;53;80;10752,Drama; Action; Thriller; Crime; War,5
1554,Erin Brockovich,truncate_50,18;35;53;10749,Drama; Comedy; Thriller; Romance,4
8887,Fading Gigolo,truncate_50,18;35,Drama; Comedy,2
9701,Forces of Nature,truncate_50,12;35,Adventure; Comedy,2
178,Portrait of a Lady on Fire,truncate_50,18;36,Drama; History,2
304,Sound of Freedom,truncate_50,18;53,Drama; Thriller,2
3262,Apollo 10½: A Space Age Childhood,truncate_50,18,Drama,1
4420,Black or White,truncate_50,18;53,Drama; Thriller,2
2071,Dog,truncate_50,12;18;28;35;10751,Adventure; Drama; Action; Comedy; Family,5
7008,Cannibal Holocaust,truncate_50,12;18;878,Adventure; Drama; Science Fiction,3
5176,House of Usher,truncate_50,27;28;53,Horror; Action; Thriller,3
5834,The Ref,truncate_50,35;53;80,Comedy; Thriller; Crime,3
7352,Zambezia,truncate_50,12;14;16;35;10751,Adventure; Fantasy; Animation; Comedy; Family,5
9847,Slumber,truncate_50,18;27;53,Drama; Horror; Thriller,3
2049,Deliverance,truncate_50,18,Drama,1
3354,C'est la vie!,truncate_50,35,Comedy,1
1715,Hour of the Wolf,truncate_50,18;35;10749;10752,Drama; Comedy; Romance; War,4
6888,Bad Taste,truncate_50,12;16;28;35;878,Adventure; Animation; Action; Comedy; Science Fiction,5
9031,Big Momma's House 2,truncate_50,18;28;35,Drama; Action; Comedy,3
5442,Brewster's Millions,truncate_50,18;35,Drama; Comedy,2
5007,The Return,truncate_50,18,Drama,1
1430,Fist of Legend,truncate_50,18;28,Drama; Action,2
2489,Little Manhattan,truncate_50,18;35,Drama; Comedy,2
2545,Time to Hunt,truncate_50,18;35;878,Drama; Comedy; Science Fiction,3
4713,Germinal,truncate_50,18,Drama,1
1146,Inside Out 2,truncate_50,18;27;35;53,Drama; Horror; Comedy; Thriller,4
8853,Replicant,truncate_50,27;28;53;80;878;9648,Horror; Action; Thriller; Crime; Science Fiction; Mystery,6
6468,Baggio: The Divine Ponytail,truncate_50,18;35,Drama; Comedy,2
3347,One Night in Miami...,truncate_50,18;28,Drama; Action,2
1334,Band of Outsiders,truncate_50,18;35,Drama; Comedy,2
9438,Diana,truncate_50,18;36,Drama; History,2
967,The Turin Horse,truncate_50,18;53,Drama; Thriller,2
8297,Anon,truncate_50,18;27;53;80;9648,Drama; Horror; Thriller; Crime; Mystery,5
5244,Contagion,truncate_50,18;27;28;53;878,Drama; Horror; Action; Thriller; Science Fiction,5
4592,Teen Beach 2,truncate_50,18;35;10402;10749;10751,Drama; Comedy; Music; Romance; Family,5
8526,Thanks for Sharing,truncate_50,18;35;10749,Drama; Comedy; Romance,3
9994,Hollywood Homicide,truncate_50,18;28;35;53;80,Drama; Action; Comedy; Thriller; Crime,5
496,Perfect Strangers,truncate_50,18;35;10749,Drama; Comedy; Romance,3
971,Sniper: The White Raven,truncate_50,12;18,Adventure; Drama,2
7663,That Awkward Moment,truncate_50,35;10749,Comedy; Romance,2
9161,Urban Legend,truncate_50,18;27;53;80;9648,Drama; Horror; Thriller; Crime; Mystery,5
3785,Streets of Fire,truncate_50,35,Comedy,1
9172,The Midnight Sky,truncate_50,12;18;878,Adventure; Drama; Science Fiction,3
4882,Boiler Room,truncate_50,18;35;10749,Drama; Comedy; Romance,3
7824,Trouble at Timpetill,truncate_50,12;18;10751,Adventure; Drama; Family,3
2979,Lamp Life,truncate_50,18;35,Drama; Comedy,2
8429,The Oxford Murders,truncate_50,18;35;10749,Drama; Comedy; Romance,3
1654,They Call Me Jeeg,truncate_50,12;28;35;53;878,Adventure; Action; Comedy; Thriller; Science Fiction,5
7583,Never Been Kissed,truncate_50,18;35,Drama; Comedy,2
5921,The Invisible Guardian,truncate_50,18;27;53;9648,Drama; Horror; Thriller; Mystery,4
8963,Robinson Crusoe,truncate_50,12;14;16;35;10751,Adventure; Fantasy; Animation; Comedy; Family,5
382,"Batman: The Dark Knight Returns, Part 2",truncate_50,16;27;28;878,Animation; Horror; Action; Science Fiction,4
1746,Law Abiding Citizen,truncate_50,18;53;80,Drama; Thriller; Crime,3
7134,Ant-Man and the Wasp: Quantumania,truncate_50,28;35,Action; Comedy,2
1215,The Second Tragic Fantozzi,truncate_50,18;35,Drama; Comedy,2
7345,Jigsaw,truncate_50,27;28;53;80;9648,Horror; Action; Thriller; Crime; Mystery,5
2859,Matthias & Maxime,truncate_50,18;35;10749,Drama; Comedy; Romance,3
2502,The Ten Commandments: The Movie,truncate_50,18;36,Drama; History,2
1396,Birdman of Alcatraz,truncate_50,18;53;80,Drama; Thriller; Crime,3
1465,The Croods: A New Age,truncate_50,12;27;35;10751,Adventure; Horror; Comedy; Family,4
5305,Valerian and the City of a Thousand Planets,truncate_50,12;18;28;878,Adventure; Drama; Action; Science Fiction,4
4897,Just Go with It,truncate_50,18;35,Drama; Comedy,2
1598,Trinity Is Still My Name,truncate_50,18;28;35;80,Drama; Action; Comedy; Crime,4
4615,Primer,truncate_50,12;18;53;878,Adventure; Drama; Thriller; Science Fiction,4
9232,The Art of War,truncate_50,18;28;53,Drama; Action; Thriller,3
5315,Mr. Morgan's Last Love,truncate_50,18;35;10749,Drama; Comedy; Romance,3
1609,American Me,truncate_50,18;28;53;80,Drama; Action; Thriller; Crime,4
6534,Creep,truncate_50,18;35;53;80,Drama; Comedy; Thriller; Crime,4
3561,The White Tiger,truncate_50,12;18;28,Adventure; Drama; Action,3
3143,The Matrix Reloaded,truncate_50,12;28;53;878,Adventure; Action; Thriller; Science Fiction,4
1986,Just Another Christmas,truncate_50,18;35,Drama; Comedy,2
8285,Flight of the Phoenix,truncate_50,12;18;28;35,Adventure; Drama; Action; Comedy,4
8843,The Big Wedding,truncate_50,18;35;10749,Drama; Comedy; Romance,3
1234,The Girl with the Dragon Tattoo,truncate_50,18;53,Drama; Thriller,2
4540,Battlestar Galactica: The Plan,truncate_50,18;27;28;53;878,Drama; Horror; Action; Thriller; Science Fiction,5
5519,The Lord of the Rings,truncate_50,12;18,Adventure; Drama,2
3791,Tracks,truncate_50,12;18;35;10749;10751,Adventure; Drama; Comedy; Romance; Family,5
1189,Let the Right One In,truncate_50,18;35,Drama; Comedy,2
9436,Max Steel,truncate_50,12;28;878;10751,Adventure; Action; Science Fiction; Family,4
4641,Jersey Boys,truncate_50,18;35;10402,Drama; Comedy; Music,3
4769,The Fog,truncate_50,18;27;53;878;9648,Drama; Horror; Thriller; Science Fiction; Mystery,5
5031,Meet the Parents,truncate_50,18;35;10749,Drama; Comedy; Romance,3
7593,Jumper,truncate_50,12;18;35;878,Adventure; Drama; Comedy; Science Fiction,4
7709,The Amityville Horror,truncate_50,18;35;10749,Drama; Comedy; Romance,3
8969,Fantastic Four,truncate_50,12;18;28;878,Adventure; Drama; Action; Science Fiction,4
6047,The Last Days of American Crime,truncate_50,18;28;53;80;878,Drama; Action; Thriller; Crime; Science Fiction,5
7284,Bridget Jones: The Edge of Reason,truncate_50,18;35;10749,Drama; Comedy; Romance,3
8021,Sleepover,truncate_50,16;35;10749;10751,Animation; Comedy; Romance; Family,4
7868,Village of the Damned,truncate_50,18,Drama,1
6837,Bend It Like Beckham,truncate_50,18;35;10749,Drama; Comedy; Romance,3
2632,Invictus,truncate_50,18;36,Drama; History,2
1775,Burning,truncate_50,16;18;35;10749;10751,Animation; Drama; Comedy; Romance; Family,5
6545,Wonder Wheel,truncate_50,18;35,Drama; Comedy,2
8751,The Spy Next Door,truncate_50,18;35;53,Drama; Comedy; Thriller,3
5118,Back to Black,truncate_50,18;10402;10749,Drama; Music; Romance,3
1843,The Big Short,truncate_50,18;35;36,Drama; Comedy; History,3
4243,The Man Who Invented Christmas,truncate_50,18,Drama,1
7744,Once Upon a Time in Bethlehem,truncate_50,12;14;18;28,Adventure; Fantasy; Drama; Action,4
9752,Poison Ivy,truncate_50,18;35;10749,Drama; Comedy; Romance,3
2286,Star Wars: The Force Awakens,truncate_50,12;16;18;28;35;878;10752,Adventure; Animation; Drama; Action; Comedy; Science Fiction; War,7
7217,"Marry Me, Dude",truncate_50,18;35,Drama; Comedy,2
2203,Heathers,truncate_50,18;35;10749,Drama; Comedy; Romance,3
8900,Big Momma's House,truncate_50,18;28;35;53;80,Drama; Action; Comedy; Thriller; Crime,5
6554,The Awakening,truncate_50,14;18;27;53;9648,Fantasy; Drama; Horror; Thriller; Mystery,5
2003,The Sea Beast,truncate_50,12;14;16;27;10751,Adventure; Fantasy; Animation; Horror; Family,5
1265,Tell It to the Bees,truncate_50,18;35,Drama; Comedy,2
3555,The Amateur,truncate_50,18;28;53,Drama; Action; Thriller,3
2763,Peter Pan,truncate_50,12;14;16;35;10751,Adventure; Fantasy; Animation; Comedy; Family,5
755,The Sound of Music,truncate_50,18;35;36;10752,Drama; Comedy; History; War,4
8019,French Twist,truncate_50,18;35;10749,Drama; Comedy; Romance,3
5983,Kinds of Kindness,truncate_50,18;35;53,Drama; Comedy; Thriller,3
6710,The Good Shepherd,truncate_50,18,Drama,1
5045,Geek Charming,truncate_50,35,Comedy,1
8534,The Specialist,truncate_50,18;28;53;80,Drama; Action; Thriller; Crime,4
3843,Crazy Heart,truncate_50,18;35;10402,Drama; Comedy; Music,3
6830,The Bar,truncate_50,18;27;53;80;9648,Drama; Horror; Thriller; Crime; Mystery,5
6072,The Manchurian Candidate,truncate_50,18;28;35,Drama; Action; Comedy,3
9814,Downsizing,truncate_50,18;35,Drama; Comedy,2
7982,Justice League,truncate_50,12;16;18;28;35;878,Adventure; Animation; Drama; Action; Comedy; Science Fiction,6
3996,Saboteur,truncate_50,18;28;53;80,Drama; Action; Thriller; Crime,4
651,Dune,truncate_50,12;18;28;878,Adventure; Drama; Action; Science Fiction,4
555,A Fistful of Dollars,truncate_50,18;28;37;53,Drama; Action; Western; Thriller,4
2284,The Hurt Locker,truncate_50,18;28;35;53;10752,Drama; Action; Comedy; Thriller; War,5
3708,The Angels' Share,truncate_50,18;35;53,Drama; Comedy; Thriller,3
6832,The Immigrant,truncate_50,18;35;10749,Drama; Comedy; Romance,3
40,Se7en,truncate_50,27;53;80;9648,Horror; Thriller; Crime; Mystery,4
1083,Brother,truncate_50,18;35;53,Drama; Comedy; Thriller,3
3234,Red One,truncate_50,12;14;16;28;35;53;10751,Adventure; Fantasy; Animation; Action; Comedy; Thriller; Family,7
8155,Despite Everything,truncate_50,18;35;10749,Drama; Comedy; Romance,3
92,Avengers: Infinity War,truncate_50,12;14;16;28;878,Adventure; Fantasy; Animation; Action; Science Fiction,5
1154,We Need to Talk About Kevin,truncate_50,18;27,Drama; Horror,2
5901,Revenge,truncate_50,18;35;10749,Drama; Comedy; Romance,3
521,Dances with Wolves,truncate_50,18;28;53,Drama; Action; Thriller,3
7454,Elizabethtown,truncate_50,18;35,Drama; Comedy,2
2694,Boyka: Undisputed IV,truncate_50,28;35;80,Action; Comedy; Crime,3
8724,Beverly Hills Cop III,truncate_50,28;35;53;80,Action; Comedy; Thriller; Crime,4
7149,Killer Elite,truncate_50,28;53;80,Action; Thriller; Crime,3
6778,I Want You Back,truncate_50,18;35;10749,Drama; Comedy; Romance,3
414,Army of Shadows,truncate_50,18;28;53,Drama; Action; Thriller,3
7587,Bright,truncate_50,12;14;16;27;35;10751,Adventure; Fantasy; Animation; Horror; Comedy; Family,6
3261,The Lake House,truncate_50,18;27;35;10749,Drama; Horror; Comedy; Romance,4
7476,The Big White,truncate_50,18;35;53;80,Drama; Comedy; Thriller; Crime,4
2780,Stargate: The Ark of Truth,truncate_50,12;16;28;878,Adventure; Animation; Action; Science Fiction,4
2331,Team Thor,truncate_50,12;14;16;18;28;878,Adventure; Fantasy; Animation; Drama; Action; Science Fiction,6
3596,Addams Family Values,truncate_50,16;35;10751,Animation; Comedy; Family,3
9724,Serenity,truncate_50,18;35;10749,Drama; Comedy; Romance,3
6912,The Fury,truncate_50,28;53;80,Action; Thriller; Crime,3
6482,"Hello, My Name Is Doris",truncate_50,18;10749,Drama; Romance,2
1105,Ferris Bueller's Day Off,truncate_50,18;35,Drama; Comedy,2
5399,Side Effects,truncate_50,18;53,Drama; Thriller,2
4460,2048: Nowhere to Run,truncate_50,18;28;35;878,Drama; Action; Comedy; Science Fiction,4
6071,School Ties,truncate_50,18;35,Drama; Comedy,2
5999,Borgman,truncate_50,18;35,Drama; Comedy,2
4712,What If,truncate_50,18;35;10749,Drama; Comedy; Romance,3
1640,The Muppet Christmas Carol,truncate_50,18;35;10751,Drama; Comedy; Family,3
709,The Color Purple,truncate_50,18,Drama,1
7223,Parkland,truncate_50,18,Drama,1
6026,A Guide to Recognizing Your Saints,truncate_50,18,Drama,1
9249,Office Christmas Party,truncate_50,18;35,Drama; Comedy,2
3899,36th Precinct,truncate_50,18;28;35;53;80,Drama; Action; Comedy; Thriller; Crime,5
1056,Beasts of No Nation,truncate_50,12;18;28;10752,Adventure; Drama; Action; War,4
2852,Suspicion,truncate_50,18;35;53;80;10749,Drama; Comedy; Thriller; Crime; Romance,5
5621,Star Wars: Episode I - The Phantom Menace,truncate_50,12;16;28;878,Adventure; Animation; Action; Science Fiction,4
946,Boogie Nights,truncate_50,18;35;10749,Drama; Comedy; Romance,3
689,The Untouchables,truncate_50,18;28;35;53;80,Drama; Action; Comedy; Thriller; Crime,5
6974,Single White Female,truncate_50,18;35;10749,Drama; Comedy; Romance,3
1686,The Omen,truncate_50,12;18;53,Adventure; Drama; Thriller,3
4271,The Red Sea Diving Resort,truncate_50,12;18;28;36;10752,Adventure; Drama; Action; History; War,5
9555,The Platform 2,truncate_50,18;28;53;80,Drama; Action; Thriller; Crime,4
5844,Young Guns II,truncate_50,18;28;35;80,Drama; Action; Comedy; Crime,4
9511,Horizon Line,truncate_50,18;35;10749,Drama; Comedy; Romance,3
1034,Sin Nombre,truncate_50,18;35;10749,Drama; Comedy; Romance,3
6309,Halloween Kills,truncate_50,14;27;28;53,Fantasy; Horror; Action; Thriller,4
7233,Rock Dog,truncate_50,16;18;35;10751,Animation; Drama; Comedy; Family,4
3638,Tsotsi,truncate_50,18,Drama,1
900,Cat on a Hot Tin Roof,truncate_50,18;35;10749,Drama; Comedy; Romance,3
9763,King Solomon's Mines,truncate_50,12;18;28,Adventure; Drama; Action,3
2635,Sweeney Todd: The Demon Barber of Fleet Street,truncate_50,18;35,Drama; Comedy,2
1948,Christiane F.,truncate_50,18;10402,Drama; Music,2
132,Bicycle Thieves,truncate_50,18;35,Drama; Comedy,2
5596,No Man of God,truncate_50,18;53;80,Drama; Thriller; Crime,3
1819,Waves,truncate_50,18,Drama,1
4439,The Swan,truncate_50,18;35,Drama; Comedy,2
349,Mirror,truncate_50,18;10752,Drama; War,2
1163,The Snowman,truncate_50,14;16;35;10751,Fantasy; Animation; Comedy; Family,4
2929,Punch-Drunk Love,truncate_50,18;35;10749,Drama; Comedy; Romance,3
9539,King of Thieves,truncate_50,12;18;53;80,Adventure; Drama; Thriller; Crime,4
341,All Your Faces,truncate_50,18;53;80,Drama; Thriller; Crime,3
4040,No Way Out,truncate_50,18;35;53;10749,Drama; Comedy; Thriller; Romance,4
2580,Barbara,truncate_50,18,Drama,1
6187,The Great Outdoors,truncate_50,18;35;10749,Drama; Comedy; Romance,3
776,Rurouni Kenshin Part III: The Legend Ends,truncate_50,12;16;18;28;35,Adventure; Animation; Drama; Action; Comedy,5
2406,Crazy About Her,truncate_50,14;18;35;10749,Fantasy; Drama; Comedy; Romance,4
4254,Outlaw King,truncate_50,12;14;18;28;36,Adventure; Fantasy; Drama; Action; History,5
5105,A Good Year,truncate_50,18;35,Drama; Comedy,2
6701,The Taking of Pelham 1 2 3,truncate_50,28;53;80,Action; Thriller; Crime,3
8319,Poltergeist II: The Other Side,truncate_50,12;27;10751,Adventure; Horror; Family,3
6647,The Man Who Knew Too Little,truncate_50,18;35;53,Drama; Comedy; Thriller,3
9463,The Sweetest Thing,truncate_50,18;35;10749,Drama; Comedy; Romance,3
5469,Angel Has Fallen,truncate_50,18;28;53;80,Drama; Action; Thriller; Crime,4
7305,Kidnap,truncate_50,18;10749,Drama; Romance,2
4563,High Tension,truncate_50,18;35;10749,Drama; Comedy; Romance,3
7657,Cujo,truncate_50,18;27;35,Drama; Horror; Comedy,3
8270,Guess Who,truncate_50,18;35;10749,Drama; Comedy; Romance,3
5602,Welcome to the Rileys,truncate_50,18;35,Drama; Comedy,2
2400,The Lego Batman Movie,truncate_50,28;35;53;80,Action; Comedy; Thriller; Crime,4
1004,The Philadelphia Story,truncate_50,18;35;53;10749,Drama; Comedy; Thriller; Romance,4
3083,Superman: Man of Tomorrow,truncate_50,28;35;878,Action; Comedy; Science Fiction,3
30,The Lord of the Rings: The Two Towers,truncate_50,12;14;16;28;35,Adventure; Fantasy; Animation; Action; Comedy,5
1263,The Conversation,truncate_50,18;53;80;9648,Drama; Thriller; Crime; Mystery,4
3810,Fear of Rain,truncate_50,18;27;53;9648,Drama; Horror; Thriller; Mystery,4
8803,Mighty Morphin Power Rangers: The Movie,truncate_50,12;14;16;28;35;878;10751,Adventure; Fantasy; Animation; Action; Comedy; Science Fiction; Family,7
583,Demon Slayer: Kimetsu no Yaiba Infinity Castle,truncate_50,12;14;16;27;28,Adventure; Fantasy; Animation; Horror; Action,5
6256,The Girl on the Train,truncate_50,18;35;10749,Drama; Comedy; Romance,3
5639,Ocean's Twelve,truncate_50,18;28;35;53;80,Drama; Action; Comedy; Thriller; Crime,5
7245,Like Father,truncate_50,18;35;10749,Drama; Comedy; Romance,3
5319,Cypher,truncate_50,12;28;53;80,Adventure; Action; Thriller; Crime,4
5952,Love at First Fight,truncate_50,18,Drama,1
6771,Yummy,truncate_50,18;27;35,Drama; Horror; Comedy,3
2704,After We Collided,truncate_50,18;35;10749,Drama; Comedy; Romance,3
4232,The Taste of Others,truncate_50,18;35,Drama; Comedy,2
8102,Starry Eyes,truncate_50,18;35;878,Drama; Comedy; Science Fiction,3
1271,E.T. the Extra-Terrestrial,truncate_50,12;28;53;878;10751,Adventure; Action; Thriller; Science Fiction; Family,5
1771,The Fighter,truncate_50,18;28,Drama; Action,2
4190,Iron Man 2,truncate_50,12;18;28;35;878,Adventure; Drama; Action; Comedy; Science Fiction,5
9336,Babe: Pig in the City,truncate_50,12;14;16;18;35;10751,Adventure; Fantasy; Animation; Drama; Comedy; Family,6
278,Scooby-Doo! and Kiss: Rock and Roll Mystery,truncate_50,12;16;35;10751,Adventure; Animation; Comedy; Family,4
6246,Pontypool,truncate_50,16;35;10751,Animation; Comedy; Family,3
606,Die Hard,truncate_50,18;35;53;80,Drama; Comedy; Thriller; Crime,4
638,Freaks,truncate_50,18;35;10402;10749,Drama; Comedy; Music; Romance,4
2320,"Lust, Caution",truncate_50,18;28;53;10752,Drama; Action; Thriller; War,4
1711,Happy as Lazzaro,truncate_50,18;35,Drama; Comedy,2
7726,Pacific Rim: Uprising,truncate_50,18;28;53,Drama; Action; Thriller,3
5162,Tron,truncate_50,28;35;53;878,Action; Comedy; Thriller; Science Fiction,4
8223,The Last Summer,truncate_50,18,Drama,1
507,Scooby-Doo! Camp Scare,truncate_50,16;35;10751,Animation; Comedy; Family,3
6279,Outland,truncate_50,18;35;53,Drama; Comedy; Thriller,3
9998,Repossessed,truncate_50,12;14;27;28,Adventure; Fantasy; Horror; Action,4
2817,Dragon Ball Z: Bojack Unbound,truncate_50,12;14;28;35,Adventure; Fantasy; Action; Comedy,4
7110,#realityhigh,truncate_50,18;35;10749,Drama; Comedy; Romance,3
7215,Clean,truncate_50,18;35;80,Drama; Comedy; Crime,3
8956,Brick,truncate_50,27;53;9648,Horror; Thriller; Mystery,3
1225,Father There Is Only One 2,truncate_50,18;35,Drama; Comedy,2
2844,Bad Boys for Life,truncate_50,18;28;35;53,Drama; Action; Comedy; Thriller,4
7171,Unsane,truncate_50,18;53;9648,Drama; Thriller; Mystery,3
9108,The Ward,truncate_50,18;27;28;53,Drama; Horror; Action; Thriller,4
353,Tel chi el telùn,truncate_50,18;35,Drama; Comedy,2
5141,Overboard,truncate_50,18;35;53,Drama; Comedy; Thriller,3
4401,The Family Man,truncate_50,18;35;10749,Drama; Comedy; Romance,3
8003,Infinity Pool,truncate_50,12;35;53,Adventure; Comedy; Thriller,3
7218,The Expendables,truncate_50,12;28;35;80,Adventure; Action; Comedy; Crime,4
1513,Dunkirk,truncate_50,12;18;36;10752,Adventure; Drama; History; War,4
4096,The Jacket,truncate_50,18;28;878;10752,Drama; Action; Science Fiction; War,4
9377,Darkness,truncate_50,18;27;53,Drama; Horror; Thriller,3
5039,Planet Terror,truncate_50,18;27;35,Drama; Horror; Comedy,3
10,Parasite,truncate_50,18;35,Drama; Comedy,2
9857,Wrecked,truncate_50,18;53,Drama; Thriller,2
7319,The Incredible Hulk,truncate_50,12;18;28;36;878,Adventure; Drama; Action; History; Science Fiction,5
1604,Bullet Train,truncate_50,12;16;28;35;80,Adventure; Animation; Action; Comedy; Crime,5
2652,Compagni di scuola,truncate_50,18;35,Drama; Comedy,2
7969,Erased,truncate_50,18;28;53;80,Drama; Action; Thriller; Crime,4
4844,Nosferatu,truncate_50,14;18;27;9648;10749,Fantasy; Drama; Horror; Mystery; Romance,5
9453,Inconceivable,truncate_50,18;27;53,Drama; Horror; Thriller,3
4308,World War Z,truncate_50,18;27;28;53;878,Drama; Horror; Action; Thriller; Science Fiction,5
4367,Danger Close: The Battle of Long Tan,truncate_50,18;36;10752,Drama; History; War,3
4104,Barbie: A Fairy Secret,truncate_50,14;16;35;10751,Fantasy; Animation; Comedy; Family,4
5831,The Amazing Spider-Man 2,truncate_50,16;18;28;35;10749,Animation; Drama; Action; Comedy; Romance,5
8014,Spoiled Brats,truncate_50,18;35;10751,Drama; Comedy; Family,3
7036,Insidious: Chapter 3,truncate_50,18;27;53,Drama; Horror; Thriller,3
6669,The Blair Witch Project,truncate_50,18;27;35;9648,Drama; Horror; Comedy; Mystery,4
1478,Lifted,truncate_50,35;878,Comedy; Science Fiction,2
7325,Monster-in-Law,truncate_50,18;35;53;10749,Drama; Comedy; Thriller; Romance,4
7483,Hummingbird,truncate_50,18;28;53;80,Drama; Action; Thriller; Crime,4
5542,Get the Gringo,truncate_50,18;28;53;80,Drama; Action; Thriller; Crime,4
4516,Chappie,truncate_50,12;16;18;35;10751,Adventure; Animation; Drama; Comedy; Family,5
440,Miracle in Cell No. 7,truncate_50,18;53;80,Drama; Thriller; Crime,3
6612,Curly Sue,truncate_50,18;35;80;10749,Drama; Comedy; Crime; Romance,4
8885,Drillbit Taylor,truncate_50,18;28;35;80,Drama; Action; Comedy; Crime,4
1335,Emergency Declaration,truncate_50,18;27;28;53;9648,Drama; Horror; Action; Thriller; Mystery,5
7269,Red Heat,truncate_50,18;28;35;53;80,Drama; Action; Comedy; Thriller; Crime,5
2238,Trolls Band Together,truncate_50,18;35;80;10402,Drama; Comedy; Crime; Music,4
1158,Pandora,truncate_50,18;53,Drama; Thriller,2
2104,Kiss and Cry,truncate_50,18;35;10749,Drama; Comedy; Romance,3
5863,Rio 2,truncate_50,12;35;10751,Adventure; Comedy; Family,3
4764,Altered States,truncate_50,18;27,Drama; Horror,2
9468,Iron Eagle,truncate_50,18;28;35;53,Drama; Action; Comedy; Thriller,4
4952,Hillbilly Elegy,truncate_50,18;35;10749,Drama; Comedy; Romance,3
9004,Josie and the Pussycats,truncate_50,18;35;10402;10749,Drama; Comedy; Music; Romance,4
1976,Glengarry Glen Ross,truncate_50,35,Comedy,1
5068,Parenthood,truncate_50,18;35,Drama; Comedy,2
5629,The Brothers Bloom,truncate_50,12;35,Adventure; Comedy,2
6355,The Second Best Exotic Marigold Hotel,truncate_50,35,Comedy,1
1066,Tombstone,truncate_50,12;18;28,Adventure; Drama; Action,3
928,Mickey's Christmas Carol,truncate_50,18;35;10751,Drama; Comedy; Family,3
2189,Nosferatu the Vampyre,truncate_50,18;35;10749,Drama; Comedy; Romance,3
3026,Batman: Death in the Family,truncate_50,18,Drama,1
7938,Queen of the Damned,truncate_50,18;35,Drama; Comedy,2
5436,"Me, Myself & Irene",truncate_50,18;35;80,Drama; Comedy; Crime,3
3215,Caché,truncate_50,18;35,Drama; Comedy,2
8379,Friends with Kids,truncate_50,18;35;10749,Drama; Comedy; Romance,3
455,My Hero Academia: Two Heroes,truncate_50,12;16;28;35;878;10751,Adventure; Animation; Action; Comedy; Science Fiction; Family,6
8199,Leaves of Grass,truncate_50,18;35,Drama; Comedy,2
7507,Blood Father,truncate_50,18;35;80;10749,Drama; Comedy; Crime; Romance,4
7647,The Weather Man,truncate_50,18;53;10749,Drama; Thriller; Romance,3
2317,The Past,truncate_50,18;35;10749,Drama; Comedy; Romance,3
6662,Talladega Nights: The Ballad of Ricky Bobby,truncate_50,18;28;35,Drama; Action; Comedy,3
1645,Women on the Verge of a Nervous Breakdown,truncate_50,35,Comedy,1
4317,To All the Boys: P.S. I Still Love You,truncate_50,35;10749,Comedy; Romance,2
2774,Descendants,truncate_50,12;14;18;10751,Adventure; Fantasy; Drama; Family,4
6250,Luther,truncate_50,18;36,Drama; History,2
3387,Stargate,truncate_50,12;18;878,Adventure; Drama; Science Fiction,3
3710,24 Hour Party People,truncate_50,18;53,Drama; Thriller,2
6835,Heist,truncate_50,18;28;35;53;80,Drama; Action; Comedy; Thriller; Crime,5
3696,Silkwood,truncate_50,18;53;80;878,Drama; Thriller; Crime; Science Fiction,4
8622,Little Man,truncate_50,28;35;80,Action; Comedy; Crime,3
4822,Terrified,truncate_50,27;53;80;9648,Horror; Thriller; Crime; Mystery,4
1832,Scooby-Doo and the Ghoul School,truncate_50,16;35;10751,Animation; Comedy; Family,3
7530,Throw Momma from the Train,truncate_50,18;53,Drama; Thriller,2
7327,Force 10 from Navarone,truncate_50,12;18;28;36;10752,Adventure; Drama; Action; History; War,5
9367,Time Cut,truncate_50,27;28;35;53;878;9648,Horror; Action; Comedy; Thriller; Science Fiction; Mystery,6
6840,Windtalkers,truncate_50,18;28,Drama; Action,2
7734,Ip Man: The Final Fight,truncate_50,18;28;35,Drama; Action; Comedy,3
2313,Z-O-M-B-I-E-S,truncate_50,18;35;10749,Drama; Comedy; Romance,3
684,Life of Brian,truncate_50,18;35,Drama; Comedy,2
169,Red Beard,truncate_50,18;35,Drama; Comedy,2
1443,Free Guy,truncate_50,18;28;35;53;80,Drama; Action; Comedy; Thriller; Crime,5
5612,The Son of Bigfoot,truncate_50,12;27;35;53;10751,Adventure; Horror; Comedy; Thriller; Family,5
3381,Martin Eden,truncate_50,18;36,Drama; History,2
6677,Roald Dahl's The Witches,truncate_50,18;27;35,Drama; Horror; Comedy,3
6123,Fantozzi Still Suffers,truncate_50,18;35,Drama; Comedy,2
3317,Brain on Fire,truncate_50,18;53;9648,Drama; Thriller; Mystery,3
4636,Frankie and Johnny,truncate_50,18;35;53;80,Drama; Comedy; Thriller; Crime,4
923,Time of the Gypsies,truncate_50,14;16;18;878,Fantasy; Animation; Drama; Science Fiction,4
5063,The Words,truncate_50,18;35,Drama; Comedy,2
3713,The Three Musketeers: D'Artagnan,truncate_50,12;18;28;35,Adventure; Drama; Action; Comedy,4
7235,The Astronaut Farmer,truncate_50,12;18;28,Adventure; Drama; Action,3
2570,Utøya: July 22,truncate_50,18;28;53,Drama; Action; Thriller,3
8696,The Jungle Book 2,truncate_50,16;18;35;10751,Animation; Drama; Comedy; Family,4
3942,Locke,truncate_50,18;53,Drama; Thriller,2
5856,Beverly Hills Cop II,truncate_50,53;878,Thriller; Science Fiction,2
2986,Starred Up,truncate_50,18;35;53;80,Drama; Comedy; Thriller; Crime,4
1224,Anonymously Yours,truncate_50,18;35;53;10749,Drama; Comedy; Thriller; Romance,4
8447,Beyond Re-Animator,truncate_50,18;28;53;878,Drama; Action; Thriller; Science Fiction,4
2611,Toy Story of Terror!,truncate_50,16;27;35;10751,Animation; Horror; Comedy; Family,4
4338,City of Angels,truncate_50,14;18;28;35;53,Fantasy; Drama; Action; Comedy; Thriller,5
269,For a Few Dollars More,truncate_50,18;28;35;80,Drama; Action; Comedy; Crime,4
9122,Miss Congeniality 2: Armed and Fabulous,truncate_50,18;35,Drama; Comedy,2
4983,21,truncate_50,18;35,Drama; Comedy,2
7521,Bad Lieutenant: Port of Call - New Orleans,truncate_50,18;28;53,Drama; Action; Thriller,3
9100,The Jack in the Box,truncate_50,35,Comedy,1
4660,The Mummy,truncate_50,12;27;9648,Adventure; Horror; Mystery,3
5841,Just Wright,truncate_50,18;35;10749,Drama; Comedy; Romance,3
3986,The X-Files,truncate_50,28;35;53;80;878;9648,Action; Comedy; Thriller; Crime; Science Fiction; Mystery,6
144,Vertigo,truncate_50,18;27;53;80;9648,Drama; Horror; Thriller; Crime; Mystery,5
3414,Anplagghed al Cinema,truncate_50,18;27;53,Drama; Horror; Thriller,3
3086,"The Legend of Al, John and Jack",truncate_50,18;35;80,Drama; Comedy; Crime,3
5530,Black Rain,truncate_50,18;28;53;80,Drama; Action; Thriller; Crime,4
4848,Oliver & Company,truncate_50,12;16;18;35;10751,Adventure; Animation; Drama; Comedy; Family,5
8399,The Men Who Stare at Goats,truncate_50,18;35;53;10749,Drama; Comedy; Thriller; Romance,4
616,Into the Wild,truncate_50,18;35,Drama; Comedy,2
1632,Crush,truncate_50,18;35;10402;10749,Drama; Comedy; Music; Romance,4
5034,The Replacements,truncate_50,18;35,Drama; Comedy,2
8507,Cyrus,truncate_50,18;35;10749,Drama; Comedy; Romance,3
4975,Fear Street: 1994,truncate_50,18;27;53,Drama; Horror; Thriller,3
5437,Annabelle: Creation,truncate_50,14;18;27;35,Fantasy; Drama; Horror; Comedy,4
56,The Wild Robot,truncate_50,12;16;18;28;878;10751,Adventure; Animation; Drama; Action; Science Fiction; Family,6
4069,My Spy,truncate_50,18;28;53;80,Drama; Action; Thriller; Crime,4
6787,Zack and Miri Make a Porno,truncate_50,18;35;10749,Drama; Comedy; Romance,3
6758,The Last Mimzy,truncate_50,12;14;16;18;35;10751,Adventure; Fantasy; Animation; Drama; Comedy; Family,6
9038,The Bay,truncate_50,18;27;53,Drama; Horror; Thriller,3
4071,The Ice Storm,truncate_50,18;35;10751,Drama; Comedy; Family,3
3020,Drugstore Cowboy,truncate_50,18;35,Drama; Comedy,2
3243,Radiofreccia,truncate_50,18;35,Drama; Comedy,2
8174,Spanglish,truncate_50,18;35,Drama; Comedy,2
8898,Department Store,truncate_50,18;35,Drama; Comedy,2
256,The Wolf of Wall Street,truncate_50,18;35;53;80,Drama; Comedy; Thriller; Crime,4
4276,The Blob,truncate_50,18;35,Drama; Comedy,2
307,"Love, Simon",truncate_50,18;35;10749;10751,Drama; Comedy; Romance; Family,4
1719,The Long Goodbye,truncate_50,18;35;80,Drama; Comedy; Crime,3
4377,Easy A,truncate_50,18;35;10749,Drama; Comedy; Romance,3
1360,"Play It Again, Sam",truncate_50,18;35;10749,Drama; Comedy; Romance,3
1294,Mars Express,truncate_50,28;53;80;878;9648,Action; Thriller; Crime; Science Fiction; Mystery,5
5554,The Lion King 1½,truncate_50,12;14;16;35;878;10751,Adventure; Fantasy; Animation; Comedy; Science Fiction; Family,6
8719,Planet 51,truncate_50,18;35;878,Drama; Comedy; Science Fiction,3
5660,Blade II,truncate_50,14;27;28;35,Fantasy; Horror; Action; Comedy,4
4771,Beau Is Afraid,truncate_50,18;27;53;9648,Drama; Horror; Thriller; Mystery,4
9355,Cool World,truncate_50,12;35;878,Adventure; Comedy; Science Fiction,3
9982,And Soon the Darkness,truncate_50,18;35;10749,Drama; Comedy; Romance,3
4705,The Gilded Cage,truncate_50,18,Drama,1
4714,Flawless,truncate_50,18;35;53;10749,Drama; Comedy; Thriller; Romance,4
159,Togo,truncate_50,12;18;53,Adventure; Drama; Thriller,3
3345,"I'm a Cyborg, But That's OK",truncate_50,18;35;878,Drama; Comedy; Science Fiction,3
5605,Hitch,truncate_50,18;35;10749,Drama; Comedy; Romance,3
5835,Joy Ride,truncate_50,18;35,Drama; Comedy,2
88,Le Trou,truncate_50,18;35;53;80,Drama; Comedy; Thriller; Crime,4
5794,Red Sparrow,truncate_50,16;18;35;10751,Animation; Drama; Comedy; Family,4
3166,Trash,truncate_50,12;35;10751,Adventure; Comedy; Family,3
5760,Jurassic World: Fallen Kingdom,truncate_50,12;18;28;878,Adventure; Drama; Action; Science Fiction,4
2083,American Fiction,truncate_50,18;35,Drama; Comedy,2
354,The Sixth Sense,truncate_50,18;53,Drama; Thriller,2
9465,Blue Mountain State: The Rise of Thadland,truncate_50,18;35,Drama; Comedy,2
9630,Don't Knock Twice,truncate_50,18;53,Drama; Thriller,2
604,Mr. Nobody,truncate_50,18;35,Drama; Comedy,2
9133,Life of Crime,truncate_50,18;28;35;53;80,Drama; Action; Comedy; Thriller; Crime,5
439,Dangal,truncate_50,18,Drama,1
5242,The Harder They Fall,truncate_50,12;28;35;37;53;80,Adventure; Action; Comedy; Western; Thriller; Crime,6
5089,"Mektoub, My Love: Canto Uno",truncate_50,18;35,Drama; Comedy,2
9187,MILF,truncate_50,18;35;10751,Drama; Comedy; Family,3
9662,My Soul to Take,truncate_50,18;27,Drama; Horror,2
6237,Cloudy with a Chance of Meatballs 2,truncate_50,16;18;35,Animation; Drama; Comedy,3
4155,Den of Thieves,truncate_50,18;28;53;80;9648,Drama; Action; Thriller; Crime; Mystery,5
1235,Hard Boiled,truncate_50,18;28;53;80,Drama; Action; Thriller; Crime,4
458,A Whisker Away,truncate_50,16;18;35;10749;10751,Animation; Drama; Comedy; Romance; Family,5
480,Kill Bill: Vol. 2,truncate_50,18;28;53,Drama; Action; Thriller,3
7672,Last Night,truncate_50,18;35;10749,Drama; Comedy; Romance,3
8738,Love Addict,truncate_50,18;35;10749,Drama; Comedy; Romance,3
4017,Tales from the Crypt: Demon Knight,truncate_50,12;14;28;53;80,Adventure; Fantasy; Action; Thriller; Crime,5
726,Deep Red,truncate_50,18;53;9648,Drama; Thriller; Mystery,3
222,My Neighbor Totoro,truncate_50,18;27;35,Drama; Horror; Comedy,3
1221,Angels with Dirty Faces,truncate_50,18;35,Drama; Comedy,2
1256,The Passion of the Christ,truncate_50,18,Drama,1
9620,Blackhat,truncate_50,18;28;53;80;9648,Drama; Action; Thriller; Crime; Mystery,5
5287,Barefoot,truncate_50,18,Drama,1
2645,Alien: Romulus,truncate_50,12;18;878,Adventure; Drama; Science Fiction,3
8601,Mean Girls,truncate_50,18;35;10751,Drama; Comedy; Family,3
2568,Irreversible,truncate_50,18;53;80;10749,Drama; Thriller; Crime; Romance,4
8171,Franklyn,truncate_50,18,Drama,1
9547,Open Water,truncate_50,18;53,Drama; Thriller,2
2384,"The Good, the Bart, and the Loki",truncate_50,12;14;16;28;35;878;10751,Adventure; Fantasy; Animation; Action; Comedy; Science Fiction; Family,7
6491,Vantage Point,truncate_50,18;28;53,Drama; Action; Thriller,3
7684,Every Which Way but Loose,truncate_50,18;35,Drama; Comedy,2
4330,Pooh's Heffalump Movie,truncate_50,12;14;16;18;35;10751,Adventure; Fantasy; Animation; Drama; Comedy; Family,6
2210,Labyrinth,truncate_50,12;14;16;35;10751,Adventure; Fantasy; Animation; Comedy; Family,5
1332,Batman: Mask of the Phantasm,truncate_50,18;28;35;10749,Drama; Action; Comedy; Romance,4
2861,This Boy's Life,truncate_50,18;35;10749,Drama; Comedy; Romance,3
7870,Valhalla Rising,truncate_50,12;14;18;28;53,Adventure; Fantasy; Drama; Action; Thriller,5
813,Divines,truncate_50,18,Drama,1
4858,Anna Karenina,truncate_50,18;53;10749,Drama; Thriller; Romance,3
4637,Danny Collins,truncate_50,18;35;10402,Drama; Comedy; Music,3
4591,The Girl in the Fog,truncate_50,18;27;53;9648,Drama; Horror; Thriller; Mystery,4
9045,Trespass Against Us,truncate_50,18;28;80,Drama; Action; Crime,3
8481,Paradise Hills,truncate_50,18;53,Drama; Thriller,2
2302,Mask,truncate_50,18;53,Drama; Thriller,2
9943,Welcome Home,truncate_50,18;35,Drama; Comedy,2
8338,Dead Snow,truncate_50,18;27;53;10752,Drama; Horror; Thriller; War,4
8262,Mission to Mars,truncate_50,18;53;878,Drama; Thriller; Science Fiction,3
1764,Mudbound,truncate_50,18;36;10752,Drama; History; War,3
9988,Halloween III: Season of the Witch,truncate_50,27;35;53,Horror; Comedy; Thriller,3
1603,The Secret Garden,truncate_50,18;53,Drama; Thriller,2
9989,Poltergeist III,truncate_50,18;27;53;9648,Drama; Horror; Thriller; Mystery,4
8535,1922,truncate_50,18;35;37;53,Drama; Comedy; Western; Thriller,4
8708,Hitman: Agent 47,truncate_50,18;28;53;80,Drama; Action; Thriller; Crime,4
2858,Your Fault,truncate_50,18;35;10749;10751,Drama; Comedy; Romance; Family,4
8086,All Good Things,truncate_50,18;53;9648;10749,Drama; Thriller; Mystery; Romance,4
6753,Security,truncate_50,18;28;35;53;80,Drama; Action; Comedy; Thriller; Crime,5
2722,The Man Who Knew Infinity,truncate_50,18;36;10749,Drama; History; Romance,3
6178,Cobweb,truncate_50,18;27;53;9648,Drama; Horror; Thriller; Mystery,4
57,The Quintessential Quintuplets Movie,truncate_50,18;35;10749,Drama; Comedy; Romance,3
4650,Coma,truncate_50,18,Drama,1
3683,Rescue Dawn,truncate_50,18;28;53;878;10752,Drama; Action; Thriller; Science Fiction; War,5
7963,Journey to the Center of the Earth,truncate_50,12;18;9648,Adventure; Drama; Mystery,3
2275,The Names of Love,truncate_50,18;35,Drama; Comedy,2
8384,Elvis & Nixon,truncate_50,18;35,Drama; Comedy,2
2126,Lights Out,truncate_50,18;35;10749,Drama; Comedy; Romance,3
4528,Last Flag Flying,truncate_50,18,Drama,1
8652,The Riot Club,truncate_50,18;35;53,Drama; Comedy; Thriller,3
5581,Greta,truncate_50,18;53;10749,Drama; Thriller; Romance,3
7976,Alien Nation,truncate_50,12;16;28;35;878,Adventure; Animation; Action; Comedy; Science Fiction,5
452,Roman Holiday,truncate_50,18;35;10749,Drama; Comedy; Romance,3
9321,Captive State,truncate_50,18;28;53;878,Drama; Action; Thriller; Science Fiction,4
2136,Star Trek: First Contact,truncate_50,12;16;28;878,Adventure; Animation; Action; Science Fiction,4
5207,Ninja: Shadow of a Tear,truncate_50,18;28;53;80,Drama; Action; Thriller; Crime,4
3373,Emma.,truncate_50,18;36;10749,Drama; History; Romance,3
4361,Wild Rose,truncate_50,18;35;10402;10749,Drama; Comedy; Music; Romance,4
8255,Sudden Death,truncate_50,18;28;35;53,Drama; Action; Comedy; Thriller,4
9020,The Town that Dreaded Sundown,truncate_50,27;53;80;9648,Horror; Thriller; Crime; Mystery,4
9744,The Dead Don't Die,truncate_50,18;35,Drama; Comedy,2
1291,Prison Break: The Final Break,truncate_50,18;35;53;80;10749,Drama; Comedy; Thriller; Crime; Romance,5
4674,Fantomas Unleashed,truncate_50,12;16;35;878,Adventure; Animation; Comedy; Science Fiction,4
3253,Say Anything...,truncate_50,18;35;10749,Drama; Comedy; Romance,3
2587,"Ruby Gillman, Teenage Kraken",truncate_50,12;14;16;28;878;10751,Adventure; Fantasy; Animation; Action; Science Fiction; Family,6
5753,Harold & Kumar Go to White Castle,truncate_50,14;18;35;10751,Fantasy; Drama; Comedy; Family,4
7793,Kin,truncate_50,12;28;878,Adventure; Action; Science Fiction,3
8698,Stuck Together,truncate_50,18;27;35,Drama; Horror; Comedy,3
2524,"Are You There God? It's Me, Margaret.",truncate_50,18;35;10749,Drama; Comedy; Romance,3
8467,Mars Needs Moms,truncate_50,12;28;35;878,Adventure; Action; Comedy; Science Fiction,4
8225,12 Feet Deep,truncate_50,18;35;53,Drama; Comedy; Thriller,3
7360,Short Circuit 2,truncate_50,12;16;18;35;878;10751,Adventure; Animation; Drama; Comedy; Science Fiction; Family,6
7800,The Inbetweeners 2,truncate_50,18;35;10749,Drama; Comedy; Romance,3
7262,Unknown Origins,truncate_50,18;28;53;80;9648,Drama; Action; Thriller; Crime; Mystery,5
5690,The Vast of Night,truncate_50,18;35;878,Drama; Comedy; Science Fiction,3
1613,Hedwig and the Angry Inch,truncate_50,18,Drama,1
1054,The Longest Day,truncate_50,18;36;10752,Drama; History; War,3
9170,The Order,truncate_50,18;27;28;53,Drama; Horror; Action; Thriller,4
446,The Notebook,truncate_50,18;35;10749,Drama; Comedy; Romance,3
6194,Da 5 Bloods,truncate_50,18;28;53;10752,Drama; Action; Thriller; War,4
6702,Shrek the Halls,truncate_50,14;16;27;35;10751,Fantasy; Animation; Horror; Comedy; Family,5
1526,Marty,truncate_50,18;35;10749,Drama; Comedy; Romance,3
6737,Looney Tunes: Back in Action,truncate_50,12;14;16;28;35;10751,Adventure; Fantasy; Animation; Action; Comedy; Family,6
935,The Spirit of the Beehive,truncate_50,18;27,Drama; Horror,2
4749,Maze Runner: The Scorch Trials,truncate_50,12;18;28;35,Adventure; Drama; Action; Comedy,4
2642,The Broken Hearts Gallery,truncate_50,18;35;10749,Drama; Comedy; Romance,3
141,Innocent Voices,truncate_50,18,Drama,1
6091,The United States of Leland,truncate_50,18;53;80,Drama; Thriller; Crime,3
532,The Big Lebowski,truncate_50,18;35,Drama; Comedy,2
704,How to Train Your Dragon: The Hidden World,truncate_50,12;14;16;35;878;10751,Adventure; Fantasy; Animation; Comedy; Science Fiction; Family,6
1277,Escape from Alcatraz,truncate_50,18;28;53;80,Drama; Action; Thriller; Crime,4
3806,Meet the Robinsons,truncate_50,12;18;35;878;10751,Adventure; Drama; Comedy; Science Fiction; Family,5
6470,Kick-Ass 2,truncate_50,12;28;35,Adventure; Action; Comedy,3
7101,Unfriended: Dark Web,truncate_50,35;53;9648,Comedy; Thriller; Mystery,3
8133,Prey,truncate_50,18;27;53,Drama; Horror; Thriller,3
2481,It's Only the End of the World,truncate_50,18;53,Drama; Thriller,2
5156,Fire in the Sky,truncate_50,35,Comedy,1
3418,Naked Lunch,truncate_50,27;35,Horror; Comedy,2
7481,El Conde,truncate_50,18;27,Drama; Horror,2
1109,Imagine Me & You,truncate_50,18;35;10749,Drama; Comedy; Romance,3
9659,Sandy Wexler,truncate_50,18;35;10749,Drama; Comedy; Romance,3
2155,A Monster Calls,truncate_50,12;14;18;27;28;10751,Adventure; Fantasy; Drama; Horror; Action; Family,6
9842,The Flintstones,truncate_50,14;16;35;10751,Fantasy; Animation; Comedy; Family,4
1476,Man on Fire,truncate_50,18;28;35;53;80,Drama; Action; Comedy; Thriller; Crime,5
2743,Talk to Me,truncate_50,18;27;35,Drama; Horror; Comedy,3
3742,Chicken Run: Dawn of the Nugget,truncate_50,18;35,Drama; Comedy,2
2768,Seven Brides for Seven Brothers,truncate_50,18;37;10749,Drama; Western; Romance,3
5670,Reminiscence,truncate_50,18;28;53,Drama; Action; Thriller,3
1894,Eraserhead,truncate_50,18,Drama,1
3695,Four Lions,truncate_50,12;18;28;36;10752,Adventure; Drama; Action; History; War,5
276,Harry Potter and the Prisoner of Azkaban,truncate_50,14;16;35;10751,Fantasy; Animation; Comedy; Family,4
389,Heat,truncate_50,12;28;35;53;80;9648,Adventure; Action; Comedy; Thriller; Crime; Mystery,6
2500,Monster,truncate_50,18;27;35;53,Drama; Horror; Comedy; Thriller,4
4675,Sightless,truncate_50,18;28;53;878,Drama; Action; Thriller; Science Fiction,4
5163,The Hunger,truncate_50,14;18;27;878;10749,Fantasy; Drama; Horror; Science Fiction; Romance,5
7397,Stretch,truncate_50,18;35;80;10749,Drama; Comedy; Crime; Romance,4
1805,The Impossible,truncate_50,18;35,Drama; Comedy,2
7148,Deadstream,truncate_50,18;27;35;53,Drama; Horror; Comedy; Thriller,4
3272,The Lobster,truncate_50,18;35;53,Drama; Comedy; Thriller,3
1741,Braindead,truncate_50,14;16;27;35;10751,Fantasy; Animation; Horror; Comedy; Family,5
992,The Anthem of the Heart,truncate_50,14;16;18;27,Fantasy; Animation; Drama; Horror,4
9001,Ricki and the Flash,truncate_50,18;35;10402,Drama; Comedy; Music,3
3841,Isi & Ossi,truncate_50,18;35;10749,Drama; Comedy; Romance,3
1575,Mr. Church,truncate_50,18;35;10749,Drama; Comedy; Romance,3
4004,The Night Comes for Us,truncate_50,18;28,Drama; Action,2
8695,Suburbicon,truncate_50,18;35,Drama; Comedy,2
9457,Earth Girls Are Easy,truncate_50,35;878;10749,Comedy; Science Fiction; Romance,3
9385,Semi-Pro,truncate_50,18;35,Drama; Comedy,2
8987,Joe's Apartment,truncate_50,18;35;53;10749,Drama; Comedy; Thriller; Romance,4
1415,C.R.A.Z.Y.,truncate_50,18;35,Drama; Comedy,2
6478,Hot Rod,truncate_50,18;35,Drama; Comedy,2
9618,Dirty Dancing,truncate_50,18;35;10749;10751,Drama; Comedy; Romance; Family,4
2350,Frozen II,truncate_50,12;14;16;35;10751,Adventure; Fantasy; Animation; Comedy; Family,5
4942,A Nightmare on Elm Street 3: Dream Warriors,truncate_50,27;53,Horror; Thriller,2
1458,Balkan Line,truncate_50,18;28;53;10752,Drama; Action; Thriller; War,4
7723,Jackass Presents: Bad Grandpa,truncate_50,18;35,Drama; Comedy,2
8997,Vanity Fair,truncate_50,18;27,Drama; Horror,2
4514,Don't Worry Darling,truncate_50,35,Comedy,1
8848,A Classic Horror Story,truncate_50,18;27;53,Drama; Horror; Thriller,3
7374,Blown Away,truncate_50,28;35;53,Action; Comedy; Thriller,3
4010,Sleeper,truncate_50,18;35,Drama; Comedy,2
5486,The Fury of a Patient Man,truncate_50,18;35;10749,Drama; Comedy; Romance,3
7473,Under the Riccione Sun,truncate_50,18;35,Drama; Comedy,2
7071,Gemini Man,truncate_50,12;18;28;35;53,Adventure; Drama; Action; Comedy; Thriller,5
7029,I ♥ Huckabees,truncate_50,35;80,Comedy; Crime,2
4653,Twitches,truncate_50,35,Comedy,1
3016,Aladdin,truncate_50,12;14;16;35;10751,Adventure; Fantasy; Animation; Comedy; Family,5
8194,Tracers,truncate_50,18;28;53;80,Drama; Action; Thriller; Crime,4
9594,Budapest,truncate_50,18;35;10749,Drama; Comedy; Romance,3
6034,Hey Arnold! The Movie,truncate_50,18;35;53;80,Drama; Comedy; Thriller; Crime,4
9080,The Smurfs,truncate_50,12;14;16;28;35;10751,Adventure; Fantasy; Animation; Action; Comedy; Family,6
5733,Saving Grace,truncate_50,18;10749,Drama; Romance,2
3927,Supernova,truncate_50,18,Drama,1
5580,The Mask of Zorro,truncate_50,18;28,Drama; Action,2
2296,One Man Band,truncate_50,14;16;18;35;10749,Fantasy; Animation; Drama; Comedy; Romance,5
5976,Four Flies on Grey Velvet,truncate_50,18;35,Drama; Comedy,2
3517,The Bob's Burgers Movie,truncate_50,27;35,Horror; Comedy,2
2050,Total Recall,truncate_50,18;35;878,Drama; Comedy; Science Fiction,3
1426,The Discreet Charm of the Bourgeoisie,truncate_50,18;35;10749,Drama; Comedy; Romance,3
6691,A Dangerous Method,truncate_50,18;35,Drama; Comedy,2
6945,The Gendarme in New York,truncate_50,18;28;35;10752,Drama; Action; Comedy; War,4
728,Guy Ritchie's The Covenant,truncate_50,18;53;10752,Drama; Thriller; War,3
7850,Haunter,truncate_50,18;35,Drama; Comedy,2
8524,All You Need is Crime,truncate_50,18;35;80,Drama; Comedy; Crime,3
4313,Smallfoot,truncate_50,12;14;16;18;35;10751,Adventure; Fantasy; Animation; Drama; Comedy; Family,6
148,Silenced,truncate_50,18;36,Drama; History,2
4468,I Walked with a Zombie,truncate_50,14;18;27;35,Fantasy; Drama; Horror; Comedy,4
2699,"The Good, the Bad, the Weird",truncate_50,18;28;36;80,Drama; Action; History; Crime,4
3028,Immortal Beloved,truncate_50,18,Drama,1
2474,The Princess and the Frog,truncate_50,18;35;10749,Drama; Comedy; Romance,3
4080,AKA,truncate_50,18;28;35;53;80,Drama; Action; Comedy; Thriller; Crime,5
4455,Babysitting,truncate_50,18;35;10749,Drama; Comedy; Romance,3
732,Accattone,truncate_50,18;35;80,Drama; Comedy; Crime,3
9622,102 Dalmatians,truncate_50,12;14;16;28;35;10751,Adventure; Fantasy; Animation; Action; Comedy; Family,6
3629,Superman vs. The Elite,truncate_50,18;28;53,Drama; Action; Thriller,3
7579,The Belko Experiment,truncate_50,18;53,Drama; Thriller,2
5666,Return of the Living Dead III,truncate_50,27;28;53;878;9648,Horror; Action; Thriller; Science Fiction; Mystery,5
1126,Bao,truncate_50,18,Drama,1
3446,"Extremely Wicked, Shockingly Evil and Vile",truncate_50,18;35;53;80,Drama; Comedy; Thriller; Crime,4
5726,Bad Santa,truncate_50,14;16;35;10751,Fantasy; Animation; Comedy; Family,4
7407,The Yards,truncate_50,18;28;35;80,Drama; Action; Comedy; Crime,4
5932,The Rebound,truncate_50,18;35;53;80;10749,Drama; Comedy; Thriller; Crime; Romance,5
6000,Stir Crazy,truncate_50,35,Comedy,1
3539,The Way We Were,truncate_50,18;35;10749,Drama; Comedy; Romance,3
2847,Greenland,truncate_50,12;18;878,Adventure; Drama; Science Fiction,3
6716,The Expendables 2,truncate_50,18;35;80,Drama; Comedy; Crime,3
4167,Bill & Ted's Excellent Adventure,truncate_50,18;35,Drama; Comedy,2
4963,The Boxtrolls,truncate_50,12;14;16;18;27;10751,Adventure; Fantasy; Animation; Drama; Horror; Family,6
1456,Sin City,truncate_50,18;27;28;35;53;80,Drama; Horror; Action; Comedy; Thriller; Crime,6
1387,Running on Empty,truncate_50,18;28;35,Drama; Action; Comedy,3
7015,The Three Caballeros,truncate_50,18;35;10751,Drama; Comedy; Family,3
2438,Beating Hearts,truncate_50,18;80,Drama; Crime,2
8273,Gretel & Hansel,truncate_50,12;14;16;18;10751,Adventure; Fantasy; Animation; Drama; Family,5
6741,Lady and the Tramp II: Scamp's Adventure,truncate_50,16;18;35;10751,Animation; Drama; Comedy; Family,4
6386,Game of Death,truncate_50,18;28;35,Drama; Action; Comedy,3
3406,Boy Erased,truncate_50,18;35;53,Drama; Comedy; Thriller,3
7635,We're No Angels,truncate_50,28;53,Action; Thriller,2
62,Léon: The Professional,truncate_50,18;28;35;80,Drama; Action; Comedy; Crime,4
9345,Old People,truncate_50,18;35;10749,Drama; Comedy; Romance,3
7311,Wimbledon,truncate_50,18;28;35,Drama; Action; Comedy,3
8681,Child's Play 3,truncate_50,18;27;35,Drama; Horror; Comedy,3
4758,Silver Streak,truncate_50,18;53;80;9648,Drama; Thriller; Crime; Mystery,4
2188,The Texas Chain Saw Massacre,truncate_50,18;27;35;53;9648,Drama; Horror; Comedy; Thriller; Mystery,5
9278,Cosmopolis,truncate_50,18;28;35;53,Drama; Action; Comedy; Thriller,4
9375,The House,truncate_50,18;35;10749,Drama; Comedy; Romance,3
2504,Only Lovers Left Alive,truncate_50,18;35;10402;10749,Drama; Comedy; Music; Romance,4
7361,Sabrina,truncate_50,18;35;10749;10751,Drama; Comedy; Romance; Family,4
8890,21 & Over,truncate_50,18;35,Drama; Comedy,2
5301,Taxidermia,truncate_50,18;35,Drama; Comedy,2
7172,Cold Prey,truncate_50,18;35,Drama; Comedy,2
44,Gabriel's Inferno: Part III,truncate_50,18;10749,Drama; Romance,2
5765,Indiana Jones and the Dial of Destiny,truncate_50,18;28;35,Drama; Action; Comedy,3
5260,Alan Partridge: Alpha Papa,truncate_50,18;35;10402,Drama; Comedy; Music,3
9326,Horse Girl,truncate_50,18;35;10749,Drama; Comedy; Romance,3
202,Green Snake,truncate_50,18;28;35;10749,Drama; Action; Comedy; Romance,4
7655,The Eiger Sanction,truncate_50,18;28;53;80,Drama; Action; Thriller; Crime,4
2662,"Ciao, Professore!",truncate_50,18;35,Drama; Comedy,2
1696,Irma la Douce,truncate_50,18;35;80;10749,Drama; Comedy; Crime; Romance,4
7162,Pacific Heights,truncate_50,18;35;10749,Drama; Comedy; Romance,3
158,Palmer,truncate_50,18;80,Drama; Crime,2
9686,School for Scoundrels,truncate_50,18;35;10749,Drama; Comedy; Romance,3
3226,Climax,truncate_50,18;27;35;10402,Drama; Horror; Comedy; Music,4
5555,A Cinderella Story,truncate_50,18;35;53,Drama; Comedy; Thriller,3
8549,The Mexican,truncate_50,18;28;35;53;80,Drama; Action; Comedy; Thriller; Crime,5
1608,Predestination,truncate_50,28;53;878;9648,Action; Thriller; Science Fiction; Mystery,4
2571,No,truncate_50,18;35,Drama; Comedy,2
6950,The Cheetah Girls 2,truncate_50,18;35;10402;10749;10751,Drama; Comedy; Music; Romance; Family,5
8108,The Den,truncate_50,18;27;53;80;9648,Drama; Horror; Thriller; Crime; Mystery,5
1253,Barbie: Princess Charm School,truncate_50,14;16;18;35;10749;10751,Fantasy; Animation; Drama; Comedy; Romance; Family,6
5341,The Eagle Has Landed,truncate_50,18;35;36;10752,Drama; Comedy; History; War,4
1474,Key Largo,truncate_50,18;27;53,Drama; Horror; Thriller,3
3282,Cleopatra,truncate_50,18,Drama,1
963,Boyz n the Hood,truncate_50,18;28;35;53;80,Drama; Action; Comedy; Thriller; Crime,5
8661,The Break-Up,truncate_50,18;35;10749,Drama; Comedy; Romance,3
4989,About a Boy,truncate_50,18;35;10749,Drama; Comedy; Romance,3
9883,Get a Job,truncate_50,18;35,Drama; Comedy,2
3034,Maleficent,truncate_50,18;28;10749,Drama; Action; Romance,3
2688,Kahaani,truncate_50,18;53;10749,Drama; Thriller; Romance,3
2482,Wonder Woman,truncate_50,12;14;16;35;10749;10751,Adventure; Fantasy; Animation; Comedy; Romance; Family,6
4851,The Thieves,truncate_50,12;28;35;80,Adventure; Action; Comedy; Crime,4
8942,To the Wonder,truncate_50,18;35;10749,Drama; Comedy; Romance,3
5456,Underworld: Evolution,truncate_50,14;27;28;35,Fantasy; Horror; Action; Comedy,4
7706,God's Not Dead 2,truncate_50,18;35,Drama; Comedy,2
7658,World Trade Center,truncate_50,18;28;53;80,Drama; Action; Thriller; Crime,4
8952,Eight Legged Freaks,truncate_50,27;35;878,Horror; Comedy; Science Fiction,3
1644,"Jeanne Dielman, 23, quai du Commerce, 1080 Bruxelles",truncate_50,18;35;10749,Drama; Comedy; Romance,3
6621,Into the Labyrinth,truncate_50,18;27;28;53;878,Drama; Horror; Action; Thriller; Science Fiction,5
5564,Halloween II,truncate_50,18;27;53,Drama; Horror; Thriller,3
939,Another Round,truncate_50,18;35,Drama; Comedy,2
9245,I'm So Excited!,truncate_50,12;18;28;35,Adventure; Drama; Action; Comedy,4
7335,Senseless,truncate_50,18,Drama,1
5848,The Tearsmith,truncate_50,18,Drama,1
2053,Air,truncate_50,18;35,Drama; Comedy,2
1987,Jungle Cruise,truncate_50,14;18;35;10749;10751,Fantasy; Drama; Comedy; Romance; Family,5
9387,Snow Dogs,truncate_50,18;35;80,Drama; Comedy; Crime,3
9452,Spinning Man,truncate_50,18;35;10749,Drama; Comedy; Romance,3
8302,The Cable Guy,truncate_50,35;53;10749,Comedy; Thriller; Romance,3
2994,Where the Heart Is,truncate_50,18;35;10749,Drama; Comedy; Romance,3
6884,¡Three Amigos!,truncate_50,35,Comedy,1
1018,Butch Cassidy and the Sundance Kid,truncate_50,18;28;37,Drama; Action; Western,3
1296,All That Jazz,truncate_50,18;35;10402;10749,Drama; Comedy; Music; Romance,4
4193,RETURN,truncate_50,18;53,Drama; Thriller,2
359,The Cure,truncate_50,18;35,Drama; Comedy,2
1979,The Judge,truncate_50,18;35,Drama; Comedy,2
405,Death Note Relight 1: Visions of a God,truncate_50,18;28;53;878,Drama; Action; Thriller; Science Fiction,4
1050,The Curious Case of Benjamin Button,truncate_50,18;35,Drama; Comedy,2
1495,Three Colors: White,truncate_50,18;35;10749,Drama; Comedy; Romance,3
5427,The Addams Family,truncate_50,12;18;28;53,Adventure; Drama; Action; Thriller,4
5806,Act of Valor,truncate_50,18;28;53,Drama; Action; Thriller,3
8208,Birth,truncate_50,18;53;10749,Drama; Thriller; Romance,3
9313,Playing for Keeps,truncate_50,18;35,Drama; Comedy,2
3279,The Northman,truncate_50,12;28;53,Adventure; Action; Thriller,3
5095,Hellboy,truncate_50,14;27;10752,Fantasy; Horror; War,3
9482,Hellboy,truncate_50,12;14;16;28;35,Adventure; Fantasy; Animation; Action; Comedy,5
770,"I, Daniel Blake",truncate_50,18;35;53;80,Drama; Comedy; Thriller; Crime,4
8670,No One Gets Out Alive,truncate_50,18;35;53,Drama; Comedy; Thriller,3
177,"“The Shorts” by Aldo, Giovanni and Giacomo",truncate_50,18;35,Drama; Comedy,2
2246,Lean On Me,truncate_50,18;28;35,Drama; Action; Comedy,3
3333,Malcolm & Marie,truncate_50,18;35;10749,Drama; Comedy; Romance,3
1844,Dragon Ball: The Path to Power,truncate_50,12;14;16;28;35;10749;10751,Adventure; Fantasy; Animation; Action; Comedy; Romance; Family,7
2060,True Grit,truncate_50,18;27;53;80;9648,Drama; Horror; Thriller; Crime; Mystery,5
3195,The Ministry of Ungentlemanly Warfare,truncate_50,18;28;36;53;10752,Drama; Action; History; Thriller; War,5
6548,District 13: Ultimatum,truncate_50,18;28;35,Drama; Action; Comedy,3
8833,Coexister,truncate_50,18;35;10402,Drama; Comedy; Music,3
796,The Man from Nowhere,truncate_50,18;28;35;53;80,Drama; Action; Comedy; Thriller; Crime,5
4116,Mean Creek,truncate_50,18;35,Drama; Comedy,2
8212,Orange County,truncate_50,18;35,Drama; Comedy,2
467,My Way,truncate_50,18;28;36;10752,Drama; Action; History; War,4
3641,The Eight Hundred,truncate_50,18;28;36;10752,Drama; Action; History; War,4
3085,22 July,truncate_50,18;27;36;53,Drama; Horror; History; Thriller,4
1757,Twin Peaks: Fire Walk with Me,truncate_50,18;27;53;9648,Drama; Horror; Thriller; Mystery,4
3189,Death Note: The Last Name,truncate_50,18;28;53;878,Drama; Action; Thriller; Science Fiction,4
8097,The Gendarme and the Creatures from Outer Space,truncate_50,27;35;9648,Horror; Comedy; Mystery,3
9101,The Tunnel,truncate_50,18;27;53,Drama; Horror; Thriller,3
1656,Summer of 85,truncate_50,18;35,Drama; Comedy,2
8274,What to Expect When You're Expecting,truncate_50,18;35;10749,Drama; Comedy; Romance,3
5940,Star Trek: Generations,truncate_50,12;28;35;878,Adventure; Action; Comedy; Science Fiction,4
4725,Mermaids,truncate_50,18;35;10749;10751,Drama; Comedy; Romance; Family,4
6282,Borat Subsequent Moviefilm,truncate_50,18;35,Drama; Comedy,2
6195,Café Society,truncate_50,18;35,Drama; Comedy,2
1033,Elemental,truncate_50,18,Drama,1
7769,Blood Ties,truncate_50,18;35;53;80,Drama; Comedy; Thriller; Crime,4
6731,In a World...,truncate_50,18;35;10402;10749;10751,Drama; Comedy; Music; Romance; Family,5
5081,Martian Child,truncate_50,18;35;878;10749,Drama; Comedy; Science Fiction; Romance,4
7639,Final Destination 5,truncate_50,27;28;53;878,Horror; Action; Thriller; Science Fiction,4
2157,Weekend,truncate_50,18;35;10749,Drama; Comedy; Romance,3
3203,Lee,truncate_50,18;35,Drama; Comedy,2
2237,The Hours,truncate_50,18;10749,Drama; Romance,2
2600,The Caine Mutiny,truncate_50,18,Drama,1
9444,Airport '77,truncate_50,28;35;53,Action; Comedy; Thriller,3
6273,The Chronicles of Narnia: The Voyage of the Dawn Treader,truncate_50,12;14;35;10751,Adventure; Fantasy; Comedy; Family,4
1210,Control,truncate_75,18;35,Drama; Comedy,2
1288,Shang-Chi and the Legend of the Ten Rings,truncate_75,12;14;16;18;28,Adventure; Fantasy; Animation; Drama; Action,5
6147,Dry,truncate_75,18,Drama,1
120,Shutter Island,truncate_75,18;28;53;80;9648;10752,Drama; Action; Thriller; Crime; Mystery; War,6
3105,Galaxy Quest,truncate_75,28;53;878,Action; Thriller; Science Fiction,3
4250,Spy,truncate_75,18;28;35;53;80,Drama; Action; Comedy; Thriller; Crime,5
350,Million Dollar Baby,truncate_75,18;35;10751,Drama; Comedy; Family,3
6325,Spree,truncate_75,28;35;53;80,Action; Comedy; Thriller; Crime,4
1898,The Time Machine,truncate_75,18;878;10749,Drama; Science Fiction; Romance,3
9290,Survivor,truncate_75,18;28;53;80,Drama; Action; Thriller; Crime,4
9395,The Hunters,truncate_75,12;14;27;35;10751,Adventure; Fantasy; Horror; Comedy; Family,5
7853,Goosebumps 2: Haunted Halloween,truncate_75,35;10751,Comedy; Family,2
2734,Petite Maman,truncate_75,18;27;9648,Drama; Horror; Mystery,3
2181,Victor/Victoria,truncate_75,18;35;10749,Drama; Comedy; Romance,3
8548,Volcano,truncate_75,18;27;35;53;878,Drama; Horror; Comedy; Thriller; Science Fiction,5
4191,About Schmidt,truncate_75,18;35;10749,Drama; Comedy; Romance,3
1320,The Rules of the Game,truncate_75,18;35;53,Drama; Comedy; Thriller,3
1419,The Reader,truncate_75,18;53;80;10749;10752,Drama; Thriller; Crime; Romance; War,5
1016,In a Lonely Place,truncate_75,18;35;53;80;10749,Drama; Comedy; Thriller; Crime; Romance,5
110,Puss in Boots: The Last Wish,truncate_75,12;18;10751,Adventure; Drama; Family,3
8307,The 6th Day,truncate_75,12;28;53;878,Adventure; Action; Thriller; Science Fiction,4
6202,Jackie,truncate_75,18;36,Drama; History,2
5861,I'm Not There,truncate_75,18;35;10402,Drama; Comedy; Music,3
764,Manhattan,truncate_75,18;35;10749,Drama; Comedy; Romance,3
4105,Margin Call,truncate_75,18;53,Drama; Thriller,2
6763,Three Floors,truncate_75,18;27,Drama; Horror,2
8256,Neuilly Yo Mama!,truncate_75,18;28;35;53;80,Drama; Action; Comedy; Thriller; Crime,5
3483,10 Cloverfield Lane,truncate_75,18;27;28;53;878,Drama; Horror; Action; Thriller; Science Fiction,5
8226,How to Lose Friends & Alienate People,truncate_75,18;35,Drama; Comedy,2
4316,Ashfall,truncate_75,12;28;53,Adventure; Action; Thriller,3
3917,Clash of the Titans,truncate_75,12;14;16;28;35;10749;10751,Adventure; Fantasy; Animation; Action; Comedy; Romance; Family,7
1199,The Train,truncate_75,18;35;10752,Drama; Comedy; War,3
731,Safety Last!,truncate_75,35,Comedy,1
5218,Rambo: First Blood Part II,truncate_75,12;18;28;53;80,Adventure; Drama; Action; Thriller; Crime,5
5136,The Trip,truncate_75,18;35;10749,Drama; Comedy; Romance,3
8940,Henry's Crime,truncate_75,18;28;53;80,Drama; Action; Thriller; Crime,4
6940,Archive,truncate_75,18;28;53;878,Drama; Action; Thriller; Science Fiction,4
4263,Justice League: The New Frontier,truncate_75,12;16;28;878,Adventure; Animation; Action; Science Fiction,4
6066,God Willing,truncate_75,18;35,Drama; Comedy,2
2945,Gia,truncate_75,18;35;10749,Drama; Comedy; Romance,3
4732,The Longest Yard,truncate_75,18;28;35;53;80,Drama; Action; Comedy; Thriller; Crime,5
8744,Phantom,truncate_75,18;28;53,Drama; Action; Thriller,3
6262,A California Christmas,truncate_75,12;18;35;10749;10751,Adventure; Drama; Comedy; Romance; Family,5
5233,Something's Gotta Give,truncate_75,18;35;10749,Drama; Comedy; Romance,3
6947,Return of the Hero,truncate_75,18;35;10749,Drama; Comedy; Romance,3
6591,The Collection,truncate_75,12;14;27;28,Adventure; Fantasy; Horror; Action,4
997,Harold and Maude,truncate_75,18;35;10749,Drama; Comedy; Romance,3
5071,Pollock,truncate_75,18;36,Drama; History,2
8027,Fortress,truncate_75,18;27;28;53;80;878,Drama; Horror; Action; Thriller; Crime; Science Fiction,6
9716,17 Girls,truncate_75,35;10749,Comedy; Romance,2
9919,Toys,truncate_75,12;18;35;10751,Adventure; Drama; Comedy; Family,4
8209,House of Wax,truncate_75,12;27,Adventure; Horror,2
7139,The Little Shop of Horrors,truncate_75,18;35;10749;10751,Drama; Comedy; Romance; Family,4
9944,The Phantom,truncate_75,12;14;16;28;35;878;10751,Adventure; Fantasy; Animation; Action; Comedy; Science Fiction; Family,7
8063,The Brats,truncate_75,18;35;10749,Drama; Comedy; Romance,3
5046,Patriot Games,truncate_75,18;28;35;53,Drama; Action; Comedy; Thriller,4
293,Barry Lyndon,truncate_75,14;18,Fantasy; Drama,2
553,Sunrise: A Song of Two Humans,truncate_75,18;35;10749,Drama; Comedy; Romance,3
7939,The 51st State,truncate_75,18;35;80,Drama; Comedy; Crime,3
4233,Underworld,truncate_75,14;27;28;10749,Fantasy; Horror; Action; Romance,4
9238,Maggie's Plan,truncate_75,18;35;10749,Drama; Comedy; Romance,3
4951,Harold and the Purple Crayon,truncate_75,12;14;18;35;10751,Adventure; Fantasy; Drama; Comedy; Family,5
7035,The Assistant,truncate_75,18;10749,Drama; Romance,2
8603,Robin Hood,truncate_75,12;14;18;28;36;10752,Adventure; Fantasy; Drama; Action; History; War,6
3330,Hoosiers,truncate_75,18;35,Drama; Comedy,2
4255,The Pit and the Pendulum,truncate_75,18;36;10749,Drama; History; Romance,3
1293,Training Day,truncate_75,18;28;35;53;80,Drama; Action; Comedy; Thriller; Crime,5
540,F1,truncate_75,18;28;35,Drama; Action; Comedy,3
4235,Barbarian,truncate_75,18;35;10749,Drama; Comedy; Romance,3
6601,FernGully: The Last Rainforest,truncate_75,12;14;16;35;10751,Adventure; Fantasy; Animation; Comedy; Family,5
1973,Spider-Man: Homecoming,truncate_75,12;18;28,Adventure; Drama; Action,3
6557,Nighthawks,truncate_75,28;53;80,Action; Thriller; Crime,3
5705,Super Troopers,truncate_75,18;28;35;53;80,Drama; Action; Comedy; Thriller; Crime,5
5731,The Witches of Eastwick,truncate_75,18;35;10749,Drama; Comedy; Romance,3
7665,Push,truncate_75,28;53;80;9648,Action; Thriller; Crime; Mystery,4
7180,Insidious: The Last Key,truncate_75,18;27;53;9648,Drama; Horror; Thriller; Mystery,4
977,Stagecoach,truncate_75,12;18;53,Adventure; Drama; Thriller,3
9691,Be Cool,truncate_75,18;35;80;10749,Drama; Comedy; Crime; Romance,4
8418,Tin & Tina,truncate_75,18;35;10749,Drama; Comedy; Romance,3
3626,Compartment No. 6,truncate_75,18;53;10749,Drama; Thriller; Romance,3
2034,Justice League: Crisis on Two Earths,truncate_75,12;14;16;28;53;878,Adventure; Fantasy; Animation; Action; Thriller; Science Fiction,6
4098,The Strange Thing About the Johnsons,truncate_75,18;53;10749,Drama; Thriller; Romance,3
9643,Wanderlust,truncate_75,18;35;10749,Drama; Comedy; Romance,3
4179,Flight,truncate_75,18;28;35;53,Drama; Action; Comedy; Thriller,4
6176,For Love of the Game,truncate_75,18;35,Drama; Comedy,2
7119,Taken 3,truncate_75,18;28;35;53;80;9648,Drama; Action; Comedy; Thriller; Crime; Mystery,6
2173,Stardust,truncate_75,12;14;16;18;35;10749;10751,Adventure; Fantasy; Animation; Drama; Comedy; Romance; Family,7
189,The Father,truncate_75,18;35;10749,Drama; Comedy; Romance,3
7372,He Never Died,truncate_75,14;35;53,Fantasy; Comedy; Thriller,3
1626,Saw,truncate_75,27;35;53;80;9648,Horror; Comedy; Thriller; Crime; Mystery,5
563,The Avengers,truncate_75,12;18;28;53;878,Adventure; Drama; Action; Thriller; Science Fiction,5
1784,Grease,truncate_75,35;10749;10751,Comedy; Romance; Family,3
6167,Bride & Prejudice,truncate_75,18;35;10749,Drama; Comedy; Romance,3
7022,Severance,truncate_75,28;35;53,Action; Comedy; Thriller,3
7046,Child 44,truncate_75,18;53;80;9648,Drama; Thriller; Crime; Mystery,4
6244,Life,truncate_75,12;35;878,Adventure; Comedy; Science Fiction,3
1057,10 Things I Hate About You,truncate_75,18;35;10749,Drama; Comedy; Romance,3
645,The King of Comedy,truncate_75,16;18;35,Animation; Drama; Comedy,3
371,Don't Look Now... We're Being Shot At!,truncate_75,12;18;28;36;10752,Adventure; Drama; Action; History; War,5
5995,Assassins,truncate_75,18;28;53;80,Drama; Action; Thriller; Crime,4
8216,Shaft,truncate_75,18;28;53;80;9648,Drama; Action; Thriller; Crime; Mystery,5
3421,Wild,truncate_75,18;53;10749,Drama; Thriller; Romance,3
1869,Possession,truncate_75,18;53;9648,Drama; Thriller; Mystery,3
5536,Star Trek III: The Search for Spock,truncate_75,18;35,Drama; Comedy,2
6922,King Arthur,truncate_75,12;14;18;28;36,Adventure; Fantasy; Drama; Action; History,5
6810,Second Act,truncate_75,18;35;10749,Drama; Comedy; Romance,3
4033,Mad God,truncate_75,12;14;27;28;53;878,Adventure; Fantasy; Horror; Action; Thriller; Science Fiction,6
8510,She-Devil,truncate_75,18;35;53;10749,Drama; Comedy; Thriller; Romance,4
8582,The Karate Kid Part III,truncate_75,18;28,Drama; Action,2
8712,Righteous Kill,truncate_75,18;28;53;80;9648,Drama; Action; Thriller; Crime; Mystery,5
1427,Glory,truncate_75,18;36,Drama; History,2
2328,"Planes, Trains and Automobiles",truncate_75,18;35,Drama; Comedy,2
7303,Chernobyl: Abyss,truncate_75,18;36;878,Drama; History; Science Fiction,3
4803,Escape Plan,truncate_75,18;28;53;80,Drama; Action; Thriller; Crime,4
2657,The Driver,truncate_75,18;28;35;53;80,Drama; Action; Comedy; Thriller; Crime,5
530,An Autumn Afternoon,truncate_75,18,Drama,1
3412,The Zone of Interest,truncate_75,18;36;10752,Drama; History; War,3
7021,Great Balls of Fire!,truncate_75,18;35;36;10402,Drama; Comedy; History; Music,4
3863,The Substitute,truncate_75,28;35;53;80,Action; Comedy; Thriller; Crime,4
769,BPM (Beats per Minute),truncate_75,18;53;878,Drama; Thriller; Science Fiction,3
603,Land of Mine,truncate_75,18;28;53;10752,Drama; Action; Thriller; War,4
1826,The Way of the Dragon,truncate_75,12;18;28;35;53;80,Adventure; Drama; Action; Comedy; Thriller; Crime,6
9990,Marmaduke,truncate_75,18;35,Drama; Comedy,2
5454,Titan A.E.,truncate_75,12;18;28;878,Adventure; Drama; Action; Science Fiction,4
4689,King of New York,truncate_75,18;28;35;53;80,Drama; Action; Comedy; Thriller; Crime,5
1769,Babylon,truncate_75,18;35;10749,Drama; Comedy; Romance,3
7109,The Noel Diary,truncate_75,18;35,Drama; Comedy,2
7040,Basilicata Coast to Coast,truncate_75,18;35;10402,Drama; Comedy; Music,3
2951,Bitter Moon,truncate_75,18;35;10749,Drama; Comedy; Romance,3
4916,Return to Oz,truncate_75,14;18;27;9648;10749,Fantasy; Drama; Horror; Mystery; Romance,5
8894,6 Below: Miracle on the Mountain,truncate_75,18;53,Drama; Thriller,2
3547,Mamma Mia!,truncate_75,18;35;10749,Drama; Comedy; Romance,3
4476,Winter's Bone,truncate_75,18;27;53,Drama; Horror; Thriller,3
5633,Seeking a Friend for the End of the World,truncate_75,18;35;878;10749,Drama; Comedy; Science Fiction; Romance,4
3732,The Isle,truncate_75,16;18;35;10749,Animation; Drama; Comedy; Romance,4
9559,The Conference,truncate_75,18;28;35;53;80,Drama; Action; Comedy; Thriller; Crime,5
365,Spider-Man: No Way Home,truncate_75,12;14;16;28;35;53;878,Adventure; Fantasy; Animation; Action; Comedy; Thriller; Science Fiction,7
9417,Admission,truncate_75,18;35;10749,Drama; Comedy; Romance,3
1174,The Six Triple Eight,truncate_75,18;28;36;10752,Drama; Action; History; War,4
6956,Bandits,truncate_75,18;28;35;53;80,Drama; Action; Comedy; Thriller; Crime,5
259,Amadeus,truncate_75,18;35,Drama; Comedy,2
5569,Flesh + Blood,truncate_75,12;14;28;53,Adventure; Fantasy; Action; Thriller,4
1042,Evangelion: 1.0 You Are (Not) Alone,truncate_75,12;14;16;28;878,Adventure; Fantasy; Animation; Action; Science Fiction,5
5282,Colombiana,truncate_75,28;53;80,Action; Thriller; Crime,3
9250,Alvin and the Chipmunks: Chipwrecked,truncate_75,12;16;35;878;10751,Adventure; Animation; Comedy; Science Fiction; Family,5
7326,There's No Place Like Home,truncate_75,18;35;10749,Drama; Comedy; Romance,3
475,A Bronx Tale,truncate_75,18;53;80,Drama; Thriller; Crime,3
7344,Waiting...,truncate_75,35,Comedy,1
3786,White Chicks,truncate_75,18;28;35;53;80,Drama; Action; Comedy; Thriller; Crime,5
6347,Shaft,truncate_75,18;28;53;80;9648,Drama; Action; Thriller; Crime; Mystery,5
9922,Mutant Chronicles,truncate_75,12;18;28;878,Adventure; Drama; Action; Science Fiction,4
4664,He Got Game,truncate_75,18;35,Drama; Comedy,2
5439,The Finest Hours,truncate_75,18;28;53,Drama; Action; Thriller,3
2950,Cross of Iron,truncate_75,18;28;36;53;10752,Drama; Action; History; Thriller; War,5
9117,Rules Don't Apply,truncate_75,18;35;10749,Drama; Comedy; Romance,3
5908,Seoul Station,truncate_75,12;16;27;28;878,Adventure; Animation; Horror; Action; Science Fiction,5
8203,Up for Love,truncate_75,18;35;53;10749,Drama; Comedy; Thriller; Romance,4
6735,"Roman J. Israel, Esq.",truncate_75,18;35,Drama; Comedy,2
2161,Swades,truncate_75,18;35;878,Drama; Comedy; Science Fiction,3
1965,All That Heaven Allows,truncate_75,18;35;10749,Drama; Comedy; Romance,3
21,Fight Club,truncate_75,18;28;35;53;80,Drama; Action; Comedy; Thriller; Crime,5
6143,Ice Age: A Mammoth Christmas,truncate_75,12;14;16;35;10751,Adventure; Fantasy; Animation; Comedy; Family,5
3839,Antwone Fisher,truncate_75,18;53,Drama; Thriller,2
8704,Cooties,truncate_75,27;53;878,Horror; Thriller; Science Fiction,3
5092,Charlie Bartlett,truncate_75,18;35,Drama; Comedy,2
868,A Charlie Brown Christmas,truncate_75,18;35;10751,Drama; Comedy; Family,3
4932,The Stepford Wives,truncate_75,18;27;53;9648,Drama; Horror; Thriller; Mystery,4
5225,Jack Reacher,truncate_75,27;28;53;80;9648,Horror; Action; Thriller; Crime; Mystery,5
2573,Upgraded,truncate_75,18;35;10749,Drama; Comedy; Romance,3
3624,A Conspiracy of Faith,truncate_75,18;53;9648,Drama; Thriller; Mystery,3
2062,Kung Fu Panda,truncate_75,12;14;16;28;35;10751,Adventure; Fantasy; Animation; Action; Comedy; Family,6
8654,Men in Black: International,truncate_75,12;16;28;53;878,Adventure; Animation; Action; Thriller; Science Fiction,5
1791,Asterix & Obelix: Mission Cleopatra,truncate_75,18;35,Drama; Comedy,2
5534,May December,truncate_75,18;35;10749,Drama; Comedy; Romance,3
7704,Crossing Over,truncate_75,18;28;53;878,Drama; Action; Thriller; Science Fiction,4
8983,The Man,truncate_75,18;28;35;53;80;9648,Drama; Action; Comedy; Thriller; Crime; Mystery,6
5453,Main Hoon Na,truncate_75,18;28;35;53,Drama; Action; Comedy; Thriller,4
9626,Leprechaun 2,truncate_75,12;14;16;28,Adventure; Fantasy; Animation; Action,4
4336,Time After Time,truncate_75,18;27;28;53;80,Drama; Horror; Action; Thriller; Crime,5
5568,"I Love You, Man",truncate_75,18;35;10749,Drama; Comedy; Romance,3
8488,An American Werewolf in Paris,truncate_75,27;35,Horror; Comedy,2
4057,Flavors of Youth,truncate_75,18;10749,Drama; Romance,2
3456,The Dressmaker,truncate_75,18;35;10749,Drama; Comedy; Romance,3
2164,The Seventh Company Has Been Found,truncate_75,14;16;18,Fantasy; Animation; Drama,3
9966,With Open Arms,truncate_75,18;35,Drama; Comedy,2
7617,28 Days,truncate_75,18;35;80,Drama; Comedy; Crime,3
5215,Brother Bear 2,truncate_75,12;14;16;18;28,Adventure; Fantasy; Animation; Drama; Action,5
5899,Thor: The Dark World,truncate_75,12;14;16;28;878,Adventure; Fantasy; Animation; Action; Science Fiction,5
5683,Trust,truncate_75,18;35;53;10749,Drama; Comedy; Thriller; Romance,4
8688,King Cobra,truncate_75,18;35,Drama; Comedy,2
6197,Your Sister's Sister,truncate_75,18;35;10749,Drama; Comedy; Romance,3
9850,Sleeping Beauty,truncate_75,14;18;27;9648,Fantasy; Drama; Horror; Mystery,4
6159,Judgment Night,truncate_75,18;27;28;53;80,Drama; Horror; Action; Thriller; Crime,5
3199,Far from Heaven,truncate_75,18;35;10749,Drama; Comedy; Romance,3
8679,Problem Child 2,truncate_75,18;35,Drama; Comedy,2
1942,High Plains Drifter,truncate_75,18;27;28;53;80,Drama; Horror; Action; Thriller; Crime,5
9317,The Pact,truncate_75,18;27;53;9648,Drama; Horror; Thriller; Mystery,4
481,Bad Genius,truncate_75,18;35;10749,Drama; Comedy; Romance,3
3280,The Proposition,truncate_75,18;53;80,Drama; Thriller; Crime,3
1169,Moulin Rouge!,truncate_75,18;35;10402;10749,Drama; Comedy; Music; Romance,4
7475,The Crew,truncate_75,18;28;35;53;80,Drama; Action; Comedy; Thriller; Crime,5
6721,Smurfs: The Lost Village,truncate_75,12;14;16;35;10751,Adventure; Fantasy; Animation; Comedy; Family,5
297,The Passion of Joan of Arc,truncate_75,18;27,Drama; Horror,2
5367,Suicide Kings,truncate_75,12;28;35;53;80,Adventure; Action; Comedy; Thriller; Crime,5
6173,Super Fuzz,truncate_75,12;18;28;53;878,Adventure; Drama; Action; Thriller; Science Fiction,5
7924,Monster Trucks,truncate_75,12;16;28;35;878;10751,Adventure; Animation; Action; Comedy; Science Fiction; Family,6
2700,Troy,truncate_75,12;18;36;10749,Adventure; Drama; History; Romance,4
4379,Dark Water,truncate_75,18;27;53;9648,Drama; Horror; Thriller; Mystery,4
6784,The Wrath of Becky,truncate_75,18;53,Drama; Thriller,2
8228,Kidnapping Mr. Heineken,truncate_75,18;35,Drama; Comedy,2
5132,JCVD,truncate_75,18;35;80,Drama; Comedy; Crime,3
9687,Drive-Away Dolls,truncate_75,18;27;35;10749,Drama; Horror; Comedy; Romance,4
1595,The SpongeBob Movie: Sponge on the Run,truncate_75,16;35;10751,Animation; Comedy; Family,3
1329,Breaking the Waves,truncate_75,18;35,Drama; Comedy,2
1923,Nowhere,truncate_75,18;53,Drama; Thriller,2
8010,The Pacifier,truncate_75,12;18;28;53;878,Adventure; Drama; Action; Thriller; Science Fiction,5
5896,Tideland,truncate_75,18;53,Drama; Thriller,2
6459,Cargo,truncate_75,18;27;28;53;878,Drama; Horror; Action; Thriller; Science Fiction,5
9013,Exit Wounds,truncate_75,18;28;35;53;80,Drama; Action; Comedy; Thriller; Crime,5
3324,Ip Man 3,truncate_75,18;28;35;53;80,Drama; Action; Comedy; Thriller; Crime,5
5770,Little Monsters,truncate_75,18;35;10402,Drama; Comedy; Music,3
5902,The Neon Demon,truncate_75,18;35;10749,Drama; Comedy; Romance,3
3230,Moby Dick,truncate_75,12;18,Adventure; Drama,2
285,Song of the Sea,truncate_75,12;14;18;35;10751,Adventure; Fantasy; Drama; Comedy; Family,5
5939,The Jane Austen Book Club,truncate_75,18;35;10749,Drama; Comedy; Romance,3
7077,Extinction,truncate_75,18;878,Drama; Science Fiction,2
1471,High School of the Dead: Drifters of the Dead,truncate_75,12;27;28;35;53;878,Adventure; Horror; Action; Comedy; Thriller; Science Fiction,6
4106,Loft,truncate_75,18;35;53;10749,Drama; Comedy; Thriller; Romance,4
5257,The Man in the Iron Mask,truncate_75,12;18;28;36,Adventure; Drama; Action; History,4
1837,The Great Gatsby,truncate_75,18;35;10749,Drama; Comedy; Romance,3
4529,In Her Name,truncate_75,18;53;80;9648,Drama; Thriller; Crime; Mystery,4
6063,Colors,truncate_75,18;28;53;80,Drama; Action; Thriller; Crime,4
9741,Incarnate,truncate_75,14;27;53,Fantasy; Horror; Thriller,3
1257,The Birds,truncate_75,18;27;53,Drama; Horror; Thriller,3
7900,The Night Before,truncate_75,18;35,Drama; Comedy,2
4861,Nymphomaniac: Vol. II,truncate_75,18;10749,Drama; Romance,2
9380,Inside,truncate_75,18;28;53;80,Drama; Action; Thriller; Crime,4
145,Good Will Hunting,truncate_75,35,Comedy,1
2347,Pearl,truncate_75,18;10749,Drama; Romance,2
1047,Steins;Gate: The Movie - Load Region of Déjà Vu,truncate_75,16;18;878,Animation; Drama; Science Fiction,3
6199,Drag Me to Hell,truncate_75,18;27;53;10749,Drama; Horror; Thriller; Romance,4
2878,The Dark Crystal,truncate_75,12;14;16;27;35;878,Adventure; Fantasy; Animation; Horror; Comedy; Science Fiction,6
5053,Emily the Criminal,truncate_75,18;35;53;80,Drama; Comedy; Thriller; Crime,4
3147,I Hate Summer,truncate_75,18;35,Drama; Comedy,2
4581,The DUFF,truncate_75,35;10749;10751,Comedy; Romance; Family,3
5254,White God,truncate_75,14;18;35;10751,Fantasy; Drama; Comedy; Family,4
503,Shoplifters,truncate_75,18,Drama,1
6101,Police Story 4: First Strike,truncate_75,18;28;35;53;80,Drama; Action; Comedy; Thriller; Crime,5
7290,Mean Machine,truncate_75,18;28;35;53;80,Drama; Action; Comedy; Thriller; Crime,5
9036,Paranormal Activity 2,truncate_75,14;27;35,Fantasy; Horror; Comedy,3
1097,The Hobbit: The Desolation of Smaug,truncate_75,12;14;16;28;35;10751,Adventure; Fantasy; Animation; Action; Comedy; Family,6
7192,Ghosts of War,truncate_75,18;28;53;10752,Drama; Action; Thriller; War,4
826,Black Swan,truncate_75,18;35;10749,Drama; Comedy; Romance,3
1943,Red River,truncate_75,12;18;37,Adventure; Drama; Western,3
1783,My Sister's Keeper,truncate_75,18;35,Drama; Comedy,2
6847,Dark Skies,truncate_75,27;53;9648,Horror; Thriller; Mystery,3
5990,Mother's Day,truncate_75,18;27;53,Drama; Horror; Thriller,3
4698,First Love,truncate_75,18;28;35;53;80;10749,Drama; Action; Comedy; Thriller; Crime; Romance,6
4319,The Ghost Writer,truncate_75,18;35;53,Drama; Comedy; Thriller,3
1309,Almost Famous,truncate_75,18;35;10402;10749,Drama; Comedy; Music; Romance,4
6541,The Knight Before Christmas,truncate_75,12;14;16;28;10749,Adventure; Fantasy; Animation; Action; Romance,5
6728,Doc Hollywood,truncate_75,18;28;35,Drama; Action; Comedy,3
68,Given,truncate_75,18;35;10749,Drama; Comedy; Romance,3
6565,The Assassin,truncate_75,12;18;28;53,Adventure; Drama; Action; Thriller,4
3340,Lethal Weapon 2,truncate_75,12;18;28;53,Adventure; Drama; Action; Thriller,4
5380,Conspiracy Theory,truncate_75,28;35;53;878;9648,Action; Comedy; Thriller; Science Fiction; Mystery,5
5732,The Chronicles of Riddick,truncate_75,12;28;53;80;878,Adventure; Action; Thriller; Crime; Science Fiction,5
1738,Mad Max 2,truncate_75,12;18;28;53;80,Adventure; Drama; Action; Thriller; Crime,5
9357,My Best Friend's Girl,truncate_75,18;35;10749,Drama; Comedy; Romance,3
93,Klaus,truncate_75,18;35;10751,Drama; Comedy; Family,3
7555,Murder by Numbers,truncate_75,18;28;53;80;9648,Drama; Action; Thriller; Crime; Mystery,5
4648,Oedipus Rex,truncate_75,12;18,Adventure; Drama,2
5928,The Bookshop,truncate_75,18;35,Drama; Comedy,2
4387,200 Pounds Beauty,truncate_75,16;18;35;10749,Animation; Drama; Comedy; Romance,4
7601,Splinter,truncate_75,12;27;28;35;53;10751,Adventure; Horror; Action; Comedy; Thriller; Family,6
8944,Kicking & Screaming,truncate_75,18;35;10751,Drama; Comedy; Family,3
76,The Intouchables,truncate_75,18;35;80,Drama; Comedy; Crime,3
2319,Betty Blue,truncate_75,18;35;10749,Drama; Comedy; Romance,3
7425,The Prince & Me,truncate_75,18;35;10749,Drama; Comedy; Romance,3
916,Laurence Anyways,truncate_75,18;10749,Drama; Romance,2
9369,The Maiden Heist,truncate_75,28;35;53;80,Action; Comedy; Thriller; Crime,4
4345,An Unfinished Life,truncate_75,18;35,Drama; Comedy,2
7191,No Escape,truncate_75,12;18;28;53;80;878,Adventure; Drama; Action; Thriller; Crime; Science Fiction,6
8369,The Marvels,truncate_75,12;16;18;28;35;878;10749,Adventure; Animation; Drama; Action; Comedy; Science Fiction; Romance,7
2010,Carrie,truncate_75,18;27;53,Drama; Horror; Thriller,3
7722,Happily Mixed Up,truncate_75,18;27;53;9648,Drama; Horror; Thriller; Mystery,4
194,The Hunt,truncate_75,18;35;10749,Drama; Comedy; Romance,3
7314,The Other Woman,truncate_75,18;35;10749,Drama; Comedy; Romance,3
6475,Flypaper,truncate_75,18;28;35;53;80,Drama; Action; Comedy; Thriller; Crime,5
9513,Truth or Dare,truncate_75,18;27;35;53,Drama; Horror; Comedy; Thriller,4
7049,Your Place or Mine,truncate_75,16;35;10749;10751,Animation; Comedy; Romance; Family,4
6424,Don't Think Twice,truncate_75,18;35;53,Drama; Comedy; Thriller,3
4977,Troll Hunter,truncate_75,27;53;9648,Horror; Thriller; Mystery,3
998,Mortal Kombat Legends: Battle of the Realms,truncate_75,12;14;16;28;878,Adventure; Fantasy; Animation; Action; Science Fiction,5
6904,Beauty Shop,truncate_75,18;35,Drama; Comedy,2
8099,Arcadian,truncate_75,12;27;28;53;878,Adventure; Horror; Action; Thriller; Science Fiction,5
5448,Silent Hill,truncate_75,18;27;53;9648,Drama; Horror; Thriller; Mystery,4
9327,Momentum,truncate_75,12;28;53;80;9648,Adventure; Action; Thriller; Crime; Mystery,5
7114,The Dead Pool,truncate_75,18;28;35;53;80,Drama; Action; Comedy; Thriller; Crime,5
3408,Mickey's Twice Upon a Christmas,truncate_75,12;14;16;35;10751,Adventure; Fantasy; Animation; Comedy; Family,5
5405,The Wizard of Lies,truncate_75,18;35;53;80,Drama; Comedy; Thriller; Crime,4
2850,Tangled Ever After,truncate_75,12;14;16;35;10751,Adventure; Fantasy; Animation; Comedy; Family,5
8088,Sanctum,truncate_75,12;18;28;878,Adventure; Drama; Action; Science Fiction,4
2705,Kiss Kiss Bang Bang,truncate_75,18;28;35;53;80,Drama; Action; Comedy; Thriller; Crime,5
6846,The Visit,truncate_75,18;27;35;10751,Drama; Horror; Comedy; Family,4
432,Divorce Italian Style,truncate_75,18;35;10749,Drama; Comedy; Romance,3
7851,F,truncate_75,18;53;80,Drama; Thriller; Crime,3
4028,Rango,truncate_75,12;16;35;10751,Adventure; Animation; Comedy; Family,4
1048,The Fault in Our Stars,truncate_75,18;878,Drama; Science Fiction,2
4923,RED,truncate_75,18;28;35;53;80,Drama; Action; Comedy; Thriller; Crime,5
1935,A Nightmare on Elm Street,truncate_75,18;27;53,Drama; Horror; Thriller,3
4569,Asterix in Britain,truncate_75,12;16;28;35,Adventure; Animation; Action; Comedy,4
195,New Gods: Nezha Reborn,truncate_75,18;35,Drama; Comedy,2
4697,Superman II,truncate_75,12;16;28;878,Adventure; Animation; Action; Science Fiction,4
392,We Are the Nobles,truncate_75,18;35,Drama; Comedy,2
8213,Alvin and the Chipmunks: The Road Chip,truncate_75,18;35;10749,Drama; Comedy; Romance,3
6304,Wild Target,truncate_75,18;28;53;80,Drama; Action; Thriller; Crime,4
3110,What's Love Got to Do with It,truncate_75,18;35;10402;10749,Drama; Comedy; Music; Romance,4
4715,Road House,truncate_75,18;35;53,Drama; Comedy; Thriller,3
5549,Lionheart,truncate_75,18;28;35,Drama; Action; Comedy,3
2066,Red Dog,truncate_75,12;18;27;35;10751,Adventure; Drama; Horror; Comedy; Family,5
1716,Rushmore,truncate_75,18;35;10749,Drama; Comedy; Romance,3
537,The Shadow in My Eye,truncate_75,18;28;36;53;10752,Drama; Action; History; Thriller; War,5
7092,Legends of Oz: Dorothy's Return,truncate_75,12;14;16;27;10751,Adventure; Fantasy; Animation; Horror; Family,5
6211,The Uninvited,truncate_75,18;27;53,Drama; Horror; Thriller,3
4824,Bumblebee,truncate_75,12;18;35;10751,Adventure; Drama; Comedy; Family,4
2220,Riders of Justice,truncate_75,18;53,Drama; Thriller,2
2109,Sonic the Hedgehog,truncate_75,12;14;16;28;35;878;10751,Adventure; Fantasy; Animation; Action; Comedy; Science Fiction; Family,7
2137,The Fundamentals of Caring,truncate_75,18;35,Drama; Comedy,2
8471,Alexander,truncate_75,12;16;18;28,Adventure; Animation; Drama; Action,4
8919,Neighbors 2: Sorority Rising,truncate_75,18;35,Drama; Comedy,2
7279,Accident Man,truncate_75,28;35;53;80,Action; Comedy; Thriller; Crime,4
2200,Land of Bad,truncate_75,28;35;53;878,Action; Comedy; Thriller; Science Fiction,4
954,The Longest Ride,truncate_75,18;10749,Drama; Romance,2
5846,Dragonslayer,truncate_75,12;14;16;28;10751,Adventure; Fantasy; Animation; Action; Family,5
2761,Confession of Murder,truncate_75,18;28;53;80;9648,Drama; Action; Thriller; Crime; Mystery,5
3169,Patriots Day,truncate_75,18;28;53;80,Drama; Action; Thriller; Crime,4
4930,Night Moves,truncate_75,18;35;53;80;9648,Drama; Comedy; Thriller; Crime; Mystery,5
7857,V/H/S/94,truncate_75,27;28;53;80;878;9648,Horror; Action; Thriller; Crime; Science Fiction; Mystery,6
459,Persepolis,truncate_75,18,Drama,1
3793,Nine to Five,truncate_75,18;35;80,Drama; Comedy; Crime,3
742,Slumdog Millionaire,truncate_75,18;80,Drama; Crime,2
9458,Leatherface,truncate_75,18;27;53,Drama; Horror; Thriller,3
5743,Looking for Eric,truncate_75,18;35;53,Drama; Comedy; Thriller,3
50,American History X,truncate_75,18;28;53;80,Drama; Action; Thriller; Crime,4
2108,Stolen Kisses,truncate_75,18;35,Drama; Comedy,2
3005,Ariel,truncate_75,18;35,Drama; Comedy,2
2698,Monsieur Lazhar,truncate_75,18,Drama,1
6130,The Love Witch,truncate_75,14;18;35;10749,Fantasy; Drama; Comedy; Romance,4
2762,House of Sand and Fog,truncate_75,18;53,Drama; Thriller,2
8909,Analyze That,truncate_75,18;35;53;80,Drama; Comedy; Thriller; Crime,4
4555,Kill the Irishman,truncate_75,18;28;36;53;80,Drama; Action; History; Thriller; Crime,5
3314,My Neighbors the Yamadas,truncate_75,18;27;35,Drama; Horror; Comedy,3
6867,Yara,truncate_75,18;27;53;80;9648,Drama; Horror; Thriller; Crime; Mystery,5
866,Scooby-Doo on Zombie Island,truncate_75,12;14;16;35;10751,Adventure; Fantasy; Animation; Comedy; Family,5
5897,Bubba Ho-tep,truncate_75,18;35,Drama; Comedy,2
3362,An Officer and a Gentleman,truncate_75,18;28;35,Drama; Action; Comedy,3
5462,Goya's Ghosts,truncate_75,18;53,Drama; Thriller,2
3704,RocknRolla,truncate_75,35;53;80,Comedy; Thriller; Crime,3
2058,"Good Morning, Vietnam",truncate_75,18;28;35,Drama; Action; Comedy,3
3919,Finestkind,truncate_75,18;35;53;80,Drama; Comedy; Thriller; Crime,4
7768,Ad Astra,truncate_75,18;28;53;878,Drama; Action; Thriller; Science Fiction,4
8004,No Filter,truncate_75,18;35;10749,Drama; Comedy; Romance,3
7957,Kill Your Friends,truncate_75,18;35;53;80,Drama; Comedy; Thriller; Crime,4
8023,My Life Without Me,truncate_75,18;27;53,Drama; Horror; Thriller,3
8173,Bee Movie,truncate_75,18;35;80,Drama; Comedy; Crime,3
3737,Fly Away Home,truncate_75,18;27;35;10751,Drama; Horror; Comedy; Family,4
5273,Aline,truncate_75,18;35;10749,Drama; Comedy; Romance,3
2229,Jeremiah Johnson,truncate_75,12;18;10749,Adventure; Drama; Romance,3
4706,Tucker: The Man and His Dream,truncate_75,18,Drama,1
9060,We Are What We Are,truncate_75,12;18;27;28;53,Adventure; Drama; Horror; Action; Thriller,5
2063,Duck Soup,truncate_75,12;18,Adventure; Drama,2
3257,Elephant,truncate_75,18;35,Drama; Comedy,2
9891,Behaving Badly,truncate_75,18;35;53;80,Drama; Comedy; Thriller; Crime,4
3808,Project Silence,truncate_75,18;27;53;878,Drama; Horror; Thriller; Science Fiction,4
6370,"My Donkey, My Lover & I",truncate_75,12;18;35;10749;10751,Adventure; Drama; Comedy; Romance; Family,5
863,12 Angry Men,truncate_75,18;53;80,Drama; Thriller; Crime,3
2830,After the Wedding,truncate_75,18;53,Drama; Thriller,2
6596,The Imaginarium of Doctor Parnassus,truncate_75,12;14;28;35,Adventure; Fantasy; Action; Comedy,4
7661,Ben 10: Alien Swarm,truncate_75,28;53;878,Action; Thriller; Science Fiction,3
9043,Black Sheep,truncate_75,27;35;878;10751,Horror; Comedy; Science Fiction; Family,4
3112,The Thirteenth Floor,truncate_75,18;35;53;80,Drama; Comedy; Thriller; Crime,4
6154,Olaf's Frozen Adventure,truncate_75,12;14;16;35;10751,Adventure; Fantasy; Animation; Comedy; Family,5
1132,Gattaca,truncate_75,35,Comedy,1
6679,New Kids Turbo,truncate_75,18;35;80,Drama; Comedy; Crime,3
6352,Operation Christmas Drop,truncate_75,18;53,Drama; Thriller,2
6897,Flushed Away,truncate_75,12;16;35;10751,Adventure; Animation; Comedy; Family,4
9302,Damaged,truncate_75,18;28;53;80;9648,Drama; Action; Thriller; Crime; Mystery,5
4186,Moonstruck,truncate_75,18;35;10749,Drama; Comedy; Romance,3
9506,Deep Blue Sea 3,truncate_75,18;35;878;10751,Drama; Comedy; Science Fiction; Family,4
1553,Scarface,truncate_75,18;28;35;53;80,Drama; Action; Comedy; Thriller; Crime,5
8924,Young Adult,truncate_75,18;35;10749,Drama; Comedy; Romance,3
2655,Identity,truncate_75,27;53,Horror; Thriller,2
9460,Family Pack,truncate_75,12;14;35;10751,Adventure; Fantasy; Comedy; Family,4
919,Vampire Hunter D: Bloodlust,truncate_75,28;35;80,Action; Comedy; Crime,3
2957,A Writer's Odyssey,truncate_75,12;14;16;18;28,Adventure; Fantasy; Animation; Drama; Action,5
5598,Who You Think I Am,truncate_75,18;35;10749,Drama; Comedy; Romance,3
9215,Porky's II: The Next Day,truncate_75,18;27;35;10749,Drama; Horror; Comedy; Romance,4
9951,Havoc,truncate_75,18;35;80,Drama; Comedy; Crime,3
5870,Turbo Kid,truncate_75,12;18;28;878,Adventure; Drama; Action; Science Fiction,4
2826,The Rock,truncate_75,18;28;53;80,Drama; Action; Thriller; Crime,4
4831,Dreamgirls,truncate_75,18;35;10402;10749,Drama; Comedy; Music; Romance,4
899,Onward,truncate_75,12;14;35;10751,Adventure; Fantasy; Comedy; Family,4
7350,Alice and the Mayor,truncate_75,18;35,Drama; Comedy,2
5022,Yes Man,truncate_75,18;35,Drama; Comedy,2
8371,When in Rome,truncate_75,18;35;10749;10751,Drama; Comedy; Romance; Family,4
3153,SPY x FAMILY CODE: White,truncate_75,12;35;53,Adventure; Comedy; Thriller,3
6119,Bridget Jones: Mad About the Boy,truncate_75,18;35;10749,Drama; Comedy; Romance,3
6726,The Only Living Boy in New York,truncate_75,18;35;10749,Drama; Comedy; Romance,3
6890,Dead in a Week (Or Your Money Back),truncate_75,18;35;53,Drama; Comedy; Thriller,3
53,Princess Mononoke,truncate_75,12;14;16;18;28,Adventure; Fantasy; Animation; Drama; Action,5
4530,Perfect Addiction,truncate_75,18;28;53,Drama; Action; Thriller,3
7321,Megan Is Missing,truncate_75,18;35;10749,Drama; Comedy; Romance,3
7738,Housesitter,truncate_75,18;27;35,Drama; Horror; Comedy,3
1058,The Wizard of Oz,truncate_75,12;14;16;18;10749;10751,Adventure; Fantasy; Animation; Drama; Romance; Family,6
7960,Duplex,truncate_75,27;35;10749,Horror; Comedy; Romance,3
3944,The Hidden,truncate_75,18;53;80;9648,Drama; Thriller; Crime; Mystery,4
5543,Ender's Game,truncate_75,12;18;28;878,Adventure; Drama; Action; Science Fiction,4
4162,Denial,truncate_75,18;36,Drama; History,2
290,Citizen Kane,truncate_75,18;35;80,Drama; Comedy; Crime,3
717,Gran Turismo,truncate_75,12;18;35;10751,Adventure; Drama; Comedy; Family,4
584,Spotlight,truncate_75,18;27;53,Drama; Horror; Thriller,3
3508,This Must Be the Place,truncate_75,18;28;35;53;80,Drama; Action; Comedy; Thriller; Crime,5
1103,Spies in Disguise,truncate_75,12;14;18;28;35;878,Adventure; Fantasy; Drama; Action; Comedy; Science Fiction,6
7365,The Night Clerk,truncate_75,18;27;35;53;80;9648,Drama; Horror; Comedy; Thriller; Crime; Mystery,6
7951,The SpongeBob Movie: Sponge Out of Water,truncate_75,16;35;10751,Animation; Comedy; Family,3
1112,"Girl, Interrupted",truncate_75,14;18;10749,Fantasy; Drama; Romance,3
8563,Curse of Chucky,truncate_75,14;16;27;53;9648;10751,Fantasy; Animation; Horror; Thriller; Mystery; Family,6
8522,Pyewacket,truncate_75,14;18;27;53;9648,Fantasy; Drama; Horror; Thriller; Mystery,5
4553,Anna and the King,truncate_75,18;36;10749,Drama; History; Romance,3
5111,The Spiderwick Chronicles,truncate_75,27;35;10751,Horror; Comedy; Family,3
9159,Arthur and the Revenge of Maltazard,truncate_75,14;16;18,Fantasy; Animation; Drama,3
8686,Line of Duty,truncate_75,18;28;35;53;80;9648,Drama; Action; Comedy; Thriller; Crime; Mystery,6
542,Two Women,truncate_75,18;10752,Drama; War,2
5531,Star Wars: Episode II - Attack of the Clones,truncate_75,18;28;53,Drama; Action; Thriller,3
5529,House of Gucci,truncate_75,18;35;10749,Drama; Comedy; Romance,3
1683,Boys Don't Cry,truncate_75,18;10749,Drama; Romance,2
8472,"Farewell, My Queen",truncate_75,18;35;36;10749,Drama; Comedy; History; Romance,4
4976,Time Freak,truncate_75,18;35;878;10749,Drama; Comedy; Science Fiction; Romance,4
5687,Fragile,truncate_75,18;27;53;9648,Drama; Horror; Thriller; Mystery,4
2550,The Animatrix,truncate_75,12;16;28;35;878,Adventure; Animation; Action; Comedy; Science Fiction,5
5810,Ramona and Beezus,truncate_75,16;18;35;10751,Animation; Drama; Comedy; Family,4
4386,The Women on the 6th Floor,truncate_75,18;35;10749,Drama; Comedy; Romance,3
7751,Big Trouble,truncate_75,18;35;53,Drama; Comedy; Thriller,3
995,The Others,truncate_75,14;18;27,Fantasy; Drama; Horror,3
4023,Mike's New Car,truncate_75,16;35;10751,Animation; Comedy; Family,3
6574,Baba Yaga: Terror of the Dark Forest,truncate_75,18;27;35;9648;10751,Drama; Horror; Comedy; Mystery; Family,5
3210,Futurama: Into the Wild Green Yonder,truncate_75,12;14;28;35;878,Adventure; Fantasy; Action; Comedy; Science Fiction,5
402,Amélie,truncate_75,35;10749,Comedy; Romance,2
7862,The Zero Theorem,truncate_75,28;53;878,Action; Thriller; Science Fiction,3
4335,The Dry,truncate_75,18;35,Drama; Comedy,2
9059,A Christmas Horror Story,truncate_75,35;10751,Comedy; Family,2
7776,Cocktail,truncate_75,18;35,Drama; Comedy,2
1341,Boyhood,truncate_75,18;35,Drama; Comedy,2
6666,Octopussy,truncate_75,12;28;53;80;9648,Adventure; Action; Thriller; Crime; Mystery,5
2993,Welcome to the Dollhouse,truncate_75,18;35,Drama; Comedy,2
6943,Mighty Joe Young,truncate_75,18;27,Drama; Horror,2
3669,Insomnia,truncate_75,27;28;53;80;9648,Horror; Action; Thriller; Crime; Mystery,5
1993,The Magnificent Ambersons,truncate_75,14;18,Fantasy; Drama,2
7315,Knight and Day,truncate_75,18;28;53;80;10749,Drama; Action; Thriller; Crime; Romance,5
3411,The High Note,truncate_75,18;35;10402;10749,Drama; Comedy; Music; Romance,4
9198,Red Planet,truncate_75,12;28;53;878,Adventure; Action; Thriller; Science Fiction,4
4056,Hellraiser,truncate_75,12;14;35;10751,Adventure; Fantasy; Comedy; Family,4
286,Robot Dreams,truncate_75,16;18;35;10751,Animation; Drama; Comedy; Family,4
5815,RED 2,truncate_75,18;28;35,Drama; Action; Comedy,3
8807,Sgt. Bilko,truncate_75,18;28;35;10752,Drama; Action; Comedy; War,4
6362,Drop,truncate_75,18;35;10749,Drama; Comedy; Romance,3
2517,Maria Full of Grace,truncate_75,18;35;80,Drama; Comedy; Crime,3
7212,Sky High,truncate_75,12;14;16;28;878,Adventure; Fantasy; Animation; Action; Science Fiction,5
3346,After We Fell,truncate_75,18;35;53;10749,Drama; Comedy; Thriller; Romance,4
1720,Once Were Warriors,truncate_75,18;10749,Drama; Romance,2
714,Notorious,truncate_75,18;28;53;10752,Drama; Action; Thriller; War,4
1554,Erin Brockovich,truncate_75,18;35;53,Drama; Comedy; Thriller,3
8887,Fading Gigolo,truncate_75,18;35,Drama; Comedy,2
9701,Forces of Nature,truncate_75,12;35,Adventure; Comedy,2
178,Portrait of a Lady on Fire,truncate_75,18;10749,Drama; Romance,2
304,Sound of Freedom,truncate_75,18;53,Drama; Thriller,2
3262,Apollo 10½: A Space Age Childhood,truncate_75,18;35,Drama; Comedy,2
4420,Black or White,truncate_75,18,Drama,1
2071,Dog,truncate_75,12;18;28,Adventure; Drama; Action,3
7008,Cannibal Holocaust,truncate_75,12;18;53;878,Adventure; Drama; Thriller; Science Fiction,4
5176,House of Usher,truncate_75,18;27;53,Drama; Horror; Thriller,3
5834,The Ref,truncate_75,18;35;53;80,Drama; Comedy; Thriller; Crime,4
7352,Zambezia,truncate_75,12;16;35;10751,Adventure; Animation; Comedy; Family,4
9847,Slumber,truncate_75,14;27;53,Fantasy; Horror; Thriller,3
2049,Deliverance,truncate_75,18,Drama,1
3354,C'est la vie!,truncate_75,35;10749,Comedy; Romance,2
1715,Hour of the Wolf,truncate_75,18;35;10749,Drama; Comedy; Romance,3
6888,Bad Taste,truncate_75,12;16;28;35;878,Adventure; Animation; Action; Comedy; Science Fiction,5
9031,Big Momma's House 2,truncate_75,28;35;80,Action; Comedy; Crime,3
5442,Brewster's Millions,truncate_75,18;35;53,Drama; Comedy; Thriller,3
5007,The Return,truncate_75,18;27;35,Drama; Horror; Comedy,3
1430,Fist of Legend,truncate_75,18;28;53,Drama; Action; Thriller,3
2489,Little Manhattan,truncate_75,18;35,Drama; Comedy,2
2545,Time to Hunt,truncate_75,18;28;35;53;80,Drama; Action; Comedy; Thriller; Crime,5
4713,Germinal,truncate_75,18,Drama,1
1146,Inside Out 2,truncate_75,18;27;35;53,Drama; Horror; Comedy; Thriller,4
8853,Replicant,truncate_75,27;28;53;80;878;9648,Horror; Action; Thriller; Crime; Science Fiction; Mystery,6
6468,Baggio: The Divine Ponytail,truncate_75,18;35,Drama; Comedy,2
3347,One Night in Miami...,truncate_75,18;28;36,Drama; Action; History,3
1334,Band of Outsiders,truncate_75,18;35,Drama; Comedy,2
9438,Diana,truncate_75,18;28,Drama; Action,2
967,The Turin Horse,truncate_75,18,Drama,1
8297,Anon,truncate_75,18;27;53;80;878;9648,Drama; Horror; Thriller; Crime; Science Fiction; Mystery,6
5244,Contagion,truncate_75,18;27;28;53;878,Drama; Horror; Action; Thriller; Science Fiction,5
4592,Teen Beach 2,truncate_75,18;35;10751,Drama; Comedy; Family,3
8526,Thanks for Sharing,truncate_75,18;35;10749,Drama; Comedy; Romance,3
9994,Hollywood Homicide,truncate_75,18;28;35;53;80,Drama; Action; Comedy; Thriller; Crime,5
496,Perfect Strangers,truncate_75,18;35;10749,Drama; Comedy; Romance,3
971,Sniper: The White Raven,truncate_75,12;18;28;10752,Adventure; Drama; Action; War,4
7663,That Awkward Moment,truncate_75,18;35;10749,Drama; Comedy; Romance,3
9161,Urban Legend,truncate_75,18;27;53;80;9648,Drama; Horror; Thriller; Crime; Mystery,5
3785,Streets of Fire,truncate_75,35;10749,Comedy; Romance,2
9172,The Midnight Sky,truncate_75,12;18;35;878,Adventure; Drama; Comedy; Science Fiction,4
4882,Boiler Room,truncate_75,18;35,Drama; Comedy,2
7824,Trouble at Timpetill,truncate_75,18,Drama,1
2979,Lamp Life,truncate_75,16;18;35;10751,Animation; Drama; Comedy; Family,4
8429,The Oxford Murders,truncate_75,18;35;10749,Drama; Comedy; Romance,3
1654,They Call Me Jeeg,truncate_75,12;28;35;53;878,Adventure; Action; Comedy; Thriller; Science Fiction,5
7583,Never Been Kissed,truncate_75,18;35;80,Drama; Comedy; Crime,3
5921,The Invisible Guardian,truncate_75,14;18;27;9648,Fantasy; Drama; Horror; Mystery,4
8963,Robinson Crusoe,truncate_75,12;14;16;35;10751,Adventure; Fantasy; Animation; Comedy; Family,5
382,"Batman: The Dark Knight Returns, Part 2",truncate_75,12;16;28;878,Adventure; Animation; Action; Science Fiction,4
1746,Law Abiding Citizen,truncate_75,18;28;53;80,Drama; Action; Thriller; Crime,4
7134,Ant-Man and the Wasp: Quantumania,truncate_75,12;16;28;35;878,Adventure; Animation; Action; Comedy; Science Fiction,5
1215,The Second Tragic Fantozzi,truncate_75,18;35;10751,Drama; Comedy; Family,3
7345,Jigsaw,truncate_75,18;27;28;53;80;9648,Drama; Horror; Action; Thriller; Crime; Mystery,6
2859,Matthias & Maxime,truncate_75,18;35;10749,Drama; Comedy; Romance,3
2502,The Ten Commandments: The Movie,truncate_75,12;18;36,Adventure; Drama; History,3
1396,Birdman of Alcatraz,truncate_75,18;53;80;9648,Drama; Thriller; Crime; Mystery,4
1465,The Croods: A New Age,truncate_75,12;27;53;10751,Adventure; Horror; Thriller; Family,4
5305,Valerian and the City of a Thousand Planets,truncate_75,12;18;28;53;878,Adventure; Drama; Action; Thriller; Science Fiction,5
4897,Just Go with It,truncate_75,18;35;53,Drama; Comedy; Thriller,3
1598,Trinity Is Still My Name,truncate_75,28;35;53;80,Action; Comedy; Thriller; Crime,4
4615,Primer,truncate_75,12;18;878,Adventure; Drama; Science Fiction,3
9232,The Art of War,truncate_75,18;28;53;80,Drama; Action; Thriller; Crime,4
5315,Mr. Morgan's Last Love,truncate_75,18;35;10749,Drama; Comedy; Romance,3
1609,American Me,truncate_75,18;28;53;80,Drama; Action; Thriller; Crime,4
6534,Creep,truncate_75,18;35,Drama; Comedy,2
3561,The White Tiger,truncate_75,12;18;28,Adventure; Drama; Action,3
3143,The Matrix Reloaded,truncate_75,12;28;53;878,Adventure; Action; Thriller; Science Fiction,4
1986,Just Another Christmas,truncate_75,18;35,Drama; Comedy,2
8285,Flight of the Phoenix,truncate_75,12;18;28;35,Adventure; Drama; Action; Comedy,4
8843,The Big Wedding,truncate_75,35;10749;10751,Comedy; Romance; Family,3
1234,The Girl with the Dragon Tattoo,truncate_75,18;53,Drama; Thriller,2
4540,Battlestar Galactica: The Plan,truncate_75,28;53;878,Action; Thriller; Science Fiction,3
5519,The Lord of the Rings,truncate_75,12;28,Adventure; Action,2
3791,Tracks,truncate_75,12;18;35;10751,Adventure; Drama; Comedy; Family,4
1189,Let the Right One In,truncate_75,18;35,Drama; Comedy,2
9436,Max Steel,truncate_75,12;14;16;28;878;10751,Adventure; Fantasy; Animation; Action; Science Fiction; Family,6
4641,Jersey Boys,truncate_75,18;35;10402;10749,Drama; Comedy; Music; Romance,4
4769,The Fog,truncate_75,27;53;878;9648,Horror; Thriller; Science Fiction; Mystery,4
5031,Meet the Parents,truncate_75,18;35;10749,Drama; Comedy; Romance,3
7593,Jumper,truncate_75,12;18;28;35;53;878,Adventure; Drama; Action; Comedy; Thriller; Science Fiction,6
7709,The Amityville Horror,truncate_75,18;35;10749,Drama; Comedy; Romance,3
8969,Fantastic Four,truncate_75,12;14;16;28;35;878;10751,Adventure; Fantasy; Animation; Action; Comedy; Science Fiction; Family,7
6047,The Last Days of American Crime,truncate_75,18;28;53;878,Drama; Action; Thriller; Science Fiction,4
7284,Bridget Jones: The Edge of Reason,truncate_75,18;35;10749,Drama; Comedy; Romance,3
8021,Sleepover,truncate_75,16;35;10749;10751,Animation; Comedy; Romance; Family,4
7868,Village of the Damned,truncate_75,18;35,Drama; Comedy,2
6837,Bend It Like Beckham,truncate_75,18;35;10749,Drama; Comedy; Romance,3
2632,Invictus,truncate_75,18;35;36,Drama; Comedy; History,3
1775,Burning,truncate_75,16;18;35;10749;10751,Animation; Drama; Comedy; Romance; Family,5
6545,Wonder Wheel,truncate_75,18;35;10751,Drama; Comedy; Family,3
8751,The Spy Next Door,truncate_75,18;35,Drama; Comedy,2
5118,Back to Black,truncate_75,18;10402;10749,Drama; Music; Romance,3
1843,The Big Short,truncate_75,12;18;28;35;36,Adventure; Drama; Action; Comedy; History,5
4243,The Man Who Invented Christmas,truncate_75,18;35,Drama; Comedy,2
7744,Once Upon a Time in Bethlehem,truncate_75,12;14;27;28;35;53,Adventure; Fantasy; Horror; Action; Comedy; Thriller,6
9752,Poison Ivy,truncate_75,18;35;10749,Drama; Comedy; Romance,3
2286,Star Wars: The Force Awakens,truncate_75,12;16;28;878,Adventure; Animation; Action; Science Fiction,4
7217,"Marry Me, Dude",truncate_75,18;35;10749,Drama; Comedy; Romance,3
2203,Heathers,truncate_75,18;35;10749,Drama; Comedy; Romance,3
8900,Big Momma's House,truncate_75,18;28;35;53;80,Drama; Action; Comedy; Thriller; Crime,5
6554,The Awakening,truncate_75,14;18;27;53;9648,Fantasy; Drama; Horror; Thriller; Mystery,5
2003,The Sea Beast,truncate_75,12;14;16;27;28;10751,Adventure; Fantasy; Animation; Horror; Action; Family,6
1265,Tell It to the Bees,truncate_75,18;35,Drama; Comedy,2
3555,The Amateur,truncate_75,18;28;53;80,Drama; Action; Thriller; Crime,4
2763,Peter Pan,truncate_75,12;14;16;35;10751,Adventure; Fantasy; Animation; Comedy; Family,5
755,The Sound of Music,truncate_75,18;35;36;10752,Drama; Comedy; History; War,4
8019,French Twist,truncate_75,18;35;10749,Drama; Comedy; Romance,3
5983,Kinds of Kindness,truncate_75,18;35,Drama; Comedy,2
6710,The Good Shepherd,truncate_75,18;53,Drama; Thriller,2
5045,Geek Charming,truncate_75,18;35;10402;10749;10751,Drama; Comedy; Music; Romance; Family,5
8534,The Specialist,truncate_75,18;28;35;53;80,Drama; Action; Comedy; Thriller; Crime,5
3843,Crazy Heart,truncate_75,18;35;10402;10749,Drama; Comedy; Music; Romance,4
6830,The Bar,truncate_75,18;27;53;80;9648,Drama; Horror; Thriller; Crime; Mystery,5
6072,The Manchurian Candidate,truncate_75,18;28;35,Drama; Action; Comedy,3
9814,Downsizing,truncate_75,18;35;878,Drama; Comedy; Science Fiction,3
7982,Justice League,truncate_75,12;14;16;28;36;878,Adventure; Fantasy; Animation; Action; History; Science Fiction,6
3996,Saboteur,truncate_75,18;28;53;80,Drama; Action; Thriller; Crime,4
651,Dune,truncate_75,12;18;28;878,Adventure; Drama; Action; Science Fiction,4
555,A Fistful of Dollars,truncate_75,18;28;35;53;80,Drama; Action; Comedy; Thriller; Crime,5
2284,The Hurt Locker,truncate_75,18;28;35;10752,Drama; Action; Comedy; War,4
3708,The Angels' Share,truncate_75,18;35;53;80,Drama; Comedy; Thriller; Crime,4
6832,The Immigrant,truncate_75,18;35;10749,Drama; Comedy; Romance,3
40,Se7en,truncate_75,27;53;80;9648,Horror; Thriller; Crime; Mystery,4
1083,Brother,truncate_75,18;28;53;80,Drama; Action; Thriller; Crime,4
3234,Red One,truncate_75,12;14;16;28;35;53;878;10751,Adventure; Fantasy; Animation; Action; Comedy; Thriller; Science Fiction; Family,8
8155,Despite Everything,truncate_75,18;35;10749,Drama; Comedy; Romance,3
92,Avengers: Infinity War,truncate_75,12;14;16;28;878,Adventure; Fantasy; Animation; Action; Science Fiction,5
1154,We Need to Talk About Kevin,truncate_75,18,Drama,1
5901,Revenge,truncate_75,18;35;10749,Drama; Comedy; Romance,3
521,Dances with Wolves,truncate_75,18;28;53;10752,Drama; Action; Thriller; War,4
7454,Elizabethtown,truncate_75,18;35;53,Drama; Comedy; Thriller,3
2694,Boyka: Undisputed IV,truncate_75,28;53;80,Action; Thriller; Crime,3
8724,Beverly Hills Cop III,truncate_75,28;35;53;80;9648,Action; Comedy; Thriller; Crime; Mystery,5
7149,Killer Elite,truncate_75,12;28;53;80,Adventure; Action; Thriller; Crime,4
6778,I Want You Back,truncate_75,18;35;10749,Drama; Comedy; Romance,3
414,Army of Shadows,truncate_75,18;28;53,Drama; Action; Thriller,3
7587,Bright,truncate_75,14;27;35;80,Fantasy; Horror; Comedy; Crime,4
3261,The Lake House,truncate_75,18;27;35;10749,Drama; Horror; Comedy; Romance,4
7476,The Big White,truncate_75,18;28;35;53;80,Drama; Action; Comedy; Thriller; Crime,5
2780,Stargate: The Ark of Truth,truncate_75,12;16;28;878,Adventure; Animation; Action; Science Fiction,4
2331,Team Thor,truncate_75,12;14;16;18;28;878,Adventure; Fantasy; Animation; Drama; Action; Science Fiction,6
3596,Addams Family Values,truncate_75,35;10751,Comedy; Family,2
9724,Serenity,truncate_75,18;35,Drama; Comedy,2
6912,The Fury,truncate_75,12;28;53;80,Adventure; Action; Thriller; Crime,4
6482,"Hello, My Name Is Doris",truncate_75,18;35;10749,Drama; Comedy; Romance,3
1105,Ferris Bueller's Day Off,truncate_75,18;35;10749,Drama; Comedy; Romance,3
5399,Side Effects,truncate_75,18;53,Drama; Thriller,2
4460,2048: Nowhere to Run,truncate_75,18;28;35;878,Drama; Action; Comedy; Science Fiction,4
6071,School Ties,truncate_75,18;35,Drama; Comedy,2
5999,Borgman,truncate_75,18;35,Drama; Comedy,2
4712,What If,truncate_75,18;35;10749,Drama; Comedy; Romance,3
1640,The Muppet Christmas Carol,truncate_75,18;35;10751,Drama; Comedy; Family,3
709,The Color Purple,truncate_75,18;10749,Drama; Romance,2
7223,Parkland,truncate_75,18;53,Drama; Thriller,2
6026,A Guide to Recognizing Your Saints,truncate_75,18,Drama,1
9249,Office Christmas Party,truncate_75,18;35,Drama; Comedy,2
3899,36th Precinct,truncate_75,18;28;35;53;80,Drama; Action; Comedy; Thriller; Crime,5
1056,Beasts of No Nation,truncate_75,12;18;28;10752,Adventure; Drama; Action; War,4
2852,Suspicion,truncate_75,18;35;53;80;10749,Drama; Comedy; Thriller; Crime; Romance,5
5621,Star Wars: Episode I - The Phantom Menace,truncate_75,12;16;28;878,Adventure; Animation; Action; Science Fiction,4
946,Boogie Nights,truncate_75,18;35;10749,Drama; Comedy; Romance,3
689,The Untouchables,truncate_75,18;28;53;80,Drama; Action; Thriller; Crime,4
6974,Single White Female,truncate_75,18;35;10749,Drama; Comedy; Romance,3
1686,The Omen,truncate_75,12;18;35;53;9648,Adventure; Drama; Comedy; Thriller; Mystery,5
4271,The Red Sea Diving Resort,truncate_75,12;18;28;36;53;10752,Adventure; Drama; Action; History; Thriller; War,6
9555,The Platform 2,truncate_75,12;28;53;80;878,Adventure; Action; Thriller; Crime; Science Fiction,5
5844,Young Guns II,truncate_75,18;28;80,Drama; Action; Crime,3
9511,Horizon Line,truncate_75,18;35,Drama; Comedy,2
1034,Sin Nombre,truncate_75,18,Drama,1
6309,Halloween Kills,truncate_75,18;27;28;53,Drama; Horror; Action; Thriller,4
7233,Rock Dog,truncate_75,16;18;35;10402;10749;10751,Animation; Drama; Comedy; Music; Romance; Family,6
3638,Tsotsi,truncate_75,18;53,Drama; Thriller,2
900,Cat on a Hot Tin Roof,truncate_75,18;35;10749,Drama; Comedy; Romance,3
9763,King Solomon's Mines,truncate_75,12;18;28,Adventure; Drama; Action,3
2635,Sweeney Todd: The Demon Barber of Fleet Street,truncate_75,18;35,Drama; Comedy,2
1948,Christiane F.,truncate_75,18;35;10402,Drama; Comedy; Music,3
132,Bicycle Thieves,truncate_75,18;35;53,Drama; Comedy; Thriller,3
5596,No Man of God,truncate_75,18;53;80;9648,Drama; Thriller; Crime; Mystery,4
1819,Waves,truncate_75,18;35,Drama; Comedy,2
4439,The Swan,truncate_75,18;35,Drama; Comedy,2
349,Mirror,truncate_75,18;10752,Drama; War,2
1163,The Snowman,truncate_75,12;14;16;35;10751,Adventure; Fantasy; Animation; Comedy; Family,5
2929,Punch-Drunk Love,truncate_75,18;35;53;10749,Drama; Comedy; Thriller; Romance,4
9539,King of Thieves,truncate_75,12;18;28;53;80,Adventure; Drama; Action; Thriller; Crime,5
341,All Your Faces,truncate_75,18;53;80,Drama; Thriller; Crime,3
4040,No Way Out,truncate_75,18;28;53;9648;10749,Drama; Action; Thriller; Mystery; Romance,5
2580,Barbara,truncate_75,18;53,Drama; Thriller,2
6187,The Great Outdoors,truncate_75,18;35;10749,Drama; Comedy; Romance,3
776,Rurouni Kenshin Part III: The Legend Ends,truncate_75,12;16;18;28;35;10751,Adventure; Animation; Drama; Action; Comedy; Family,6
2406,Crazy About Her,truncate_75,14;18;35;10749,Fantasy; Drama; Comedy; Romance,4
4254,Outlaw King,truncate_75,12;18;28;36,Adventure; Drama; Action; History,4
5105,A Good Year,truncate_75,18;35,Drama; Comedy,2
6701,The Taking of Pelham 1 2 3,truncate_75,18;28;53;80,Drama; Action; Thriller; Crime,4
8319,Poltergeist II: The Other Side,truncate_75,12;27,Adventure; Horror,2
6647,The Man Who Knew Too Little,truncate_75,18;35;53,Drama; Comedy; Thriller,3
9463,The Sweetest Thing,truncate_75,18;35;10749,Drama; Comedy; Romance,3
5469,Angel Has Fallen,truncate_75,18;28;53;80,Drama; Action; Thriller; Crime,4
7305,Kidnap,truncate_75,18;53,Drama; Thriller,2
4563,High Tension,truncate_75,16;18;35;10749;10751,Animation; Drama; Comedy; Romance; Family,5
7657,Cujo,truncate_75,18;27;53,Drama; Horror; Thriller,3
8270,Guess Who,truncate_75,18;35;10749,Drama; Comedy; Romance,3
5602,Welcome to the Rileys,truncate_75,18;35,Drama; Comedy,2
2400,The Lego Batman Movie,truncate_75,16;28;35;53;80,Animation; Action; Comedy; Thriller; Crime,5
1004,The Philadelphia Story,truncate_75,18;35;10749,Drama; Comedy; Romance,3
3083,Superman: Man of Tomorrow,truncate_75,12;28;878,Adventure; Action; Science Fiction,3
30,The Lord of the Rings: The Two Towers,truncate_75,12;14;16;28;35,Adventure; Fantasy; Animation; Action; Comedy,5
1263,The Conversation,truncate_75,18;53;80;9648,Drama; Thriller; Crime; Mystery,4
3810,Fear of Rain,truncate_75,18;27;53;9648,Drama; Horror; Thriller; Mystery,4
8803,Mighty Morphin Power Rangers: The Movie,truncate_75,12;14;16;28;35;878;10751,Adventure; Fantasy; Animation; Action; Comedy; Science Fiction; Family,7
583,Demon Slayer: Kimetsu no Yaiba Infinity Castle,truncate_75,12;14;16;27;28,Adventure; Fantasy; Animation; Horror; Action,5
6256,The Girl on the Train,truncate_75,18;35;10749,Drama; Comedy; Romance,3
5639,Ocean's Twelve,truncate_75,18;28;35;53;80,Drama; Action; Comedy; Thriller; Crime,5
7245,Like Father,truncate_75,18;35;10749,Drama; Comedy; Romance,3
5319,Cypher,truncate_75,28;35;53;80,Action; Comedy; Thriller; Crime,4
5952,Love at First Fight,truncate_75,18,Drama,1
6771,Yummy,truncate_75,18;35,Drama; Comedy,2
2704,After We Collided,truncate_75,18;10749,Drama; Romance,2
4232,The Taste of Others,truncate_75,18;35,Drama; Comedy,2
8102,Starry Eyes,truncate_75,28;35;53;878,Action; Comedy; Thriller; Science Fiction,4
1271,E.T. the Extra-Terrestrial,truncate_75,12;28;53;878;10751,Adventure; Action; Thriller; Science Fiction; Family,5
1771,The Fighter,truncate_75,18;28,Drama; Action,2
4190,Iron Man 2,truncate_75,12;18;28;35;878,Adventure; Drama; Action; Comedy; Science Fiction,5
9336,Babe: Pig in the City,truncate_75,16;18;35;10751,Animation; Drama; Comedy; Family,4
278,Scooby-Doo! and Kiss: Rock and Roll Mystery,truncate_75,12;14;16;35;10751,Adventure; Fantasy; Animation; Comedy; Family,5
6246,Pontypool,truncate_75,16;27;35;10751,Animation; Horror; Comedy; Family,4
606,Die Hard,truncate_75,28;35;53;80,Action; Comedy; Thriller; Crime,4
638,Freaks,truncate_75,18;35;10402;10749,Drama; Comedy; Music; Romance,4
2320,"Lust, Caution",truncate_75,18;28;53;10752,Drama; Action; Thriller; War,4
1711,Happy as Lazzaro,truncate_75,18;35,Drama; Comedy,2
7726,Pacific Rim: Uprising,truncate_75,18;28;53;878;10752,Drama; Action; Thriller; Science Fiction; War,5
5162,Tron,truncate_75,18;28;35;53;878,Drama; Action; Comedy; Thriller; Science Fiction,5
8223,The Last Summer,truncate_75,18;10749,Drama; Romance,2
507,Scooby-Doo! Camp Scare,truncate_75,16;35;10751,Animation; Comedy; Family,3
6279,Outland,truncate_75,12;18;28;35;80,Adventure; Drama; Action; Comedy; Crime,5
9998,Repossessed,truncate_75,12;14;27;28,Adventure; Fantasy; Horror; Action,4
2817,Dragon Ball Z: Bojack Unbound,truncate_75,12;14;28;35;80,Adventure; Fantasy; Action; Comedy; Crime,5
7110,#realityhigh,truncate_75,18;35;10749,Drama; Comedy; Romance,3
7215,Clean,truncate_75,18;28;35;80,Drama; Action; Comedy; Crime,4
8956,Brick,truncate_75,27;35;53;9648,Horror; Comedy; Thriller; Mystery,4
1225,Father There Is Only One 2,truncate_75,18;35,Drama; Comedy,2
2844,Bad Boys for Life,truncate_75,28;35;53;80,Action; Comedy; Thriller; Crime,4
7171,Unsane,truncate_75,18;27;53;9648,Drama; Horror; Thriller; Mystery,4
9108,The Ward,truncate_75,18;27;53;9648,Drama; Horror; Thriller; Mystery,4
353,Tel chi el telùn,truncate_75,18;35,Drama; Comedy,2
5141,Overboard,truncate_75,18;28;35;53;80,Drama; Action; Comedy; Thriller; Crime,5
4401,The Family Man,truncate_75,18;35;10749,Drama; Comedy; Romance,3
8003,Infinity Pool,truncate_75,12;18;35;53,Adventure; Drama; Comedy; Thriller,4
7218,The Expendables,truncate_75,12;28;35;53;80,Adventure; Action; Comedy; Thriller; Crime,5
1513,Dunkirk,truncate_75,18;36;10752,Drama; History; War,3
4096,The Jacket,truncate_75,18;28;53;878;10752,Drama; Action; Thriller; Science Fiction; War,5
9377,Darkness,truncate_75,18;27;53;9648,Drama; Horror; Thriller; Mystery,4
5039,Planet Terror,truncate_75,18;27;35,Drama; Horror; Comedy,3
10,Parasite,truncate_75,18;35,Drama; Comedy,2
9857,Wrecked,truncate_75,18;53;80,Drama; Thriller; Crime,3
7319,The Incredible Hulk,truncate_75,12;18;28;878,Adventure; Drama; Action; Science Fiction,4
1604,Bullet Train,truncate_75,12;16;28;35,Adventure; Animation; Action; Comedy,4
2652,Compagni di scuola,truncate_75,18;35,Drama; Comedy,2
7969,Erased,truncate_75,18;28;35;53;80,Drama; Action; Comedy; Thriller; Crime,5
4844,Nosferatu,truncate_75,14;18;27;53;9648;10749,Fantasy; Drama; Horror; Thriller; Mystery; Romance,6
9453,Inconceivable,truncate_75,18;27;53,Drama; Horror; Thriller,3
4308,World War Z,truncate_75,18;27;28;53;878,Drama; Horror; Action; Thriller; Science Fiction,5
4367,Danger Close: The Battle of Long Tan,truncate_75,18;28;36;10752,Drama; Action; History; War,4
4104,Barbie: A Fairy Secret,truncate_75,12;14;16;35;10751,Adventure; Fantasy; Animation; Comedy; Family,5
5831,The Amazing Spider-Man 2,truncate_75,16;18;28;35;10749,Animation; Drama; Action; Comedy; Romance,5
8014,Spoiled Brats,truncate_75,18;35;10751,Drama; Comedy; Family,3
7036,Insidious: Chapter 3,truncate_75,18;27;53;9648,Drama; Horror; Thriller; Mystery,4
6669,The Blair Witch Project,truncate_75,18;27;53;9648,Drama; Horror; Thriller; Mystery,4
1478,Lifted,truncate_75,35;878,Comedy; Science Fiction,2
7325,Monster-in-Law,truncate_75,18;35;53;10749,Drama; Comedy; Thriller; Romance,4
7483,Hummingbird,truncate_75,18;28;53;80,Drama; Action; Thriller; Crime,4
5542,Get the Gringo,truncate_75,18;28;53;80,Drama; Action; Thriller; Crime,4
4516,Chappie,truncate_75,12;14;16;18;35;10751,Adventure; Fantasy; Animation; Drama; Comedy; Family,6
440,Miracle in Cell No. 7,truncate_75,18;53;80,Drama; Thriller; Crime,3
6612,Curly Sue,truncate_75,18;35;80;10749,Drama; Comedy; Crime; Romance,4
8885,Drillbit Taylor,truncate_75,18;28;35;80,Drama; Action; Comedy; Crime,4
1335,Emergency Declaration,truncate_75,18;27;28;53;9648,Drama; Horror; Action; Thriller; Mystery,5
7269,Red Heat,truncate_75,18;28;35;53;80,Drama; Action; Comedy; Thriller; Crime,5
2238,Trolls Band Together,truncate_75,18;35;10402,Drama; Comedy; Music,3
1158,Pandora,truncate_75,18;53,Drama; Thriller,2
2104,Kiss and Cry,truncate_75,18;10749,Drama; Romance,2
5863,Rio 2,truncate_75,12;14;16;28;35;10751,Adventure; Fantasy; Animation; Action; Comedy; Family,6
4764,Altered States,truncate_75,18;27;878,Drama; Horror; Science Fiction,3
9468,Iron Eagle,truncate_75,18;28;35;53,Drama; Action; Comedy; Thriller,4
4952,Hillbilly Elegy,truncate_75,18;35;10749,Drama; Comedy; Romance,3
9004,Josie and the Pussycats,truncate_75,18;35;10402;10749,Drama; Comedy; Music; Romance,4
1976,Glengarry Glen Ross,truncate_75,35,Comedy,1
5068,Parenthood,truncate_75,18,Drama,1
5629,The Brothers Bloom,truncate_75,35,Comedy,1
6355,The Second Best Exotic Marigold Hotel,truncate_75,18;35;10749,Drama; Comedy; Romance,3
1066,Tombstone,truncate_75,12;18;28;35,Adventure; Drama; Action; Comedy,4
928,Mickey's Christmas Carol,truncate_75,16;18;35;10751,Animation; Drama; Comedy; Family,4
2189,Nosferatu the Vampyre,truncate_75,14;27;35;53,Fantasy; Horror; Comedy; Thriller,4
3026,Batman: Death in the Family,truncate_75,18;28,Drama; Action,2
7938,Queen of the Damned,truncate_75,14;16;18;35;10749,Fantasy; Animation; Drama; Comedy; Romance,5
5436,"Me, Myself & Irene",truncate_75,18;35;80;10749,Drama; Comedy; Crime; Romance,4
3215,Caché,truncate_75,18;35,Drama; Comedy,2
8379,Friends with Kids,truncate_75,18;35;10749,Drama; Comedy; Romance,3
455,My Hero Academia: Two Heroes,truncate_75,12;16;28;35;878;10751,Adventure; Animation; Action; Comedy; Science Fiction; Family,6
8199,Leaves of Grass,truncate_75,18;35,Drama; Comedy,2
7507,Blood Father,truncate_75,18;35;53;80,Drama; Comedy; Thriller; Crime,4
7647,The Weather Man,truncate_75,18;35;10749,Drama; Comedy; Romance,3
2317,The Past,truncate_75,18;35;10749,Drama; Comedy; Romance,3
6662,Talladega Nights: The Ballad of Ricky Bobby,truncate_75,18;28;35,Drama; Action; Comedy,3
1645,Women on the Verge of a Nervous Breakdown,truncate_75,35;53,Comedy; Thriller,2
4317,To All the Boys: P.S. I Still Love You,truncate_75,35;10749,Comedy; Romance,2
2774,Descendants,truncate_75,12;14;16;35;10751,Adventure; Fantasy; Animation; Comedy; Family,5
6250,Luther,truncate_75,18;36,Drama; History,2
3387,Stargate,truncate_75,12;18;878,Adventure; Drama; Science Fiction,3
3710,24 Hour Party People,truncate_75,18;35;53,Drama; Comedy; Thriller,3
6835,Heist,truncate_75,18;28;35;53;80,Drama; Action; Comedy; Thriller; Crime,5
3696,Silkwood,truncate_75,18;27;53;80;878;9648,Drama; Horror; Thriller; Crime; Science Fiction; Mystery,6
8622,Little Man,truncate_75,35;80,Comedy; Crime,2
4822,Terrified,truncate_75,27;53;80;9648,Horror; Thriller; Crime; Mystery,4
1832,Scooby-Doo and the Ghoul School,truncate_75,16;35;10751,Animation; Comedy; Family,3
7530,Throw Momma from the Train,truncate_75,18;53,Drama; Thriller,2
7327,Force 10 from Navarone,truncate_75,12;18;28;36;53;10752,Adventure; Drama; Action; History; Thriller; War,6
9367,Time Cut,truncate_75,27;28;35;53;9648,Horror; Action; Comedy; Thriller; Mystery,5
6840,Windtalkers,truncate_75,18;28;53,Drama; Action; Thriller,3
7734,Ip Man: The Final Fight,truncate_75,28,Action,1
2313,Z-O-M-B-I-E-S,truncate_75,18;35;10749,Drama; Comedy; Romance,3
684,Life of Brian,truncate_75,18;35,Drama; Comedy,2
169,Red Beard,truncate_75,18;35,Drama; Comedy,2
1443,Free Guy,truncate_75,12;18;28;35;53;878,Adventure; Drama; Action; Comedy; Thriller; Science Fiction,6
5612,The Son of Bigfoot,truncate_75,12;18;27;878;10751,Adventure; Drama; Horror; Science Fiction; Family,5
3381,Martin Eden,truncate_75,18;36,Drama; History,2
6677,Roald Dahl's The Witches,truncate_75,18;27;35,Drama; Horror; Comedy,3
6123,Fantozzi Still Suffers,truncate_75,18;35;10751,Drama; Comedy; Family,3
3317,Brain on Fire,truncate_75,18;27;53;9648,Drama; Horror; Thriller; Mystery,4
4636,Frankie and Johnny,truncate_75,18;35;80;10749,Drama; Comedy; Crime; Romance,4
923,Time of the Gypsies,truncate_75,18;28;53;80,Drama; Action; Thriller; Crime,4
5063,The Words,truncate_75,18;35;10749,Drama; Comedy; Romance,3
3713,The Three Musketeers: D'Artagnan,truncate_75,12;18;28,Adventure; Drama; Action,3
7235,The Astronaut Farmer,truncate_75,18;28;35;53,Drama; Action; Comedy; Thriller,4
2570,Utøya: July 22,truncate_75,18;53,Drama; Thriller,2
8696,The Jungle Book 2,truncate_75,12;16;18;35;10751,Adventure; Animation; Drama; Comedy; Family,5
3942,Locke,truncate_75,18;53,Drama; Thriller,2
5856,Beverly Hills Cop II,truncate_75,28;53;80,Action; Thriller; Crime,3
2986,Starred Up,truncate_75,18;53;80,Drama; Thriller; Crime,3
1224,Anonymously Yours,truncate_75,18;35;10749,Drama; Comedy; Romance,3
8447,Beyond Re-Animator,truncate_75,18;28;53;878,Drama; Action; Thriller; Science Fiction,4
2611,Toy Story of Terror!,truncate_75,12;16;27;35;10751,Adventure; Animation; Horror; Comedy; Family,5
4338,City of Angels,truncate_75,14;18;28;35;53;878,Fantasy; Drama; Action; Comedy; Thriller; Science Fiction,6
269,For a Few Dollars More,truncate_75,18;28;35;53;80,Drama; Action; Comedy; Thriller; Crime,5
9122,Miss Congeniality 2: Armed and Fabulous,truncate_75,18;28;35,Drama; Action; Comedy,3
4983,21,truncate_75,18;35,Drama; Comedy,2
7521,Bad Lieutenant: Port of Call - New Orleans,truncate_75,18;28;53,Drama; Action; Thriller,3
9100,The Jack in the Box,truncate_75,14;16;27;35;10751,Fantasy; Animation; Horror; Comedy; Family,5
4660,The Mummy,truncate_75,12;14;18;27,Adventure; Fantasy; Drama; Horror,4
5841,Just Wright,truncate_75,18;35;10749,Drama; Comedy; Romance,3
3986,The X-Files,truncate_75,28;35;53;80;878;9648,Action; Comedy; Thriller; Crime; Science Fiction; Mystery,6
144,Vertigo,truncate_75,18;27;53;80;9648,Drama; Horror; Thriller; Crime; Mystery,5
3414,Anplagghed al Cinema,truncate_75,18;27;35;53,Drama; Horror; Comedy; Thriller,4
3086,"The Legend of Al, John and Jack",truncate_75,35;53;80,Comedy; Thriller; Crime,3
5530,Black Rain,truncate_75,18;28;53;80,Drama; Action; Thriller; Crime,4
4848,Oliver & Company,truncate_75,12;16;18;35;10751,Adventure; Animation; Drama; Comedy; Family,5
8399,The Men Who Stare at Goats,truncate_75,18;35;53;10749,Drama; Comedy; Thriller; Romance,4
616,Into the Wild,truncate_75,18;35,Drama; Comedy,2
1632,Crush,truncate_75,18;35;10402;10749,Drama; Comedy; Music; Romance,4
5034,The Replacements,truncate_75,18;35;53,Drama; Comedy; Thriller,3
8507,Cyrus,truncate_75,18;35;53;10749,Drama; Comedy; Thriller; Romance,4
4975,Fear Street: 1994,truncate_75,27;28;53,Horror; Action; Thriller,3
5437,Annabelle: Creation,truncate_75,18;27;35,Drama; Horror; Comedy,3
56,The Wild Robot,truncate_75,12;16;18;28;53;878;10751,Adventure; Animation; Drama; Action; Thriller; Science Fiction; Family,7
4069,My Spy,truncate_75,18;28;53;80,Drama; Action; Thriller; Crime,4
6787,Zack and Miri Make a Porno,truncate_75,18;35;10749,Drama; Comedy; Romance,3
6758,The Last Mimzy,truncate_75,12;14;16;18;35;10751,Adventure; Fantasy; Animation; Drama; Comedy; Family,6
9038,The Bay,truncate_75,18;27;53;9648,Drama; Horror; Thriller; Mystery,4
4071,The Ice Storm,truncate_75,18;35;53,Drama; Comedy; Thriller,3
3020,Drugstore Cowboy,truncate_75,18;35,Drama; Comedy,2
3243,Radiofreccia,truncate_75,18;35,Drama; Comedy,2
8174,Spanglish,truncate_75,18;35;10749,Drama; Comedy; Romance,3
8898,Department Store,truncate_75,18;35,Drama; Comedy,2
256,The Wolf of Wall Street,truncate_75,18;35;53;80,Drama; Comedy; Thriller; Crime,4
4276,The Blob,truncate_75,27;35;878,Horror; Comedy; Science Fiction,3
307,"Love, Simon",truncate_75,18;35;10749,Drama; Comedy; Romance,3
1719,The Long Goodbye,truncate_75,18;53;80,Drama; Thriller; Crime,3
4377,Easy A,truncate_75,18;35;10749,Drama; Comedy; Romance,3
1360,"Play It Again, Sam",truncate_75,18;35;10749,Drama; Comedy; Romance,3
1294,Mars Express,truncate_75,18;28;53;80;878;9648,Drama; Action; Thriller; Crime; Science Fiction; Mystery,6
5554,The Lion King 1½,truncate_75,12;14;16;35;878;10751,Adventure; Fantasy; Animation; Comedy; Science Fiction; Family,6
8719,Planet 51,truncate_75,18;28;35;878,Drama; Action; Comedy; Science Fiction,4
5660,Blade II,truncate_75,14;27;28;35,Fantasy; Horror; Action; Comedy,4
4771,Beau Is Afraid,truncate_75,18;27;53;9648,Drama; Horror; Thriller; Mystery,4
9355,Cool World,truncate_75,35;878,Comedy; Science Fiction,2
9982,And Soon the Darkness,truncate_75,18;35,Drama; Comedy,2
4705,The Gilded Cage,truncate_75,18,Drama,1
4714,Flawless,truncate_75,18;35;53;80;10749,Drama; Comedy; Thriller; Crime; Romance,5
159,Togo,truncate_75,12;18,Adventure; Drama,2
3345,"I'm a Cyborg, But That's OK",truncate_75,18;35;878,Drama; Comedy; Science Fiction,3
5605,Hitch,truncate_75,18;35;10749,Drama; Comedy; Romance,3
5835,Joy Ride,truncate_75,18;35,Drama; Comedy,2
88,Le Trou,truncate_75,18;35;53;80,Drama; Comedy; Thriller; Crime,4
5794,Red Sparrow,truncate_75,12;16;10751,Adventure; Animation; Family,3
3166,Trash,truncate_75,12;27;35;53;80,Adventure; Horror; Comedy; Thriller; Crime,5
5760,Jurassic World: Fallen Kingdom,truncate_75,12;27;28;878,Adventure; Horror; Action; Science Fiction,4
2083,American Fiction,truncate_75,18;35,Drama; Comedy,2
354,The Sixth Sense,truncate_75,18;53,Drama; Thriller,2
9465,Blue Mountain State: The Rise of Thadland,truncate_75,18;35,Drama; Comedy,2
9630,Don't Knock Twice,truncate_75,18;53,Drama; Thriller,2
604,Mr. Nobody,truncate_75,14;18;35,Fantasy; Drama; Comedy,3
9133,Life of Crime,truncate_75,18;28;35;53;80,Drama; Action; Comedy; Thriller; Crime,5
439,Dangal,truncate_75,18;35,Drama; Comedy,2
5242,The Harder They Fall,truncate_75,12;28;35;37;53;80,Adventure; Action; Comedy; Western; Thriller; Crime,6
5089,"Mektoub, My Love: Canto Uno",truncate_75,18;35,Drama; Comedy,2
9187,MILF,truncate_75,18;35;10749,Drama; Comedy; Romance,3
9662,My Soul to Take,truncate_75,18;27,Drama; Horror,2
6237,Cloudy with a Chance of Meatballs 2,truncate_75,16;18;35;878,Animation; Drama; Comedy; Science Fiction,4
4155,Den of Thieves,truncate_75,18;28;35;37;53;80,Drama; Action; Comedy; Western; Thriller; Crime,6
1235,Hard Boiled,truncate_75,28;35;53;80,Action; Comedy; Thriller; Crime,4
458,A Whisker Away,truncate_75,14;16;18;35;10749;10751,Fantasy; Animation; Drama; Comedy; Romance; Family,6
480,Kill Bill: Vol. 2,truncate_75,18;28;53;80,Drama; Action; Thriller; Crime,4
7672,Last Night,truncate_75,18;35;10749,Drama; Comedy; Romance,3
8738,Love Addict,truncate_75,18;35;10749,Drama; Comedy; Romance,3
4017,Tales from the Crypt: Demon Knight,truncate_75,12;14;28;53;80,Adventure; Fantasy; Action; Thriller; Crime,5
726,Deep Red,truncate_75,18;53;9648,Drama; Thriller; Mystery,3
222,My Neighbor Totoro,truncate_75,12;14;18;27;35;10751,Adventure; Fantasy; Drama; Horror; Comedy; Family,6
1221,Angels with Dirty Faces,truncate_75,18;35;80,Drama; Comedy; Crime,3
1256,The Passion of the Christ,truncate_75,14;18;27,Fantasy; Drama; Horror,3
9620,Blackhat,truncate_75,28;53;80;9648,Action; Thriller; Crime; Mystery,4
5287,Barefoot,truncate_75,18;35,Drama; Comedy,2
2645,Alien: Romulus,truncate_75,12;18;878,Adventure; Drama; Science Fiction,3
8601,Mean Girls,truncate_75,35;10751,Comedy; Family,2
2568,Irreversible,truncate_75,18;53;80;10749,Drama; Thriller; Crime; Romance,4
8171,Franklyn,truncate_75,18;10749,Drama; Romance,2
9547,Open Water,truncate_75,18;35,Drama; Comedy,2
2384,"The Good, the Bart, and the Loki",truncate_75,12;14;16;28;35;878;10751,Adventure; Fantasy; Animation; Action; Comedy; Science Fiction; Family,7
6491,Vantage Point,truncate_75,18;28;53,Drama; Action; Thriller,3
7684,Every Which Way but Loose,truncate_75,18;35,Drama; Comedy,2
4330,Pooh's Heffalump Movie,truncate_75,12;14;16;18;35;10751,Adventure; Fantasy; Animation; Drama; Comedy; Family,6
2210,Labyrinth,truncate_75,12;14;16;35;10751,Adventure; Fantasy; Animation; Comedy; Family,5
1332,Batman: Mask of the Phantasm,truncate_75,18;28;53;80,Drama; Action; Thriller; Crime,4
2861,This Boy's Life,truncate_75,18;53,Drama; Thriller,2
7870,Valhalla Rising,truncate_75,12;14;18;28;53,Adventure; Fantasy; Drama; Action; Thriller,5
813,Divines,truncate_75,18;35,Drama; Comedy,2
4858,Anna Karenina,truncate_75,18;53;10749,Drama; Thriller; Romance,3
4637,Danny Collins,truncate_75,18;35,Drama; Comedy,2
4591,The Girl in the Fog,truncate_75,18;27;53;80;9648,Drama; Horror; Thriller; Crime; Mystery,5
9045,Trespass Against Us,truncate_75,18;28;35;80,Drama; Action; Comedy; Crime,4
8481,Paradise Hills,truncate_75,18;27;35,Drama; Horror; Comedy,3
2302,Mask,truncate_75,18;53,Drama; Thriller,2
9943,Welcome Home,truncate_75,35,Comedy,1
8338,Dead Snow,truncate_75,18;27;53,Drama; Horror; Thriller,3
8262,Mission to Mars,truncate_75,18;27;53;878,Drama; Horror; Thriller; Science Fiction,4
1764,Mudbound,truncate_75,18;10752,Drama; War,2
9988,Halloween III: Season of the Witch,truncate_75,27;35;53;9648;10751,Horror; Comedy; Thriller; Mystery; Family,5
1603,The Secret Garden,truncate_75,18;53,Drama; Thriller,2
9989,Poltergeist III,truncate_75,18;27;53,Drama; Horror; Thriller,3
8535,1922,truncate_75,18;35;80,Drama; Comedy; Crime,3
8708,Hitman: Agent 47,truncate_75,28;53;80;9648,Action; Thriller; Crime; Mystery,4
2858,Your Fault,truncate_75,18;35;10749,Drama; Comedy; Romance,3
8086,All Good Things,truncate_75,18;53;80;9648,Drama; Thriller; Crime; Mystery,4
6753,Security,truncate_75,18;28;35;53;80,Drama; Action; Comedy; Thriller; Crime,5
2722,The Man Who Knew Infinity,truncate_75,18;36;10749,Drama; History; Romance,3
6178,Cobweb,truncate_75,14;18;27;53;9648,Fantasy; Drama; Horror; Thriller; Mystery,5
57,The Quintessential Quintuplets Movie,truncate_75,18;35;10749,Drama; Comedy; Romance,3
4650,Coma,truncate_75,18;27;53,Drama; Horror; Thriller,3
3683,Rescue Dawn,truncate_75,18;28;53;878;10752,Drama; Action; Thriller; Science Fiction; War,5
7963,Journey to the Center of the Earth,truncate_75,12;18;53;9648;10751,Adventure; Drama; Thriller; Mystery; Family,5
2275,The Names of Love,truncate_75,18;35,Drama; Comedy,2
8384,Elvis & Nixon,truncate_75,18;35,Drama; Comedy,2
2126,Lights Out,truncate_75,27;35;53;9648;10749,Horror; Comedy; Thriller; Mystery; Romance,5
4528,Last Flag Flying,truncate_75,18,Drama,1
8652,The Riot Club,truncate_75,18;35;53,Drama; Comedy; Thriller,3
5581,Greta,truncate_75,18;53;9648;10749,Drama; Thriller; Mystery; Romance,4
7976,Alien Nation,truncate_75,12;28;35;878,Adventure; Action; Comedy; Science Fiction,4
452,Roman Holiday,truncate_75,18;35;10749,Drama; Comedy; Romance,3
9321,Captive State,truncate_75,18;28;53;878,Drama; Action; Thriller; Science Fiction,4
2136,Star Trek: First Contact,truncate_75,12;28;878,Adventure; Action; Science Fiction,3
5207,Ninja: Shadow of a Tear,truncate_75,28;53;80,Action; Thriller; Crime,3
3373,Emma.,truncate_75,18;36;10749,Drama; History; Romance,3
4361,Wild Rose,truncate_75,18;35;10402;10749,Drama; Comedy; Music; Romance,4
8255,Sudden Death,truncate_75,18;28;35;53,Drama; Action; Comedy; Thriller,4
9020,The Town that Dreaded Sundown,truncate_75,27;28;53;80;9648,Horror; Action; Thriller; Crime; Mystery,5
9744,The Dead Don't Die,truncate_75,16;18;35,Animation; Drama; Comedy,3
1291,Prison Break: The Final Break,truncate_75,18;35;53;80;10749,Drama; Comedy; Thriller; Crime; Romance,5
4674,Fantomas Unleashed,truncate_75,12;16;28;35;878,Adventure; Animation; Action; Comedy; Science Fiction,5
3253,Say Anything...,truncate_75,18;35;10749,Drama; Comedy; Romance,3
2587,"Ruby Gillman, Teenage Kraken",truncate_75,12;14;16;28;10751,Adventure; Fantasy; Animation; Action; Family,5
5753,Harold & Kumar Go to White Castle,truncate_75,14;35;10751,Fantasy; Comedy; Family,3
7793,Kin,truncate_75,12;28;53;878,Adventure; Action; Thriller; Science Fiction,4
8698,Stuck Together,truncate_75,18;27;53,Drama; Horror; Thriller,3
2524,"Are You There God? It's Me, Margaret.",truncate_75,18;35;10749,Drama; Comedy; Romance,3
8467,Mars Needs Moms,truncate_75,12;28;35;53;878;10751,Adventure; Action; Comedy; Thriller; Science Fiction; Family,6
8225,12 Feet Deep,truncate_75,27;35;53,Horror; Comedy; Thriller,3
7360,Short Circuit 2,truncate_75,28;35;80;878,Action; Comedy; Crime; Science Fiction,4
7800,The Inbetweeners 2,truncate_75,35;10749,Comedy; Romance,2
7262,Unknown Origins,truncate_75,18;28;53;80;9648,Drama; Action; Thriller; Crime; Mystery,5
5690,The Vast of Night,truncate_75,18;878,Drama; Science Fiction,2
1613,Hedwig and the Angry Inch,truncate_75,18;35;10749,Drama; Comedy; Romance,3
1054,The Longest Day,truncate_75,18;36;10752,Drama; History; War,3
9170,The Order,truncate_75,18;28;53,Drama; Action; Thriller,3
446,The Notebook,truncate_75,18;35;10749;10752,Drama; Comedy; Romance; War,4
6194,Da 5 Bloods,truncate_75,12;18;28;10752,Adventure; Drama; Action; War,4
6702,Shrek the Halls,truncate_75,14;16;27;35;10751,Fantasy; Animation; Horror; Comedy; Family,5
1526,Marty,truncate_75,18;35;10749,Drama; Comedy; Romance,3
6737,Looney Tunes: Back in Action,truncate_75,12;14;16;28;35;10751,Adventure; Fantasy; Animation; Action; Comedy; Family,6
935,The Spirit of the Beehive,truncate_75,18;27,Drama; Horror,2
4749,Maze Runner: The Scorch Trials,truncate_75,12;18;28,Adventure; Drama; Action,3
2642,The Broken Hearts Gallery,truncate_75,18;35;10749,Drama; Comedy; Romance,3
141,Innocent Voices,truncate_75,18,Drama,1
6091,The United States of Leland,truncate_75,18;53;80;9648,Drama; Thriller; Crime; Mystery,4
532,The Big Lebowski,truncate_75,18;35,Drama; Comedy,2
704,How to Train Your Dragon: The Hidden World,truncate_75,12;14;16;28;35;10751,Adventure; Fantasy; Animation; Action; Comedy; Family,6
1277,Escape from Alcatraz,truncate_75,18;28;53;80,Drama; Action; Thriller; Crime,4
3806,Meet the Robinsons,truncate_75,12;18;35;878;10751,Adventure; Drama; Comedy; Science Fiction; Family,5
6470,Kick-Ass 2,truncate_75,12;16;28;35;878,Adventure; Animation; Action; Comedy; Science Fiction,5
7101,Unfriended: Dark Web,truncate_75,27;35;53;878;9648,Horror; Comedy; Thriller; Science Fiction; Mystery,5
8133,Prey,truncate_75,18;27;53,Drama; Horror; Thriller,3
2481,It's Only the End of the World,truncate_75,18;53,Drama; Thriller,2
5156,Fire in the Sky,truncate_75,18;35;53,Drama; Comedy; Thriller,3
3418,Naked Lunch,truncate_75,27;35;80,Horror; Comedy; Crime,3
7481,El Conde,truncate_75,18;27;28;35;53,Drama; Horror; Action; Comedy; Thriller,5
1109,Imagine Me & You,truncate_75,18;35;10749,Drama; Comedy; Romance,3
9659,Sandy Wexler,truncate_75,18;35;10402;10749,Drama; Comedy; Music; Romance,4
2155,A Monster Calls,truncate_75,14;18;27;10751,Fantasy; Drama; Horror; Family,4
9842,The Flintstones,truncate_75,14;16;35;10751,Fantasy; Animation; Comedy; Family,4
1476,Man on Fire,truncate_75,18;28;35;53;80,Drama; Action; Comedy; Thriller; Crime,5
2743,Talk to Me,truncate_75,18;27;35,Drama; Horror; Comedy,3
3742,Chicken Run: Dawn of the Nugget,truncate_75,18;53,Drama; Thriller,2
2768,Seven Brides for Seven Brothers,truncate_75,18;35;37,Drama; Comedy; Western,3
5670,Reminiscence,truncate_75,18;53;10749,Drama; Thriller; Romance,3
1894,Eraserhead,truncate_75,18;35,Drama; Comedy,2
3695,Four Lions,truncate_75,12;18;28;35;36;10752,Adventure; Drama; Action; Comedy; History; War,6
276,Harry Potter and the Prisoner of Azkaban,truncate_75,14;16;35;10751,Fantasy; Animation; Comedy; Family,4
389,Heat,truncate_75,12;28;35;53;80;9648,Adventure; Action; Comedy; Thriller; Crime; Mystery,6
2500,Monster,truncate_75,18;27;53;10749,Drama; Horror; Thriller; Romance,4
4675,Sightless,truncate_75,18;27;53;878;9648,Drama; Horror; Thriller; Science Fiction; Mystery,5
5163,The Hunger,truncate_75,14;18;27;878;10749,Fantasy; Drama; Horror; Science Fiction; Romance,5
7397,Stretch,truncate_75,18;35;80,Drama; Comedy; Crime,3
1805,The Impossible,truncate_75,18,Drama,1
7148,Deadstream,truncate_75,18;27;35;53,Drama; Horror; Comedy; Thriller,4
3272,The Lobster,truncate_75,18;35;10749,Drama; Comedy; Romance,3
1741,Braindead,truncate_75,14;16;27;35;10751,Fantasy; Animation; Horror; Comedy; Family,5
992,The Anthem of the Heart,truncate_75,16;18;35;10402;10749,Animation; Drama; Comedy; Music; Romance,5
9001,Ricki and the Flash,truncate_75,18;35;10402,Drama; Comedy; Music,3
3841,Isi & Ossi,truncate_75,18;35;10749,Drama; Comedy; Romance,3
1575,Mr. Church,truncate_75,18;35;10749,Drama; Comedy; Romance,3
4004,The Night Comes for Us,truncate_75,28;53;80,Action; Thriller; Crime,3
8695,Suburbicon,truncate_75,18;35,Drama; Comedy,2
9457,Earth Girls Are Easy,truncate_75,35;878;10749,Comedy; Science Fiction; Romance,3
9385,Semi-Pro,truncate_75,18;35,Drama; Comedy,2
8987,Joe's Apartment,truncate_75,18;35;53;80,Drama; Comedy; Thriller; Crime,4
1415,C.R.A.Z.Y.,truncate_75,18;35,Drama; Comedy,2
6478,Hot Rod,truncate_75,18;28;35,Drama; Action; Comedy,3
9618,Dirty Dancing,truncate_75,18;35;10749;10751,Drama; Comedy; Romance; Family,4
2350,Frozen II,truncate_75,12;14;16;35;10751,Adventure; Fantasy; Animation; Comedy; Family,5
4942,A Nightmare on Elm Street 3: Dream Warriors,truncate_75,18;27;53;80,Drama; Horror; Thriller; Crime,4
1458,Balkan Line,truncate_75,18;28;53;10752,Drama; Action; Thriller; War,4
7723,Jackass Presents: Bad Grandpa,truncate_75,18;35;10749,Drama; Comedy; Romance,3
8997,Vanity Fair,truncate_75,18;27,Drama; Horror,2
4514,Don't Worry Darling,truncate_75,35;53,Comedy; Thriller,2
8848,A Classic Horror Story,truncate_75,18;27,Drama; Horror,2
7374,Blown Away,truncate_75,28;35;53;878,Action; Comedy; Thriller; Science Fiction,4
4010,Sleeper,truncate_75,18;35;10749,Drama; Comedy; Romance,3
5486,The Fury of a Patient Man,truncate_75,18;35;10749,Drama; Comedy; Romance,3
7473,Under the Riccione Sun,truncate_75,18;35,Drama; Comedy,2
7071,Gemini Man,truncate_75,18;28;35;53,Drama; Action; Comedy; Thriller,4
7029,I ♥ Huckabees,truncate_75,35;80;10749,Comedy; Crime; Romance,3
4653,Twitches,truncate_75,27;53,Horror; Thriller,2
3016,Aladdin,truncate_75,12;14;16;35;10751,Adventure; Fantasy; Animation; Comedy; Family,5
8194,Tracers,truncate_75,28;35;53;80,Action; Comedy; Thriller; Crime,4
9594,Budapest,truncate_75,18;35;10749,Drama; Comedy; Romance,3
6034,Hey Arnold! The Movie,truncate_75,28;35;53;80,Action; Comedy; Thriller; Crime,4
9080,The Smurfs,truncate_75,12;14;16;35;10751,Adventure; Fantasy; Animation; Comedy; Family,5
5733,Saving Grace,truncate_75,18;35;10749,Drama; Comedy; Romance,3
3927,Supernova,truncate_75,18;10749,Drama; Romance,2
5580,The Mask of Zorro,truncate_75,18;28,Drama; Action,2
2296,One Man Band,truncate_75,16;18;35;10751,Animation; Drama; Comedy; Family,4
5976,Four Flies on Grey Velvet,truncate_75,18;35;53,Drama; Comedy; Thriller,3
3517,The Bob's Burgers Movie,truncate_75,27;35;53,Horror; Comedy; Thriller,3
2050,Total Recall,truncate_75,12;18;35;878,Adventure; Drama; Comedy; Science Fiction,4
1426,The Discreet Charm of the Bourgeoisie,truncate_75,18;35;10749,Drama; Comedy; Romance,3
6691,A Dangerous Method,truncate_75,18;53;878,Drama; Thriller; Science Fiction,3
6945,The Gendarme in New York,truncate_75,18;28;35;10752,Drama; Action; Comedy; War,4
728,Guy Ritchie's The Covenant,truncate_75,18;28;53;10752,Drama; Action; Thriller; War,4
7850,Haunter,truncate_75,18;53;9648,Drama; Thriller; Mystery,3
8524,All You Need is Crime,truncate_75,18;35;80,Drama; Comedy; Crime,3
4313,Smallfoot,truncate_75,14;16;18;27;35;10751,Fantasy; Animation; Drama; Horror; Comedy; Family,6
148,Silenced,truncate_75,18,Drama,1
4468,I Walked with a Zombie,truncate_75,14;18;27,Fantasy; Drama; Horror,3
2699,"The Good, the Bad, the Weird",truncate_75,18;28;36;80,Drama; Action; History; Crime,4
3028,Immortal Beloved,truncate_75,18;36;10749,Drama; History; Romance,3
2474,The Princess and the Frog,truncate_75,18;35;10749,Drama; Comedy; Romance,3
4080,AKA,truncate_75,18;28;35;53;80,Drama; Action; Comedy; Thriller; Crime,5
4455,Babysitting,truncate_75,18;35,Drama; Comedy,2
732,Accattone,truncate_75,18;35;53;80,Drama; Comedy; Thriller; Crime,4
9622,102 Dalmatians,truncate_75,12;14;16;28;35;10751,Adventure; Fantasy; Animation; Action; Comedy; Family,6
3629,Superman vs. The Elite,truncate_75,12;28;53;80,Adventure; Action; Thriller; Crime,4
7579,The Belko Experiment,truncate_75,18;53;80,Drama; Thriller; Crime,3
5666,Return of the Living Dead III,truncate_75,18;27;28;53;9648,Drama; Horror; Action; Thriller; Mystery,5
1126,Bao,truncate_75,18;35;10751,Drama; Comedy; Family,3
3446,"Extremely Wicked, Shockingly Evil and Vile",truncate_75,18;53;80,Drama; Thriller; Crime,3
5726,Bad Santa,truncate_75,14;16;35;10751,Fantasy; Animation; Comedy; Family,4
7407,The Yards,truncate_75,18;35;53;80,Drama; Comedy; Thriller; Crime,4
5932,The Rebound,truncate_75,35;10749,Comedy; Romance,2
6000,Stir Crazy,truncate_75,35;80,Comedy; Crime,2
3539,The Way We Were,truncate_75,18;35;10749,Drama; Comedy; Romance,3
2847,Greenland,truncate_75,12;18;878,Adventure; Drama; Science Fiction,3
6716,The Expendables 2,truncate_75,18;35;53;80,Drama; Comedy; Thriller; Crime,4
4167,Bill & Ted's Excellent Adventure,truncate_75,12;18;35;878,Adventure; Drama; Comedy; Science Fiction,4
4963,The Boxtrolls,truncate_75,12;14;16;18;27;10751,Adventure; Fantasy; Animation; Drama; Horror; Family,6
1456,Sin City,truncate_75,18;27;28;35;53;80,Drama; Horror; Action; Comedy; Thriller; Crime,6
1387,Running on Empty,truncate_75,18;28,Drama; Action,2
7015,The Three Caballeros,truncate_75,35;10751,Comedy; Family,2
2438,Beating Hearts,truncate_75,18,Drama,1
8273,Gretel & Hansel,truncate_75,14;16;18;27;10751,Fantasy; Animation; Drama; Horror; Family,5
6741,Lady and the Tramp II: Scamp's Adventure,truncate_75,16;18;35;10751,Animation; Drama; Comedy; Family,4
6386,Game of Death,truncate_75,18;28;35;53;80,Drama; Action; Comedy; Thriller; Crime,5
3406,Boy Erased,truncate_75,18;35,Drama; Comedy,2
7635,We're No Angels,truncate_75,18;28;53;80,Drama; Action; Thriller; Crime,4
62,Léon: The Professional,truncate_75,18;28;35;80,Drama; Action; Comedy; Crime,4
9345,Old People,truncate_75,18;35;53,Drama; Comedy; Thriller,3
7311,Wimbledon,truncate_75,18;28,Drama; Action,2
8681,Child's Play 3,truncate_75,18;28;35;10751,Drama; Action; Comedy; Family,4
4758,Silver Streak,truncate_75,18;27;53;80;9648,Drama; Horror; Thriller; Crime; Mystery,5
2188,The Texas Chain Saw Massacre,truncate_75,27;35;53;9648,Horror; Comedy; Thriller; Mystery,4
9278,Cosmopolis,truncate_75,18;28;35;80,Drama; Action; Comedy; Crime,4
9375,The House,truncate_75,18;35;10749,Drama; Comedy; Romance,3
2504,Only Lovers Left Alive,truncate_75,18;35;10402;10749,Drama; Comedy; Music; Romance,4
7361,Sabrina,truncate_75,18;35;10749,Drama; Comedy; Romance,3
8890,21 & Over,truncate_75,18;35,Drama; Comedy,2
5301,Taxidermia,truncate_75,18;35;10749,Drama; Comedy; Romance,3
7172,Cold Prey,truncate_75,18;35,Drama; Comedy,2
44,Gabriel's Inferno: Part III,truncate_75,18;27;53;10749,Drama; Horror; Thriller; Romance,4
5765,Indiana Jones and the Dial of Destiny,truncate_75,18;28;35,Drama; Action; Comedy,3
5260,Alan Partridge: Alpha Papa,truncate_75,18;35;10402,Drama; Comedy; Music,3
9326,Horse Girl,truncate_75,14;18;35;10749,Fantasy; Drama; Comedy; Romance,4
202,Green Snake,truncate_75,18;28;53;9648,Drama; Action; Thriller; Mystery,4
7655,The Eiger Sanction,truncate_75,18;28;35;53;80,Drama; Action; Comedy; Thriller; Crime,5
2662,"Ciao, Professore!",truncate_75,18;35,Drama; Comedy,2
1696,Irma la Douce,truncate_75,18;35;53;80;10749,Drama; Comedy; Thriller; Crime; Romance,5
7162,Pacific Heights,truncate_75,18;35,Drama; Comedy,2
158,Palmer,truncate_75,18;80,Drama; Crime,2
9686,School for Scoundrels,truncate_75,18;35;10749,Drama; Comedy; Romance,3
3226,Climax,truncate_75,18;27;35;10402,Drama; Horror; Comedy; Music,4
5555,A Cinderella Story,truncate_75,18;35;53;10749,Drama; Comedy; Thriller; Romance,4
8549,The Mexican,truncate_75,18;28;35;53;80,Drama; Action; Comedy; Thriller; Crime,5
1608,Predestination,truncate_75,28;53;878;9648,Action; Thriller; Science Fiction; Mystery,4
2571,No,truncate_75,18;35,Drama; Comedy,2
6950,The Cheetah Girls 2,truncate_75,16;18;35;10402;10749;10751,Animation; Drama; Comedy; Music; Romance; Family,6
8108,The Den,truncate_75,18;27;53;80;9648,Drama; Horror; Thriller; Crime; Mystery,5
1253,Barbie: Princess Charm School,truncate_75,12;14;16;35;10749;10751,Adventure; Fantasy; Animation; Comedy; Romance; Family,6
5341,The Eagle Has Landed,truncate_75,12;18;35;10752,Adventure; Drama; Comedy; War,4
1474,Key Largo,truncate_75,27;53,Horror; Thriller,2
3282,Cleopatra,truncate_75,18;35;10749,Drama; Comedy; Romance,3
963,Boyz n the Hood,truncate_75,18;35;53;80,Drama; Comedy; Thriller; Crime,4
8661,The Break-Up,truncate_75,18;35;10749,Drama; Comedy; Romance,3
4989,About a Boy,truncate_75,18;35,Drama; Comedy,2
9883,Get a Job,truncate_75,18;35,Drama; Comedy,2
3034,Maleficent,truncate_75,12;14;18;28,Adventure; Fantasy; Drama; Action,4
2688,Kahaani,truncate_75,18;53;10749,Drama; Thriller; Romance,3
2482,Wonder Woman,truncate_75,12;14;18;28;36;10752,Adventure; Fantasy; Drama; Action; History; War,6
4851,The Thieves,truncate_75,12;28;53;80,Adventure; Action; Thriller; Crime,4
8942,To the Wonder,truncate_75,18;35;10749,Drama; Comedy; Romance,3
5456,Underworld: Evolution,truncate_75,28;35,Action; Comedy,2
7706,God's Not Dead 2,truncate_75,18;35,Drama; Comedy,2
7658,World Trade Center,truncate_75,18;28;53;80,Drama; Action; Thriller; Crime,4
8952,Eight Legged Freaks,truncate_75,12;27;35;878,Adventure; Horror; Comedy; Science Fiction,4
1644,"Jeanne Dielman, 23, quai du Commerce, 1080 Bruxelles",truncate_75,18;35;10749,Drama; Comedy; Romance,3
6621,Into the Labyrinth,truncate_75,18;27;28;53;80;9648,Drama; Horror; Action; Thriller; Crime; Mystery,6
5564,Halloween II,truncate_75,18;27;53,Drama; Horror; Thriller,3
939,Another Round,truncate_75,18,Drama,1
9245,I'm So Excited!,truncate_75,18;35;53,Drama; Comedy; Thriller,3
7335,Senseless,truncate_75,18;27;53,Drama; Horror; Thriller,3
5848,The Tearsmith,truncate_75,18;35;10751,Drama; Comedy; Family,3
2053,Air,truncate_75,18;35,Drama; Comedy,2
1987,Jungle Cruise,truncate_75,14;18;35;10751,Fantasy; Drama; Comedy; Family,4
9387,Snow Dogs,truncate_75,18;35;80;10751,Drama; Comedy; Crime; Family,4
9452,Spinning Man,truncate_75,18;35;53;9648,Drama; Comedy; Thriller; Mystery,4
8302,The Cable Guy,truncate_75,35;53;80;10749,Comedy; Thriller; Crime; Romance,4
2994,Where the Heart Is,truncate_75,18;35;10749,Drama; Comedy; Romance,3
6884,¡Three Amigos!,truncate_75,18;35;80,Drama; Comedy; Crime,3
1018,Butch Cassidy and the Sundance Kid,truncate_75,18;28;37;53;80,Drama; Action; Western; Thriller; Crime,5
1296,All That Jazz,truncate_75,18;35;10402,Drama; Comedy; Music,3
4193,RETURN,truncate_75,18;53,Drama; Thriller,2
359,The Cure,truncate_75,18;35;10749,Drama; Comedy; Romance,3
1979,The Judge,truncate_75,18;35;53,Drama; Comedy; Thriller,3
405,Death Note Relight 1: Visions of a God,truncate_75,18;28;53;878,Drama; Action; Thriller; Science Fiction,4
1050,The Curious Case of Benjamin Button,truncate_75,18;35,Drama; Comedy,2
1495,Three Colors: White,truncate_75,18;35;10749,Drama; Comedy; Romance,3
5427,The Addams Family,truncate_75,18;35;53,Drama; Comedy; Thriller,3
5806,Act of Valor,truncate_75,12;28;53;80;878,Adventure; Action; Thriller; Crime; Science Fiction,5
8208,Birth,truncate_75,18;53;10749,Drama; Thriller; Romance,3
9313,Playing for Keeps,truncate_75,18;35;10751,Drama; Comedy; Family,3
3279,The Northman,truncate_75,12;28,Adventure; Action,2
5095,Hellboy,truncate_75,12;14;27;28;10752,Adventure; Fantasy; Horror; Action; War,5
9482,Hellboy,truncate_75,12;14;16;28,Adventure; Fantasy; Animation; Action,4
770,"I, Daniel Blake",truncate_75,18;35;80,Drama; Comedy; Crime,3
8670,No One Gets Out Alive,truncate_75,18;27;35;53,Drama; Horror; Comedy; Thriller,4
177,"“The Shorts” by Aldo, Giovanni and Giacomo",truncate_75,18;35,Drama; Comedy,2
2246,Lean On Me,truncate_75,18;28;53;80,Drama; Action; Thriller; Crime,4
3333,Malcolm & Marie,truncate_75,18;35;10749,Drama; Comedy; Romance,3
1844,Dragon Ball: The Path to Power,truncate_75,12;14;16;28;35;10751,Adventure; Fantasy; Animation; Action; Comedy; Family,6
2060,True Grit,truncate_75,18;27;28;53;80,Drama; Horror; Action; Thriller; Crime,5
3195,The Ministry of Ungentlemanly Warfare,truncate_75,18;28;36;53;10752,Drama; Action; History; Thriller; War,5
6548,District 13: Ultimatum,truncate_75,18;28;35,Drama; Action; Comedy,3
8833,Coexister,truncate_75,18;35;10402,Drama; Comedy; Music,3
796,The Man from Nowhere,truncate_75,18;28;35;53;80,Drama; Action; Comedy; Thriller; Crime,5
4116,Mean Creek,truncate_75,18;27;35,Drama; Horror; Comedy,3
8212,Orange County,truncate_75,18;35,Drama; Comedy,2
467,My Way,truncate_75,18;28;36;10752,Drama; Action; History; War,4
3641,The Eight Hundred,truncate_75,18;28;36;10752,Drama; Action; History; War,4
3085,22 July,truncate_75,18;27;53,Drama; Horror; Thriller,3
1757,Twin Peaks: Fire Walk with Me,truncate_75,27;53;9648,Horror; Thriller; Mystery,3
3189,Death Note: The Last Name,truncate_75,18;28;53,Drama; Action; Thriller,3
8097,The Gendarme and the Creatures from Outer Space,truncate_75,35,Comedy,1
9101,The Tunnel,truncate_75,18;27;53,Drama; Horror; Thriller,3
1656,Summer of 85,truncate_75,18,Drama,1
8274,What to Expect When You're Expecting,truncate_75,18;35;53;10749,Drama; Comedy; Thriller; Romance,4
5940,Star Trek: Generations,truncate_75,12;28;35;878,Adventure; Action; Comedy; Science Fiction,4
4725,Mermaids,truncate_75,18;35;10749;10751,Drama; Comedy; Romance; Family,4
6282,Borat Subsequent Moviefilm,truncate_75,18;35,Drama; Comedy,2
6195,Café Society,truncate_75,18;35;10749,Drama; Comedy; Romance,3
1033,Elemental,truncate_75,18;53;878;10749,Drama; Thriller; Science Fiction; Romance,4
7769,Blood Ties,truncate_75,18;28;53;80,Drama; Action; Thriller; Crime,4
6731,In a World...,truncate_75,18;35;10402;10749;10751,Drama; Comedy; Music; Romance; Family,5
5081,Martian Child,truncate_75,18;35;10749,Drama; Comedy; Romance,3
7639,Final Destination 5,truncate_75,14;27;28;53;878,Fantasy; Horror; Action; Thriller; Science Fiction,5
2157,Weekend,truncate_75,35;10749,Comedy; Romance,2
3203,Lee,truncate_75,18;36;10752,Drama; History; War,3
2237,The Hours,truncate_75,18;10749,Drama; Romance,2
2600,The Caine Mutiny,truncate_75,18,Drama,1
9444,Airport '77,truncate_75,28;53,Action; Thriller,2
6273,The Chronicles of Narnia: The Voyage of the Dawn Treader,truncate_75,12;14;16;35;10751,Adventure; Fantasy; Animation; Comedy; Family,5
