movie_id,title,overview,genre_ids,split
1210,Control,"The story of Joy Division’s lead singer Ian Curtis, from his schoolboy days in 1973",[18],test
1288,Shang-Chi and the Legend of the Ten Rings,Shang-Chi must confront the past he thought he left behind when he,"[28, 12, 14]",test
6147,Dry,In Rome it hasn’t rained for three years and the lack of water is overturning rules and habits. Through the city dying of thirst and prohibitions moves a,"[18, 35, 878]",test
120,Shutter Island,World War II soldier-turned-U.S. Marshal Teddy Daniels investigates the disappearance of a patient from a hospital,"[18, 53, 9648]",test
3105,Galaxy Quest,"For four years, the courageous crew of the NSEA Protector —  Commander Peter Quincy Taggart, Lieutenant Tawny Madison, and Doctor Lazarus — set off on a thrilling and often dangerous mission in space ... until their series was cancelled! Now, twenty years later, aliens under","[35, 878, 12]",test
4250,Spy,A desk-bound CIA analyst volunteers to go undercover to infiltrate the,"[28, 35, 80]",test
350,Million Dollar Baby,"Despondent over a painful estrangement from his daughter, trainer Frankie Dunn isn't prepared for boxer Maggie Fitzgerald to enter",[18],test
6325,Spree,"Desperate for an online following, a rideshare driver has figured out a deadly plan to","[35, 80, 27, 53]",test
1898,The Time Machine,A Victorian Englishman travels to the far future and,"[53, 12, 14, 878, 10749]",test
9290,Survivor,"A Foreign Service Officer in London tries to prevent a terrorist attack set to hit New York, but","[28, 80, 9648, 53]",test
9395,The Hunters,"Imagine if all mythical artifacts, from Jason's Golden Fleece to Cinderella's glass slippers, were real. Well, they are -- and for",[12],test
7853,Goosebumps 2: Haunted Halloween,"Be careful what you wish for. With their after school junk business, best friends Sonny and Sam hope to find treasure in other people’s trash. But when cleaning out the old Stine house, they open a locked book that frees","[35, 14, 27]",test
2734,Petite Maman,"After the death of her beloved grandmother, eight-year-old Nelly meets a strangely familiar girl her own age in the woods. Instantly forming a connection","[18, 14, 10751]",test
2181,Victor/Victoria,A struggling female soprano finds work playing a male,"[10402, 35, 10749]",test
8548,Volcano,"An earthquake shatters a peaceful Los Angeles morning and opens a fissure deep into the earth, causing lava to start bubbling up. As a volcano begins forming in the La Brea","[878, 28, 18, 53]",test
4191,About Schmidt,"A recently retired man embarks on a journey to his estranged daughter's wedding,","[18, 35]",test
1320,The Rules of the Game,A weekend at a marquis’ country château lays bare,"[18, 35, 10749]",test
1419,The Reader,"The story of Michael Berg, a German lawyer who, as a teenager in the late 1950s, had an affair with an older woman, Hanna, who then disappeared only to resurface years later as one of the defendants","[18, 10749]",test
1016,In a Lonely Place,A violent screenwriter and a female neighbor fall in love after she,"[18, 10749, 9648]",test
110,Puss in Boots: The Last Wish,"Puss in Boots discovers that his passion for adventure has taken its toll: He has burned through eight of his nine lives, leaving him","[16, 12, 14, 35, 10751]",test
8307,The 6th Day,"A world of the very near future in which cattle, fish, and even the family pet can be cloned. But cloning humans is illegal - that is until family man Adam Gibson comes home from work one day to find a clone has replaced him.","[878, 28, 9648, 18, 53]",test
6202,Jackie,"An account of the days of First Lady, Jacqueline Kennedy, in",[18],test
5861,I'm Not There,Six actors portray six personas of music legend Bob Dylan in scenes depicting various stages of his,"[18, 10402]",test
764,Manhattan,Manhattan explores how the life of a middle-aged television writer dating a teenage girl,"[35, 18, 10749]",test
4105,Margin Call,A thriller that revolves around the key people at an investment bank,"[53, 18]",test
6763,Three Floors,Follows the lives of three families who live,[18],test
8256,Neuilly Yo Mama!,Samy moves from the underdeveloped crime-ridden French,[35],test
3483,10 Cloverfield Lane,"After a catastrophic car crash, a young woman wakes up in a survivalist's underground bunker, where he","[53, 878, 18, 27]",test
8226,How to Lose Friends & Alienate People,"Sidney Young is a down-on-his-luck journalist. Thanks to a stint involving a pig and a glitzy awards ceremony, Sidney turns his fortunes around, attracting the attention of Clayton Harding, editor","[35, 10749, 18]",test
4316,Ashfall,A group of unlikely heroes from across the Korean peninsula try to save,"[28, 12, 53]",test
3917,Clash of the Titans,"To win the right to marry his love, the beautiful princess Andromeda, and fulfil his destiny, half-God-half-mortal","[12, 14, 28]",test
1199,The Train,"As the Allied forces approach Paris in August 1944, German Colonel Von Waldheim is desperate to take all of France's greatest paintings to Germany. He manages to secure a train to transport the valuable art works even as the chaos of retreat descends upon them. The French resistance however wants to stop them from stealing their national treasures but have","[10752, 53]",test
731,Safety Last!,When a store clerk organizes a contest to climb the outside of,"[35, 10749]",test
5218,Rambo: First Blood Part II,John Rambo is released from prison by the government for a top-secret covert mission,"[28, 12, 53, 10752]",test
5136,The Trip,"When Steve Coogan is asked by The Observer to tour the country's finest restaurants, he envisions it as the perfect getaway with his beautiful girlfriend.","[35, 18]",test
8940,Henry's Crime,An aimless man is sent to prison for a crime he did not,"[80, 35]",test
6940,Archive,"2038: George Almore is working on a true human-equivalent AI, and his latest prototype is almost ready. This sensitive phase is","[878, 18, 14, 53]",test
4263,Justice League: The New Frontier,"The human race is threatened by a powerful creature, and only the combined power of Superman, Batman, Wonder Woman, Green Lantern, Martian Manhunter and The","[28, 12, 16, 878]",test
6066,God Willing,"The son of an atheist, authoritarian father, believed",[35],test
2945,Gia,Gia Carangi meteorically rises to modeling fame in the late,"[10749, 18]",test
4732,The Longest Yard,A football player-turned-convict organizes a team of inmates to play against a team of prison guards. His dilemma is that the warden asks,"[35, 18, 80]",test
8744,Phantom,The haunted Captain of a Soviet submarine holds the fate of the world in his hands. Forced,[53],test
6262,A California Christmas,"With his carefree lifestyle on the line, a wealthy charmer poses as a ranch","[35, 10749, 18]",test
5233,Something's Gotta Give,"When perpetually single, aging music industry exec Harry Sanborn, and his latest trophy girlfriend, Marin, arrive at her mother's beach house in the Hamptons, they find that her mother, playwright Erica Barry, also plans to stay for the weekend. Erica is scandalized by the relationship","[18, 35, 10749]",test
6947,Return of the Hero,"France, 1809. Captain Neuville is called to the front, leaving his future bride heartbroken.","[36, 35]",test
6591,The Collection,"Arkin escapes with his life from the vicious grips of ""The Collector"" during an entrapment party where he adds beautiful Elena to his ""Collection."" Instead of recovering from the trauma, Arkin is","[27, 53]",test
997,Harold and Maude,The young Harold lives in his own world of suicide-attempts and funeral visits to avoid the misery of his current family and home environment. Harold meets an 80-year-old woman named Maude who also lives in her,"[35, 18, 10749]",test
5071,Pollock,"In August of 1949, Life Magazine ran a banner headline that begged the question: ""Jackson Pollock: Is he the greatest living painter in the United States?"" The film is a look back into the life of an extraordinary man, a man who","[18, 36]",test
8027,Fortress,"In the future, the inmates of a private underground prison are computer-controlled with cameras, dream readers, and devices that can cause pain or death.","[28, 53, 878]",test
9716,17 Girls,"When Camille accidentally becomes pregnant, she encourages her friends and fellow high school classmates to follow suit. It's only a matter",[18],test
9919,Toys,"Leslie Zevo is a fun-loving inventor who must save his late father's toy factory from his evil uncle,","[10751, 14, 35, 878]",test
8209,House of Wax,A group of unwitting teens are stranded near a strange wax museum and,"[9648, 27, 53]",test
7139,The Little Shop of Horrors,"Seymour works in a skid row florist shop and is in love with his beautiful co-worker, Audrey.","[27, 35, 14]",test
9944,The Phantom,The 21st successor to the role of Bengalla's resident superhero must travel to New York to prevent,"[12, 28]",test
8063,The Brats,"Newly engaged, Thomas meets his future father-in-law Gilbert, who has been married for 30 years to Suzanne. Disillusioned Gilbert is convinced that his marriage has meant he's missed out on life. He persuades Thomas not to marry his daughter Lola and",[35],test
5046,Patriot Games,"When CIA Analyst Jack Ryan interferes with an IRA assassination,","[18, 28, 53, 80]",test
293,Barry Lyndon,An Irish rogue uses his cunning and wit to work his way up the social classes,"[18, 10749, 10752, 36]",test
553,Sunrise: A Song of Two Humans,A married farmer falls under the spell of a slatternly woman from,"[18, 10749]",test
7939,The 51st State,An American master chemist plans to score big on a once in a lifetime drug deal.,"[53, 28, 35, 80]",test
4233,Underworld,Vampires and werewolves have waged a nocturnal war against each other for centuries. But all bets are off when a female vampire warrior named,"[14, 28, 53]",test
9238,Maggie's Plan,"Maggie's plan to have a baby on her own with a sperm donor is derailed when she falls in love with John, an older married professor, destroying his volatile marriage to the brilliant and impossible Georgette. But","[18, 10749, 35]",test
4951,Harold and the Purple Crayon,"Inside of his book, adventurous Harold can make anything come to life simply by drawing it. After he grows up and draws","[10751, 35, 12, 14]",test
7035,The Assistant,A searing look at a day in the life of an assistant to a powerful executive. As Jane follows,[18],test
8603,Robin Hood,A war-hardened Crusader and his Moorish commander mount,"[12, 28, 53, 14]",test
3330,Hoosiers,Failed college coach Norman Dale gets a chance at redemption when he is hired to coach a high school basketball team in a tiny Indiana town. After a teacher persuades star player Jimmy Chitwood to,"[18, 10751]",test
4255,The Pit and the Pendulum,"In the sixteenth century, Francis Barnard travels to Spain to clarify the strange circumstances of","[27, 9648, 18]",test
1293,Training Day,"On his first day on the job as a narcotics officer, a","[28, 80, 18]",test
540,F1,Racing legend Sonny Hayes is coaxed out of retirement to lead a struggling Formula 1,"[28, 18]",test
4235,Barbarian,"In town for a job interview, a young woman arrives at her Airbnb late at night only to find that it has","[27, 53]",test
6601,FernGully: The Last Rainforest,"When a sprite named Crysta shrinks a human boy, Zak, down to her size, he vows to help the magical fairy folk stop a greedy logging company from destroying their home:","[10751, 14, 16, 12]",test
1973,Spider-Man: Homecoming,"Following the events of Captain America: Civil War, Peter Parker, with the help of his mentor Tony Stark, tries to balance his life as an","[28, 12, 878]",test
6557,Nighthawks,"When one of Europe's most lethal terrorists shows up in New York, an","[28, 80, 53]",test
5705,Super Troopers,"Five bored, occasionally high and always ineffective Vermont state troopers must prove their worth to the governor or lose their jobs. After","[35, 80, 9648]",test
5731,The Witches of Eastwick,Three single women in a picturesque Rhode Island village have their wishes granted -,"[35, 14, 27]",test
7665,Push,"After his father, an assassin, is brutally murdered, Nick Gant vows revenge on Division, the covert government agency that dabbles in psychic warfare and experimental drugs. Hiding in Hong Kong's underworld, Nick assembles a band","[878, 28, 12, 53]",test
7180,Insidious: The Last Key,"Parapsychologist Elise Rainier and her team travel to Five Keys, NM, to investigate a man’s claim of a","[27, 53]",test
977,Stagecoach,A group of people traveling on a stagecoach find their journey complicated by,"[37, 12]",test
9691,Be Cool,"Disenchanted with the movie industry, Chili Palmer tries the music industry, meeting","[35, 80]",test
8418,Tin & Tina,"After a traumatic miscarriage, Lola and her husband, Adolfo, adopt Tin and Tina, a lovely albino","[27, 53, 9648]",test
3626,Compartment No. 6,A young Finnish woman escapes an enigmatic love affair in Moscow by boarding a train to the arctic port of Murmansk. Forced to share the long ride and,[18],test
2034,Justice League: Crisis on Two Earths,"A heroic version of Lex Luthor from an alternate universe appears to recruit the Justice League to help save his Earth from the Crime Syndicate, an evil version of the League. What ensues","[28, 12, 16, 878, 14]",test
4098,The Strange Thing About the Johnsons,A father gets trapped in a one-sided,"[18, 27]",test
9643,Wanderlust,"Rattled by sudden unemployment, a Manhattan couple surveys alternative living options, ultimately deciding","[35, 10749]",test
4179,Flight,"Commercial airline pilot Whip Whitaker has a problem with drugs and alcohol, though so far he's managed to complete his flights safely. His luck runs out when a disastrous mechanical malfunction sends his plane hurtling toward the ground.",[18],test
6176,For Love of the Game,A baseball legend almost finished with his distinguished career at the age of forty has one last chance to prove who he,"[18, 10749]",test
7119,Taken 3,Ex-government operative Bryan Mills finds his life is shattered when he's falsely accused of a murder that hits close to home. As he's pursued,"[53, 28]",test
2173,Stardust,"In a countryside town bordering on a magical land, a young man makes a promise to his beloved that he'll retrieve a fallen","[12, 14, 10749, 10751]",test
189,The Father,"A man refuses all assistance from his daughter as he ages and, as he tries to make sense of his",[18],test
7372,He Never Died,Jack is a solitary man with a mysterious past. His strange habits,"[35, 18, 14, 27, 53]",test
1626,Saw,"Two men wake up to find themselves shackled in a grimy, abandoned bathroom. As they struggle to comprehend their predicament, they discover a disturbing tape left behind by the","[27, 9648, 80]",test
563,The Avengers,"When an unexpected enemy emerges and threatens global safety and security, Nick Fury, director of the international peacekeeping agency known as S.H.I.E.L.","[878, 28, 12]",test
1784,Grease,Australian good girl Sandy and greaser Danny fell in love over the summer. But when they unexpectedly discover they're,"[10749, 35]",test
6167,Bride & Prejudice,Mrs. Bakshi is eager to find suitors for her four unmarried daughters when a family friend,"[18, 35, 10749]",test
7022,Severance,Seven employees of an international weapons manufacturer are treated to a team-building weekend at the company’s newly built luxury,"[27, 35, 53]",test
7046,Child 44,"Set in Stalin-era Soviet Union, a disgraced MGB agent is dispatched to investigate a series of","[80, 53]",test
6244,Life,The six-member crew of the International Space Station is tasked with studying a sample from Mars,"[27, 878, 9648, 53]",test
1057,10 Things I Hate About You,"On the first day at his new school, Cameron instantly falls for Bianca, the gorgeous girl of his dreams. The only problem is that Bianca is forbidden to date until her ill-tempered, completely un-dateable older sister","[35, 10749, 18]",test
645,The King of Comedy,Aspiring comic Rupert Pupkin attempts to achieve success in show business by stalking,"[18, 35]",test
371,Don't Look Now... We're Being Shot At!,"During World War II, two French civilians and a downed British Bomber Crew set out from Paris to cross the demarcation line between Nazi-occupied Northern France","[35, 10752]",test
5995,Assassins,"Assassin Robert Rath arrives at a funeral to kill a prominent mobster, only to witness a rival hired gun complete the job for him -- with grisly results. Horrified by the murder of innocent bystanders, Rath decides to take","[28, 12, 80, 53]",test
8216,Shaft,"New York police detective John Shaft arrests Walter Wade Jr. for a racially motivated slaying. But the only eyewitness disappears, and Wade jumps bail for Switzerland. Two","[28, 12, 80, 53]",test
3421,Wild,A woman with a tragic past decides to start her new life,[18],test
1869,Possession,"A young woman left her family for an unspecified reason. The husband determines to find out the truth and starts following his wife. At first, he suspects",[27],test
5536,Star Trek III: The Search for Spock,A surprise visit from Spock's father provides a,"[878, 28, 12, 53]",test
6922,King Arthur,"The story of the Arthurian legend, based on the 'Sarmatian hypothesis' which contends that the legend has a historical nucleus in the Sarmatian","[12, 10752, 36, 28, 18]",test
6810,Second Act,"Value Shop assistant manager Maya Vargas wants only one thing for her 43rd birthday -- a promotion. While her résumé may not scream upper management, her track record certainly does; she is an innovator who listens to her customers","[10749, 35]",test
4033,Mad God,"A figure known as ""The Assassin"" descends from the heavens","[16, 14, 27, 878, 10752]",test
8510,She-Devil,A cunning and resourceful housewife vows revenge on her husband,[35],test
8582,The Karate Kid Part III,"Despondent over the closing of his karate school, Cobra Kai teacher John Kreese joins","[28, 10751, 18, 12]",test
8712,Righteous Kill,Two veteran New York City detectives work to identify the possible connection between a recent murder and a case they believe they,"[80, 53, 9648]",test
1427,Glory,"Robert Gould Shaw leads the US Civil War's first all-black volunteer company,","[18, 36, 10752]",test
2328,"Planes, Trains and Automobiles","An irritable marketing executive, Neal Page, is heading home to Chicago for Thanksgiving when a number of",[35],test
7303,Chernobyl: Abyss,The aftermath of a shocking explosion at the Chernobyl nuclear power station made hundreds of people sacrifice their lives to clean up the site of the catastrophe and,"[18, 36, 12, 28, 14, 9648]",test
4803,Escape Plan,"Ray Breslin is the world's foremost authority on structural security. After analyzing every high security prison and learning a vast array of survival skills so he can design escape-proof prisons, his","[28, 53]",test
2657,The Driver,The Driver specializes in driving getaway cars for robberies. His exceptional talent has prevented him from being caught yet. After another successful flight from the police a self-assured detective makes it his primary,"[80, 53, 28]",test
530,An Autumn Afternoon,"Shuhei Hirayama is a widower with a 24-year-old daughter. Gradually, he comes to realize that she should not be",[18],test
3412,The Zone of Interest,"The commandant of Auschwitz, Rudolf Höss, and his wife Hedwig, strive to build a","[18, 36, 10752]",test
7021,Great Balls of Fire!,"The story of Jerry Lee Lewis, arguably the greatest and certainly one of the wildest musicians of the 1950s. His arrogance, remarkable talent, and","[18, 36, 10402]",test
3863,The Substitute,"When an inner-city Miami schoolteacher gets her knee broken after standing up to the school's gang leader, her mercenary combat specialist boyfriend goes undercover as a substitute teacher","[28, 80, 18, 53]",test
769,BPM (Beats per Minute),"Paris, in the early 1990s: a group of young activists is desperately tied to finding the cure against an unknown lethal disease. They target the pharmaceutical",[18],test
603,Land of Mine,"In the days following the surrender of Germany in May 1945, a group of young German prisoners of war is handed over to the Danish authorities and subsequently sent to the West Coast, where they are ordered to remove the more","[10752, 18, 36]",test
1826,The Way of the Dragon,"Tang Lung arrives in Rome to help his cousins in the restaurant business. They are being pressured to sell their property to the syndicate, who will stop at nothing to get what they want. When Tang","[28, 80]",test
9990,Marmaduke,When Phil and Debbie Winslow relocate from their native Kansas to the sunny climes of,"[10751, 35]",test
5454,Titan A.E.,A young man finds out that he holds the key to restoring hope and ensuring survival,"[16, 878, 12, 10751, 28]",test
4689,King of New York,A former drug lord returns from prison determined to wipe out all his competition and distribute the profits of his,"[53, 80]",test
1769,Babylon,"A tale of outsized ambition and outrageous excess, tracing the rise and fall of multiple characters in an era","[18, 35]",test
7109,The Noel Diary,"Cleaning out his childhood home at Christmas, a novelist meets a woman searching","[10749, 35, 18]",test
7040,Basilicata Coast to Coast,A music group and a journalist cross the region,"[35, 18]",test
2951,Bitter Moon,A passenger on a cruise ship develops an,"[53, 18, 10749]",test
4916,Return to Oz,"Dorothy, saved from a psychiatric experiment by a mysterious girl, finds herself back in","[12, 10751, 14]",test
8894,6 Below: Miracle on the Mountain,An adrenaline seeking snowboarder gets lost in a massive winter storm in the back country of the High Sierras where he,"[53, 18]",test
3547,Mamma Mia!,A spirited young bride-to-be living with her single mother on a small Greek island secretly invites three,"[35, 10749]",test
4476,Winter's Bone,"After discovering her father put their house up for his bail bond and then disappeared, 17-year-old Ree Dolly must confront the","[18, 9648]",test
5633,Seeking a Friend for the End of the World,"As an asteroid nears Earth, a man finds himself alone after his wife leaves in a panic. He decides to take a","[35, 18, 10749, 12]",test
3732,The Isle,"Mute Hee-Jin is working as a clerk in a fishing resort in the Korean wilderness; selling baits, food and occasionally her body to the fishing tourists. One day","[18, 53]",test
9559,The Conference,A ragtag group of public sector employees battle not only their own,"[27, 35]",test
365,Spider-Man: No Way Home,Peter Parker is unmasked and no longer able to separate his normal life from the high-stakes of being a super-hero. When he asks,"[28, 12, 878]",test
9417,Admission,"Straitlaced Princeton University admissions officer Portia Nathan is caught off-guard when she makes a recruiting visit to an alternative high school overseen by her former classmate, the freewheeling","[35, 18, 10749]",test
1174,The Six Triple Eight,"During World War II, the US Army's only all-Black, all-women battalion takes on an impossible mission: sorting through a three-year","[18, 10752, 36]",test
6956,Bandits,"After escaping from prison, Joe and Terry go on a crime spree, robbing banks through Oregon and California in order to finance their scheme for a new life south of the border.","[35, 80]",test
259,Amadeus,Disciplined Italian composer Antonio Salieri becomes consumed by jealousy and resentment towards,"[36, 10402, 18]",test
5569,Flesh + Blood,A band of medieval mercenaries take revenge on a noble lord who decides not to pay them by kidnapping the betrothed of the noble's son.,"[12, 18]",test
1042,Evangelion: 1.0 You Are (Not) Alone,"After the Second Impact, Tokyo-3 is being attacked by giant monsters called Angels that seek to eradicate humankind. The child Shinji’s objective is to fight the Angels by piloting one of the mysterious Evangelion mecha","[16, 878, 28, 18]",test
5282,Colombiana,"After witnessing her parents’ murder as a child in Bogota, Cataleya Restrepo grows up to be a stone-cold assassin. She works for her uncle as a hitman by","[28, 53, 80, 18]",test
9250,Alvin and the Chipmunks: Chipwrecked,"Playing around while aboard a cruise ship, the Chipmunks and Chipettes accidentally go overboard and end up","[35, 14, 10751, 10402, 16]",test
7326,There's No Place Like Home,"An extended family reunites on an idyllic island to celebrate their grandparents' 50th wedding anniversary. However, a storm","[35, 18]",test
475,A Bronx Tale,"Set in the Bronx during the tumultuous 1960s, an adolescent boy is torn between his honest, working-class father and a violent","[18, 80]",test
7344,Waiting...,"Employees at a Bennigan's-like restaurant (called, creatively enough, Shenanigan's), kill time before their real lives get started. But while they wait, they'll have to deal with picky","[35, 10749]",test
3786,White Chicks,"Two FBI agent brothers, Marcus and Kevin Copeland, accidentally foil a drug bust. To avoid being fired they accept a mission escorting a pair of socialites to the Hamptons--but when the","[35, 80]",test
6347,Shaft,Cool Black private eye John Shaft is hired by a,"[28, 80, 53]",test
9922,Mutant Chronicles,It's the year 2707. Earth's natural resources have all but been exhausted by mankind. Battles rage for the remainder between the competing Corporations. During one such battle the seal is broken and awakens an,"[28, 12, 878]",test
4664,He Got Game,A basketball player's father must try to convince him to go,[18],test
5439,The Finest Hours,The Coast Guard makes a daring rescue attempt off the coast of Cape Cod,"[28, 18, 36, 53]",test
2950,Cross of Iron,"It is 1943, and the German army—ravaged and demoralised—is hastily retreating from the Russian front. In the midst of the madness, conflict brews between the aristocratic yet ultimately pusillanimous Captain Stransky and the courageous Corporal Steiner. Stransky is the only man who believes that the Third Reich is still vastly superior to the Russian army.","[18, 28, 36, 10752]",test
9117,Rules Don't Apply,"It's Hollywood, 1958. Small town beauty queen and devout Baptist virgin Marla Mabrey, under contract to the infamous Howard Hughes, arrives in Los Angeles. At the airport, she meets her driver Frank Forbes, who is engaged to be married to his seventh grade sweetheart and is a deeply religious Methodist. Their instant attraction not only puts their","[10749, 35, 18]",test
5908,Seoul Station,"In this animated prequel to ""Train to Busan,"" a group of survivors","[16, 27, 878, 28, 53]",test
8203,Up for Love,"Diane is a well-known lawyer, divorced for three years. She loses her mobile telephone and receives a call from the person who finds it. That person is Alexandre, a charming man and the perfect gentleman. They make a connection over the phone and agree to meet","[35, 10749, 18]",test
6735,"Roman J. Israel, Esq.","Hard-nosed liberal lawyer Roman J. Israel has been fighting the good fight forever while others take the credit. When his partner – the firm's frontman – has a heart attack, Israel suddenly takes on that role.","[18, 80, 53]",test
2161,Swades,A successful Indian scientist returns home to his village to take his nanny,[18],test
1965,All That Heaven Allows,"Two different social classes collide when Cary Scott, a wealthy upper-class widow, falls in love with her","[18, 10749]",test
21,Fight Club,"A ticking-time-bomb insomniac and a slippery soap salesman channel primal male aggression into a shocking new form of therapy. Their concept catches on,","[18, 53]",test
6143,Ice Age: A Mammoth Christmas,"When Sid accidentally destroys Manny's heirloom Christmas rock and ends up on Santa's naughty list, he leads a hilarious quest to the North Pole to make things","[16, 10751, 10770]",test
3839,Antwone Fisher,"A sailor prone to violent outbursts is sent to a naval psychiatrist for help. Refusing at first to open up, the young man eventually breaks down and","[18, 36, 10749]",test
8704,Cooties,"A mysterious virus hits an isolated elementary school, transforming the kids into a feral swarm of mass","[35, 27, 28, 878, 53]",test
5092,Charlie Bartlett,"Awkward teenager Charlie Bartlett has trouble fitting in at a new high school. Charlie needs some friends fast, and decides that the best way to find them is","[35, 18, 10749]",test
868,A Charlie Brown Christmas,"When Charlie Brown complains about the overwhelming materialism that he sees amongst everyone during the Christmas season, Lucy suggests that he become director of the school Christmas pageant. Charlie Brown accepts, but","[16, 10751, 35, 10770]",test
4932,The Stepford Wives,"Joanna Eberhart has come to the quaint little town of Stepford, Connecticut with her family, but soon","[9648, 53, 878, 27]",test
5225,Jack Reacher,"One morning in an ordinary town, five people are shot dead in a seemingly random attack. All evidence points to a single suspect: an ex-military sniper who is quickly brought into custody. The interrogation yields one written note: 'Get Jack Reacher!'. Reacher, an enigmatic ex-Army investigator, believes the authorities have","[80, 18, 53, 28]",test
2573,Upgraded,"Ana is an ambitious intern dreaming of a career in the art world while trying to impress her demanding boss Claire. When she's upgraded to first class on a work trip,","[10749, 35]",test
3624,A Conspiracy of Faith,"Denmark, 2016. A blurred note is found in a bottle that has traveled across the ocean for a long time. After deciphering the cryptic note, Department Q follow a","[80, 18, 9648, 53]",test
2062,Kung Fu Panda,"When the Valley of Peace is threatened, lazy Po the panda discovers his destiny as the ""chosen one"" and trains to become a kung fu hero, but transforming the","[16, 10751, 35, 28, 12]",test
8654,Men in Black: International,The Men in Black have always protected the Earth from the scum of the universe. In this new,"[35, 878, 28, 12]",test
1791,Asterix & Obelix: Mission Cleopatra,History's favorite Gauls assist Queen Cleopatra when she wagers that the Egyptian,"[10751, 14, 35, 12]",test
5534,May December,"Twenty years after their notorious tabloid romance gripped the nation, a married couple buckles under",[18],test
7704,Crossing Over,"Immigrants from around the world enter Los Angeles every day, with hopeful visions of a better life, but little notion of what that life may cost. Their desperate scenarios test the","[80, 18]",test
8983,The Man,A case of mistaken identity forces a Federal agent and a dental supply salesman to team up as they speed,"[28, 35, 80]",test
5453,Main Hoon Na,An army major goes undercover as a college student. His mission is both professional and personal:,[18],test
9626,Leprechaun 2,"A thousand years ago, the Leprechaun left a bloody trail when he ripped through the countryside in search of his stolen gold. Now he's back in the big city using all of his deadly tricks to snare the girl","[35, 27]",test
4336,Time After Time,Writer H. G. Wells pursues Jack the Ripper to modern day San Francisco after,"[12, 18, 35, 878, 53]",test
5568,"I Love You, Man","Peter Klaven is a successful real estate agent who, upon getting engaged to the woman of his dreams, Zooey, discovers, to his dismay and chagrin, that he has","[35, 10749]",test
8488,An American Werewolf in Paris,An American man unwittingly gets involved with werewolves who have,"[27, 35, 14]",test
4057,Flavors of Youth,"The rigorous city life of China, while bustling and unforgiving, contains the everlasting memories of days past. Three stories told in three different cities, follow the loss of youth and the daunting realization of adulthood. Though reality may seem ever changing, unchangeable are the short-lived moments of one's childhood days. A plentiful bowl of noodles, the","[16, 10749, 18]",test
3456,The Dressmaker,"In 1950s Australia, beautiful, talented dressmaker Tilly returns to her tiny hometown to right wrongs from her past. As she","[18, 35, 37]",test
2164,The Seventh Company Has Been Found,The second part of,"[35, 10752]",test
9966,With Open Arms,"Jean-Étienne Fougerole is an intellectual bohemian who released his new novel ""In Open Arms"" and calling the wealthiest people to welcome home the families in need. While he promotes his book during a televised debate, his opponent criticized him for",[35],test
7617,28 Days,"After getting into a car accident while drunk on the day of her sister's wedding, Gwen Cummings is given a choice between prison or a rehab center. She","[35, 18]",test
5215,Brother Bear 2,Kenai finds his childhood human friend Nita and the two embark on a journey to burn,"[12, 16, 10751]",test
5899,Thor: The Dark World,Thor fights to restore order across the cosmos… but an ancient race led by the vengeful Malekith returns to plunge the universe back into darkness. Faced with an enemy that even Odin and,"[28, 12, 14]",test
5683,Trust,"A suburban family is torn apart when fourteen-year-old Annie meets her first boyfriend online. After months of communicating via online chat and phone, Annie discovers her friend is not who he originally claimed","[80, 18, 53]",test
8688,King Cobra,"It’s 2006, YouTube is in its infancy, and internet porn is still behind a paywall. Taking the stage name Brent Corrigan, a fresh-faced, wannabe adult video performer","[80, 18]",test
6197,Your Sister's Sister,Iris invites her friend Jack to stay at her family's island getaway after the death of his brother.,[35],test
9850,Sleeping Beauty,"A haunting erotic fairytale about Lucy, a young University student","[18, 10749]",test
6159,Judgment Night,"Four young friends, while taking a shortcut en route to a local boxing","[28, 80, 53]",test
3199,Far from Heaven,"In 1950s Connecticut, a housewife's life is upended by","[18, 10749]",test
8679,Problem Child 2,"Junior and his father, Ben, move from Cold River to Mortville. Junior becomes threatened by Ben's desire","[35, 10751]",test
1942,High Plains Drifter,A gunfighting stranger comes to the small settlement of Lago. After gunning down three gunmen who tried to kill,"[37, 18, 9648]",test
9317,The Pact,"After their mother passes away, sisters Nicole and Annie reluctantly return to their childhood home to pay their last respects. While staying overnight in the house, the sisters sense a mysterious presence in their midst: noises startling them in the night, objects","[27, 9648, 53]",test
481,Bad Genius,"Lynn, a brilliant student, after helping her friends to get the grades","[18, 80, 53, 35]",test
3280,The Proposition,"In 1880s Australia, a lawman offers renegade Charlie Burns a difficult choice. In order to save his younger brother from the gallows, Charlie must hunt down and kill his older","[28, 12, 80, 18, 53, 37]",test
1169,Moulin Rouge!,"A celebration of love and creative inspiration takes place in the infamous, gaudy and glamorous Parisian nightclub, at the cusp of the 20th century. A","[18, 10749, 10402]",test
7475,The Crew,One of the members of a gang of thieves commits a serious mistake that force them to work for,"[18, 80, 53]",test
6721,Smurfs: The Lost Village,"In this fully animated, all-new take on the Smurfs, a mysterious map sets Smurfette and her friends Brainy, Clumsy and","[10751, 35, 12, 16]",test
297,The Passion of Joan of Arc,"A classic of the silent age, this film tells the story of the doomed but ultimately canonized 15th-century teenage warrior. On trial for claiming she'd spoken to God, Jeanne d'Arc is subjected to inhumane treatment and","[18, 36]",test
5367,Suicide Kings,"Carlo, a former mobster, is abducted by five privileged young men desperate to raise a $2 million ransom to save the sister of a","[28, 35, 80, 18, 53]",test
6173,Super Fuzz,"While delivering a parking ticket to a small village in the Florida everglades, Officer Dave Speed finds himself in the middle of","[14, 28, 35, 878]",test
7924,Monster Trucks,"Tripp is a high school senior with a knack for building trucks who makes an incredible discovery - a gas-guzzling creature named Creech. To protect his mischievous new friend, Tripp hides Creech under the hood of","[28, 35, 878]",test
2700,Troy,"In year 1250 B.C. during the late Bronze age, two emerging nations begin to clash. Paris, the Trojan prince, convinces Helen, Queen of Sparta, to leave her husband Menelaus, and sail with him back to Troy. After Menelaus finds out","[10752, 28, 36]",test
4379,Dark Water,A woman in the midst of an unpleasant divorce moves to an eerie apartment building,"[27, 9648, 53]",test
6784,The Wrath of Becky,"Two years after she escaped a violent attack on her family, 16-year-old Becky attempts to rebuild her life in the care of an older woman -- a kindred spirit named Elena. However, when a","[28, 27, 53]",test
8228,Kidnapping Mr. Heineken,"The true story of the kidnapping of Freddy Heineken, the grandson of the founder of the Heineken","[18, 28, 80, 53, 9648]",test
5132,JCVD,"Between his tax problems and his legal battle with his wife for the custody of his daughter, these are hard times for the action movie star who finds that even Steven Seagal has pinched a role from him! This","[18, 28, 35, 80]",test
9687,Drive-Away Dolls,"Jamie, an uninhibited free spirit bemoaning yet another breakup with a girlfriend, and her demure friend Marian desperately needs to loosen up. In search of a fresh start,","[35, 80]",test
1595,The SpongeBob Movie: Sponge on the Run,"When his best friend Gary is suddenly snatched away, SpongeBob takes Patrick on","[10751, 35, 12, 16]",test
1329,Breaking the Waves,"In a small, conservative Scottish village, an oilman is paralyzed in an accident. His wife, who prayed","[18, 10749]",test
1923,Nowhere,A young pregnant woman named Mia escapes from a country at war by hiding in a maritime container aboard a cargo,"[53, 18]",test
8010,The Pacifier,Navy SEAL Shane Wolfe is handed a new assignment: Protect the five Plummer kids from enemies of,"[35, 10751, 28]",test
5896,Tideland,"Because of the actions of her irresponsible parents, a young girl is left","[14, 18, 53, 878]",test
6459,Cargo,After being infected in the wake of a violent pandemic and with only 48 hours,"[18, 53, 27]",test
9013,Exit Wounds,"Maverick cop Orin Boyd always brings down the domestic terrorists he tracks, but he ruffles feathers with his unorthodox techniques -- and soon finds himself reassigned to the toughest district in","[28, 80, 53]",test
3324,Ip Man 3,When a band of brutal gangsters led by a crooked property developer make a,"[28, 18, 36]",test
5770,Little Monsters,A washed-up musician teams up with a teacher and a kids show,"[27, 35]",test
5902,The Neon Demon,"When aspiring model Jesse moves to Los Angeles, her youth and vitality are devoured by a","[27, 53]",test
3230,Moby Dick,"In 1841, young Ishmael signs up for service aboard the Pequod, a whaler sailing out of New Bedford. The ship is under the command of Captain Ahab, a strict disciplinarian who exhorts his men","[12, 18]",test
285,Song of the Sea,"The story of the last Seal Child’s journey home. After their mother’s disappearance, Ben and Saoirse are sent to live with Granny in the city. When they resolve to return to their home by the sea, their journey becomes a race against time as","[10751, 16, 14]",test
5939,The Jane Austen Book Club,"Six Californians start a club to discuss the works of Jane Austen. As they delve into Austen's literature, the","[35, 10749]",test
7077,Extinction,"And suddenly, overnight, the world came to a halt. Two men, two survivors, one kid, and hatred","[28, 12, 27, 878, 53]",test
1471,High School of the Dead: Drifters of the Dead,"In their efforts to find a safe haven from the zombie apocalypse, the gang find themselves on a","[35, 16, 12, 27]",test
4106,Loft,"Five close friends, all of them married, share a loft to meet their mistresses. One day they find the body of a young","[18, 9648, 10749]",test
5257,The Man in the Iron Mask,"Years have passed since the Three Musketeers, Aramis, Athos and Porthos, have fought together with their friend, D'Artagnan. But with the tyrannical King Louis using his","[12, 28, 18]",test
1837,The Great Gatsby,"An adaptation of F. Scott Fitzgerald's Long Island-set novel, where Midwesterner Nick Carraway is lured into the lavish world of his neighbor,","[18, 10749]",test
4529,In Her Name,"In 1982, André Bamberski learns about the death of his 14 year-old daughter, Kalinka, while she was on vacation with her mother and stepfather in Germany. Convinced that Kalinka’s death was not an accident, Bamberski begins to investigate. A botched autopsy report raises","[18, 80]",test
6063,Colors,A confident young cop is shown the ropes by a veteran partner in the dangerous gang-controlled,"[28, 80, 18, 10749, 53]",test
9741,Incarnate,An exorcist comes up against an evil from his past when he uses,"[27, 53]",test
1257,The Birds,Thousands of birds flock into a seaside town and,"[27, 53]",test
7900,The Night Before,"In New York City for their annual tradition of Christmas Eve debauchery, three lifelong best friends set out","[35, 12, 14]",test
4861,Nymphomaniac: Vol. II,The continuation of Joe's sexually dictated life delves into the darker aspects of,"[18, 9648]",test
9380,Inside,An art thief trapped in a New York penthouse after his heist doesn't go as planned. Locked inside,"[53, 18]",test
145,Good Will Hunting,"Headstrong yet aimless, Will Hunting has a genius-level IQ but chooses to work as a janitor at MIT. When he secretly solves highly difficult graduate-level math problems, his talents are discovered by Professor Gerald Lambeau, who decides to help the misguided youth",[18],test
2347,Pearl,"Trapped on her family’s isolated farm, Pearl must tend to her ailing father under the bitter and overbearing watch of","[27, 53]",test
1047,Steins;Gate: The Movie - Load Region of Déjà Vu,"One year after the events of the anime, Rintarou begins to feel the repercussions of extensive time travel, and eventually completely","[878, 16, 18]",test
6199,Drag Me to Hell,"After denying a woman the extension she needs to keep her home, loan officer Christine Brown sees her once-promising life take a startling turn for the worse. Christine is convinced she's been cursed by a","[27, 53]",test
2878,The Dark Crystal,"On another planet in the distant past, a Gelfling embarks on a quest to find the missing shard of a magical","[12, 10751, 14]",test
5053,Emily the Criminal,"Desperate for income, Emily takes a shady gig buying goods with stolen credit cards supplied by a charismatic middleman named Youcef.","[80, 18, 53]",test
3147,I Hate Summer,Three families end up in the same rented house. Throughout the,[35],test
4581,The DUFF,"Bianca's universe turns upside down when she learns that her high school refers to her as a ‘DUFF' (Designated Ugly Fat Friend). Hoping to erase that label, she enlists the","[10749, 35]",test
5254,White God,"13 year old Lili fights to protect her dog Hagen, and is devastated when her father sets Hagen free on the streets. Still innocently believing love can conquer any difficulty,",[18],test
503,Shoplifters,"In the outskirts of Tokyo, a poor but close-knit group living on the fringes of society survives through shoplifting and odd jobs. When Osamu and his son take in a neglected young girl,","[18, 80, 53]",test
6101,Police Story 4: First Strike,"Hong Kong cop Chan Ka-Kui returns, working with Interpol to track down and arrest an illegal weapons dealer. Chan later realizes that things","[28, 12, 35, 80, 18, 53]",test
7290,Mean Machine,"Disgraced ex-England football captain, Danny 'Mean Machine' Meehan, is thrown in jail for assaulting two police officers. He keeps his head down and has the opportunity to forget everything","[35, 18]",test
9036,Paranormal Activity 2,"Just as Daniel and Kristi welcome a newborn baby into their home, a demonic presence","[27, 9648]",test
1097,The Hobbit: The Desolation of Smaug,"The Dwarves, Bilbo and Gandalf have successfully escaped the Misty Mountains, and Bilbo has gained the","[14, 12, 28]",test
7192,Ghosts of War,A group of World War II American soldiers encounter a supernatural,"[27, 53, 10752, 878]",test
826,Black Swan,"The story of Nina, a ballerina in a New York City ballet company whose life, like all those in her profession, is completely consumed with dance. She lives with her retired ballerina mother Erica","[18, 53, 27]",test
1943,Red River,"Following the Civil War, headstrong rancher Thomas Dunson decides to lead a perilous cattle drive from Texas to Missouri. During",[37],test
1783,My Sister's Keeper,"Sara and Brian live an idyllic life with their young son and daughter. But their family is rocked by sudden, heartbreaking news that forces them to make a difficult and unorthodox choice in order to save their baby girl's life. The parents' desperate decision raises both ethical and",[18],test
6847,Dark Skies,"From the producers of Paranormal Activity, Insidious, and Sinister comes Dark Skies: a supernatural thriller that follows a young family living in the suburbs. As husband and wife Daniel and Lacey Barret witness an escalating series of disturbing events involving their family, their","[878, 53, 27]",test
5990,Mother's Day,Crazed members of a sadistic family return to,"[80, 27, 53]",test
4698,First Love,"One night in Tokyo, Leo, a young boxer, meets his first love, Monica, an imprisoned sex worker. Caught up in","[80, 28, 35]",test
4319,The Ghost Writer,A writer stumbles upon a long-hidden secret when he agrees to help former British Prime Minister Adam,"[53, 9648]",test
1309,Almost Famous,"In 1973, 15-year-old William Miller's unabashed love of music and aspiration to become a rock journalist lands","[18, 10402]",test
6541,The Knight Before Christmas,A medieval English knight is magically transported to present day where,"[35, 10749]",test
6728,Doc Hollywood,"After leaving Washington D.C. hospital, plastic surgeon Ben Stone heads for California, where a lucrative practice","[35, 10749]",test
68,Given,"Haruki secretly had feelings for Akihiko for years, but Akihiko was still in a relationship with his","[16, 18, 10402, 10749]",test
6565,The Assassin,"9th century China. Ten year old general’s daughter Nie Yinniang is abducted by a nun who initiates her into the martial arts, transforming her into an exceptional assassin charged with eliminating cruel and corrupt local governors. One day, having failed in a task, she is sent back by her","[18, 28, 36]",test
3340,Lethal Weapon 2,Riggs and Murtaugh are on the trail of South African,"[28, 12, 35, 80, 53]",test
5380,Conspiracy Theory,A man obsessed with conspiracy theories becomes a target after one of his theories turns out to,"[28, 18, 9648, 53]",test
5732,The Chronicles of Riddick,"After years of outrunning ruthless bounty hunters, escaped convict Riddick suddenly finds himself caught between opposing forces in a fight for the future of the human race. Now, waging","[28, 878]",test
1738,Mad Max 2,Max Rockatansky returns as the heroic loner who drives the dusty roads of a postapocalyptic Australian Outback in an unending search for gasoline. Arrayed against him and the other,"[12, 28, 53, 878]",test
9357,My Best Friend's Girl,"Lovestruck Dustin is dating Alexis, his ideal girlfriend, but when she dumps him for coming on too strong, Dustin takes drastic measures to win her back. He asks his best friend Tank to take her on the worst rebound date imaginable - his side job - so","[10749, 35]",test
93,Klaus,"A selfish postman and a reclusive toymaker form an unlikely friendship,","[16, 10751, 12, 35, 14]",test
7555,Murder by Numbers,"Tenacious homicide detective Cassie Mayweather and her still-green partner are working a murder case, attempting to","[80, 18, 53]",test
4648,Oedipus Rex,"In pre-war Italy, a young couple have a baby boy. The father, however, is jealous of his son - and the scene moves to antiquity, where the baby is taken into the desert to be killed. He is rescued, given the name Oedipus, and brought up by the King",[18],test
5928,The Bookshop,"Set in a small English town in 1959, a woman decides, against polite but",[18],test
4387,200 Pounds Beauty,"Based on a Japanese manga, Kanna-San, Daiseikou Desu, this story revolves around Kang Han-na, an overweight phone sex employee and secret vocalist for Ammy, a famous Korean pop","[18, 35, 10749]",test
7601,Splinter,"When their plans for a nature trip go awry, Polly and boyfriend Seth decide to check into a motel. On their way, they're carjacked and kidnapped by low-rent crooks Dennis and Lacey, who take the","[27, 53, 80, 878]",test
8944,Kicking & Screaming,"Phil Weston has been unathletic his entire life. In college he failed at every sport that he tried out for. It looks like his 10-year old son, Sam, is following in his footsteps. But when Phil's hyper-competitive dad benches","[10751, 35]",test
76,The Intouchables,A true story of two men who should never have met – a quadriplegic aristocrat,"[18, 35]",test
2319,Betty Blue,A lackadaisical handyman and aspiring novelist tries to support,"[18, 10749]",test
7425,The Prince & Me,"A fairy tale love-story about pre-med student Paige who falls in love with a Danish Prince ""Eddie"" who refused to follow the traditions of his parents and","[35, 10749]",test
916,Laurence Anyways,The story of an impossible love between a woman named Fred and a transgender,"[18, 10749]",test
9369,The Maiden Heist,A comedy centered on three museum security guards who devise a plan to steal back,"[35, 80]",test
4345,An Unfinished Life,"Stoic and heartbroken, Einar Gilkyson quietly lives in the rugged Wyoming ranchlands alongside his only trusted friend, Mitch Bradley. One day, the woman he blames for the death of his only son",[18],test
7191,No Escape,"In the year 2022, a ruthless prison warden has created the ultimate solution for his most troublesome and violent inmates: Absolom, a secret jungle island where prisoners are abandoned and left to","[28, 18, 878, 53]",test
8369,The Marvels,"When her duties send her to an anomalous wormhole linked to a Kree revolutionary, Carol's powers become entangled with that of Jersey City super-fan Kamala Khan, aka Ms. Marvel, and","[878, 12, 28]",test
2010,Carrie,Withdrawn and sensitive teen Carrie White faces taunting from classmates at school and abuse from her fanatically pious,"[27, 53]",test
7722,Happily Mixed Up,A psychoanalyst learns to have an illness and as a consequence he decides to quit his,[35],test
194,The Hunt,"A teacher lives a lonely life, all the while struggling over his son’s custody. His life slowly gets better as he finds love",[18],test
7314,The Other Woman,"Emilia, a law-school graduate, falls in love with her married boss, Jack. After Emilia marries Jack, her happiness turns unexpectedly to grief following the death of",[18],test
6475,Flypaper,A man caught in the middle of two simultaneous robberies at a bank,"[9648, 35, 80]",test
9513,Truth or Dare,A group of friends are lured to an isolated cabin by a promise of,"[27, 53, 9648]",test
7049,Your Place or Mine,"When best friends and total opposites Debbie and Peter swap homes for a week, they","[10749, 35]",test
6424,Don't Think Twice,"An improv group deals with several crises, including the loss","[35, 18]",test
4977,Troll Hunter,"A group of students investigates a series of mysterious bear killings, but learns that there are much more dangerous","[14, 27]",test
998,Mortal Kombat Legends: Battle of the Realms,"The Earthrealm heroes must journey to the Outworld and fight for the survival of their homeland, invaded by","[16, 28, 14]",test
6904,Beauty Shop,"Far from Chicago, hairdresser Gina Norris has relocated to Atlanta with her daughter and has quickly established herself as a rare talent in her profession. But after repeatedly butting heads with","[35, 10749]",test
8099,Arcadian,"In the near future, on a decimated Earth, Paul and his twin sons face terror at night when ferocious creatures awaken. When Paul","[28, 27, 53, 878]",test
5448,Silent Hill,"Rose, a desperate mother takes her adopted daughter, Sharon, to the town of Silent Hill in an attempt to cure her of her ailment. After a violent car crash, Sharon disappears and Rose begins a desperate search to get her back. She","[27, 9648]",test
9327,Momentum,"When Alex, an infiltration expert with a secret past, accidentally reveals her identity during what should have been a routine heist, she quickly finds herself mixed up in a government conspiracy and entangled in a","[28, 80, 53]",test
7114,The Dead Pool,"Dirty Harry Callahan returns for his final film adventure. Together with his partner Al Quan, he must investigate the systematic murder of actors and musicians. By the","[28, 80, 53]",test
3408,Mickey's Twice Upon a Christmas,"Santa Claus, Mickey Mouse and all his Disney pals star in an original movie about the importance of opening your heart to the true spirit of Christmas.","[16, 10751]",test
5405,The Wizard of Lies,"A look behind the scenes at Bernie Madoff's massive Ponzi scheme, how it was perpetrated on the public","[80, 18, 36, 53, 10770]",test
2850,Tangled Ever After,"The kingdom is in a festive mood as everyone gathers for the royal wedding of Rapunzel and Flynn. However, when Pascal and Maximus, as flower chameleon and ring bearer, respectively, lose the gold bands, a frenzied search and recovery mission gets underway. As the desperate duo tries to find the rings before anyone","[16, 35, 28, 10751]",test
8088,Sanctum,"Master diver Frank McGuire has explored the South Pacific's Esa-ala Caves for months.  But when his exit is cut off in a flash flood, Frank's team—including","[28, 53]",test
2705,Kiss Kiss Bang Bang,A petty thief posing as an actor is brought to Los Angeles for an unlikely audition and finds himself in the middle,"[35, 80, 9648, 53]",test
6846,The Visit,A brother and sister are sent to their grandparents' remote Pennsylvania farm for a,"[27, 9648, 53]",test
432,Divorce Italian Style,"Ferdinando Cefalù is desperate to marry his cousin, Angela, but he is married to Rosalia and divorce is illegal in Italy. To get around the law, he tries to trick his wife into having an affair so he can catch","[35, 80]",test
7851,F,A group of teachers must defend themselves from a gang of,"[27, 53]",test
4028,Rango,"When Rango, a lost family pet, accidentally winds up in the gritty, gun-slinging town of Dirt, the less-than-courageous lizard suddenly finds he stands out.","[16, 35, 10751, 37, 12]",test
1048,The Fault in Our Stars,"Despite the tumor-shrinking medical miracle that has bought her a few years, Hazel has never been anything but terminal, her final chapter inscribed upon","[10749, 18]",test
4923,RED,"After surviving an assault from a squad of hit men, retired CIA black ops agent Frank Moses reassembles his old team for an all-out war. Frank reunites with old Joe,","[28, 12, 35, 80, 53]",test
1935,A Nightmare on Elm Street,"Teenagers in a small town are dropping like flies, apparently in the grip of mass hysteria causing their suicides. A cop's daughter, Nancy Thompson, traces the cause to child molester Fred Krueger, who was burned alive by angry parents many years before.",[27],test
4569,Asterix in Britain,"One little ancient British village still holds out against the Roman invaders. Asterix and Obelix are invited to help. They must face fog, rain, warm beer and boiled boar","[10751, 16, 12, 35]",test
195,New Gods: Nezha Reborn,"While living as an ordinary deliveryman and motor racing fan, Nezha encounters","[16, 14, 28]",test
4697,Superman II,Three Kryptonian criminals led by General Zod team up with Lex Luthor to,"[878, 28, 12]",test
392,We Are the Nobles,"Tells the ""riches to rags"" story of the Nobles, three upper-class twenty-somethings that appear to have no limits to their checkbooks, and no direction in their lives. Until one day, their father tries to teach them a",[35],test
8213,Alvin and the Chipmunks: The Road Chip,"Through a series of misunderstandings, Alvin, Simon and Theodore come to believe that Dave is going to propose to his new","[10751, 35, 10402, 12, 16]",test
6304,Wild Target,"Victor Maynard is a middle-aged, solitary assassin who lives to please his formidable mother, despite his own peerless reputation for lethal efficiency. His professional routine is interrupted when he finds himself drawn to one of his intended","[28, 35]",test
3110,What's Love Got to Do with It,Singer Tina Turner rises to stardom while mustering the,"[18, 10402, 36]",test
4715,Road House,"The Double Deuce is the meanest, loudest and rowdiest bar south of the Mason-Dixon Line, and Dalton has been hired to clean it up. He might not look like much, but the Ph.D.-educated bouncer proves he's","[28, 53]",test
5549,Lionheart,Lyon Gaultier is a deserter in the Foreign Legion arriving in the USA entirely hard up. He finds his brother between life and death and his sister-in-law without,[28],test
2066,Red Dog,The legendary true story of the Red Dog who united a disparate local,"[18, 35, 10751]",test
1716,Rushmore,"When a beautiful first-grade teacher arrives at a prep school, she soon attracts the attention of an ambitious teenager named Max, who quickly falls in love with her. Max turns to the father of two of his","[35, 18]",test
537,The Shadow in My Eye,"On March 21st, 1945, the British Royal Air Force set out on a mission to bomb Gestapo's headquarters in Copenhagen. The raid had","[10752, 18, 36]",test
7092,Legends of Oz: Dorothy's Return,"Dorothy wakes in post-tornado Kansas, only to be whisked back to Oz to try to save her old friends, the Scarecrow, the Lion, the Tin Man, and Glinda, from a devious new villain, the Jester.","[16, 10751, 14]",test
6211,The Uninvited,"Anna returns home after spending time in a psychiatric facility following her mother's tragic death and discovers that her mother's former nurse, Rachel, has moved into their house",[27],test
4824,Bumblebee,"On the run in the year 1987, Bumblebee finds refuge in a junkyard in a small Californian beach town. Charlie, on the cusp of turning 18 and","[28, 12, 878]",test
2220,Riders of Justice,"Markus returns home to care for his daughter when his wife dies in a tragic train accident. However, when a survivor of","[28, 35, 18, 53]",test
2109,Sonic the Hedgehog,"Powered with incredible speed, Sonic The Hedgehog embraces his new home on Earth. That is, until Sonic sparks the attention of super-uncool evil genius Dr.","[28, 878, 35, 10751]",test
2137,The Fundamentals of Caring,"Having suffered a tragedy, Ben becomes a caregiver to earn money. His first client, Trevor, is a hilarious 18-year-old with muscular dystrophy. One paralyzed emotionally, one paralyzed physically, Ben and Trevor hit the road on a trip into","[35, 18]",test
8471,Alexander,"Alexander, the King of Macedonia, leads his legions against the giant Persian Empire. After defeating the Persians, he leads his","[10752, 36, 28, 12, 18, 10749]",test
8919,Neighbors 2: Sorority Rising,A sorority moves in next door to the home of Mac and Kelly Radner who have a,[35],test
7279,Accident Man,"Mike Fallon, the Accident Man, is a stone cold killer.  When a loved one is murdered by","[28, 80, 53]",test
2200,Land of Bad,"When a Delta Force special ops mission goes terribly wrong, Air Force drone pilot Reaper has 48 hours to remedy what has devolved into a wild rescue operation.","[28, 10752, 53]",test
954,The Longest Ride,The lives of a young couple intertwine with a much older man as he,"[18, 10749]",test
5846,Dragonslayer,A sorcerer and his apprentice are on a mission to kill an evil dragon to save the King’s daughter,"[14, 12]",test
2761,Confession of Murder,A serial killer reappears 15 years after his murder spree with a book detailing his crimes. The resentful cop who failed to catch him before is assigned to protect,"[28, 53]",test
3169,Patriots Day,"In the aftermath of an unspeakable act of terror, Police Sergeant Tommy Saunders joins courageous survivors, first responders and","[28, 80, 18, 36, 53]",test
4930,Night Moves,Private detective and former football player Harry Moseby gets hired on to what seems a standard missing person case - a former Hollywood actress wants Moseby to find and return her daughter. Harry travels,"[9648, 53, 80]",test
7857,V/H/S/94,"After the discovery of a mysterious VHS tape, a brutish police SWAT team launches a high-intensity raid on a","[27, 53]",test
459,Persepolis,"In 1970s Iran, Marjane 'Marji' Satrapi watches events through her young eyes and her idealistic family of a long dream being fulfilled of the hated Shah's defeat in the Iranian","[16, 18]",test
3793,Nine to Five,"Three female employees of a sexist, egotistical, lying, hypocritical bigot",[35],test
742,Slumdog Millionaire,A teenager reflects on his life after being accused of cheating,"[18, 10749]",test
9458,Leatherface,A young nurse is kidnapped by a group of violent teens who escape from a mental hospital and take her on the road trip from hell. Pursued by an,"[27, 53]",test
5743,Looking for Eric,A man trying to put his life back on track gets,"[18, 35]",test
50,American History X,"Derek Vineyard is paroled after serving 3 years in prison for killing two African-American men. Through his brother, Danny Vineyard's narration, we learn that before going to prison, Derek was a skinhead and the leader of a violent white supremacist gang that",[18],test
2108,Stolen Kisses,"The third in a series of films featuring François Truffaut's alter-ego, Antoine Doinel, the story resumes with Antoine being discharged from military service. His sweetheart Christine's father lands Antoine a job as a","[35, 18, 10749]",test
3005,Ariel,A Finnish man goes to the city to find a job after,"[35, 18, 10749, 80]",test
2698,Monsieur Lazhar,"During a harsh Montréal winter, an elementary-school class is left reeling after its teacher commits suicide. Bachir Lazhar, a charismatic Algerian immigrant, steps in as the substitute teacher for the classroom of traumatized","[18, 35]",test
6130,The Love Witch,A modern-day witch uses spells and magic to get men,"[27, 35, 10749]",test
2762,House of Sand and Fog,"Behrani, an Iranian immigrant buys a California bungalow, thinking he can fix it up, sell it again, and make enough money to send his son to college. However, the house is the legal property of former drug addict Kathy. After losing the house in an",[18],test
8909,Analyze That,"The mafia's Paul Vitti is back in prison and will need some serious counseling when he gets out. Naturally, he returns to his analyst Dr. Ben Sobel","[35, 80]",test
4555,Kill the Irishman,"Over the summer of 1976, thirty-six bombs detonate in the heart of Cleveland while a turf war raged between Irish mobster Danny Greene and the Italian","[28, 80, 53, 18]",test
3314,My Neighbors the Yamadas,The Yamadas are a typical middle class Japanese family in urban Tokyo and this film shows us a variety of episodes of their lives. With,"[16, 35, 10751]",test
6867,Yara,"The murder of 13-year-old Yara Gambirasio shocks the little town of Brembate di Sopra, Italy. To bring the culprit to",[18],test
866,Scooby-Doo on Zombie Island,"After going their separate ways, Scooby-Doo, Shaggy, Velma, Daphne, and Fred reunite to investigate the ghost of Moonscar the pirate on a haunted bayou island, but it turns out the swashbuckler's spirit isn't the","[16, 9648, 10751, 27]",test
5897,Bubba Ho-tep,"Bubba Ho-tep tells the ""true"" story of what really did become of Elvis Presley. We find Elvis as an elderly resident in an East Texas rest home, who switched identities with an","[35, 27, 53, 9648, 14]",test
3362,An Officer and a Gentleman,"Zack Mayo is an aloof, taciturn man who aspires to be a navy pilot. Once he arrives at training camp for his 13-week officer's course, Mayo runs afoul of abrasive, no-nonsense drill Sergeant Emil Foley. Mayo is an excellent cadet, but a","[18, 10749]",test
5462,Goya's Ghosts,"Painter Francisco Goya becomes involved with the Spanish Inquisition after his muse, Inés, is arrested by the church for heresy.","[18, 36]",test
3704,RocknRolla,"When a Russian mobster sets up a real estate scam that generates millions of pounds, various members of London's criminal underworld pursue their share","[28, 80, 53]",test
2058,"Good Morning, Vietnam",A disk jockey goes to Vietnam to work for the Armed Forces Radio Service.,"[35, 18, 10752]",test
3919,Finestkind,Two brothers from opposite sides of the tracks are reunited as adults. Desperate circumstances force them into a,"[80, 18, 53]",test
7768,Ad Astra,"The near future, a time when both hope and hardships drive humanity to look to the stars and beyond. While a mysterious phenomenon menaces to destroy life on planet Earth, astronaut Roy McBride","[878, 18]",test
8004,No Filter,"Beatrice celebrates with her family the release of her book: she tells about the accident of her husband Frederic. He became blind and without filter - always so funny and seductive, he is totally unpredictable. But this",[35],test
7957,Kill Your Friends,"A&R man Steven Stelfox is slashing and burning his way through the music business, a world where 'no one knows anything' and where careers are made and broken by","[35, 80, 53]",test
8023,My Life Without Me,A fatally ill mother with only two months to live creates a list of things,"[18, 10749]",test
8173,Bee Movie,"Barry B. Benson, a recent college graduate who wants more out of his life than making honey, decides to sue","[10751, 16, 12, 35]",test
3737,Fly Away Home,"Amy is only 13 years old when her mother is killed. She goes to Canada to live with her father, an eccentric inventor whom she barely knows. Amy is miserable in her new life... until she discovers a","[12, 18, 10751]",test
5273,Aline,"A fictionalized biopic of Aline Dieu, a","[10402, 35, 18, 10751]",test
2229,Jeremiah Johnson,A mountain man who wishes to live the life of a hermit becomes the unwilling object of a long vendetta,"[12, 37, 18, 28]",test
4706,Tucker: The Man and His Dream,"Ypsilanti, Michigan, 1945. Engineer Preston Tucker dreams of designing the car of future, but his innovative",[18],test
9060,We Are What We Are,"The Parkers, reclusive people who cling to ancient customs, find their secret lives threatened when a torrential","[18, 27, 53]",test
2063,Duck Soup,Rufus T. Firefly is named president/dictator of bankrupt Freedonia and declares,"[35, 10752]",test
3257,Elephant,Several ordinary high school students go through their daily,"[80, 18]",test
9891,Behaving Badly,Teenager Rick Stevens is willing to do whatever it takes to win the heart of Nina Pennington. He'll have to deal with his best friend's,[35],test
3808,Project Silence,"Due to sudden deteriorating weather conditions, visibility on the Airport Bridge is severely impaired, leaving people stranded and at risk of the bridge collapsing due to a series of chain collisions and","[53, 28, 27, 878, 12]",test
6370,"My Donkey, My Lover & I","Antoinette, a school teacher, is looking forward to her long planned summer holidays with her secret lover Vladimir, the father of one of her pupils. When learning that Vladimir cannot come because his wife","[35, 12, 10749]",test
863,12 Angry Men,"During the trial of a man accused of his father's murder, a lone juror takes a stand","[18, 10770]",test
2830,After the Wedding,A manager of an orphanage in India is sent to,[18],test
6596,The Imaginarium of Doctor Parnassus,"After a carnival troupe saves his life, a man agrees to help its","[12, 14, 9648]",test
7661,Ben 10: Alien Swarm,Ben and a mysterious girl from his past must,"[12, 28, 10770, 878]",test
9043,Black Sheep,A genetic engineering experiment gone horribly awry turns a,"[27, 35]",test
3112,The Thirteenth Floor,"In Los Angeles, a wealthy man, known as Mr. Fuller, discovers a shocking secret about the world he lives in.","[53, 878, 9648]",test
6154,Olaf's Frozen Adventure,Olaf is on a mission to harness the,"[16, 10751, 12, 35, 14]",test
1132,Gattaca,"Vincent is an all-too-human man who dares to defy a system obsessed with genetic perfection. He is an ""In-Valid"" who assumes the","[53, 878, 9648, 10749]",test
6679,New Kids Turbo,Five friends from 'Maaskantje' are getting fired because of the economic,"[28, 35]",test
6352,Operation Christmas Drop,While gathering evidence to support closing a tropical U.S. Air,"[35, 10751, 10749, 10770]",test
6897,Flushed Away,"London high-society mouse, Roddy is flushed down the toilet by Sid, a common sewer rat. Hang on for a madcap adventure deep","[12, 16, 35, 10751]",test
9302,Damaged,A Chicago detective travels to Scotland after an emerging serial killer’s crimes match those that he,"[28, 18, 53, 80]",test
4186,Moonstruck,"37-year-old Italian-American widow Loretta Castorini believes she is unlucky in love, and so accepts a marriage proposal from her boyfriend Johnny, even though she doesn't love him. When she meets his estranged younger brother Ronny, an emotional and passionate man, she finds herself drawn to him. She tries","[35, 18, 10749]",test
9506,Deep Blue Sea 3,Dr. Emma Collins and her team are spending their third summer on the island of Little Happy studying the effect of climate change on the great white sharks who come to the nearby nursery every year to give birth. Along with the,"[28, 27, 878]",test
1553,Scarface,"In 1920s Chicago, Italian immigrant and notorious thug, Antonio 'Tony' Camonte, aka Scarface, shoots his way","[80, 28, 18]",test
8924,Young Adult,A divorced writer from the Midwest returns to her hometown to,"[35, 18]",test
2655,Identity,Complete strangers stranded at a remote desert motel during a raging storm soon find themselves the target of a deranged murderer. As,"[9648, 53]",test
9460,Family Pack,"When an old card game comes to life, a family jumps back in time","[12, 35, 14, 28]",test
919,Vampire Hunter D: Bloodlust,"D, a legendary dhampir competes with a motley family of bounty hunters to track down","[16, 14, 27, 28, 12, 878]",test
2957,A Writer's Odyssey,"Kongwen Lu is the author of a fantasy novel series following a heroic teenager, also named Kongwen, on a quest to end the tyrannical rule of Lord Redmane, under the guidance of a Black Armor.","[14, 28, 12, 18]",test
5598,Who You Think I Am,"Claire, a 50-year-old divorced teacher, creates a fake Facebook profile of a","[18, 10749]",test
9215,Porky's II: The Next Day,"When the students of Angel Beach High decide to stage ""An Evening With Shakespeare,"" their efforts are threatened by Miss Balbricker, who views the works of Shakespeare as",[35],test
9951,Havoc,"A wealthy Los Angeles teen and her superficial friends wants to break out of suburbia and experience Southern California's ""gangsta"" lifestyle. But problems arise when","[80, 18]",test
5870,Turbo Kid,"In a post-apocalyptic wasteland, an orphaned teen must battle a","[28, 12, 35, 878]",test
2826,The Rock,"When vengeful General Francis X. Hummel seizes control of Alcatraz Island and threatens to launch missiles loaded with deadly chemical weapons into San Francisco,","[28, 12, 53]",test
4831,Dreamgirls,A trio of female soul singers cross over to the pop charts,"[18, 10402]",test
899,Onward,"In a suburban fantasy world, two teenage elf brothers embark on an extraordinary","[10751, 35, 12, 16, 14]",test
7350,Alice and the Mayor,"The mayor of Lyon, Paul Théraneau, is in a delicate position. After 30 years in politics, he is running out of ideas and is faced with a feeling of","[35, 18]",test
5022,Yes Man,"Carl Allen, a guy whose life is going nowhere, signs up for a","[35, 10749]",test
8371,When in Rome,Teenage sisters Charli and Lola are on the verge of an experience beyond their wildest dreams! Pack your bags and jet off to Rome as the girls start their summer internship working for the legendary Derek Hanson - the totally cool international tycoon whose empire reaches from airlines to cutting-edge fashion.,"[12, 10751, 10749]",test
3153,SPY x FAMILY CODE: White,"While under the guise of taking his family on a weekend winter getaway, Loid's attempt to make progress on","[16, 35, 12, 28]",test
6119,Bridget Jones: Mad About the Boy,"Bridget Jones navigates life as a widow and single mum with the help of her family, friends, and former lover, Daniel.","[10749, 35, 18]",test
6726,The Only Living Boy in New York,"When a young man learns that his overbearing father is having an affair, he",[18],test
6890,Dead in a Week (Or Your Money Back),William has failed to kill himself so many times that he outsources his suicide to aging assassin Leslie. But with the contract signed and death assured within,"[35, 28, 18]",test
53,Princess Mononoke,"Ashitaka, a prince of the disappearing Emishi people, is cursed by a demonized boar god and must journey to the west to find a cure. Along the way, he encounters","[12, 14, 16]",test
4530,Perfect Addiction,A female boxing trainer discovers that her champion cage-fighter boyfriend has been cheating on her with,"[18, 10749]",test
7321,Megan Is Missing,"Fourteen-year–old Megan and her best friend Amy spend a lot of time on the internet, posting videos of themselves and chatting with guys online. One night Megan chats","[18, 27, 53]",test
7738,Housesitter,Con artist Gwen moves into Newton's empty home without his knowledge,"[35, 10749]",test
1058,The Wizard of Oz,"Young Dorothy finds herself in a magical world where she makes friends with a lion, a scarecrow and a tin man as they make their way along the yellow brick road","[12, 14, 10751]",test
7960,Duplex,"When a young couple buys their dream home, they have no idea what",[35],test
3944,The Hidden,"When average, law-abiding citizens suddenly turn to a life of hedonistic behavior and violent crime,","[878, 53, 28, 27]",test
5543,Ender's Game,"Based on the classic novel by Orson Scott Card, Ender's Game is the story of the","[878, 28, 12]",test
4162,Denial,Acclaimed writer and historian Deborah E. Lipstadt must battle for historical truth to prove,"[18, 36]",test
290,Citizen Kane,"Newspaper magnate Charles Foster Kane is taken from his mother as a boy and made the ward of a rich industrialist. As a result, every well-meaning,","[9648, 18]",test
717,Gran Turismo,The ultimate wish-fulfillment tale of a teenage Gran Turismo player whose gaming skills won,"[12, 28, 18]",test
584,Spotlight,The true story of how the Boston Globe uncovered the massive scandal of child molestation,"[18, 36]",test
3508,This Must Be the Place,"A bored, retired rock star sets out to find his father's tormentor,",[18],test
1103,Spies in Disguise,"Super spy Lance Sterling and scientist Walter Beckett are almost exact opposites. Lance is smooth, suave and debonair. Walter is… not. But what Walter lacks in social skills he makes up for in smarts","[16, 28, 12, 35, 10751]",test
7365,The Night Clerk,"Hotel night clerk Bart Bromley is a highly intelligent young man on the Autism spectrum. When a woman is murdered during his shift, Bart becomes the prime suspect. As the","[53, 80, 18]",test
7951,The SpongeBob Movie: Sponge Out of Water,"Burger Beard is a pirate who is in search of the final page of a magical book that makes any evil plan he writes in it come true, which happens to be the Krabby Patty secret formula. When the entire city of Bikini Bottom is","[10751, 35, 12, 16]",test
1112,"Girl, Interrupted","Set in the changing world of the late 1960s, Susanna Kaysen's prescribed ""short rest"" from a psychiatrist she had met only once becomes a strange, unknown journey into Alice's Wonderland, where she struggles with the thin line between normal",[18],test
8563,Curse of Chucky,"After her mother's mysterious death, Nica begins to suspect that the talking, red-haired doll her visiting","[27, 53]",test
8522,Pyewacket,"A frustrated, angry teenage girl awakens something in the woods when she naively","[53, 27, 18]",test
4553,Anna and the King,The story of the romance between the King of Siam (now Thailand) and the widowed British school teacher Anna Leonowens during the 1860s.,"[18, 10749, 36]",test
5111,The Spiderwick Chronicles,"Upon moving into the run-down Spiderwick Estate with their mother, twin brothers Jared and Simon Grace, along","[10751, 12, 14, 18]",test
9159,Arthur and the Revenge of Maltazard,"Arthur answers a distress call from Princess Selenia,","[12, 14, 16, 10751]",test
8686,Line of Duty,"Frank Penny is a disgraced cop looking for a shot at redemption. When the police chief's 11-year-old daughter is abducted, Frank goes rogue to try","[53, 80, 28]",test
542,Two Women,A young widow flees from Rome during WWII and takes her lonely twelve-year-old-daughter to,"[18, 10752]",test
5531,Star Wars: Episode II - Attack of the Clones,"Following an assassination attempt on Senator Padmé Amidala, Jedi Knights Anakin Skywalker and","[12, 28, 878]",test
5529,House of Gucci,"When Patrizia Reggiani, an outsider from humble beginnings, marries into the Gucci family, her unbridled ambition begins","[18, 80, 36]",test
1683,Boys Don't Cry,A young transgender man explores his gender identity,"[80, 18]",test
8472,"Farewell, My Queen",A look at the relationship between Marie Antoinette and one of,"[18, 36]",test
4976,Time Freak,"Stillman, a heartbroken physics student, builds a time machine when his girlfriend breaks up with him. Going back in time, he","[878, 35, 10749]",test
5687,Fragile,"Haunted by memories of a patient's death, a nurse  takes a job at an antiquated hospital for children. Soon she learns that the kids fear a ghost","[27, 53, 9648]",test
2550,The Animatrix,"Straight from the creators of the groundbreaking Matrix trilogy, this collection of short animated films from the world's leading anime directors fuses computer graphics and Japanese anime to provide the background of","[16, 878]",test
5810,Ramona and Beezus,"Ramona is a little girl with a very big imagination and a nose for mischief. Her playful antics keep everyone in her loving family on their toes, including her older sister Beezus, who's just","[35, 10751]",test
4386,The Women on the 6th Floor,"Paris, in the early 1960s. Jean-Louis Joubert is a serious but uptight stockbroker, married to Suzanne, a starchy class-conscious woman and father of two arrogant teenage boys, currently in a boarding school. The affluent man lives a steady yet boring life. At least until, due to fortuitous circumstances, Maria, the charming new maid at the service of Jean-Louis' family, makes him discover",[35],test
7751,Big Trouble,"The story of how a mysterious suitcase brings together, and changes, the lives of a divorced dad, an unhappy housewife, two hitmen, a pair of","[28, 35, 53, 9648, 80]",test
995,The Others,"Grace is a religious woman who lives in an old house kept dark because her two children, Anne and Nicholas, have a rare sensitivity to light. When","[27, 9648, 53]",test
4023,Mike's New Car,"Mike discovers that being the top-ranking laugh collector at Monsters, Inc. has its benefits – in particular, earning enough money to buy a six-wheel-drive car that's loaded","[16, 35, 10751, 14]",test
6574,Baba Yaga: Terror of the Dark Forest,"The young family who moved to a new apartment on the outskirts of the city. The nanny hired by them for the newborn daughter quickly gained confidence. However, the older boy, Egor, talks about the frightening behavior of a woman, but his parents do not believe him. The surveillance cameras installed by the father for comfort only confirm everything is in order.",[27],test
3210,Futurama: Into the Wild Green Yonder,Leela becomes an outlaw when she and a group of ecologically-minded feminists attempt to save an asteroid of primitive life forms and the Violet Dwarf star from,"[16, 35, 878]",test
402,Amélie,"At a tiny Parisian café, the adorable yet painfully shy Amélie accidentally discovers a gift for helping others. Soon Amelie is spending her days as a matchmaker,","[35, 10749]",test
7862,The Zero Theorem,A computer hacker's goal to discover the reason for human existence continually finds his work interrupted thanks,"[18, 14, 878]",test
4335,The Dry,Aaron Falk returns to his drought-stricken hometown to attend a tragic funeral. But,"[80, 53, 9648]",test
9059,A Christmas Horror Story,"Christmas is supposed to be a time of joy, peace and goodwill. But for some","[27, 14]",test
7776,Cocktail,"After being discharged from the Army, Brian Flanagan moves back to Queens and takes a job in a bar run by Doug Coughlin, who teaches Brian the fine","[10749, 18, 35]",test
1341,Boyhood,"The film tells a story of a divorced couple trying to raise their young son. The story follows the boy for twelve years,",[18],test
6666,Octopussy,James Bond is sent to investigate after a fellow “00” agent is found dead with a priceless Indian Fabergé egg. Bond,"[12, 28, 53]",test
2993,Welcome to the Dollhouse,An unattractive 7th grader struggles to cope with suburban life as,"[35, 18]",test
6943,Mighty Joe Young,"As a child living in Africa, Jill Young saw her mother killed while protecting wild gorillas from poachers led by Andrei Strasser. Now an adult, Jill cares for an orphaned gorilla named Joe -- who, due to a genetic anomaly, is","[12, 10751, 28, 14]",test
3669,Insomnia,Two Los Angeles homicide detectives are dispatched to a northern town where the,"[53, 80, 18]",test
1993,The Magnificent Ambersons,The spoiled young heir to the decaying Amberson fortune comes between,"[18, 10749]",test
7315,Knight and Day,A fugitive couple goes on a glamorous and sometimes deadly adventure where nothing and no one – even themselves – are what they seem. Amid,"[28, 35]",test
3411,The High Note,"Set in the dazzling world of the LA music scene comes the story of Grace Davis, a superstar whose talent, and ego, have reached unbelievable heights. Maggie is Grace’s overworked personal assistant who’s stuck running errands, but still aspires","[10749, 35, 10402, 18]",test
9198,Red Planet,Astronauts search for solutions to save a dying Earth by searching,"[53, 28, 878]",test
4056,Hellraiser,"Hedonist Frank Cotton finds a mysterious puzzle box that summons the Cenobites, who","[27, 53, 14]",test
286,Robot Dreams,A lonely dog's friendship with his robot companion takes a sad turn when an unexpected,"[16, 18, 35, 878]",test
5815,RED 2,Retired C.I.A. agent Frank Moses reunites his unlikely team of elite,"[28, 35, 80, 53]",test
8807,Sgt. Bilko,The US army is known for churning out lean mean fighting machines intent on protecting our great nation. Sergeant Ernie,[35],test
6362,Drop,"Violet, a widowed mother on her first date in years, arrives at an upscale restaurant where she is relieved that her date, Henry, is more charming and","[9648, 53]",test
2517,Maria Full of Grace,A pregnant Colombian teenager becomes a drug mule to,"[18, 53, 80]",test
7212,Sky High,"Set in a world where superheroes are commonly known and accepted, young Will Stronghold, the son of the","[12, 35, 10751]",test
3346,After We Fell,"Just as Tessa's life begins to become unglued, nothing is what she thought it would be. Not her friends nor her family. The only person that she should be able to rely on","[10749, 18]",test
1720,Once Were Warriors,"A drama about a Maori family living in Auckland, New Zealand. Lee Tamahori tells the story of Beth Heke’s",[18],test
714,Notorious,"In order to help bring Nazis to justice, U.S. government agent T.R. Devlin recruits Alicia Huberman, the American daughter of a convicted German war criminal, as a spy. As they begin to fall for one another,","[53, 10749, 9648]",test
1554,Erin Brockovich,"A twice-divorced mother of three who sees an injustice, takes on the bad guy and wins -- with a little help from her push-up bra. Erin goes",[18],test
8887,Fading Gigolo,"Fioravante decides to become a professional Don Juan as a way of making money to help his cash-strapped friend, Murray.",[35],test
9701,Forces of Nature,"Ben Holmes, a professional book-jacket blurbologist, is trying to get to Savannah for his wedding. He just barely catches the last plane, but a seagull flies into the engine as the plane is","[10749, 35]",test
178,Portrait of a Lady on Fire,"On an isolated island in Brittany at the end of the eighteenth century, a","[18, 10749, 36]",test
304,Sound of Freedom,"The story of Tim Ballard, a former US government agent, who quits his job","[28, 18]",test
3262,Apollo 10½: A Space Age Childhood,"A man narrates stories of his life as a 10-year-old boy in 1969 Houston,","[16, 35, 18]",test
4420,Black or White,A grieving widower is drawn into a custody battle over,[18],test
2071,Dog,An army ranger and his dog embark on a road trip,"[18, 35]",test
7008,Cannibal Holocaust,A New York University professor returns from a rescue mission to the Amazon rainforest with the footage shot,[27],test
5176,House of Usher,"Convinced that his family’s blood is tainted by generations of evil, Roderick Usher is hell-bent on destroying his sister Madeline’s wedding to prevent the cursed Usher bloodline from","[27, 18]",test
5834,The Ref,A cat burglar is forced to take a,"[35, 80, 18]",test
7352,Zambezia,"Set in a bustling bird city on the edge of the majestic Victoria Falls, ""Zambezia"" is the story of Kai - a naïve, but high-spirited young falcon who","[35, 16, 12, 10751]",test
9847,Slumber,A sleep doctor tries to protect a family from,[27],test
2049,Deliverance,"Intent on seeing the Cahulawassee River before it's turned into one huge lake, outdoor fanatic Lewis","[18, 12, 53]",test
3354,C'est la vie!,"Max is a battle-weary veteran of the wedding-planning racket. His latest — and last — gig is a hell of a fête, involving stuffy period costumes for the caterers, a vain, hyper- sensitive singer who thinks he's a Gallic James Brown, and a morose, micromanaging groom determined to make Max's night as miserable as possible.",[35],test
1715,Hour of the Wolf,"While vacationing on a remote German island with his younger pregnant wife,","[18, 27]",test
6888,Bad Taste,"A team from the intergalactic fast food chain Crumb's Crunchy Delights descends on Earth, planning to make human flesh the newest taste sensation. After they wipe out the New Zealand town Kaihoro, the country’s Astro-Investigation and Defense Service (AIaDS) is called in to deal with the","[28, 35, 27, 878]",test
9031,Big Momma's House 2,"FBI agent Malcolm Turner goes back undercover as Big Momma, a slick-talking, slam-dunking Southern granny with attitude to spare! Now","[35, 80]",test
5442,Brewster's Millions,"Monty Brewster, an aging minor-league baseball player, stands to inherit $300 million if he can successfully spend $30 million in 30 days without",[35],test
5007,The Return,"After the death of his father, a brilliant college student returns to his family home where he","[27, 878]",test
1430,Fist of Legend,Chen returns to his school when he finds out that his martial arts teacher has died. When he,[28],test
2489,Little Manhattan,Ten-year-old Gabe is just a normal kid growing up in Manhattan until Rosemary Telesco walks into his karate class. But before Gabe can tell Rosemary how he,"[35, 10749]",test
2545,Time to Hunt,Four young men want to leave their dystopian world behind and go to a distant,"[18, 28, 53]",test
4713,Germinal,"It's mid 19th century, north of France. The story of a coal miner's town. They are exploited by","[18, 10749]",test
1146,Inside Out 2,"Teenager Riley's mind headquarters is undergoing a sudden demolition to make room for something entirely unexpected: new Emotions! Joy, Sadness, Anger, Fear and Disgust, who’ve","[16, 12, 35, 10751]",test
8853,Replicant,Scientists create a genetic clone of a serial killer in order,"[28, 878, 53]",test
6468,Baggio: The Divine Ponytail,"A chronicle biopic of the 22-year career of soccer star Roberto Baggio, including depictions of his difficult debut as",[18],test
3347,One Night in Miami...,"In the aftermath of Cassius Clay's defeat of Sonny Liston in 1964, the boxer meets with Malcolm",[18],test
1334,Band of Outsiders,"Cinephile slackers Franz and Arthur spend their days mimicking the antiheroes of Hollywood noirs and Westerns while pursuing the lovely Odile. The misfit trio upends convention at every turn, be it through choreographed dances in cafés or","[80, 18, 35]",test
9438,Diana,"During the last two years of her life, Princess Diana campaigns against the use","[18, 10749]",test
967,The Turin Horse,A monumental windstorm and an abused horse's refusal to work or eat signal,[18],test
8297,Anon,"Set in a near-future world where there is no privacy, ignorance or anonymity, our private memories are recorded and crime almost ceases to exist. In trying to solve a series of unsolved murders, Sal Frieland stumbles onto a young woman who appears to","[878, 80, 9648, 53]",test
5244,Contagion,"As an epidemic of a lethal airborne virus - that kills within days - rapidly grows, the worldwide medical","[18, 53, 878]",test
4592,Teen Beach 2,When characters from the movie musical “Wet Side Story” get stuck in the real,"[10770, 10751, 35, 14]",test
8526,Thanks for Sharing,A romantic comedy that brings together three disparate characters who are learning to face a,"[35, 18]",test
9994,Hollywood Homicide,"Joe Gavilan and his new partner K. C. Calden, are detectives on the beat in Tinseltown. Neither one of them really wants to be a cop, Gavilan moonlights as a real estate broker, and","[28, 12, 35, 53]",test
496,Perfect Strangers,"During a dinner, a group of friends decide to share whatever message","[35, 18]",test
971,Sniper: The White Raven,"Mykola is an eccentric pacifist who wants to be useful to humanity. When the war begins in Donbas, Mykola’s naive world is collapsing as the militants kill his pregnant wife and burn his","[10752, 28, 18]",test
7663,That Awkward Moment,"Best pals Jason and Daniel indulge in casual flings and revel in their carefree, unattached lives. After learning that the marriage of their friend Mikey is over, they gladly welcome him back into their","[35, 10749]",test
9161,Urban Legend,A college campus is plagued by a vicious serial killer,"[27, 9648]",test
3785,Streets of Fire,"Raven Shaddock and his gang of merciless biker friends kidnap rock singer Ellen Aim. Ellen's former lover, soldier-for-hire Tom Cody, happens to be passing through town on a visit. In",[28],test
9172,The Midnight Sky,A lone scientist in the Arctic races to contact a,"[878, 18]",test
4882,Boiler Room,A college dropout gets a job as a broker for a suburban investment firm and is on,"[80, 18, 53]",test
7824,Trouble at Timpetill,The children of a small European mountain village end up being its,"[14, 12, 10751]",test
2979,Lamp Life,Bo Peep explains what happened to herself and her sheep between,"[16, 35, 10751]",test
8429,The Oxford Murders,"At Oxford University, a professor and a grad student work together to try","[80, 9648, 53]",test
1654,They Call Me Jeeg,"Exposed to radioactive waste, small-time crook Enzo gains super-strength. A misanthropic, introverted brute, he uses his powers for personal gain","[18, 28, 878]",test
7583,Never Been Kissed,"Josie Geller, a baby-faced junior copywriter at the Chicago Sun-Times, must pose as a student at her former high school to research contemporary teenage culture. With the help of her brother, Rob, Josie infiltrates the inner","[10749, 35, 18]",test
5921,The Invisible Guardian,"When the naked body of a teenage girl is found on the banks of the River Baztán, it is quickly linked to a similar murder one month before. Soon, rumours are flying in the nearby village of Elizondo. Is this the work of a ritualistic killer or is it the basajaun, the ‘invisible guardian’ of Basque mythology?  Inspector Amaia Salazar leads the investigation, taking her back to the heart of the Basque country where she was born, and where","[53, 80, 9648]",test
8963,Robinson Crusoe,"On a tiny exotic island, Tuesday, an outgoing parrot lives with his quirky animal friends in paradise. However, Tuesday can't stop dreaming about discovering the world. After a violent storm, Tuesday and his friends wake up to find a strange creature on the beach: Robinson Crusoe. Tuesday immediately views Crusoe as his ticket off the island to explore new lands. Likewise, Crusoe soon realizes that the key to surviving on the island is through the help of Tuesday","[16, 12, 35, 10751]",test
382,"Batman: The Dark Knight Returns, Part 2",Batman has stopped the reign of terror that The Mutants had cast upon his city.  Now an old,"[878, 28, 16, 9648]",test
1746,Law Abiding Citizen,A frustrated man decides to take justice into his own hands after a plea bargain sets one of his family's,"[18, 80, 53]",test
7134,Ant-Man and the Wasp: Quantumania,"Super-Hero partners Scott Lang and Hope van Dyne, along with with Hope's parents Janet van Dyne and Hank Pym, and Scott's daughter Cassie Lang, find themselves","[28, 12, 878]",test
1215,The Second Tragic Fantozzi,The frustrating adventures of a humble employee who all the time,[35],test
7345,Jigsaw,Law enforcement finds itself chasing the ghost of a man dead for over,"[27, 9648]",test
2859,Matthias & Maxime,"Two childhood best friends are asked to share a kiss for the purposes of a student short film. Soon, a lingering","[18, 10749]",test
2502,The Ten Commandments: The Movie,Follows Moses leading and conducting the Hebrew people from the slavery of Egypt to the freedom towards the Promised Land according,[18],test
1396,Birdman of Alcatraz,"After killing a prison guard, convict Robert Stroud faces life imprisonment in solitary confinement. Driven nearly mad by loneliness and despair, Stroud's life gains new meaning when he happens upon a helpless baby sparrow in the exercise yard and","[18, 80]",test
1465,The Croods: A New Age,"Searching for a safer habitat, the prehistoric Crood family discovers an idyllic, walled-in paradise that meets all of its needs. Unfortunately, they must also learn to live with the Bettermans -- a family that's a couple of steps above the Croods","[16, 10751, 12, 14, 35]",test
5305,Valerian and the City of a Thousand Planets,"In the 28th century, Valerian and Laureline are special operatives charged with keeping order throughout the human territories. On assignment from the Minister of Defense, the two undertake a mission to Alpha, an ever-expanding metropolis where species from across the universe have converged over centuries to share","[12, 878, 28]",test
4897,Just Go with It,"While romancing Palmer, a much younger schoolteacher, plastic surgeon Danny Maccabee enlists his loyal assistant Katherine to pretend to be his soon to be ex-wife, in order to","[35, 10749]",test
1598,Trinity Is Still My Name,The two brothers Trinity and Bambino are exchanged by two federal agents and take advantage of,"[35, 37]",test
4615,Primer,"A group of fledgling inventors discover a complex method to manipulate reality. At first, they successfully game","[878, 18, 53]",test
9232,The Art of War,"Neil Shaw is both agent and weapon - a critical line of defense for the Secretary General of the United Nations. He does not even officially exist. As an international security expert, he must uncover an international plot in which ruthless terrorists threatened to bring down the United Nations on the eve of an historic summit with","[28, 53, 80]",test
5315,Mr. Morgan's Last Love,A widowed professor living in Paris develops a,"[18, 35]",test
1609,American Me,"During his 18 years in Folsom Prison, street-gang leader Santana rules over all the drug-and-murder activities behind bars. Upon his release, Santana goes back","[80, 18]",test
6534,Creep,"Looking for work, Aaron comes across a cryptic online ad: “$1,000 for the day. Filming service. Discretion is appreciated.” Low on cash and full of naiveté, he decides to go for it. He drives to a cabin in a remote mountain town where he","[27, 53]",test
3561,The White Tiger,An ambitious Indian driver uses his wit and cunning to escape from poverty and,[18],test
3143,The Matrix Reloaded,"The Resistance builds in numbers as humans are freed from the Matrix and brought to the city of Zion. Neo discovers his superpowers, including the ability to see","[12, 28, 53, 878]",test
1986,Just Another Christmas,"After taking a very nasty fall on Christmas Eve, grinchy Jorge blacks out and wakes up one year later, with no memory of the year that has passed. He soon realizes that","[35, 18, 14, 10751]",test
8285,Flight of the Phoenix,"When an oil rig in the Gobi Desert of Mongolia proves unproductive, an aircraft crew are sent to shut the operation down and fly them out. On the flight out over the desert on the way to Beijing, Capt. Frank Towns and co-pilot A.J. are unable to keep their cargo plane, a C-119 Flying Boxcar,","[28, 12, 18]",test
8843,The Big Wedding,"To the amusement of their adult children and friends, long-divorced couple Don and Ellie Griffin are forced to play the happy couple for the sake of their adopted son's wedding after his ultra conservative Catholic biological mother unexpectedly",[35],test
1234,The Girl with the Dragon Tattoo,"Swedish thriller based on Stieg Larsson's novel about a male journalist and a young female hacker. In the opening of the movie, Mikael Blomkvist, a middle-aged publisher for the magazine Millennium,","[18, 53, 80, 9648]",test
4540,Battlestar Galactica: The Plan,When the initial Cylon attack against the Twelve Colonies fails to achieve complete extermination of human life as,"[878, 28, 18]",test
5519,The Lord of the Rings,The Fellowship of the Ring embark on a journey to,"[12, 16, 14]",test
3791,Tracks,"Accompanied only by her faithful dog and four camels, an Australian satisfies her craving for solitude","[12, 18]",test
1189,Let the Right One In,"When Oskar, a sensitive, bullied 12-year-old boy, meets his new neighbor, the mysterious and moody Eli, they strike up a friendship. Initially reserved","[27, 18]",test
9436,Max Steel,"The adventures of teenager Max McGrath and alien companion Steel, who must harness and","[28, 12, 878]",test
4641,Jersey Boys,"A musical biopic of the Four Seasons—the rise, the tough times and personal clashes, and the ultimate triumph of a group of friends whose music became symbolic of a generation. Far from","[10402, 18]",test
4769,The Fog,Strange things begin to occur as a tiny California coastal town prepares to commemorate its centenary. Inanimate objects spring eerily to life; Rev. Malone stumbles upon a dark secret about the town's founding;,[27],test
5031,Meet the Parents,"Greg Focker is ready to marry his girlfriend, Pam, but before he pops the question, he must win over her formidable father, humorless former CIA agent Jack Byrnes, at the wedding of Pam's sister. As","[35, 10749]",test
7593,Jumper,"David Rice is a man who knows no boundaries, a Jumper, born with the uncanny ability to teleport instantly to anywhere on Earth. When he discovers others like himself, David is thrust into a","[28, 12, 878]",test
7709,The Amityville Horror,"George Lutz, his wife Kathy, and their three children have just moved into a beautiful, and improbably cheap, Dutch colonial mansion nestled in the sleepy coastal town of Amityville,",[27],test
8969,Fantastic Four,"During a space voyage, four scientists are altered by cosmic rays: Reed Richards gains the ability to stretch his body; Sue Storm can become invisible; Johnny Storm controls fire;","[28, 14, 878]",test
6047,The Last Days of American Crime,"In the not-too-distant future, as a final response to crime and terrorism, the U.S. government plans","[28, 80, 53]",test
7284,Bridget Jones: The Edge of Reason,"Bridget Jones is working as a TV host and still dating her new love, barrister Mark Darcy, for a perfect six weeks. But Bridget is jealous of the time Mark spends with a gorgeous co-worker Rebecca and, despite a vacation meant to smooth things over, ends their","[35, 10749]",test
8021,Sleepover,"As their first year of high school looms ahead, best friends Julie, Hannah, Yancy and Farrah have one last summer sleepover. Little do they know they're about to embark on the adventure of a lifetime. Desperate","[10751, 35]",test
7868,Village of the Damned,"An American village is visited by some unknown life form which leaves the women of the village pregnant. Nine months later, the babies are","[53, 27, 878]",test
6837,Bend It Like Beckham,"Jess Bhamra, the daughter of a strict Indian couple in London, is not permitted to play organized soccer, even though she is 18. When Jess is playing for fun one day, her impressive skills are seen","[35, 18, 10749]",test
2632,Invictus,Newly elected President Nelson Mandela knows his nation remains racially and economically divided in the wake of apartheid. Believing he can bring his people together through,"[18, 36]",test
1775,Burning,"Deliveryman Jong-su is out on a job when he runs into Hae-mi, a girl who once lived in his neighborhood. She asks if he'd mind looking after her cat while she's away on","[9648, 18, 53]",test
6545,Wonder Wheel,"The story of four characters whose lives intertwine amid the hustle and bustle of the Coney Island amusement park in the 1950s: Ginny, an emotionally volatile former actress now working as a waitress in a","[18, 10749]",test
8751,The Spy Next Door,"Former CIA spy Bob Ho takes on his toughest assignment to date: looking after his girlfriend's three kids, who haven't exactly warmed to their mom's","[28, 35, 10751]",test
5118,Back to Black,"The extraordinary story of Amy Winehouse’s early rise to fame from her early days in Camden through the making of her groundbreaking album, Back to Black that catapulted Winehouse to global fame. Told through Amy’s eyes and","[10402, 36, 18]",test
1843,The Big Short,The men who made millions,"[35, 18]",test
4243,The Man Who Invented Christmas,"In 1843, despite the fact that Dickens is a successful writer, the failure of his latest book puts his career at a crossroads, until the moment when, struggling with inspiration and confronting reality with his childhood memories, a","[18, 36, 35, 10751]",test
7744,Once Upon a Time in Bethlehem,"A thief and a priest end up magically transported in the year 0's Palestine,","[35, 14]",test
9752,Poison Ivy,A seductive teen befriends an introverted high school student and,"[53, 18]",test
2286,Star Wars: The Force Awakens,"Thirty years after defeating the Galactic Empire, Han Solo and his allies face","[12, 28, 878]",test
7217,"Marry Me, Dude",Yassine asks his best friend Fred to,[35],test
2203,Heathers,"A girl who halfheartedly tries to be part of the ""in crowd"" of her school meets a","[35, 80]",test
8900,Big Momma's House,When a street-smart FBI agent is sent to Georgia to protect a beautiful single mother and her son from an,"[80, 35]",test
6554,The Awakening,"In post–War England, a writer and sometime-ghost hunter","[27, 53, 9648]",test
2003,The Sea Beast,When a young girl stows away on the ship of a legendary sea monster,"[16, 12, 28, 10751, 14]",test
1265,Tell It to the Bees,"Dr. Jean Markham returns to the town she left as a teenager to take over her late father's medical practice. When a school-yard scuffle lands Charlie in her surgery, she invites him to visit","[10749, 18]",test
3555,The Amateur,"After his life is turned upside down when his wife is killed in a London terrorist attack, a","[53, 28]",test
2763,Peter Pan,"In stifling Edwardian London, Wendy Darling mesmerizes her brothers every night with bedtime tales of swordplay, swashbuckling and the fearsome Captain Hook. But the children become the heroes of an","[12, 14, 10751]",test
755,The Sound of Music,"In the years before World War II, a tomboyish postulant at an Austrian abbey is hired as a governess in the","[18, 10751, 10402, 10749]",test
8019,French Twist,"After learning of her husband's infidelities, a housewife invites an itinerant lesbian to move","[35, 10749]",test
5983,Kinds of Kindness,A triptych fable following a man without choice who tries to take control of his own life; a policeman who is alarmed that his wife who was missing-at-sea has,"[18, 35]",test
6710,The Good Shepherd,"Edward Wilson, the only witness to his father's suicide and member of the Skull and Bones Society while a student at Yale, is a morally upright young man who values honor and discretion, qualities that","[18, 53, 36]",test
5045,Geek Charming,"Film geek Josh is looking for the subject of his new documentary when a chance meeting puts the perfect star in his sights—Dylan, his school's most popular junior. But Dylan's hopes of using the","[35, 18, 10751, 10770]",test
8534,The Specialist,"May Munro is a woman obsessed with getting revenge on the people who murdered her parents when she was still a girl. She hires Ray Quick, a retired explosives expert,","[28, 53]",test
3843,Crazy Heart,"When reporter Jean Craddock interviews Bad Blake—an alcoholic, seen-better-days country music legend—they connect, and the","[18, 10402, 10749]",test
6830,The Bar,"In downtown Madrid, a series of mysterious gunshots trap","[27, 53, 35]",test
6072,The Manchurian Candidate,"Years after his squad was ambushed during the Gulf War, Major Ben Marco finds himself having terrible nightmares. He begins to doubt that his fellow squad-mate Sergeant Raymond Shaw, now a vice-presidential candidate, is","[18, 53, 9648]",test
9814,Downsizing,A kindly occupational therapist undergoes a new procedure to be shrunken to four inches tall so that he,"[18, 878, 35]",test
7982,Justice League,"Fuelled by his restored faith in humanity and inspired by Superman's selfless act, Bruce Wayne and Diana Prince assemble a team of metahumans consisting of Barry Allen,","[28, 12, 878]",test
3996,Saboteur,Aircraft factory worker Barry Kane flees across the United States after he,[53],test
651,Dune,"Paul Atreides, a brilliant and gifted young man born into a great destiny beyond his understanding, must travel to the most dangerous planet in the universe to ensure the future of his family and his","[878, 12]",test
555,A Fistful of Dollars,The Man With No Name enters the Mexican village of San Miguel in the midst of a power struggle among the three Rojo brothers and sheriff John Baxter. When a regiment of Mexican soldiers bearing,[37],test
2284,The Hurt Locker,"During the Iraq War, a Sergeant recently assigned to an army bomb squad is put","[18, 53, 10752]",test
3708,The Angels' Share,"Narrowly avoiding jail, new dad Robbie vows to turn over a new leaf. A visit to a","[18, 35]",test
6832,The Immigrant,1921 New York. An immigrant woman is tricked into a life of burlesque and vaudeville until a dazzling magician tries,"[18, 10749]",test
40,Se7en,"Two homicide detectives are on a desperate hunt for a serial killer whose crimes are based on the ""seven deadly sins"" in this dark and haunting film that takes viewers from the tortured remains of","[80, 9648, 53]",test
1083,Brother,"Danila goes to his successful brother, Victor, in Petersburg to start a new life. Unknown to Danila, Victor is a contract killer, but is in","[18, 80]",test
3234,Red One,"After Santa Claus (codename: Red One) is kidnapped, the North Pole's Head of Security must team","[28, 35, 14]",test
8155,Despite Everything,"Sara, Lucía, Sofía and Claudia are sisters, 4 modern women with very different personalities, who come together at their mother's funeral, after which they discover the man they've all",[35],test
92,Avengers: Infinity War,"As the Avengers and their allies have continued to protect the world from threats too large for any one hero to handle, a new danger has emerged from the cosmic shadows: Thanos. A despot of intergalactic infamy, his goal is to collect all","[12, 28, 878]",test
1154,We Need to Talk About Kevin,"After her son Kevin commits a horrific act, troubled mother Eva reflects on her complicated","[18, 53]",test
5901,Revenge,Jen's romantic getaway with her wealthy married boyfriend is disrupted when his friends arrive for an,"[28, 27, 53]",test
521,Dances with Wolves,"Wounded Civil War soldier John Dunbar tries to commit suicide—and becomes a hero instead. As a reward, he's assigned to","[12, 18, 37]",test
7454,Elizabethtown,"Drew Baylor is fired after causing his shoe company to lose hundreds of millions of dollars. To make matters worse, he's also dumped by his girlfriend. On the verge of ending it all, Drew","[35, 18, 10749]",test
2694,Boyka: Undisputed IV,"In the fourth installment of the fighting franchise, Boyka is shooting for the big leagues when an accidental death in the ring makes him question everything he stands for. When he","[28, 18, 53]",test
8724,Beverly Hills Cop III,"When his boss is killed, Detroit cop Axel Foley finds evidence that the murderer had ties to a California amusement park called Wonder World. Returning to sunny Beverly Hills once more, Foley reunites","[28, 35, 80]",test
7149,Killer Elite,"Based on a shocking true story, Killer Elite pits two of the world’s most elite operatives—Danny, an ex-special ops agent and Hunter, his longtime mentor—against the cunning leader of a secret military","[28, 12, 53]",test
6778,I Want You Back,"Peter and Emma thought they were on the precipice of life’s biggest moments – marriage, kids, and houses in the suburbs – until their respective partners dumped them. Horrified","[35, 10749]",test
414,Army of Shadows,"Betrayed by an informant, Philippe Gerbier finds himself trapped in a torturous Nazi prison camp. Though Gerbier escapes to rejoin the Resistance in occupied Marseilles, France,","[10752, 18, 53]",test
7587,Bright,"In an alternate present-day where magical creatures live among us, two","[14, 28, 53]",test
3261,The Lake House,"A lonely doctor who once occupied an unusual lakeside home begins exchanging love letters with its former resident,","[18, 9648, 10749]",test
7476,The Big White,"To remedy his financial problems, a travel agent has his eye on a","[35, 80, 18]",test
2780,Stargate: The Ark of Truth,"SG-1 searches for an ancient weapon which could help them defeat the Ori, and discover it may be in the Ori's own home galaxy. As the Ori prepare to send ships through to the","[28, 12, 878]",test
2331,Team Thor,Discover what Thor was up to during,"[35, 878]",test
3596,Addams Family Values,"Siblings Wednesday and Pugsley Addams will stop at nothing to get rid of Pubert, the new baby boy adored by parents Gomez and Morticia. Things","[35, 10751, 14]",test
9724,Serenity,"The quiet life of Baker Dill, a fishing boat captain who lives on the isolated Plymouth Island, where he spends his days obsessed","[53, 9648, 18]",test
6912,The Fury,"When a devious plot separates CIA agent Peter Sandza from his son, Robin, the distraught father manages to see through the ruse. Taken because of his psychic abilities, Robin is being held by","[27, 878, 53]",test
6482,"Hello, My Name Is Doris",A self-help seminar inspires a sixty-something woman,"[35, 18, 10749]",test
1105,Ferris Bueller's Day Off,"After high school slacker Ferris Bueller successfully fakes an illness in order to skip school for the day, he goes on a series of",[35],test
5399,Side Effects,A woman turns to prescription medication as a way of,"[53, 80, 18]",test
4460,2048: Nowhere to Run,"“2048: Nowhere to Run” takes place one year before the events of Blade Runner 2049. The short film focuses on Sapper, a man who is trying to make it","[878, 53, 28]",test
6071,School Ties,"When David Greene receives a football scholarship to a prestigious prep school in the 1950s, he feels pressure to hide the fact that he is Jewish from his classmates and teachers, fearing that they may be anti-Semitic.",[18],test
5999,Borgman,An enigmatic vagrant cons himself into the home life of an arrogant,"[53, 18]",test
4712,What If,"Medical-school dropout Wallace has been repeatedly burned by bad relationships. So while everyone around him, including his roommate Allan, seems to be finding the perfect partner, Wallace decides to put his love life on hold. It is then that he meets Chantry, an animator who","[18, 35, 10749]",test
1640,The Muppet Christmas Carol,"A retelling of the classic Dickens tale of Ebenezer Scrooge, miser extraordinaire. He is held accountable","[10402, 35, 10751, 14, 18]",test
709,The Color Purple,"An epic tale spanning forty years in the life of Celie, an African-American woman living in the South who survives incredible abuse and bigotry. After Celie's abusive father marries her off to the equally debasing '","[18, 36]",test
7223,Parkland,"November 22nd, 1963 was a day that changed the world forever — when young American President John F. Kennedy was assassinated in Dallas, Texas. This film follows, almost","[36, 18]",test
6026,A Guide to Recognizing Your Saints,"Dito Montiel, a successful author, receives a call from his long-suffering mother, asking him to return home and visit his ailing father.","[80, 18]",test
9249,Office Christmas Party,"When Carol Vanstone, CEO of the technology company Zenotek, expresses her intention to close the Chicago branch, run by her brother Clay, he and his",[35],test
3899,36th Precinct,"In Paris, two cops are competing for the vacant job of chief of police, in the middle of the search for a gang of violent thieves. The movie is","[80, 18, 53]",test
1056,Beasts of No Nation,"Based on the experiences of Agu, a child fighting in the civil war of an unnamed, fictional West African country. Follows Agu's journey as he's forced to join a group of soldiers. While he fears","[18, 10752]",test
2852,Suspicion,"A sheltered heiress falls for a charming playboy and elopes with him, but soon discovers his gambling vice and mounting debts. As his lies deepen and those","[9648, 10749, 53]",test
5621,Star Wars: Episode I - The Phantom Menace,"Anakin Skywalker, a young slave strong with the Force, is discovered on Tatooine. Meanwhile,","[12, 28, 878]",test
946,Boogie Nights,"Set in 1977, back when sex was safe, pleasure was a business and business was booming, idealistic porn producer Jack Horner aspires to elevate his craft to an art form. Horner discovers Eddie Adams, a hot young talent working as a busboy in a nightclub, and welcomes him into the extended family of movie-makers, misfits and hangers-on that are always",[18],test
689,The Untouchables,"Elliot Ness, an ambitious prohibition agent, is determined to take down Al Capone. In","[80, 36, 53]",test
6974,Single White Female,"Having recently split from her fiancé, Allison Jones welcomes new roommate Hedra Carlson. The young women quickly","[53, 27]",test
1686,The Omen,"Immediately after their miscarriage, the US diplomat Robert Thorn adopts the newborn Damien without the knowledge of his","[27, 53]",test
4271,The Red Sea Diving Resort,"Sudan, East Africa, 1980. A team of Israeli Mossad agents plans to rescue and transfer thousands of Ethiopian Jews to Israel. To do so,","[18, 53, 36]",test
9555,The Platform 2,After a mysterious leader imposes his law in a brutal system of,"[878, 27, 53]",test
5844,Young Guns II,"Three of the original five ""young guns"" — Billy the Kid, Jose Chavez y Chavez, and Doc Scurlock — return in Young Guns, Part 2, which is the","[37, 12]",test
9511,Horizon Line,A couple flying on a small plane to attend a tropical island wedding,"[53, 12, 28]",test
1034,Sin Nombre,"Sayra, a Honduran teen, hungers for a better life. Her chance for one comes when she is reunited with her long-estranged father, who intends to","[18, 28, 53, 80]",test
6309,Halloween Kills,Michael manages to free himself from Laurie Strode's trap to resume his ritual bloodbath. As she fights for her life from injuries from,"[27, 53]",test
7233,Rock Dog,"When a radio falls from the sky into the hands of a wide-eyed Tibetan Mastiff, he leaves home","[16, 12, 35, 10751, 10402]",test
3638,Tsotsi,"A young South African boy from the Johannesburg ghetto named Tsotsi, meaning Gangster, leaves home as a child to get away from his helpless parents. Now a teenage thug, Tsotsi finds a baby in the","[80, 18]",test
900,Cat on a Hot Tin Roof,"An alcoholic ex-football player drinks his days away, having failed to come to terms with his sexuality and his real feelings for his football buddy who died after an ambiguous accident. His wife is crucified by her",[18],test
9763,King Solomon's Mines,"Ever in search of adventure, explorer Allan Quatermain agrees to join the beautiful Jesse Huston on a mission to locate her archaeologist father, who has been abducted for his knowledge of the legendary mines of King","[28, 12, 35]",test
2635,Sweeney Todd: The Demon Barber of Fleet Street,"The infamous story of Benjamin Barker, a.k.a Sweeney Todd, who sets up a barber shop down in London","[18, 27]",test
1948,Christiane F.,"This movie portrays the drug scene in Berlin in the 70s, following tape recordings of Christiane F. 14 years old Christiane lives with her mother and little sister in a typical multi-storey apartment building in Berlin. She's fascinated by the 'Sound',",[18],test
132,Bicycle Thieves,"Unemployed Antonio is elated when he finally finds work hanging posters around war-torn Rome. However on his first day, his bicycle—essential to his work—gets",[18],test
5596,No Man of God,The complicated relationship that formed between the FBI analyst Bill Hagmaier and,"[80, 18, 53, 36]",test
1819,Waves,A controlling father’s attempts to ensure that his two children succeed in high school backfire after his son,"[10749, 18]",test
4439,The Swan,"Two large, ignorant bullies ruthlessly pursue a small, brilliant",[18],test
349,Mirror,"A dying man in his forties recalls his childhood, his mother, the war and personal","[18, 36]",test
1163,The Snowman,"A young boy makes a snowman one Christmas Eve, which comes to life at midnight","[12, 16, 10751, 14]",test
2929,Punch-Drunk Love,A socially awkward and volatile small business owner meets the love,"[10749, 18, 35]",test
9539,King of Thieves,"London, England, April 2015. Brian Reader, a retired thief, gathers an unlikely gang of burglars to perpetrate the biggest and boldest heist in British history. The thieves assault the Hatton Garden","[80, 18]",test
341,All Your Faces,"Since 2014, France's restorative justice programmes have offered a safe space for supervised dialogue between offenders and victims. Grégoire, Nawelle, and Sabine, victims of heists and violent robberies, agree to join one of these discussion",[18],test
4040,No Way Out,"Navy Lt. Tom Farrell meets a young woman, Susan Atwell , and they share a passionate fling. Farrell then finds out that his superior, Defense Secretary David Brice, is also romantically involved with Atwell. When the young woman","[53, 18]",test
2580,Barbara,"In 1980s East Germany, Barbara is a Berlin doctor banished to a country medical clinic for applying for an exit visa. Deeply unhappy",[18],test
6187,The Great Outdoors,"It's vacation time for outdoorsy Chicago man Chet Ripley, along with his wife, Connie, and their two kids, Buck and Ben. But a serene weekend of fishing at a Wisconsin lakeside cabin",[35],test
776,Rurouni Kenshin Part III: The Legend Ends,Shishio sets sail in his ironclad ship to bring down the government. In order,"[28, 12, 14]",test
2406,Crazy About Her,"After a magical night together, Adri voluntarily turns","[35, 10749]",test
4254,Outlaw King,Forced into exile by the English after being crowned King of,"[28, 36, 10752]",test
5105,A Good Year,"Failed London banker Max Skinner inherits his uncle's vineyard in Provence, where he spent many childhood holidays. Upon his arrival,","[35, 18, 10749]",test
6701,The Taking of Pelham 1 2 3,"Armed men hijack a New York City subway train, holding the passengers hostage in return for a ransom, and","[80, 53, 28]",test
8319,Poltergeist II: The Other Side,The Freeling family move in with Diane's mother in an effort to escape the trauma and aftermath of Carol Anne's abduction by the Beast. But the Beast is not to be put off,"[27, 53]",test
6647,The Man Who Knew Too Little,"An American gets a ticket for an audience participation game in London, then gets involved in a case","[35, 80, 28]",test
9463,The Sweetest Thing,"Christina's love life is stuck in neutral. After years of avoiding the hazards of a meaningful relationship, one night while club-hopping with her girlfriends, she meets Peter, her perfect match. Fed up with playing games, she","[10749, 35]",test
5469,Angel Has Fallen,"After a treacherous attack, Secret Service agent Mike Banning is charged with attempting to assassinate President Trumbull. Chased","[28, 53]",test
7305,Kidnap,A mother (in her Minivan) stops at,"[28, 53]",test
4563,High Tension,Best friends Marie and Alexia decide to spend a quiet weekend at Alexia's parents' secluded farmhouse. But,"[27, 53, 9648]",test
7657,Cujo,"A friendly St. Bernard named ""Cujo"" contracts rabies and conducts","[27, 53]",test
8270,Guess Who,When a young African-American woman brings her fiancé home to meet,"[35, 10749]",test
5602,Welcome to the Rileys,"Years after their teenage daughter’s death, Lois and Doug Riley, an upstanding Indiana couple, are frozen by estranging grief. Doug escapes to New Orleans",[18],test
2400,The Lego Batman Movie,"A cooler-than-ever Bruce Wayne must deal with the usual suspects as they plan to rule Gotham City,","[16, 28, 35, 10751]",test
1004,The Philadelphia Story,When a rich woman's ex-husband and a tabloid-type reporter turn up just,"[35, 10749]",test
3083,Superman: Man of Tomorrow,"It’s the dawn of a new age of heroes, and Metropolis has just met its first. But as Daily Planet intern Clark Kent – working alongside reporter","[16, 28, 878]",test
30,The Lord of the Rings: The Two Towers,"Frodo Baggins and the other members of the Fellowship continue on their sacred quest to destroy the One Ring--but on separate paths. Their destinies lie at two towers--Orthanc Tower in Isengard, where the corrupt wizard Saruman awaits, and Sauron's fortress at Barad-dur, deep within","[12, 14, 28]",test
1263,The Conversation,"A paranoid, secretive surveillance expert has a crisis of conscience when he","[80, 18, 9648]",test
3810,Fear of Rain,A teenage girl living with schizophrenia begins to suspect her neighbor has kidnapped a child. Her parents try desperately to help her live a,"[53, 27, 18]",test
8803,Mighty Morphin Power Rangers: The Movie,"Six incredible teens out-maneuver and defeat evil everywhere as the Mighty Morphin Power Rangers, but this time the Power Rangers may","[28, 12, 878, 14]",test
583,Demon Slayer: Kimetsu no Yaiba Infinity Castle,"The Demon Slayer Corps are drawn into the Infinity Castle, where Tanjiro, Nezuko, and the Hashira face","[16, 28, 14, 53]",test
6256,The Girl on the Train,"Rachel Watson, devastated by her recent divorce, spends her daily commute fantasizing about the seemingly perfect couple who live in a house that","[80, 18, 9648, 53]",test
5639,Ocean's Twelve,"Despite pulling off one of the biggest heists in Las Vegas history and splitting the $160 million take, each of the infamous Ocean's crew have tried to go straight, lay low and live a legit life ... but that's proven to be a challenge. Casino owner Terry Benedict demands","[53, 80]",test
7245,Like Father,"When a workaholic young executive, is left at the altar, she ends up on her Caribbean honeymoon cruise with the last person she ever expected: her estranged and equally workaholic father. The two",[18],test
5319,Cypher,"An unsuspecting, disenchanted man finds himself working as a spy in the dangerous, high-stakes world","[53, 878]",test
5952,Love at First Fight,"Arnaud, facing an uncertain future and a dearth of choices in a small French coastal town, meets and falls for the apocalyptic-minded Madeleine, who joins an army boot camp to learn military and survival skills to prepare for the upcoming environmental collapse. Intrigued","[35, 10749]",test
6771,Yummy,"A young couple travels to a shabby Eastern European hospital for plastic surgery. The young woman wants a breast reduction. Her mother comes along for yet another face-lift. Wandering through an abandoned ward the boyfriend stumbles upon a young woman, gagged","[27, 35]",test
2704,After We Collided,Tessa finds herself struggling with her complicated relationship with Hardin;,"[10749, 18]",test
4232,The Taste of Others,"Unpolished and ultra-pragmatic industrialist Jean-Jacques Castella reluctantly attends Racine's tragedy ""Berenice"" in order to see his niece play a bit part. He is taken with the play's strangely familiar-looking leading lady Clara Devaux. During the course of the show, Castella soon remembers that he once","[18, 35, 10749]",test
8102,Starry Eyes,A hopeful young starlet uncovers the ominous origins of the Hollywood elite,"[27, 14, 9648]",test
1271,E.T. the Extra-Terrestrial,An alien is left behind on Earth and saved by the 10-year-old Elliott who decides to keep him hidden in his home. While a task force hunts for,"[878, 12, 10751, 14]",test
1771,The Fighter,"Boxer ""Irish"" Micky Ward's unlikely road to the world light welterweight title. His Rocky-like rise was shepherded",[18],test
4190,Iron Man 2,"With the world now aware of his dual life as the armored superhero Iron Man, billionaire inventor Tony Stark faces pressure from the government, the press and the public to share","[12, 28, 878]",test
9336,Babe: Pig in the City,"Babe, fresh from his victory in the sheepherding contest, returns to Farmer Hoggett's farm, but after Farmer Hoggett","[10751, 12, 35, 18]",test
278,Scooby-Doo! and Kiss: Rock and Roll Mystery,"Get ready to Rock! Scooby-Doo and the Mystery Inc. Gang team up with the one and only KISS in this all-new, out-of-this-world adventure! We join the Gang at KISS World – the all-things-KISS theme park, as they investigate a series of strange hauntings. With","[10751, 16, 35, 9648]",test
6246,Pontypool,"When disc jockey Grant Mazzy reports to his basement radio station in the Canadian town of Pontypool, he thinks it's just another day at work. But when he hears reports of a virus","[27, 9648, 878]",test
606,Die Hard,"NYPD cop John McClane's plan to reconcile with his estranged wife is thrown for a serious loop when, minutes after he arrives at her offices Christmas Party, the entire","[28, 53]",test
638,Freaks,"A circus' beautiful trapeze artist agrees to marry the leader of side-show performers,","[18, 27]",test
2320,"Lust, Caution","During World War II, a secret agent must seduce and assassinate","[28, 18, 10749, 53]",test
1711,Happy as Lazzaro,"Purehearted teen Lazzaro is content living as a sharecropper in rural Italy,","[18, 14]",test
7726,Pacific Rim: Uprising,"It has been ten years since The Battle of the Breach and the oceans are still, but restless. Vindicated by the victory at the Breach, the Jaeger program has evolved into the","[28, 14, 878, 12]",test
5162,Tron,"When brilliant video game maker Flynn hacks the mainframe of his ex-employer, he is beamed inside an astonishing digital world...And becomes part of the very game he is designing.","[878, 28, 12]",test
8223,The Last Summer,"Standing on the precipice of adulthood, a group of friends navigate","[10749, 35]",test
507,Scooby-Doo! Camp Scare,"Scooby and the gang experience outdoor fun as they go back to Fred's old summer camp. As summer goes on, it becomes increasingly clear that the spooky camp","[16, 35, 10751, 9648]",test
6279,Outland,"On the sunless moon Io, Marshall William T. O’Niel goes toe-to-toe with the corrupt manager of","[878, 28, 53, 80]",test
9998,Repossessed,"It's been some time since Father Jebedaiah Mayii exorcised the Devil from little Nancy Aglet, who is now grown up with a husband and two children of her own. But the prince of darkness wants to go","[35, 27]",test
2817,Dragon Ball Z: Bojack Unbound,"Mr. Money is holding another World Martial Arts Tournament and Mr. Satan invites everyone in the world to join in. Little does he know that Bojack, an ancient","[28, 16, 878]",test
7110,#realityhigh,"When nerdy high schooler Dani finally attracts the interest of her longtime crush,",[35],test
7215,Clean,"Tormented by a past life, garbage man Clean attempts a life of quiet redemption. But when his good intentions mark","[80, 28, 18]",test
8956,Brick,"When a mysterious brick wall encloses their apartment building overnight, Tim and","[53, 878]",test
1225,Father There Is Only One 2,The success of the Conchy virtual assistant (which was developed by Javier) has earned him,"[35, 10751]",test
2844,Bad Boys for Life,"Marcus and Mike are forced to confront new threats, career changes, and midlife crises as they join the newly created elite team","[53, 28, 80]",test
7171,Unsane,A woman is involuntarily committed to a mental institution,"[27, 53]",test
9108,The Ward,"Kristen, a troubled young woman, is captured by the police after burning down a farmhouse and is locked in the North Bend Psychiatric Hospital.","[27, 9648, 53]",test
353,Tel chi el telùn,A comedy,[35],test
5141,Overboard,"A spoiled, wealthy yacht owner is thrown overboard and","[10749, 35]",test
4401,The Family Man,"Jack's lavish, fast-paced lifestyle changes one Christmas night when he stumbles into a grocery store holdup and disarms the gunman. The next morning he wakes up in bed lying next to Kate, his college sweetheart he left in order to pursue","[35, 18, 10749, 14]",test
8003,Infinity Pool,"While staying at an isolated island resort, James and Em are enjoying a perfect vacation of pristine beaches, exceptional staff, and soaking up the sun. But guided by the seductive and mysterious Gabi, they venture outside the resort grounds and find","[27, 878]",test
7218,The Expendables,"Barney Ross leads a band of highly skilled mercenaries including knife enthusiast Lee Christmas, a martial arts expert Yin Yang, heavy weapons specialist Hale Caesar, demolitionist Toll Road, and a loose-cannon sniper Gunner Jensen. When the group is commissioned","[53, 12, 28]",test
1513,Dunkirk,"The story of the miraculous evacuation of Allied soldiers from Belgium, Britain, Canada and France, who were cut off and surrounded by","[10752, 28, 18]",test
4096,The Jacket,"A military veteran goes on a journey into the future, where he can foresee his","[18, 9648, 878, 53, 14]",test
9377,Darkness,"A teenage girl moves into a remote country home with her family, only to discover",[27],test
5039,Planet Terror,"Two doctors find their graveyard shift inundated with townspeople ravaged by sores. Among the wounded is Cherry Darling, a dancer whose leg was ripped from","[27, 28, 53]",test
10,Parasite,"All unemployed, Ki-taek's family takes peculiar interest in the wealthy and glamorous","[35, 53, 18]",test
9857,Wrecked,"A man awakens in a car wreck at the bottom of a steep cliff. He can't remember who he is or how he got there, but a report over","[9648, 53, 27]",test
7319,The Incredible Hulk,Scientist Bruce Banner scours the planet for an antidote to the unbridled force of rage within him: the Hulk. But when the military masterminds,"[878, 28, 12]",test
1604,Bullet Train,"Unlucky assassin Ladybug is determined to do his job peacefully after one too many gigs gone off the rails. Fate, however, may have other plans, as Ladybug's","[28, 35, 53]",test
2652,Compagni di scuola,A group of former high school classmates meets for a reunion 15 years,[35],test
7969,Erased,A former agent of the CIA and his estranged daughter go,"[28, 53]",test
4844,Nosferatu,A gothic tale of obsession between a haunted young woman and the,"[27, 14]",test
9453,Inconceivable,A mother looks to escape her abusive past by moving to a,"[80, 18, 53]",test
4308,World War Z,"Life for former United Nations investigator Gerry Lane and his family seems content. Suddenly, the world is plagued by a mysterious infection turning whole human populations into rampaging mindless zombies. After barely escaping the chaos, Lane","[28, 27, 878, 53]",test
4367,Danger Close: The Battle of Long Tan,"Vietnam War, 1966. Australia and New Zealand send troops to support the United States and South Vietnamese in their fight against the communist North. Soldiers are very young men, recruits and volunteers who have never been involved in a combat. On","[10752, 28, 18, 36]",test
4104,Barbie: A Fairy Secret,"Get ready for Barbie: A Fairy Secret, an amazing adventure with Barbie where she discovers there are fairies living secretly all around us! When Ken is suddenly whisked away by a group of fairies, Barbie's two fashion stylist friends reveal they are actually fairies and that Ken has been taken to a magical","[16, 10751, 14]",test
5831,The Amazing Spider-Man 2,"For Peter Parker, life is busy. Between taking out the bad guys as Spider-Man and spending time with the person he loves, Gwen Stacy, high school graduation cannot come quickly enough. Peter has not forgotten about the promise he made to","[28, 12, 878]",test
8014,Spoiled Brats,The billionaire is tired of the whims of his own children and decides to teach them a lesson. He announces to them that he,[35],test
7036,Insidious: Chapter 3,A twisted new tale of terror begins for a teenage girl and,"[27, 53]",test
6669,The Blair Witch Project,"In October of 1994 three student filmmakers disappeared in the woods near Burkittsville,","[27, 9648]",test
1478,Lifted,"When an overconfident teen alien gets behind the controls of a spaceship, he must attempt to abduct a slumbering farmer under the watchful eye of a critical","[10751, 16, 878, 35]",test
7325,Monster-in-Law,Office temp Charlotte Cantilini thinks she's found Mr. Right when she starts dating gorgeous surgeon Dr. Kevin Fields. But there's a problem standing in the way of everlasting,"[10749, 35]",test
7483,Hummingbird,"Homeless and on the run from a military court martial, a damaged ex-special forces soldier navigating London's criminal","[28, 53]",test
5542,Get the Gringo,A career criminal nabbed by Mexican authorities is placed in a tough prison,"[28, 53, 80, 18]",test
4516,Chappie,"Every child comes into the world full of promise, and none more so than Chappie: he is gifted, special, a prodigy. Like any child, Chappie will come under the influence of his surroundings—some good, some bad—","[80, 28, 878]",test
440,Miracle in Cell No. 7,A story about a mentally ill man wrongfully imprisoned for,"[18, 35]",test
6612,Curly Sue,"Bill is a penniless drifter who scams strangers out of just enough money to feed himself and his partner in crime, an orphan girl known as Curly Sue. Bill and Curly Sue","[35, 18, 10751, 10749]",test
8885,Drillbit Taylor,"Dealing with a sociopathic school bully, three high school freshmen hire a low-budget bodyguard to protect them,",[35],test
1335,Emergency Declaration,"While investigating a terroristic threat that goes viral online, Korean authorities discover that a suspect has recently boarded an international flight bound for the United States. When a healthy passenger on the same flight suddenly dies a gruesome death of unknown","[28, 18, 53]",test
7269,Red Heat,A tough Russian policeman is forced to partner up with a cocky Chicago police detective when he is,"[28, 80]",test
2238,Trolls Band Together,"When Branch's brother, Floyd, is kidnapped for his musical talents by a pair of nefarious pop-star villains, Branch and Poppy embark on","[16, 10751, 10402, 14, 35]",test
1158,Pandora,"When an earthquake hits a Korean village housing a run-down nuclear power plant,","[53, 18, 28]",test
2104,Kiss and Cry,"A romantic drama based on the story of Carley Allison, a promising 18 year old figure skater and singer","[10749, 18, 10402]",test
5863,Rio 2,"It's a jungle out there for Blu, Jewel and their three kids after they're hurtled from Rio de Janeiro to the wilds of the","[16, 12, 35, 10751]",test
4764,Altered States,"A research scientist explores the boundaries and frontiers of consciousness. Using sensory deprivation and hallucinogenic mixtures from native American shamans,","[27, 878, 53]",test
9468,Iron Eagle,"When Doug's father, an Air Force Pilot, is shot down by MiGs belonging to a radical Middle Eastern state, no one seems able to get him out. Doug finds Chappy,",[28],test
4952,Hillbilly Elegy,"An urgent phone call pulls a Yale Law student back to his Ohio hometown,",[18],test
9004,Josie and the Pussycats,"Josie, Melody and Val are three small-town girl musicians determined to take their rock band out of their garage and straight to the top, while remaining true to their look, style and sound. They get a record","[35, 10402, 10751]",test
1976,Glengarry Glen Ross,"Times are tough at Premiere Properties. Shelley ""the machine"" Levene and Dave Moss are veteran salesmen, but only Ricky Roma is on a hot streak. The new Glengarry sales leads could turn everything around,","[80, 18, 9648]",test
5068,Parenthood,"The story of the Buckman family and friends, attempting to bring up their children. They suffer/enjoy all the events that","[35, 18, 10749, 10751]",test
5629,The Brothers Bloom,"The Brothers Bloom are the best con men in the world, swindling millionaires with complex scenarios of lust and intrigue. Now they've decided to take","[12, 35, 18, 10749]",test
6355,The Second Best Exotic Marigold Hotel,As the Best Exotic Marigold Hotel has only a single remaining vacancy - posing a rooming,"[18, 35]",test
1066,Tombstone,"Legendary marshal Wyatt Earp, now a weary gunfighter, joins his brothers Morgan and Virgil to pursue their collective fortune in the thriving mining town of Tombstone. But Earp","[37, 28]",test
928,Mickey's Christmas Carol,Ebenezer Scrooge is far too greedy to understand that Christmas is a time for kindness and generosity. But with the guidance of some,"[10751, 16]",test
2189,Nosferatu the Vampyre,A real estate agent leaves behind his beautiful wife to go to Transylvania to,"[18, 27]",test
3026,Batman: Death in the Family,Tragedy strikes the Batman's life again when Robin Jason Todd tracks down his birth mother only to,"[16, 28]",test
7938,Queen of the Damned,Lestat finds acceptance in a tattooed and pierced,"[14, 27, 10749]",test
5436,"Me, Myself & Irene","Rhode Island State Trooper Charlie Baileygates has a multiple personality disorder. One personality is crazy and aggressive, while the other is more",[35],test
3215,Caché,"George, host of a television show focusing on literature, receives videos shot on the sly that feature his family, along with disturbing drawings that are difficult to interpret. He has","[9648, 18, 53]",test
8379,Friends with Kids,"In the wake of their friends' marriages and eventual offspring, longtime pals Julie and Jason decide to have a child together without becoming a couple. By becoming ""time-share"" parents, they reason, they can","[35, 10749, 18]",test
455,My Hero Academia: Two Heroes,"All Might and Deku accept an invitation to go abroad to a floating and mobile manmade city, called 'I-Island', where they research quirks as well as hero supplemental items at the special 'I-Expo' convention that is currently being","[16, 28, 12, 14]",test
8199,Leaves of Grass,"An Ivy League professor returns home, where his pot-growing twin brother","[35, 80, 53]",test
7507,Blood Father,An ex-con reunites with his estranged wayward 16-year old daughter to,"[28, 53, 18]",test
7647,The Weather Man,"A Chicago weather man, separated from his wife and children,","[35, 18]",test
2317,The Past,"After four years apart, Ahmad returns to his wife Marie in Paris in order to progress their divorce. During his brief stay, he cannot help noticing the strained","[18, 9648]",test
6662,Talladega Nights: The Ballad of Ricky Bobby,"The fastest man on four wheels, Ricky Bobby is one of the greatest drivers in NASCAR history. A big, hairy American winning machine, Ricky has everything a dimwitted daredevil could want, a luxurious mansion, a",[35],test
1645,Women on the Verge of a Nervous Breakdown,Pepa resolves to kill herself with a batch of sleeping-pill-laced gazpacho after her lover,"[35, 18]",test
4317,To All the Boys: P.S. I Still Love You,Lara Jean and Peter have just taken their romance from pretend to officially,"[10749, 35]",test
2774,Descendants,A present-day idyllic kingdom where the benevolent teenage son of King Adam and Queen Belle offers a chance of redemption for,"[10751, 12, 14, 10770, 10402]",test
6250,Luther,"During the early 16th century, idealistic German monk Martin Luther, disgusted by the materialism","[18, 36]",test
3387,Stargate,"An interstellar teleportation device, found in Egypt, leads to a planet","[28, 12, 878]",test
3710,24 Hour Party People,"Manchester, 1976. Tony Wilson is an ambitious but frustrated local TV news reporter looking for a way to make his mark. After witnessing a life-changing concert by a band known as the Sex Pistols, he persuades his station to","[35, 18, 10402]",test
6835,Heist,"Joe Moore has a job he loves. He's a thief. His job goes sour when he gets caught on security camera tape. His fence, Bergman, reneges on the money he's owed, and his wife may be betraying","[28, 80, 18, 53]",test
3696,Silkwood,"A plutonium processing plant worker is purposefully contaminated, psychologically tortured,","[18, 53]",test
8622,Little Man,"After leaving the prison, the dwarf criminal Calvin Sims joins to his moron brother Percy to steal an expensive huge diamond in a jewelry for the mobster Walken. They are chased by the police, and Calvin hides the stone in the purse of the executive Vanessa Edwards, whose husband Darryl Edwards wants","[35, 80]",test
4822,Terrified,Police commissioner Funes and three researchers of supernatural phenomena investigate inexplicable,[27],test
1832,Scooby-Doo and the Ghoul School,"Scooby, Shaggy and Scrappy are on their way to a Miss Grimwood's Finishing School for Girls, where they've been hired as gym teachers. Once there,","[16, 10751, 10770, 9648, 14]",test
7530,Throw Momma from the Train,"Larry Donner, an author with a cruel ex-wife, teaches a writing workshop in which one of his students, Owen, is fed up with his domineering mother. When Owen watches a Hitchcock classic that seems to mirror his own life, he decides","[35, 80, 53]",test
7327,Force 10 from Navarone,"World War II, 1943. Mallory and Miller, the heroes who destroyed the guns of","[18, 12, 10752]",test
9367,Time Cut,"A teen in 2024 accidentally time-travels to 2003, days before a masked killer","[27, 878, 53]",test
6840,Windtalkers,"Joe Enders is a gung-ho Marine assigned to protect a ""windtalker"" - one of several Navajo Indians who were","[10752, 28]",test
7734,Ip Man: The Final Fight,Ip Man reluctantly begins a series of challenges from rival kung fu schools,"[28, 18]",test
2313,Z-O-M-B-I-E-S,"Two star-crossed freshmen – a zombie, Zed and a cheerleader, Addison – each outsiders in their unique ways, befriend each other and","[14, 35, 10749, 10770]",test
684,Life of Brian,"Brian Cohen is an average young Jewish man, but through a series of ridiculous events, he gains a reputation as the Messiah. When he's not dodging his followers or being scolded by his shrill mother, the",[35],test
169,Red Beard,"Aspiring to an easy job as personal physician to a wealthy family, Noboru Yasumoto is disappointed when his first post after medical school takes him to a small country clinic under the gruff doctor Red Beard. Yasumoto rebels",[18],test
1443,Free Guy,"A bank teller discovers he is actually a background player in an open-world video game, and decides to become the hero of his own story. Now,","[35, 12, 878]",test
5612,The Son of Bigfoot,"Teenage outsider Adam sets out on an epic and daring quest to uncover the mystery behind his long-lost dad, only to find out that he is none other than the legendary Bigfoot! He has been hiding deep in the forest for years to protect himself and his family from HairCo., a giant corporation eager","[10751, 16, 35]",test
3381,Martin Eden,"The tale of an individualist proletarian in a time marked by the rise of mass political movements. In early 20th-century Italy, illiterate sailor","[10749, 18]",test
6677,Roald Dahl's The Witches,"In late 1967, a young orphaned boy goes to live with his loving grandma in the rural Alabama town of Demopolis. As the boy and his grandmother encounter some deceptively","[35, 14, 10751, 27]",test
6123,Fantozzi Still Suffers,"After a hard day at work and a condominium-board meeting, accountant Ugo Fantozzi goes on",[35],test
3317,Brain on Fire,"Susannah Cahalan, an up-and-coming journalist at the New York Post becomes plagued by",[18],test
4636,Frankie and Johnny,"When Johnny is released from prison following a forgery charge, he quickly lands a job as a short-order cook at a New York diner. Following a brief fling with waitress Cora, he","[18, 10749, 35]",test
923,Time of the Gypsies,"In this luminous tale set in the former Yugoslavia, Perhan, an engaging young Romany with telekinetic powers, is","[18, 35, 80, 14]",test
5063,The Words,The Words follows young writer Rory Jansen who finally achieves long sought after literary success after publishing the next great American novel. There's only one catch - he didn't write it. As the past comes back to haunt,"[18, 53]",test
3713,The Three Musketeers: D'Artagnan,"D'Artagnan, a spirited young Gascon, is left for dead after trying to save a noblewoman from being kidnapped. Once in Paris, he tries by all means to find his attackers, unaware that his quest will lead him to the very heart","[12, 28, 18, 36]",test
7235,The Astronaut Farmer,"Texan Charles Farmer left the Air Force as a young man to save the family ranch when his dad died. Like most American ranchers, he owes his bank. Unlike most, he's an astrophysicist with a rocket in his barn - one","[878, 12, 35, 18]",test
2570,Utøya: July 22,The movie tells the story about a girl who has to hide and survive from a right wing terrorist,"[36, 18]",test
8696,The Jungle Book 2,"Mowgli has been living in the man-village with his little stepbrother Ranjan and his best friend Shanti. But the man-cub still has that jungle rhythm in his heart, and he misses his old","[10751, 16, 12]",test
3942,Locke,"Ivan Locke has worked hard to craft a good life for himself. Tonight, that life will collapse around him. On the eve of the biggest","[18, 53]",test
5856,Beverly Hills Cop II,Axel Foley returns to the land of sunshine and palm trees to investigate the near-fatal shooting of police Captain Andrew Bogomil. With the help of Sgt. Taggart and,"[28, 35, 80]",test
2986,Starred Up,"19-year-old Eric, arrogant and ultra-violent, is prematurely transferred to the same adult prison facility as his estranged father. As his explosive temper quickly finds him enemies in both prison authorities and fellow inmates — and his already volatile relationship with his father is pushed past breaking point — Eric is approached",[18],test
1224,Anonymously Yours,"After an accidental text message turns into a digital friendship, Vale and Alex","[18, 10749]",test
8447,Beyond Re-Animator,"Once again tampering with mother nature to disastrous results, Dr. Herbert West continues his research while serving time in a maximum security prison for his previous exploits. West's","[27, 878, 35]",test
2611,Toy Story of Terror!,What starts out as a fun road trip for the Toy Story gang takes an unexpected turn for the worse when the trip detours to a roadside motel. After one of the,"[12, 16, 35, 10751]",test
4338,City of Angels,"When a guardian angel – who invisibly watches over the citizens of Los Angeles – becomes captivated by a strong-willed heart surgeon, he ponders trading in","[10749, 18, 14]",test
269,For a Few Dollars More,"Two bounty hunters both pursue the brutal and sadistic bandit,",[37],test
9122,Miss Congeniality 2: Armed and Fabulous,"After her triumph at the Miss United States pageant, FBI agent Gracie Hart becomes an overnight sensation -- and the new ""face","[28, 35]",test
4983,21,"Ben Campbell is a young, highly intelligent student at M.I.T. who strives to succeed. Wanting a scholarship to transfer to Harvard School of Medicine to become a doctor, Ben learns that he cannot afford the $300,000 tuition as he comes","[18, 80]",test
7521,Bad Lieutenant: Port of Call - New Orleans,"Terrence McDonagh is a New Orleans Police sergeant, who receives a medal and a promotion to lieutenant for heroism during Hurricane Katrina. Due to his heroic act, McDonagh injures","[18, 80]",test
9100,The Jack in the Box,"When a vintage Jack-in-the-box is un-earthed and opened, it's new owners soon have reason",[27],test
4660,The Mummy,An ancient Egyptian priest named Imhotep is revived when an archaeological expedition finds his mummy and one of the archaeologists accidentally reads,"[27, 14]",test
5841,Just Wright,"Physical therapist Leslie Wright lands the dream job of working with basketball superstar Scott McKnight, helping him recover from a career-threatening injury. All goes well and soon Leslie finds herself falling in love with","[10749, 35]",test
3986,The X-Files,"Mulder and Scully, now taken off the FBI's X Files cases, must find a way to fight the shadowy elements","[9648, 878, 53]",test
144,Vertigo,A retired San Francisco detective suffering from acrophobia investigates the strange activities of,"[9648, 10749, 53]",test
3414,Anplagghed al Cinema,"A queue at the ATM machine, a displaced family after a seismic shock that has half-washed their home, a tour within an art gallery, moments","[35, 14]",test
3086,"The Legend of Al, John and Jack","Hapless Depression-era gangsters Al, John and Jack find out their boss wants to get rid of them and come","[35, 80]",test
5530,Black Rain,"Two New York cops get involved in a gang war between members of the Yakuza, the Japanese Mafia. They arrest one of their killers and are ordered to escort him back to Japan. However, in Japan he manages","[18, 28, 53]",test
4848,Oliver & Company,"A young cat named Oliver is left alone in a kitten box, while all the other young cats have new owners. A big dog named Dodger shows him how to get food and later Oliver lives with him, his owner Fagin and Fagin's other dogs Tito, Rita, Einstein, and Francis. Fagin has one problem besides being","[16, 35, 10751]",test
8399,The Men Who Stare at Goats,"A reporter in Iraq might just have the story of a lifetime when he meets Lyn Cassady, a guy who claims to","[35, 10752]",test
616,Into the Wild,"After graduating from Emory University in 1992, top student and athlete Christopher McCandless abandons his possessions, gives","[12, 18]",test
1632,Crush,"When an aspiring young artist is forced to join her high school track team, she uses it as an opportunity to pursue the girl","[35, 10749]",test
5034,The Replacements,Maverick old-guard coach Jimmy McGinty is hired in the wake of a players' strike to help the Washington Sentinels advance to the playoffs. But that impossible dream hinges on whether his replacements can hunker down and do the job.,[35],test
8507,Cyrus,"With John's social life at a standstill and his ex-wife about to get remarried, a down on his luck divorcée finally meets the woman of his dreams, only to discover she has another man","[35, 18, 10749]",test
4975,Fear Street: 1994,"After a series of brutal slayings, a teen and her friends take","[27, 9648]",test
5437,Annabelle: Creation,"Several years after the tragic death of their little girl, a doll maker and his wife welcome a nun and",[27],test
56,The Wild Robot,"After a shipwreck, an intelligent robot called Roz is stranded on an uninhabited island. To survive","[16, 878, 10751, 18]",test
4069,My Spy,A hardened CIA operative finds himself at the mercy of a,"[10751, 28, 35]",test
6787,Zack and Miri Make a Porno,Lifelong platonic friends Zack and Miri look to solve their respective cash-flow problems by making an adult film together. As the,"[35, 10749]",test
6758,The Last Mimzy,"Two siblings begin to develop special talents after they find a mysterious box of toys, and soon their parents and even their teacher are","[18, 878, 12]",test
9038,The Bay,"Two million fish washed ashore. One thousand blackbirds dropped from the sky. On July 4, 2009 a deadly menace swept through the quaint seaside town of Claridge, Maryland, but the harrowing story of what happened that Independence Day has never been told—until now. The authorities believed they had buried the truth about the tragedy that claimed over 700 human lives. Now, three years later, a reporter","[27, 878, 53]",test
4071,The Ice Storm,In the weekend after thanksgiving 1973 the Hood family is skidding out,[18],test
3020,Drugstore Cowboy,"Portland, Oregon, 1971. Bob Hughes is the charismatic leader of a peculiar quartet, formed by his wife, Dianne, and another couple, Rick and Nadine, who","[18, 80]",test
3243,Radiofreccia,"April 24, 1993: it's the last broadcast of Radiofreccia, an independent radio station closing after 18 years, barely one minute before coming of age. Bruno, one of","[18, 10402]",test
8174,Spanglish,"Mexican immigrant and single mother Flor Moreno finds housekeeping work with Deborah and John Clasky, a well-off couple with two children of their own. When Flor admits she can't handle the schedule because of her daughter,","[18, 35]",test
8898,Department Store,A series of skits involving customers and store personnel,[35],test
256,The Wolf of Wall Street,A New York stockbroker refuses to cooperate in a large securities fraud case involving corruption,"[80, 18, 35]",test
4276,The Blob,"In Arborville, California, three high school students try to protect their hometown","[27, 878]",test
307,"Love, Simon","Everyone deserves a great love story, but for 17-year-old Simon Spier, it's a little more complicated. He hasn't told his family","[35, 18, 10749]",test
1719,The Long Goodbye,"In 1970s Hollywood, Detective Philip Marlowe tries to help","[9648, 18, 80]",test
4377,Easy A,"Olive, an average high school student, sees her below-the-radar existence turn around overnight once she decides to use the school's gossip grapevine to advance her social standing. Now her classmates are turning against her and the school board is becoming concerned, including",[35],test
1360,"Play It Again, Sam",A neurotic film critic obsessed with the movie Casablanca attempts to get over his wife leaving him,"[35, 10749]",test
1294,Mars Express,"In 2200, private detective Aline Ruby and her android partner Carlos Rivera are hired by a wealthy businessman to track down a notorious hacker. On Mars, they descend deep into the underbelly of the","[16, 878, 28, 9648]",test
5554,The Lion King 1½,Timon the meerkat and Pumbaa the warthog are best pals and the unsung heroes of the African savanna. This prequel to the smash Disney animated adventure takes you back -- way back --,"[10751, 16, 35, 12]",test
8719,Planet 51,When Earth astronaut Capt. Chuck Baker arrives on Planet 51 -- a world reminiscent of American suburbia circa 1950 -- he tries to,"[16, 10751, 35, 878, 12]",test
5660,Blade II,Blade forms an uneasy alliance with the vampire council in,"[14, 27, 28, 53]",test
4771,Beau Is Afraid,"Following the sudden death of his mother, a mild-mannered but anxiety-ridden man confronts","[35, 12, 14]",test
9355,Cool World,"A bizarre accident lands Frank Harris in Cool World, a realm of cartoons. Years later, cartoonist Jack Deebs, who's been drawing Cool World, crosses over as well. He","[16, 35, 14]",test
9982,And Soon the Darkness,When two American girls on a bike trip in a remote part of Argentina split up and,"[9648, 53]",test
4705,The Gilded Cage,"In the beautiful area of ​​Paris, Maria and José Ribeiro lived for almost thirty",[35],test
4714,Flawless,A female executive and a night janitor conspire to commit a,"[80, 18, 53]",test
159,Togo,The untold true story set in the winter of 1925 that takes you across the treacherous terrain of the Alaskan tundra for an,"[12, 10751]",test
3345,"I'm a Cyborg, But That's OK","Young-goon, mentally deranged and frequently electro-charging herself with a transistor radio, has been admitted into a mental institution. Firmly believing herself to be a cyborg, she refuses to consume like a human being. Il-soon","[18, 35, 10749]",test
5605,Hitch,"Dating coach Alex 'Hitch' Hitchens mentors a bumbling client, Albert, who hopes to win the heart of the glamorous Allegra Cole. While Albert makes progress, Hitch faces his own romantic setbacks when proven techniques","[35, 18, 10749]",test
5835,Joy Ride,Three young people on a road trip from Colorado to New Jersey talk to a trucker,"[9648, 53, 18]",test
88,Le Trou,"Four prison inmates have been hatching a plan to literally dig out of jail when another prisoner, Claude Gaspard, is moved into their cell. They take a risk and share their plan with the newcomer. Over","[18, 53, 80]",test
5794,Red Sparrow,"Prima ballerina Dominika Egorova faces a bleak and uncertain future after she suffers an injury that ends her career. She soon turns to Sparrow School, a secret intelligence service that trains exceptional young people to use their minds and bodies as weapons.","[53, 9648]",test
3166,Trash,"Set in Brazil, three kids who make a discovery in a garbage dump soon","[12, 80, 18, 53, 9648]",test
5760,Jurassic World: Fallen Kingdom,"Three years after Jurassic World was destroyed, Isla Nublar now sits abandoned. When the island's dormant volcano begins","[28, 12, 878, 53]",test
2083,American Fiction,"A novelist fed up with the establishment profiting from ""Black"" entertainment uses a pen name to write","[35, 18]",test
354,The Sixth Sense,"Following an unexpected tragedy, child psychologist Malcolm Crowe meets a nine year","[9648, 53, 18]",test
9465,Blue Mountain State: The Rise of Thadland,"With Blue Mountain State football star Thad Castle recently signing a multi-million dollar NFL contract, his teammates and college life seem like a distant memory. However, when a new school dean threatens to clean up the BMS image by auctioning off the infamous Goat House,",[35],test
9630,Don't Knock Twice,A mother desperate to reconnect with her troubled daughter becomes,[27],test
604,Mr. Nobody,Nemo Nobody leads an ordinary existence with his wife and 3 children; one,"[878, 18, 10749]",test
9133,Life of Crime,Two common criminals get more than they bargained for after kidnapping the wife of a corrupt real-estate,"[35, 80]",test
439,Dangal,"Dangal is an extraordinary true story based on the life of Mahavir Singh and his two daughters, Geeta and Babita","[18, 10751, 35]",test
5242,The Harder They Fall,"Gunning for revenge, outlaw Nat Love saddles up with his gang to take down",[37],test
5089,"Mektoub, My Love: Canto Uno","Amin, an aspiring screenwriter living in Paris, returns home for the summer, to a fishing village in the South of France. It is a time of reconnecting with his family and his childhood friends. Together with his cousin Tony and his best friend Ophélie, he spends his time between the Tunisian restaurant run by his parents, the local bars and the beaches frequented by girls on holiday.","[10749, 18]",test
9187,MILF,"Three childhood friends - Elise, Sonia and Cecile - leave for a summer in the South of France to help clear Cecile’s holiday house before it is put up for","[35, 10749]",test
9662,My Soul to Take,"On the day the Riverton Ripper vanished without a trace, seven children","[27, 9648]",test
6237,Cloudy with a Chance of Meatballs 2,"After the disastrous food storm in the first film, Flint and his friends are forced to leave the town. Flint accepts the invitation from his idol Chester V to join The Live Corp Company, which has been tasked to clean the island, and where the","[16, 10751, 35]",test
4155,Den of Thieves,A gritty crime saga which follows the lives of an elite unit of the LA County Sheriff's Dept. and the,"[28, 80, 53]",test
1235,Hard Boiled,A cop who loses his partner in a shoot-out with gun smugglers goes on a mission to catch them. In order to get closer to the leaders,"[28, 53, 80]",test
458,A Whisker Away,A peculiar girl transforms into a cat to catch her crush's attention. But,"[16, 18, 10749, 14]",test
480,Kill Bill: Vol. 2,The Bride unwaveringly continues on her roaring rampage of revenge against the band of assassins who had tried to kill her and her unborn child. She,"[28, 80, 53]",test
7672,Last Night,Michael and Joanna are a young and successful married couple who appear to have it all. But when Michael finds himself alone on a business,"[18, 10749]",test
8738,Love Addict,Gabriel can't resist a beautiful woman. But his womanizing attitude is taking a toll on,"[35, 10749]",test
4017,Tales from the Crypt: Demon Knight,Ex-soldier Frank Brayker is the guardian of an ancient key that can unlock tremendous evil; the sinister Collector is a demon who wants the key so he can initiate the apocalypse. On the run from wicked mercenaries for almost 90,"[27, 35, 53]",test
726,Deep Red,"An English pianist living in Rome witnesses the brutal murder of his psychic neighbor. With the help of a tenacious young reporter, he","[27, 9648, 53]",test
222,My Neighbor Totoro,"Two sisters move to the country with their father in order to be closer to their hospitalized mother, and discover the surrounding trees are inhabited","[14, 16, 10751]",test
1221,Angels with Dirty Faces,Childhood chums Rocky Sullivan and Jerry Connelly grow up on opposite sides of the fence: Rocky matures into,"[80, 18]",test
1256,The Passion of the Christ,A graphic portrayal of the last twelve,[18],test
9620,Blackhat,"Nicholas Hathaway, a furloughed convict, and his American and Chinese partners hunt a high-level cybercrime network from Chicago to Los Angeles to Hong Kong to","[80, 53, 28]",test
5287,Barefoot,"The ""black sheep"" son of a wealthy family meets a young psychiatric patient who's been raised in isolation her entire life. He takes","[35, 18, 10749]",test
2645,Alien: Romulus,"While scavenging the deep ends of a derelict space station, a group of young space","[27, 878]",test
8601,Mean Girls,"New student Cady Heron is welcomed into the top of the social food chain by the elite group of popular girls called ‘The Plastics,’ ruled by the conniving queen bee Regina George and her minions Gretchen and Karen. However, when Cady makes the major misstep of falling for Regina’s",[35],test
2568,Irreversible,A woman’s lover and her ex-boyfriend take justice into their own hands after she becomes the victim of a rapist. Because some acts,"[18, 53, 80]",test
8171,Franklyn,"Set between the parallel worlds of contemporary London and the futuristic faith dominated metropolis of Meanwhile City, Franklyn weaves a tale of four souls,","[14, 53, 18]",test
9547,Open Water,Two divers are left out at sea without a boat. There’s nothing,"[27, 53]",test
2384,"The Good, the Bart, and the Loki",Loki is banished from Asgard once again and must face his toughest opponents yet: the Simpsons and Springfield’s mightiest heroes. The God of,"[16, 35, 10751]",test
6491,Vantage Point,"During an historic counter-terrorism summit in Spain, the President of the United States is struck down by an assassin's bullet. Eight strangers have a perfect view of the kill, but","[18, 28, 53, 80]",test
7684,Every Which Way but Loose,"Philo Beddoe is your regular, easygoing, truck-driving guy. He's also the best bar-room brawler west of the Rockies. And he lives with a 165-pound orangutan named Clyde. Like other guys, Philo finally falls","[28, 35, 12, 10749, 18]",test
4330,Pooh's Heffalump Movie,"Who or what exactly is a Heffalump? The lovable residents of the Hundred Acre Wood -- Winnie the Pooh, Rabbit, Tigger, Eeyore, Kanga and the rest of the pack -- embark on a journey","[10751, 16, 35, 14]",test
2210,Labyrinth,"When Sarah is forced to babysit her half-brother Toby, she inadvertently summons the Goblin King who whisks Toby away to his castle at the center of a labyrinth.","[12, 10751, 14]",test
1332,Batman: Mask of the Phantasm,"Andrea Beaumont leaves her father to return to Gotham, rekindling an old romance with Bruce Wayne. At the same time, a mysterious figure begins to hunt down Gotham's","[28, 16, 80, 9648, 18]",test
2861,This Boy's Life,"When a son and mother move to Seattle in hopes for a better life, the mother meets a seemingly polite man. Things go south when the",[18],test
7870,Valhalla Rising,"Scandinavia, 1,000 AD. For years, One Eye, a mute warrior of supernatural strength, has been held prisoner by the Norse chieftain Barde. Aided by Are, a boy slave, One Eye slays his captor and together he and Are escape, beginning a journey into the heart of darkness. On their flight,","[12, 18, 28, 14]",test
813,Divines,"In a ghetto where religion and drug trafficking rub shoulders, Dounia has a lust for power and success. Supported by Maimouna, her best friend, she",[18],test
4858,Anna Karenina,"In Imperial Russia, Anna, the wife of the officer Karenin, goes to Moscow to visit her brother. On the way, she meets the charming","[18, 10749, 36]",test
4637,Danny Collins,An ageing hard-living 1970s rock star decides to change his life when,"[10402, 35, 18]",test
4591,The Girl in the Fog,A gripping and chilling thriller that brings us to a hazy mountain village,"[9648, 53, 80]",test
9045,Trespass Against Us,"Three generations of the rowdy Cutler family live as outlaws in some of Britain's richest countryside – hunting hares, ram-raiding stately homes, and taunting the police. Struggling to retain a way of life fast","[28, 80, 18]",test
8481,Paradise Hills,"A young woman is sent to Paradise Hills to be reformed, only","[14, 878, 53]",test
2302,Mask,A significantly deformed but highly intelligent teenage boy and his biker gang mother,[18],test
9943,Welcome Home,A couple try to repair their damaged union in an,"[53, 27]",test
8338,Dead Snow,Eight medical students on a ski trip to Norway discover that Hitler's horrors live on when they come face to face with a battalion,"[27, 35]",test
8262,Mission to Mars,When the first manned mission to Mars meets with a catastrophic and mysterious disaster after reporting an,"[878, 12, 18]",test
1764,Mudbound,"In the post–World War II South, two families are pitted against a barbaric social hierarchy",[18],test
9988,Halloween III: Season of the Witch,"A terrified toy salesman is mysteriously attacked, and at the hospital, babbles and clutches the year's most popular","[27, 878]",test
1603,The Secret Garden,A young British girl born and reared in India loses her neglectful parents in an earthquake. She is returned to England to live at her uncle's castle. Her uncle is very distant due to the loss of his wife ten years,"[18, 10751, 14]",test
9989,Poltergeist III,"Carol Anne has been sent to live with her Aunt and Uncle in an effort to hide her from the clutches of the ghostly Reverend Kane, but he tracks her down and","[27, 53]",test
8535,1922,A simple yet proud rancher conspires to murder his wife,"[27, 80, 18, 9648, 53]",test
8708,Hitman: Agent 47,An assassin teams up with a woman to help her,"[28, 80, 53]",test
2858,Your Fault,The love between Noah and Nick seems unwavering despite their parents' attempts to separate them. But his job and her entry into,"[10749, 18]",test
8086,All Good Things,"Newly-discovered facts, court records and speculation are used to elaborate the true love story","[9648, 53, 10749]",test
6753,Security,"An ex-special services veteran, down on his luck and desperate for work, takes a job as a security guard at a run-down mall in a rough area of town. On his first night on the job, he opens the door to a distraught and desperate young","[28, 53, 80]",test
2722,The Man Who Knew Infinity,"Growing up poor in Madras, India, Srinivasa Ramanujan Iyengar earns admittance to Cambridge University during WWI, where","[18, 36]",test
6178,Cobweb,"Eight year old Peter is plagued by a mysterious, constant tapping from inside his bedroom wall—one that his parents insist is all",[27],test
57,The Quintessential Quintuplets Movie,"When five lovely young girls who hate studying hire part-time tutor Futaro, he guides not only their education but also their hearts. Time spent has brought them all closer, with feelings growing within the girls","[16, 35, 10749]",test
4650,Coma,When relatively healthy patients begin having 'complications' during simple operations and ending up in,"[53, 9648]",test
3683,Rescue Dawn,A US Fighter pilot's epic struggle of survival after being shot,"[12, 18, 10752]",test
7963,Journey to the Center of the Earth,"On a quest to find out what happened to his missing brother, a scientist, his nephew and","[28, 878, 12, 35, 10751]",test
2275,The Names of Love,"Bahia Benmahmoud, a free-spirited young woman, has a particular way of seeing political engagement, as she doesn't hesitate to sleep with those who don't agree with her to convert them to her cause - which is a lot of people, as all right-leaning people","[18, 35, 10749]",test
8384,Elvis & Nixon,"In 1970, a few days before Christmas, Elvis Presley showed up on the White House lawn","[18, 35, 36]",test
2126,Lights Out,"A woman prepares for bed, but realizes that",[27],test
4528,Last Flag Flying,"Thirty years after serving together in the Vietnam War, Larry, Sal and Richard reunite for a different type of mission: to bury Doc's son, a young Marine killed in Iraq. Forgoing the burial, the trio","[18, 35]",test
8652,The Riot Club,Two first-year students at Oxford University join a secret society and learn that,[18],test
5581,Greta,"A young woman returns a lonely widow’s lost purse, leading to an unlikely relationship between the","[9648, 53, 18]",test
7976,Alien Nation,"A few years from now, Earth will have the first contact with an alien civilization. These","[878, 80, 53]",test
452,Roman Holiday,"Overwhelmed by her suffocating schedule, touring European princess Ann takes off for a night while in Rome. When a sedative she took from her doctor kicks in, however, she falls asleep on a park bench and is found by an American","[10749, 35, 18]",test
9321,Captive State,"Nearly a decade after occupation by an extraterrestrial force, the lives of a Chicago neighborhood on both sides of the conflict are explored. In a working-class Chicago neighborhood","[878, 28, 53]",test
2136,Star Trek: First Contact,"The Borg, a relentless race of cyborgs, are on a direct course for Earth. Violating orders to stay away from the battle, Captain Picard and the","[878, 28, 12, 53]",test
5207,Ninja: Shadow of a Tear,"Fight everyone and trust no one: it's the code of survival practiced by martial-arts master Casey Bowman after his life of domestic bliss is shattered by a savage act of violence. Vowing revenge, the fearless American stealthily tracks the killer from Osaka to Bangkok to Rangoon with the help of a wise and crafty sensei. His only clues: a series of victims whose necks bear the distinctive mark of strangulation by barbed wire. Fighting to avenge as well as to survive, Casey must sharpen","[28, 80, 53]",test
3373,Emma.,"In 1800s England, a well-meaning but selfish young woman","[35, 10749, 18]",test
4361,Wild Rose,"A young Scottish singer, Rose-Lynn Harlan, dreams of making it as","[10402, 35, 18]",test
8255,Sudden Death,When a man's daughter is suddenly taken during a championship hockey game – with the captors demanding a billion dollars by game's,"[28, 18, 53, 80]",test
9020,The Town that Dreaded Sundown,A masked maniac terrorizes the same small community where a,"[53, 27]",test
9744,The Dead Don't Die,"In the sleepy town of Centerville, the lives of a","[35, 27, 14, 878]",test
1291,Prison Break: The Final Break,"Prison Break: The Movie. Michael and Sara wed, but the happiness is short-lived when the Feds apprehend her for the murder","[28, 18, 53]",test
4674,Fantomas Unleashed,In the second episode of the trilogy Fantômas kidnaps distinguished scientist professor Marchand with the aim to develop a super,"[35, 80, 12, 14]",test
3253,Say Anything...,"Lloyd, an eternal optimist, seeks to capture the heart of Diane, an unattainable high school beauty and straight-A student. He surprises just about everyone-including himself-when","[10749, 35, 18]",test
2587,"Ruby Gillman, Teenage Kraken","Ruby Gillman, a sweet and awkward high school student, discovers she's a direct descendant of the warrior kraken queens. The kraken are sworn to protect the oceans of","[16, 10751, 14, 35]",test
5753,Harold & Kumar Go to White Castle,"Nerdy accountant Harold and his irrepressible friend, Kumar, get stoned watching television and find themselves utterly bewitched by a commercial for White Castle. Convinced there must be one nearby, the two set out on","[35, 12]",test
7793,Kin,"A young boy finds a powerful otherworldly weapon, which he uses to save his older adoptive brother from a crew of","[878, 28, 12, 53]",test
8698,Stuck Together,"Seven families live in the Parisian apartment building at 8, Rue de l’Humanite - and they didn’t escape to the countryside at",[35],test
2524,"Are You There God? It's Me, Margaret.","When her family moves from New York City to New Jersey, an","[35, 18]",test
8467,Mars Needs Moms,"When Martians suddenly abduct his mom, mischievous Milo rushes to","[12, 16, 10751]",test
8225,12 Feet Deep,Two sisters are trapped under the fiberglass cover of an Olympic sized public pool,[53],test
7360,Short Circuit 2,Robot Johnny 5 moves to the city to help his friend Ben Jahrvi with his toy manufacturing,"[35, 10751, 878, 18]",test
7800,The Inbetweeners 2,"Neil, Will and Simon receive an invite from Jay to join him in Australia whilst on his gap year, who promises them it’s ”the sex capital of the world”. With their lives now rather dull compared to their hedonistic school days and legendary lads holiday, it’s an offer they can’t refuse.",[35],test
7262,Unknown Origins,"In Madrid, Spain, a mysterious serial killer ruthlessly murders his victims by recreating the first appearance of several comic book superheroes. Cosme, a veteran police inspector who is about to","[18, 53]",test
5690,The Vast of Night,"At the dawn of the space-race, two radio-obsessed teens discover a strange frequency over the airwaves in","[18, 9648, 878, 53]",test
1613,Hedwig and the Angry Inch,"Raised a boy in East Berlin, Hedwig undergoes a personal transformation in order to emigrate to the U.S.,","[35, 10402, 18]",test
1054,The Longest Day,"The retelling of June 6, 1944, from the perspectives of the Germans, US, British, Canadians, and the Free French. Marshall Erwin Rommel, touring the defenses being established as part of the Reich's Atlantic","[10752, 28, 18]",test
9170,The Order,"For centuries, a secret Order of priests has existed within the Church. A renegade priest, Father Alex Bernier, is sent to Rome to investigate the mysterious death","[14, 27, 9648, 53, 10749, 18]",test
446,The Notebook,"An epic love story centered around an older man who reads aloud to a woman with Alzheimer's. From a faded notebook, the old man's words bring to","[10749, 18]",test
6194,Da 5 Bloods,Four African-American Vietnam veterans return to Vietnam. They are in search of the remains of their fallen squad leader and the promise of,"[10752, 18]",test
6702,Shrek the Halls,The Christmas tree isn't the only thing green in this new holiday classic. Shrek is back and trying to get into the spirit of the season. After promising Fiona and the kids a Christmas they'll,"[12, 16, 35, 14, 10751]",test
1526,Marty,"Marty, a butcher who lives in the Bronx with his mother is unmarried at 34. Good-natured but socially awkward he faces constant badgering from family and friends to get married but","[18, 10749]",test
6737,Looney Tunes: Back in Action,"Fed up with all the attention going to Bugs Bunny, Daffy Duck quits Hollywood, teams up with recently-fired stuntman Damien Drake Jr. and embarks on a round-the-world adventure, along with Bugs and","[16, 35, 10751]",test
935,The Spirit of the Beehive,"In 1940, in the immediate aftermath of the Spanish Civil War, a young girl living on the Castilian plain is haunted after attending a screening of","[18, 14]",test
4749,Maze Runner: The Scorch Trials,"Thomas and his fellow Gladers face their greatest challenge yet: searching for clues about the mysterious and powerful organization known as WCKD. Their journey takes them to the Scorch,","[878, 28, 53, 12]",test
2642,The Broken Hearts Gallery,Lucy is a young gallery assistant who collects mementos from her relationships. She discovers that she must let go of her,"[35, 10749]",test
141,Innocent Voices,"A young boy, attempting to have a normal childhood in 1980s El Salvador, is caught up in a dramatic","[18, 10752]",test
6091,The United States of Leland,"A withdrawn young man, Leland Fitzgerald is imprisoned for the murder of a mentally disabled boy, who also happened to be the brother of his girlfriend, Becky. As the community struggles to deal with","[80, 18]",test
532,The Big Lebowski,"Jeffrey 'The Dude' Lebowski, a Los Angeles slacker who only wants to bowl and drink White Russians, is mistaken for another Jeffrey Lebowski, a wheelchair-bound","[35, 80]",test
704,How to Train Your Dragon: The Hidden World,"As Hiccup fulfills his dream of creating a peaceful dragon utopia, Toothless’ discovery of an untamed, elusive mate draws the Night Fury away. When","[16, 10751, 12]",test
1277,Escape from Alcatraz,"San Francisco Bay, January 18, 1960. Frank Lee Morris is transferred to Alcatraz, a maximum security prison located on a rocky island.","[18, 53]",test
3806,Meet the Robinsons,"Lewis, a brilliant young inventor, is keen on creating a time machine to find his mother, who","[16, 35, 10751]",test
6470,Kick-Ass 2,"After Kick-Ass’ insane bravery inspires a new wave of self-made masked crusaders, he joins a patrol led by the Colonel Stars and Stripes.","[28, 12, 80]",test
7101,Unfriended: Dark Web,"​When a 20-something finds a cache of hidden files on his new laptop, he and his friends are unwittingly thrust into the depths of","[27, 9648]",test
8133,Prey,A young couple is compelled to leave their Christian missionary station in the Kalahari Desert after being threatened with,"[28, 53, 27]",test
2481,It's Only the End of the World,"Louis, a terminally ill writer, returns home after a long",[18],test
5156,Fire in the Sky,"After clearing brush for the government, a group of men return to town claiming their friend was abducted. Despite","[878, 18, 9648, 53, 14]",test
3418,Naked Lunch,"Blank-faced bug killer Bill Lee and his dead-eyed wife, Joan, like to get high on Bill's pest poisons while lounging with Beat poet pals. After meeting the devilish Dr. Benway, Bill gets a drug made from","[80, 18]",test
7481,El Conde,"After living for over two centuries, Augusto Pinochet is a vampire ready to die…","[14, 35, 27]",test
1109,Imagine Me & You,"During her wedding ceremony, Rachel notices Luce in the audience and feels instantly drawn to her. The two women become close friends, and when Rachel learns that Luce is a lesbian, she realizes that","[18, 35, 10749]",test
9659,Sandy Wexler,When a hapless but dedicated talent manager signs his first client,[35],test
2155,A Monster Calls,12-year-old Conor encounters an ancient tree monster who proceeds to help him,"[14, 12, 10751]",test
9842,The Flintstones,Modern Stone Age family the Flintstones hit the big screen in this live-action version of the classic cartoon. Fred helps Barney adopt a child.,"[14, 35, 10751]",test
1476,Man on Fire,Jaded ex-CIA operative John Creasy reluctantly accepts a job as the bodyguard for a 10-year-old girl in Mexico City. They clash at,"[28, 18, 53]",test
2743,Talk to Me,"When a group of friends discover how to conjure spirits using an embalmed hand, they become hooked",[27],test
3742,Chicken Run: Dawn of the Nugget,A band of fearless chickens flock together to save poultry-kind from an,"[10751, 16, 12, 35]",test
2768,Seven Brides for Seven Brothers,"In 1850 Oregon, when a backwoodsman brings a wife home to his","[35, 18, 37]",test
5670,Reminiscence,"Nicolas Bannister, a rugged and solitary veteran living in a near-future Miami flooded by rising seas, is an expert in a dangerous occupation: he offers clients the chance to relive any memory they desire. His life changes when he meets a mysterious young woman named Mae. What begins","[9648, 878]",test
1894,Eraserhead,"First-time father Henry Spencer tries to survive his industrial environment, his angry","[878, 27]",test
3695,Four Lions,Four Lions tells the story of a group of British jihadists who push their abstract dreams of glory to the breaking,"[35, 80, 18]",test
276,Harry Potter and the Prisoner of Azkaban,"Year three at Hogwarts means new fun and challenges as Harry learns the delicate art of approaching a Hippogriff, transforming shape-shifting Boggarts into hilarity and even turning back time. But the term also","[12, 14]",test
389,Heat,Obsessive master thief Neil McCauley leads a top-notch crew on various daring heists throughout Los Angeles while determined detective Vincent Hanna pursues him without rest.,"[80, 18, 28]",test
2500,Monster,An emotionally scarred highway drifter shoots a sadistic trick who,"[80, 18]",test
4675,Sightless,"After an attack renders her blind, Ellen withdraws from the world to recover. But soon she plunges into","[53, 27]",test
5163,The Hunger,"Five-thousand-year-old vampire Miriam promises her lovers the gift of eternal life. When John, her cellist companion for centuries, discovers that he has","[27, 18]",test
7397,Stretch,A hard-luck limo driver struggling to go straight and pay off a debt to his bookie,"[28, 35, 53]",test
1805,The Impossible,"In December 2004, close-knit family Maria, Henry and their three sons begin their winter vacation in Thailand. But the day after Christmas, the idyllic holiday turns into an incomprehensible nightmare when a terrifying roar rises from","[18, 53, 36]",test
7148,Deadstream,A disgraced internet personality attempts to win back his followers by livestreaming one night alone in a haunted house. But,"[27, 35]",test
3272,The Lobster,"In a dystopian near future, single people, according to the laws of The City, are taken to The Hotel, where they","[35, 18, 10749]",test
1741,Braindead,"When a Sumatran rat-monkey bites Lionel Cosgrove's mother, she's transformed into a zombie and begins","[27, 35]",test
992,The Anthem of the Heart,"A young girl had her voice magically taken away so that she would never hurt people with it, but her","[16, 18, 10402, 10749]",test
9001,Ricki and the Flash,"Meryl Streep stars as Ricki Rendazzo, a guitar heroine who made a world of mistakes as she followed her dreams of rock-and-roll stardom.","[35, 18, 10402]",test
3841,Isi & Ossi,"Isi and Ossi couldn't be any more different: She's a billionaire's daughter from Heidelberg, he's a struggling boxer from the nearby town of Mannheim. But when Isi meets Ossi, the two quickly realize that they can take advantage of one another: She dates the broke boxer to provoke her","[10749, 35]",test
1575,Mr. Church,A unique friendship develops when a little girl and her dying mother inherit a cook - Mr.,[18],test
4004,The Night Comes for Us,"After sparing a girl's life during a massacre, an elite","[28, 80, 53]",test
8695,Suburbicon,"In the quiet family town of Suburbicon during the 1950s, the best and worst of humanity is hilariously reflected through the","[53, 80, 18, 9648]",test
9457,Earth Girls Are Easy,"In this musical comedy, Valerie is dealing with her philandering fiancé, Ted, when she finds that a trio of aliens have crashed their spaceship into her swimming pool. Once the furry beings are","[35, 878, 10402, 10749]",test
9385,Semi-Pro,"Jackie Moon is the owner, promoter, coach, and star player of the Flint Michigan Tropics of the American Basketball Association (ABA), the worst team in the league. In 1976 before the ABA collapses, the NBA plans to merge with the best teams of",[35],test
8987,Joe's Apartment,A nice guy has just moved to New York and discovers that he,"[35, 14]",test
1415,C.R.A.Z.Y.,"A young French Canadian, one of five boys in a conservative family in the","[35, 18]",test
6478,Hot Rod,"For Rod Kimble, performing stunts is a way of life, even though he is rather accident-prone. Poor Rod cannot even get any respect from his stepfather, Frank, who beats him","[35, 28]",test
9618,Dirty Dancing,"Spending the summer at a Catskills resort with her family, Frances ""Baby"" Houseman falls in love with the","[18, 10749]",test
2350,Frozen II,"Elsa, Anna, Kristoff and Olaf head far into the forest to","[10751, 16, 12, 35, 14]",test
4942,A Nightmare on Elm Street 3: Dream Warriors,"During a hallucinatory incident, Kristen Parker has her wrists slashed by dream-stalking monster, Freddy Krueger. Her mother, mistaking the wounds","[27, 53, 14]",test
1458,Balkan Line,"After the NATO bombing of Yugoslavia in 1999, the Yugoslav army pulls out of Kosovo region, leaving Serbian people at the mercy of","[18, 28, 10752]",test
7723,Jackass Presents: Bad Grandpa,86-year-old Irving Zisman is on a journey across America with,[35],test
8997,Vanity Fair,"In early 19th century England, ambitious and ruthless orphan Rebecca Sharp advances","[18, 10749]",test
4514,Don't Worry Darling,"Alice and Jack are lucky to be living in the idealized community of Victory, the experimental company town housing the men who work for the top-secret Victory Project and their families. But when","[878, 9648, 53]",test
8848,A Classic Horror Story,"Five people travelling by camper crash into a tree. When they recover, the road they","[27, 9648]",test
7374,Blown Away,"Blown Away tells the story of Jimmy Dove, who works for the Boston bomb squad. Shortly after Dove leaves the",[28],test
4010,Sleeper,"Miles Monroe, a clarinet-playing health food store proprietor, is revived out of cryostasis 200 years","[35, 878]",test
5486,The Fury of a Patient Man,"Quiet Jose woos cafe worker Ana, but she is",[53],test
7473,Under the Riccione Sun,"While vacationing on the crowded beaches of Riccione, a group of teenagers","[35, 10749]",test
7071,Gemini Man,Henry Brogan is an elite 51-year-old assassin who's ready to call it quits after completing his 72nd job. His plans get turned upside down when he becomes the target of a,"[878, 28, 12, 53]",test
7029,I ♥ Huckabees,"A husband-and-wife team play detective, but not in the traditional sense. Instead, the happy duo helps others","[35, 10749]",test
4653,Twitches,"Twins separated at birth, Camryn and Alex meet by chance for the first time on their 21st birthday and discover they're witches with the power to save their homeland of Coventry","[35, 18, 10751, 14, 10770]",test
3016,Aladdin,A kindhearted street urchin named Aladdin embarks on a magical adventure after finding a lamp that releases a wisecracking genie while,"[12, 14, 10749, 10751]",test
8194,Tracers,"Wanted by the mafia, a New York City bike messenger escapes",[28],test
9594,Budapest,Two best friends stuck in boring jobs,[35],test
6034,Hey Arnold! The Movie,Arnold and his friends must recover a stolen document,"[16, 35, 10751, 12, 18, 53]",test
9080,The Smurfs,"When the evil wizard Gargamel chases the tiny blue Smurfs out of their village, they tumble from their magical world and into ours -- in fact, smack dab in the middle","[16, 10751, 12, 35, 14]",test
5733,Saving Grace,"Unexpectedly widowed, prim and proper housewife Grace Trevethyn finds herself in dire financial straits when she inherits massive debts her late husband had been accruing for years. Faced with losing her","[80, 35]",test
3927,Supernova,"Sam and Tusker, partners of 20 years, are traveling across England in their old RV visiting friends, family and places from their past. Since Tusker was diagnosed with early-onset dementia two years ago, their time together is the most important thing they have.  As","[10749, 18]",test
5580,The Mask of Zorro,"It has been twenty years since Don Diego de la Vega fought Spanish oppression in Alta California as the legendary romantic hero, Zorro. Having escaped from prison he transforms troubled","[28, 12]",test
2296,One Man Band,"With one coin to make a wish at the piazza fountain, a peasant girl encounters two competing street performers who'd prefer the coin find","[16, 35, 10751, 10402]",test
5976,Four Flies on Grey Velvet,"Roberto, a drummer in a rock band, keeps receiving weird phone calls and being followed by a mysterious man. One night he manages to catch up with his persecutor and tries to get him to talk but in the ensuing struggle he accidentally","[27, 53, 9648]",test
3517,The Bob's Burgers Movie,"When a ruptured water main creates an enormous sinkhole right in front of Bob's Burgers, it blocks the entrance indefinitely and ruins the Belchers’ plans for a successful summer. While Bob and Linda struggle to keep the","[16, 12, 10402, 35, 80, 18, 9648]",test
2050,Total Recall,"Construction worker Douglas Quaid's obsession with the planet Mars leads him to visit Recall, a company that manufactures","[28, 12, 878]",test
1426,The Discreet Charm of the Bourgeoisie,"In Luis Buñuel’s deliciously satiric masterpiece, an upper-class sextet sits down to dinner but never",[35],test
6691,A Dangerous Method,"Seduced by the challenge of an impossible case, the driven Dr. Carl Jung takes the unbalanced yet beautiful Sabina Spielrein as",[18],test
6945,The Gendarme in New York,Sergeant Cruchot and his faithful comrades have been sent,[35],test
728,Guy Ritchie's The Covenant,"During the war in Afghanistan, a local interpreter risks his own","[10752, 28, 53]",test
7850,Haunter,A teenager is stuck in a time loop that is not quite the same each,"[27, 9648, 53]",test
8524,All You Need is Crime,"In the present day, three friends to make ends meet invent a ""criminal tour"" for the places which were scenes of the Banda della Magliana criminal acts, even with vintage",[35],test
4313,Smallfoot,A bright young yeti finds something he thought didn't exist—a human. News of this “smallfoot” throws the simple yeti,"[10751, 35, 12, 16]",test
148,Silenced,"Based on actual events that took place at Gwangju Inhwa School for the hearing-impaired, where young deaf students were",[18],test
4468,I Walked with a Zombie,A nurse in the Caribbean turns to voodoo in hopes of curing,"[9648, 27, 18]",test
2699,"The Good, the Bad, the Weird","The story of three Korean outlaws in 1930s Manchuria and their dealings with the Japanese army and Chinese and Russian bandits. The Good (a bounty hunter), the Bad (","[28, 12, 35, 37]",test
3028,Immortal Beloved,"A chronicle of the life of infamous classical composer Ludwig van Beethoven and his painful struggle with hearing loss. Following Beethoven's death in 1827, his assistant, Schindler, searches for an elusive","[18, 10402, 10749]",test
2474,The Princess and the Frog,"A waitress, desperate to fulfill her dreams as a restaurant owner, is set on a journey to turn a","[16, 10749, 14, 10751]",test
4080,AKA,A steely special ops agent finds his morality put to the test when,[28],test
4455,Babysitting,"Looking for a baby-sitter for the night, Marc Schaudel entrusts his son Remy to the care of his employee Franck, a straight man. But the thing that Marc doesn't know, is that Franck is getting 30 years old this weekend and that his son Remy is a very capricious child. The next day, Marc and his wife",[35],test
732,Accattone,A pimp with no other means to provide for himself finds his,[18],test
9622,102 Dalmatians,"Get ready for a howling good time as an all new assortment of irresistible animal heroes are unleashed in this great family tail! In an unlikely alliance, the outrageous Waddlesworth - a parrot","[10751, 35]",test
3629,Superman vs. The Elite,The Man of Steel finds himself outshone by a new,"[878, 16, 28]",test
7579,The Belko Experiment,A group of eighty American workers are locked in their office and,"[27, 53]",test
5666,Return of the Living Dead III,Having recently witnessed the horrific results of a top secret project to bring the dead back to,"[27, 10749]",test
1126,Bao,An aging Chinese mother suffering from empty nest syndrome gets another chance at motherhood,"[16, 10751, 14]",test
3446,"Extremely Wicked, Shockingly Evil and Vile","A chronicle of the crimes of Ted Bundy, from the perspective of his longtime","[18, 80]",test
5726,Bad Santa,"You'd better watch out - Santa Claus Willie T. Soke is coming to town, and he doesn't care if you've been naughty or nice. Wille's favorite holiday tradition is to fill his sacks with loot","[18, 35, 80]",test
7407,The Yards,"In the rail yards of Queens, contractors repair and rebuild the city's subway cars. These contracts are lucrative, so graft and corruption are rife. When Leo","[80, 18, 53]",test
5932,The Rebound,"Upon discovering her husband's infidelity, Sandy leaves the suburbs and moves into the city. There, she befriends Aram, a guy whose wife only married him so she could get a green card. Sandy hires Aram to be","[10749, 35]",test
6000,Stir Crazy,"New Yorkers Skip Donahue and Harry Monroe have no jobs and no prospects, so they decide to flee the city and find work elsewhere, landing jobs wearing woodpecker costumes to","[35, 80]",test
3539,The Way We Were,"Opposites attract when, during their college days, Katie Morosky, a politically active Jew, meets Hubbell Gardiner, a feckless WASP. Years later, in the","[18, 10749]",test
2847,Greenland,"John Garrity, his estranged wife and their young son embark on a perilous journey to find sanctuary as a planet-killing comet hurtles toward Earth. Amid terrifying accounts of cities getting levelled, the","[28, 12, 53, 878]",test
6716,The Expendables 2,"Mr. Church reunites the Expendables for what should be an easy paycheck, but when one of their men is murdered","[28, 12, 53]",test
4167,Bill & Ted's Excellent Adventure,"Bill and Ted are high school buddies starting a band. They are also about to fail their history class—which means Ted would be sent to military school—but receive help from Rufus, a traveller from a future","[12, 35, 878]",test
4963,The Boxtrolls,An orphaned boy raised by underground creatures called Boxtrolls comes up from the sewers and out,"[16, 35, 10751, 14]",test
1456,Sin City,"Welcome to Sin City. This town beckons to the tough, the corrupt, the brokenhearted. Some call it dark… Hard-boiled. Then there are those who call it home — Crooked cops, sexy dames, desperate vigilantes. Some are seeking revenge,","[80, 53]",test
1387,Running on Empty,"The Popes are a family who haven't been able to use their real identity for years. In the late sixties, the parents set a weapons lab afire in an effort to hinder the government's Vietnam war campaign. Ever since then,","[18, 10749, 80]",test
7015,The Three Caballeros,"For Donald's birthday he receives a box with three gifts inside. The gifts, a movie projector, a","[16, 10751, 10402]",test
2438,Beating Hearts,"Local rebellious teenager Clotaire falls for his schoolmate Jackie, but gang violence leads him to a darker destructive","[10749, 80, 18]",test
8273,Gretel & Hansel,"A long time ago in a distant fairy tale countryside, a young girl leads her little brother into a","[27, 14]",test
6741,Lady and the Tramp II: Scamp's Adventure,"Lady and Tramp's mischievous pup, Scamp, gets fed up with rules and restrictions imposed on him by life in a family, and longs for a wild and free lifestyle. He runs away from home and into the streets where he joins a pack of stray dogs known as the ""Junkyard Dogs."" Buster, the pack's","[10751, 16, 10749, 12]",test
6386,Game of Death,A martial arts movie star must fake his death to,"[18, 28, 53]",test
3406,Boy Erased,"Jared, the son of a Baptist pastor in a small American town, is outed to his parents at age 19. Jared is",[18],test
7635,We're No Angels,Two escaped cons' only prayer to escape is to pass themselves off as priests,"[35, 80]",test
62,Léon: The Professional,"Léon, the top hit man in New York, has earned a rep as an effective ""cleaner"". But when his next-door neighbors are wiped out by a","[80, 18, 28]",test
9345,Old People,A woman who's returned home with her two kids to attend her sister's,[27],test
7311,Wimbledon,"Britain’s Peter Colt has never quite lived up to his dreams of tennis stardom. Once ranked as high as number 11 in the world, the journeyman veteran has watched his number slip to 119 as his confidence","[35, 10749]",test
8681,Child's Play 3,"Eight years after seemingly destroying the killer doll, teen Andy Barclay is placed in a military school, and the spirit","[27, 53]",test
4758,Silver Streak,A somewhat daffy book editor on a rail trip from Los Angeles to Chicago thinks that he sees a murdered man thrown from the train. When he,"[35, 80, 10749, 53, 28]",test
2188,The Texas Chain Saw Massacre,"Five friends head out to rural Texas to visit the grave of a grandfather. On the way, they stumble",[27],test
9278,Cosmopolis,Riding across Manhattan in a stretch limo during a riot in order to,[18],test
9375,The House,"When Scott and Kate Johansen’s daughter gets into the college of her dreams it’s cause for celebration. That is, until Scott and Kate learn that the scholarship they were counting on didn’t come through, and they’re now on the hook for tuition they can’t begin to afford. With","[35, 80]",test
2504,Only Lovers Left Alive,"A depressed musician reunites with his lover. However, their romance, already played over","[18, 10749, 14]",test
7361,Sabrina,"Sabrina Fairchild, a chauffeur's daughter, grew up at the Long Island estate of the wealthy Larrabee family enchanted with their sparkling world of privilege and wealth, but she's especially enamored of younger son David, a charming playboy. After the once plain Sabrina returns from a","[10749, 18, 35]",test
8890,21 & Over,"Brilliant student Jeff Chang has the most important interview of his life tomorrow.  But today is still his birthday, what starts",[35],test
5301,Taxidermia,"Grotesquely surreal offering charting three male generations of the same bizarre family, including a pervert who","[18, 27, 35]",test
7172,Cold Prey,"When one of them breaks a leg, five friends snowboarding in the Norwegian mountains","[27, 9648, 53]",test
44,Gabriel's Inferno: Part III,The final part of the film adaption of the erotic romance novel Gabriel's,"[10749, 18]",test
5765,Indiana Jones and the Dial of Destiny,"Finding himself in a new era, and approaching retirement, Indy wrestles with fitting into a world that seems to have outgrown him. But as the tentacles of an all-too-familiar evil return in","[12, 28]",test
5260,Alan Partridge: Alpha Papa,"When famous DJ Alan Partridge’s radio station is taken over by a new media conglomerate, it sets in motion",[35],test
9326,Horse Girl,"A socially awkward woman with a fondness for arts and crafts, horses, and",[18],test
202,Green Snake,"While trying to free her sister from Fahai's clutches, Xiao Qing winds up in","[16, 14, 28, 12]",test
7655,The Eiger Sanction,"A classical art professor and collector, who doubles as a professional assassin, is","[28, 12, 18]",test
2662,"Ciao, Professore!","A bureaucratic snafu sends Marco Tullio Sperelli, a portly, middle-aged northern",[35],test
1696,Irma la Douce,"When a naive policeman falls in love with a prostitute, he doesn’t want her","[10749, 35]",test
7162,Pacific Heights,A couple works hard to renovate their dream house and become landlords to,"[53, 18, 9648]",test
158,Palmer,"After 12 years in prison, former high school football star Eddie Palmer returns home to put his life back together—and forms an",[18],test
9686,School for Scoundrels,"In the hope of winning the woman of his dreams, Amanda, lovelorn meter-reader Roger Wadell enrolls in a secret confidence-building class. The course's title takes on much more meaning when he discovers that his egomaniacal professor","[35, 10749]",test
3226,Climax,"When a dance troupe is lured to an empty school, a bowl of drug-laced sangria causes their jubilant rehearsal to descend","[27, 18]",test
5555,A Cinderella Story,"Routinely exploited by her wicked stepmother, the downtrodden Samantha Montgomery is excited about","[35, 10751, 10749]",test
8549,The Mexican,"Jerry Welbach, a reluctant bagman, has been given two ultimatums: The first is from his mob boss to travel to Mexico and retrieve a priceless antique pistol, known as ""the Mexican""... or suffer the consequences. The","[28, 35, 80, 10749]",test
1608,Predestination,"Predestination chronicles the life of a Temporal Agent sent on an intricate series of time-travel journeys designed to prevent future killers from committing their crimes. Now, on his","[878, 53]",test
2571,No,"In 1988, Chilean military dictator Augusto Pinochet, due to international pressure, is forced to call a plebiscite on his presidency. The country will vote ‘Yes’ or ‘No’ to Pinochet extending his rule for another eight years. Opposition leaders for the ‘No’ vote","[18, 36]",test
6950,The Cheetah Girls 2,"Best friends Galleria, Chanel, Dorinda, and Aqua, A.K.A. the girl band ""The Cheetahs,"" get the opportunity of a lifetime when they strut their way to Barcelona, Spain, to perform","[10751, 35, 18, 10402, 10770]",test
8108,The Den,A young woman studying the habits of webcam chat users from the apparent safety of her apartment witnesses a brutal murder online and is,"[27, 53, 9648]",test
1253,Barbie: Princess Charm School,"Barbie stars as Blair Willows, a kind-hearted girl who is chosen to attend Princess Charm School: a magical, modern place that teaches dancing, how to have tea parties, and proper princess manners. Blair loves her classes -- as well as the helpful magical sprites and her new friends, Princesses Hadley and Isla. But","[10751, 16, 14]",test
5341,The Eagle Has Landed,When the Nazi high command learns in late 1943 that Winston Churchill will be spending time at a country estate in,"[12, 18, 28, 53, 10752]",test
1474,Key Largo,"A hurricane swells outside, but it's nothing compared to the storm within the hotel at Key Largo. There, sadistic mobster","[80, 53]",test
3282,Cleopatra,"Determined to hold on to the throne, Cleopatra seduces the Roman emperor Julius Caesar. When Caesar is murdered, she","[18, 36, 10749]",test
963,Boyz n the Hood,"In the middle of the Los Angeles ghetto, drugs, robberies and shootings dominate everyday life. During these times, Furious tries to raise his son Tre to","[80, 18]",test
8661,The Break-Up,"Pushed to the breaking-up point after their latest 'why can't you do this one little thing for me?' argument, Brooke calls it quits with her boyfriend Gary. What follows is a hilarious series of remedies, war tactics, overtures and undermining tricks – all","[10749, 35]",test
4989,About a Boy,"Will Freeman is a good-looking, smooth-talking bachelor whose primary goal in life is avoiding any kind of responsibility. But when he invents an imaginary son in order to meet attractive single moms, Will gets a hilarious","[18, 35, 10749]",test
9883,Get a Job,Life after college graduation is not exactly going as planned for Will and Jillian who find themselves lost in a sea of increasingly strange jobs. But,"[18, 35]",test
3034,Maleficent,"A beautiful, pure-hearted young woman, Maleficent has an idyllic life growing up in a peaceable forest kingdom, until one day when an invading army threatens the harmony of the land. She rises to be the land's fiercest protector, but she ultimately suffers a ruthless betrayal – an act that begins to turn her","[14, 12, 28, 10751, 10749]",test
2688,Kahaani,"Pregnant and alone in the city of Kolkata, a woman begins a relentless search","[9648, 53]",test
2482,Wonder Woman,An Amazon princess comes to the world of Man in the grips of the First,"[28, 12, 14]",test
4851,The Thieves,A gang of South Korean thieves team up with a Hong Kong crew to steal a diamond necklace,"[28, 80]",test
8942,To the Wonder,"After falling in love in Paris, Marina and Neil come to Oklahoma, where problems arise. Their","[18, 10749]",test
5456,Underworld: Evolution,"As the war between the vampires and the Lycans rages on, Selene, a former member of the Death Dealers (an elite vampire special","[14, 28, 53]",test
7706,God's Not Dead 2,"When a high school teacher is asked a question in class about Jesus, her reasoned response lands",[18],test
7658,World Trade Center,Two police officers struggle to survive when they become trapped beneath,"[18, 36, 53]",test
8952,Eight Legged Freaks,The residents of a rural mining town discover that an unfortunate chemical spill has caused hundreds of little spiders to mutate overnight to the size of SUVs. It's then up to mining engineer Chris,"[28, 35, 27, 53]",test
1644,"Jeanne Dielman, 23, quai du Commerce, 1080 Bruxelles",A lonely widowed housewife does her daily chores and takes care of her apartment where she lives with her teenage,[18],test
6621,Into the Labyrinth,"When a kidnapping victim turns up alive after fifteen years, a","[53, 9648]",test
5564,Halloween II,"After failing to kill stubborn survivor Laurie and taking a bullet or six from former psychiatrist Dr. Sam Loomis, Michael Myers has followed Laurie to the Haddonfield Memorial Hospital, where she's been admitted","[27, 53]",test
939,Another Round,Four stagnant high school teachers decide to test out a theory that,"[35, 18]",test
9245,I'm So Excited!,Something has gone wrong with the landing gear of a plane en route from Madrid to Mexico City. The group of eccentric travelers on,[35],test
7335,Senseless,A student gets his senses enhanced by an,"[35, 10749]",test
5848,The Tearsmith,"Adopted together after a tough childhood in an orphanage, Nica and","[10749, 18]",test
2053,Air,Discover the game-changing partnership between a then undiscovered Michael Jordan and Nike's fledgling basketball,"[18, 36]",test
1987,Jungle Cruise,"Dr. Lily Houghton enlists the aid of wisecracking skipper Frank Wolff to take her down the Amazon in his dilapidated boat. Together,","[14, 12]",test
9387,Snow Dogs,"When a Miami dentist inherits a team of sled dogs, he's got to","[35, 10751, 12]",test
9452,Spinning Man,"Evan Birch is a family man and esteemed professor at a distinguished university. When a female student goes missing,","[9648, 53, 80]",test
8302,The Cable Guy,"When recently single Steven moves into his new apartment, cable guy Chip comes to hook him up—and doesn't let go. Initially, Chip is just overzealous in his desire to be Steven's pal, but","[35, 18, 53]",test
2994,Where the Heart Is,"Novalee Nation is a 17-year-old Tennessee transient who has to grow up in a hurry when she's left pregnant and abandoned by her boyfriend on a roadside, and takes","[35, 18, 10749]",test
6884,¡Three Amigos!,A trio of unemployed silent film actors are mistaken for real heroes by,"[35, 37, 18]",test
1018,Butch Cassidy and the Sundance Kid,"As the west rapidly becomes civilized, a pair of outlaws in 1890s Wyoming find themselves pursued","[12, 37, 80, 18, 36]",test
1296,All That Jazz,"Joe Gideon is at the top of the heap, one of the most successful directors and choreographers in musical theater. But he can feel his",[18],test
4193,RETURN,8mm work directed,[18],test
359,The Cure,"Erik, a loner, finds a friend in Dexter, an eleven-year-old boy with AIDS. They vow","[18, 10751]",test
1979,The Judge,A successful lawyer returns to his hometown for his mother's funeral only to,[18],test
405,Death Note Relight 1: Visions of a God,"A recap of Death Note episodes 1–26, with alternate footage. When rogue shinigami Ryuk leaves his Death Note in the human world, he has no idea how far","[10770, 80, 18, 14, 53, 16]",test
1050,The Curious Case of Benjamin Button,"Born under unusual circumstances, Benjamin Button springs into being as an elderly man in a New Orleans nursing home and ages in reverse. Twelve years after his birth, he meets Daisy, a child who flits in and out of his life as she","[18, 14, 10749]",test
1495,Three Colors: White,"Polish immigrant Karol Karol finds himself out of a marriage, a job and a country when his French wife, Dominique, divorces him after six months due to","[35, 18, 9648]",test
5427,The Addams Family,"The Addams family's lives begin to unravel when they face-off against a treacherous, greedy crafty","[10751, 16, 35, 14]",test
5806,Act of Valor,"When a covert mission to rescue a kidnapped CIA operative uncovers a chilling plot, an elite, highly trained U.","[28, 53, 10752]",test
8208,Birth,"It took Anna 10 years to recover from the death of her husband, Sean, but now she's on the verge of marrying her boyfriend, Joseph, and finally moving on. However, on the night of her engagement party, a young","[18, 9648]",test
9313,Playing for Keeps,A former sports star who's fallen on hard times starts coaching his,"[35, 10749]",test
3279,The Northman,"Prince Amleth is on the verge of becoming a man when his father is brutally murdered by his uncle, who kidnaps the boy's mother.","[28, 12, 14]",test
5095,Hellboy,"In the final days of World War II, the Nazis attempt to use black magic to aid their dying cause. The Allies raid the camp where the ceremony is taking place, but not before they summon a baby demon who is rescued by Allied forces and","[14, 28]",test
9482,Hellboy,"Hellboy comes to England, where he must defeat Nimue, Merlin's consort and the Blood Queen. But their","[14, 27, 28, 12]",test
770,"I, Daniel Blake","A middle aged carpenter, who requires state welfare after injuring himself,",[18],test
8670,No One Gets Out Alive,An immigrant in search of the American dream is forced to take a room in,"[27, 9648, 53]",test
177,"“The Shorts” by Aldo, Giovanni and Giacomo","I Corti (""Shorts"") by Aldo, Giovanni & Giacomo was the first stage show of the comedy trio, with the participation of Marina Massironi. It was",[35],test
2246,Lean On Me,"When principal Joe Clark takes over decaying Eastside High School, he's faced with students wearing gang colors and graffiti-covered walls. Determined to do anything he must to turn the school around,",[18],test
3333,Malcolm & Marie,"As a filmmaker and his girlfriend return home from his movie premiere,","[18, 10749]",test
1844,Dragon Ball: The Path to Power,"A retelling of Dragon Ball's origin with a different take on the meeting of Goku, Bulma, and Kame-Sen'nin. It","[16, 12, 14]",test
2060,True Grit,"Following the murder of her father by a hired hand, a 14-year-old farm girl sets out to capture the killer. To","[18, 12, 37]",test
3195,The Ministry of Ungentlemanly Warfare,"During World War II, the British Army assigns a group of competent soldiers to carry out a mission against the Nazi forces behind enemy lines... A true story about a secret British","[28, 35, 10752]",test
6548,District 13: Ultimatum,Damien and Leito return to District 13 on a mission to bring peace to the troubled sector that is,"[28, 53, 80]",test
8833,Coexister,"Under the pressure of his boss, a music producer decides to set up a group consisting of a rabbi, a priest",[35],test
796,The Man from Nowhere,An ex-special agent is involved in a convoluted drug ring drama. He has to,"[28, 53, 80]",test
4116,Mean Creek,Teenagers living in small-town Oregon take a boat trip for a birthday celebration. When they get an idea to play a mean,"[80, 18]",test
8212,Orange County,Shaun Brumder is a local surfer kid from Orange County who dreams of going to Stanford to become a writer and to get away from his dysfunctional,"[35, 18]",test
467,My Way,During the invasion of Normandy the photograph of a slim Korean man in German uniform was found. It transpired that the man had served,"[18, 28, 36, 10752]",test
3641,The Eight Hundred,"In 1937, eight hundred Chinese soldiers fight under siege from a warehouse in","[10752, 36, 18, 28]",test
3085,22 July,"On 22 July 2011, neo-Nazi terrorist Anders Behring Breivik murdered 77 young people attending a Labour Party Youth Camp on Utø","[80, 18, 36, 53]",test
1757,Twin Peaks: Fire Walk with Me,"In the questionable town of Deer Meadow, Washington, FBI Agent Desmond inexplicably disappears while hunting for the man who murdered a teen girl. The killer is never apprehended, and, after experiencing dark visions and supernatural encounters,","[18, 9648, 27]",test
3189,Death Note: The Last Name,"In the second installment of the Death Note film franchise, Light Yagami meets a second Kira and faithful follower Misa Amane and her Shinigami named Rem. Light attempts to defeat L along with Teru","[14, 53, 9648]",test
8097,The Gendarme and the Creatures from Outer Space,The bungling inspector Cruchot finds himself trying to save the residents of St. Tropez from some oil-drinking humanoid aliens. The only way to tell the aliens,"[35, 878]",test
9101,The Tunnel,"In 2007, in the midst of the drought and water shortages, the NSW State government has unveiled plans to tap into and recycle millions of litres of water trapped in a network of abandoned train tunnels just beneath the heart of Sydney. However the government suddenly goes cold on the plan and it is not made public why. There is talk of homeless","[27, 53, 9648]",test
1656,Summer of 85,What do you dream of when you're 16-years-old and in a seaside resort in Normandy in the 1980s? A best friend? A lifelong teen pact? Scooting off on adventures on a boat or a motorbike? Living life at breakneck speed?,"[10749, 18]",test
8274,What to Expect When You're Expecting,"Challenges of impending parenthood turn the lives of five couples upside down. Two celebrities are unprepared for the surprise demands of pregnancy; hormones wreak havoc on a baby-crazy author, while her husband tries not to","[10749, 35, 18]",test
5940,Star Trek: Generations,Captain Jean-Luc Picard and the crew of the Enterprise-D find themselves at odds with the renegade scientist Soran who is,"[878, 28, 12, 53]",test
4725,Mermaids,"Fifteen-year-old Charlotte Flax is tired of her wacky mom moving their family to a different town any time she feels it is necessary. When they move to a small Massachusetts town and Mrs. Flax begins dating a shopkeeper,","[35, 18, 10749]",test
6282,Borat Subsequent Moviefilm,"14 years after making a film about his journey across the USA, Borat risks life and limb when he returns to",[35],test
6195,Café Society,"The story of a young man who arrives in Hollywood during the 1930s hoping to work in the film industry,","[35, 18, 10749]",test
1033,Elemental,"In a city where fire, water, land and air residents live together, a fiery young","[10751, 14, 35, 10749, 16]",test
7769,Blood Ties,"Two brothers, on either side of the law, face","[53, 80, 18]",test
6731,In a World...,"An underachieving vocal coach is motivated by her father, the king of movie-trailer voice-overs, to pursue her aspirations of becoming",[35],test
5081,Martian Child,A recently-widowed science fiction writer considers whether to adopt a hyper-imaginative,"[35, 18]",test
7639,Final Destination 5,"Death is just as omnipresent as ever, and is unleashed after one man’s premonition saves a group of coworkers from a terrifying suspension bridge collapse. But this group of","[27, 9648]",test
2157,Weekend,"After a drunken house party with his straight mates, Russell heads out to a gay club. Just before closing","[18, 10749]",test
3203,Lee,"The true story of photographer Elizabeth ""Lee"" Miller, a fashion model who","[36, 18, 10752]",test
2237,The Hours,"The story of three women searching for more potent, meaningful lives. Each is alive at a different time and place, all are",[18],test
2600,The Caine Mutiny,"When a US Naval captain shows signs of mental instability that jeopardize his ship,","[18, 10752]",test
9444,Airport '77,Flight 23 has crashed in the Bermuda Triangle after a hijacking gone wrong. Now the surviving passengers must,"[28, 12, 18, 53]",test
6273,The Chronicles of Narnia: The Voyage of the Dawn Treader,"This time around Edmund and Lucy Pevensie, along with their pesky cousin Eustace Scrubb find themselves swallowed into","[12, 10751, 14]",test
