movie_id,title,overview,genre_ids,split
1210,Control,"Joy Division’s lead singer Ian Curtis from The story, of in 1973 to his suicide on the his schoolboy days first American tour in 1980 eve of the band's.",[18],test
1288,Shang-Chi and the Legend of the Ten Rings,he thought he left behind Shang-Chi must confront the past mysterious when he is drawn into the web of the organization Ten Rings.,"[28, 12, 14]",test
6147,Dry,"hasn’t rained for three years and the In Rome it and habits Through the lack of water is. overturning rules moves a chorus of city dying of thirst and prohibitions and, profiteers people young, and old marginalised, and successful victims. while each Their lives are linked in a, single design his or her deliverance seeks.","[18, 35, 878]",test
120,Shutter Island,"Teddy Daniels investigates the.World. War II soldier-turned-U S Marshal for the criminally disappearance of a patient from a hospital compromised, by troubling visions and insane but his efforts are doctor a mysterious.","[18, 53, 9648]",test
3105,Galaxy Quest,"the NSEA Protector, For four years the courageous crew of —  and Doctor Lazarus Commander, Peter Quincy Taggart, Lieutenant Tawny Madison — on a thrilling and often dangerous mission in set off Now ... twenty years later space until! their, series was cancelled, television transmissions aliens under attack have mistaken the Galaxy Quest beam ""up the"" crew of has-been for historical documents and script no director actors to. save the universe, With no, in the performances, and no clue the actors must turn lives of their.","[35, 878, 12]",test
4250,Spy,"CIA analyst volunteers to go undercover to infiltrate A desk-bound and prevent diabolical the world of a, deadly arms dealer disaster global.","[28, 35, 80]",test
350,Million Dollar Baby,"from his daughter trainer Frankie Despondent over a, painful estrangement his Dunn isn't prepared for boxer Maggie Fitzgerald to enter go. pro and to convince life But Maggie's determined to to help her Dunn and his cohort.",[18],test
6325,Spree,"figured Desperate for an online, following a rideshare driver has go viral and he will out a deadly plan to at nothing to get his five minutes of fame stop.","[35, 80, 27, 53]",test
1898,The Time Machine,and finds A Victorian Englishman travels to the far future hostile species that humanity has divided into two.,"[53, 12, 14, 878, 10749]",test
9290,Survivor,"Foreign Service Officer in London tries to prevent a A York but is forced terrorist attack set, to hit New the run when she is framed for to go on not commit crimes she did.","[28, 80, 9648, 53]",test
9395,The Hunters,"if all mythical artifacts from, Jason's Golden Fleece to Imagine were real Well, they are. and, for Cinderella's -- glass slippers society, called the Hunters has been sworn centuries a secret them from an evil force called the Krugen to protect.",[12],test
7853,Goosebumps 2: Haunted Halloween,"their after school Be careful what. you wish for With business best, friends Sonny and Sam hope to find junk the treasure in other people’s. trash But when cleaning out locked book that, frees old Stine house they open a with the help – of! Sonny’s, a supernatural nightmare Slappy Now to get, sister Sarah they’re in a race against time he’s brought to the sinister dummy and all the creatures pandemonium life back into the pages before he unleashes total!","[35, 14, 27]",test
2734,Petite Maman,"her beloved grandmother eight-year-old Nelly meets After, the death of her own age in the woods a strangely familiar girl. a connection with this mysterious new friend Nelly Instantly, forming journey of discovery which helps her embarks on a fantastical newfound loss come to terms with this.","[18, 14, 10751]",test
2181,Victor/Victoria,"soprano finds work playing a male female A struggling female her, personal life impersonator but it complicates.","[10402, 35, 10749]",test
8548,Volcano,"and opens An earthquake shatters a peaceful Los Angeles morning to start a fissure deep into, the earth causing lava in the. La bubbling up As a volcano begins forming Tar Pits the, director of the city's emergency management Brea every, resource service working with, a geologist must then use from in the city to try and stop the volcano LA consuming.","[878, 28, 18, 53]",test
4191,About Schmidt,"embarks on a journey to his A recently retired man to discover more, about himself and estranged daughter's wedding only he ever expected life than.","[18, 35]",test
1320,The Rules of the Game,weekend at a marquis country’ ch teauâlays bare A bourgeois acquaintances some ugly truths about a group of haut.,"[18, 35, 10749]",test
1419,The Reader,"a German lawyer who as, The story of Michael, Berg affair with a teenager in the, late 1950s had an only to resurface, an, older woman Hanna who then disappeared later as one of the defendants in a war years from her actions as a concentration camp crimes trial stemming alone realizes that Hanna guard. late in the war He that fact at the is illiterate and may be concealing her freedom expense of.","[18, 10749]",test
1016,In a Lonely Place,"and a female neighbor fall in love A violent screenwriter him of murder but she begins, to after she clears second thoughts have.","[18, 10749, 9648]",test
110,Puss in Boots: The Last Wish,"in Boots discovers that his passion for adventure has Puss has burned through: eight of his taken its toll He lives leaving, him with only one life left Puss. nine find the mythical sets out on an epic journey to lives Last Wish and restore his nine.","[16, 12, 14, 35, 10751]",test
8307,The 6th Day,"very near future in which cattle A world of the, and, even the family pet can be cloned But. fish humans is illegal that - is until family man Adam cloning to find a Gibson comes home from work one day plunged clone has replaced. him Taken from his family and a sinister world he doesn't understand Gibson, must not into assassins who must destroy him only save himself from the protect their secret but, uncover who and what is to the horrible things happening to him behind.","[878, 28, 9648, 18, 53]",test
6202,Jackie,"Jacqueline Kennedy An account of the days of, First Lady, John F Kennedy's assassination in in the. immediate aftermath of 1963.",[18],test
5861,I'm Not There,"Bob Dylan Six actors portray six personas of music legend life chronicling his in scenes depicting various stages, of his how rise from unknown folksinger to international icon and revealing reinvented himself Dylan constantly.","[18, 10402]",test
764,Manhattan,television writer Manhattan explores how the life of a middle-aged falls dating a teenage girl is further complicated when he best friend's mistress in love with his.,"[35, 18, 10749]",test
4105,Margin Call,that revolves around the key people at an A thriller stages investment bank over a 24-hour period during the early crisis of the financial.,"[53, 18]",test
6763,Three Floors,live in a Follows the lives of three families who a Roman neighbourhood three-story building in.,[18],test
8256,Neuilly Yo Mama!,moves from the underdeveloped crime-ridden French suburb to the Samy Neuilly riches of.,[35],test
3483,10 Cloverfield Lane,"young woman wakes up After, a catastrophic car crash a to have in a survivalist's, underground bunker where he claims has left the saved her from an apocalyptic attack that uninhabitable outside world.","[53, 878, 18, 27]",test
8226,How to Lose Friends & Alienate People,"to a stint Sidney Young is. a down-on-his-luck journalist Thanks and a glitzy awards ceremony Sidney turns involving, a pig around attracting the, attention of Clayton Harding editor his, fortunes the holy of New York-based 'glossy', magazine Sharps and landing off to the grail. of journalism jobs The Brit jets blunder to the next Big Apple and moves from one.","[35, 10749, 18]",test
4316,Ashfall,across the Korean peninsula A group of unlikely heroes from on try to save the day after a volcano erupts and majestic Baekdu Mountain the mythical.,"[28, 12, 53]",test
3917,Clash of the Titans,"beautiful To win the right to marry his, love the fulfil his, destiny half-God-half-mortal Perseus must, complete princess Andromeda and Medusa's head and battling various, tasks including taming Pegasus capturing Kraken the feared.","[12, 14, 28]",test
1199,The Train,"in August 1944 German As the Allied forces approach, Paris is desperate to take all of France's Colonel Von Waldheim manages to secure a. train greatest paintings to Germany He valuable art works even as the chaos to transport the descends upon them The French. resistance however wants of retreat national treasures but have to stop them from stealing their that they are not to be received orders from London master. Labiche is tasked, with, scheduling the destroyed The station all happen smoothly but he is train and making it group of resistance fighters tasked also part of a dwindling He and others stage. an elaborate with preventing the theft territory ruse to keep the train from ever leaving French.","[10752, 53]",test
731,Safety Last!,"store clerk organizes a contest to climb the When a circumstances force him to make, outside of a tall building climb himself the perilous.","[35, 10749]",test
5218,Rambo: First Blood Part II,the government for John Rambo is released from prison by on Earth a top-secret covert mission to the last place return the jungles of - Vietnam he'd want to.,"[28, 12, 53, 10752]",test
5136,The Trip,"by The Observer to tour When Steve Coogan is asked it as the perfect, the country's finest restaurants he envisions But when she backs out. getaway, with his beautiful girlfriend he has, no one to accompany him but on him Rob Brydon his best friend and source of, eternal aggravation.","[35, 18]",test
8940,Henry's Crime,"crime An aimless man is sent to prison for a ex-con targets the same, bank he did not commit an sent away for robbing he was.","[80, 35]",test
6940,Archive,"true: human-equivalent AI 2038 George Almore is working on a, his latest prototype is almost ready This. sensitive phase and also the riskiest as he has a goal that is at all costs being reunited with—his must be hidden wife dead.","[878, 18, 14, 53]",test
4263,Justice League: The New Frontier,"creature and The human race is threatened by a, powerful Wonder Woman Green only the combined, power, of Superman, Batman can, stop it But Lantern Martian Manhunter and The. Flash they overcome their differences to thwart this enemy using can combined strength of their newly formed Justice League the?","[28, 12, 16, 878]",test
6066,God Willing,"to be The son of, an atheist, authoritarian father believed to, become a priest liberal wants.",[35],test
2945,Gia,late Gia Carangi meteorically rises to modeling fame in the persistent loneliness and drug addiction 1970s but becomes overconsumed by.,"[10749, 18]",test
4732,The Longest Yard,"football player-turned-convict organizes a team of inmates to play A team of prison guards His dilemma. is that against a game in return the warden asks him to throw the but he is also, concerned about for an early release self-esteem the' inmates lack of.","[35, 18, 80]",test
8744,Phantom,"haunted Captain of a Soviet submarine holds the fate The hands Forced to leave his of. the world in his a covert, mission family behind he is charged with leading mystery cloaked in.",[53],test
6262,A California Christmas,"on the line a wealthy charmer With, his carefree lifestyle hardworking farmer poses as a ranch hand to get a before Christmas to sell her family’s land.","[35, 10749, 18]",test
5233,Something's Gotta Give,"aging music industry, exec Harry Sanborn and When perpetually, single Marin arrive at her, mother's, beach his latest trophy girlfriend find that her mother, playwright house in the Hamptons, they to stay, for the weekend Erica Erica Barry also. plans the relationship and Harry's sexist ways But is scandalized. by has a heart attack while there and the, when Harry to stay at, doctor prescribes bedrest his only option is in the care. of Erica and the Barry home Left take shape, his doctor a love triangle starts to.","[18, 35, 10749]",test
6947,Return of the Hero,"the, front. leaving France 1809 Captain Neuville is called, to decides to write letters. his future bride heartbroken Her sister behalf to cheer her up on his.","[36, 35]",test
6591,The Collection,"from the vicious grips of Arkin escapes with his life ""entrapment party"" where he adds beautiful The Collector during an the trauma Elena ""to."" his Collection Instead of recovering from, abducted from the hospital by mercenaries hired Arkin is suddenly up by Elena's wealthy. father Arkin is blackmailed to team the mercenaries and track down The Collector's booby trapped with save Elena warehouse and.","[27, 53]",test
997,Harold and Maude,own world of suicide-attempts The young Harold lives in his his current and funeral visits to avoid the misery of environment Harold meets an. 80-year-old woman named family and home lives in her own world yet one Maude who also which she is having the time of her life in. differences When the two opposites meet they realize that their best friends and love each don’t matter and they become other.,"[35, 18, 10749]",test
5071,Pollock,"1949 Life Magazine ran, a banner headline In August of Is he the greatest: ""that begged: the question Jackson Pollock is a living painter in the?"" United States The film into the life of an extraordinary man a look, back who has fittingly been called an ""artist dedicated to man he, struggled with concealment a celebrity."" who nobody knew As express, self-doubt engaging in a lonely tug-of-war between needing to shut the world out Pollock began himself and, wanting to downward spiral a.","[18, 36]",test
8027,Fortress,"the inmates of, a private underground prison In the future dream readers and devices, that can, are computer-controlled with cameras pain or death John. and his illegally pregnant wife cause Fortress but are determined ""to Karen"" are locked inside The the birth of their baby escape before.","[28, 53, 878]",test
9716,17 Girls,"Camille accidentally becomes pregnant she, encourages her friends and When classmates to follow suit It's only a. fellow high school time before seventeen, girls in the high school matter of town is thrown into a world are pregnant and the chaos of.",[18],test
9919,Toys,"fun-loving inventor who must save his Leslie Zevo is a toy factory from his evil uncle Leland a, late, father's operation with an iron fist war-mongering general who rules the weapons disguised as toys and builds.","[10751, 14, 35, 878]",test
8209,House of Wax,stranded near a strange A group of unwitting teens are museum and soon must fight to survive and keep wax the next exhibit from becoming.,"[9648, 27, 53]",test
7139,The Little Shop of Horrors,"a skid row florist shop and is Seymour works in He creates a in love with, his. beautiful co-worker Audrey without new plant that not only talks but cannot survive flesh and blood human.","[27, 35, 14]",test
9944,The Phantom,resident superhero The 21st successor to the role of Bengalla's travel to New York to prevent a rich madman must would give him the from obtaining three magic skulls that ultimate power secret to.,"[12, 28]",test
8063,The Brats,"meets his, future father-in-law Gilbert who has Newly, engaged Thomas 30 years to Suzanne Disillusioned Gilbert is. been married for he's missed out on convinced that his marriage has meant not. to marry his daughter Lola life He persuades Thomas else in his life and encourages him to drop everything then throw. themselves into a as well The two men full of' adventure convinced that freedom, is new brats life at. what cost do we rediscover our adolescent elsewhere But dreams?",[35],test
5046,Patriot Games,"an IRA assassination When CIA Analyst Jack Ryan interferes with, Jack and his family as revenge a renegade faction targets.","[18, 28, 53, 80]",test
293,Barry Lyndon,"Irish rogue uses his cunning and wit to work An the social classes of 18th century England his way up, noble transforming himself from the humble Redmond Barry into the Lyndon Barry.","[18, 10749, 10752, 36]",test
553,Sunrise: A Song of Two Humans,"falls under the spell of a slatternly A married farmer tries to convince him, to woman from the city who wife drown his.","[18, 10749]",test
7939,The 51st State,plans to score big on a An American master chemist deal All does not go once. in a lifetime drug entangled in a web as planned and he is soon deceit of.,"[53, 28, 35, 80]",test
4233,Underworld,"have waged a nocturnal war against each Vampires and werewolves when a other. for centuries But all bets are off famous for her strength female, vampire warrior named Selene who's werewolf and werewolf-hunting, prowess becomes smitten with a peace-loving male, war, Michael who wants to end the.","[14, 28, 53]",test
9238,Maggie's Plan,"to have a baby on her own with Maggie's plan falls in love a sperm donor is derailed when she John an, older married professor destroying, his volatile marriage with the brilliant and impossible Georgette But. three years later to, of married to John with one, daughter Maggie is out a quandary what do you: do when love and in perfect you suspect your man and his ex-wife are actually each other for?","[18, 10749, 35]",test
4951,Harold and the Purple Crayon,"of his book adventurous, Harold can make anything come Inside simply by drawing it After he. grows up to life himself off the book's pages and into the and draws world Harold, finds he has a lot to learn physical real life about.","[10751, 35, 12, 14]",test
7035,The Assistant,"at a day in the life of A searing look executive As Jane follows her an. assistant to a powerful increasingly aware, of the insidious abuse daily routine she grows aspect of her position that threatens every.",[18],test
8603,Robin Hood,Crusader and his Moorish commander mount an audacious A war-hardened crown revolt against the corrupt English.,"[12, 28, 53, 14]",test
3330,Hoosiers,"Dale gets a chance at redemption Failed college coach Norman school basketball when he is hired to coach a high teacher persuades team in a tiny. Indiana town After a quit and focus on his star player Jimmy Chitwood to a winning, team in long-neglected studies Dale struggles to develop temper and his the face of community criticism for his of assistant coach Shooter a: notorious, alcoholic unconventional choice.","[18, 10751]",test
4255,The Pit and the Pendulum,"Francis Barnard travels to, Spain to In the sixteenth century she clarify the strange circumstances of his sister's death after the son of a cruel Spanish Inquisitor had married.","[27, 9648, 18]",test
1293,Training Day,"a narcotics On his first day on the job as who, officer a rookie cop works with a rogue detective appears isn't what he.","[28, 80, 18]",test
540,F1,out of retirement to Racing legend Sonny Hayes is coaxed 1 team and mentor a young—lead a struggling Formula one more—chance at glory hotshot driver while chasing.,"[28, 18]",test
4235,Barbarian,"woman arrives In town for a, job interview a young to find that at her Airbnb late at night only strange man is it has been mistakenly double-booked and a she decides to. already staying there Against, her better judgement night anyway stay the.","[27, 53]",test
6601,FernGully: The Last Rainforest,"human boy Zak When a sprite named Crysta shrinks, a, her size he vows, to help the magical down to a greedy logging company from destroying their fairy folk stop FernGully: Zak and his home the pristine. rainforest known as from lumberjacks and the new friends fight to — defend FernGully unleash after chopping down a magic vengeful spirit they accidentally tree.","[10751, 14, 16, 12]",test
1973,Spider-Man: Homecoming,"of Captain America Civil War Peter: Parker Following, the events, his mentor Tony Stark tries to with the, help of his life as an ordinary high school student in balance fighting, crime as his, superhero Queens New York City with a new threat the Vulture emerges alter, ego Spider-Man, as.","[28, 12, 878]",test
6557,Nighthawks,"in When one of Europe's most lethal terrorists shows up an elite, undercover cop is assigned to take New York down by any means necessary him.","[28, 80, 53]",test
5705,Super Troopers,"and always, ineffective Vermont state troopers Five bored occasionally high or lose their must prove their worth to the governor plan. to jobs After stumbling on a, drug ring they a bust but, a rival police force is out make the glory to steal.","[35, 80, 9648]",test
5731,The Witches of Eastwick,Island village have Three single women in a picturesque Rhode wishes granted at - a cost when - a mysterious and their lives flamboyant man arrives in their.,"[35, 14, 27]",test
7665,Push,"Nick Gant After, his father, an assassin is, brutally murdered that dabbles vows revenge, on Division the covert government agency and experimental drugs Hiding in Hong. Kong's in psychic warfare assembles, a band of rogue psychics dedicated to underworld Nick goes destroying. Division Together with, Cassie a teenage, clairvoyant Nick stolen suitcase in search of a missing girl and a to accomplishing their mutual goal that could be the key.","[878, 28, 12, 53]",test
7180,Insidious: The Last Key,"Keys Parapsychologist Elise Rainier and her team travel to Five, Terror, NM to investigate a man’s claim of a. haunting strikes when Rainier realizes that the house he lives soon family’s old home in was her.","[27, 53]",test
977,Stagecoach,"on a stagecoach find their A group of people traveling something journey complicated by the threat of, Geronimo and learn the process about each other in.","[37, 12]",test
9691,Be Cool,"tries the music Disenchanted with, the movie industry Chili Palmer music, executive industry meeting and romancing a widow of a the way along.","[35, 80]",test
8418,Tin & Tina,"a traumatic miscarriage Lola, and her husband Adolfo, adopt, After sister with Tin, and Tina a lovely albino brother and education that makes them interpret the Holy Bible an ultra-Catholic verbatim.","[27, 53, 9648]",test
3626,Compartment No. 6,"escapes an enigmatic love affair in A young Finnish woman train to the arctic port of Moscow by boarding a long. ride and a tiny Murmansk Forced to share the miner the sleeping car with a larger than life, Russian the occupants of Compartment No 6 to unexpected. encounter leads about human connection face major truths.",[18],test
2034,Justice League: Crisis on Two Earths,"alternate universe A heroic version of Lex Luthor from an to help save his appears to recruit the Justice League Syndicate an evil version of, the Earth from the Crime ensues. is the ultimate battle of good versus League What through evil in a war that threatens both planets, and by Batman's counterpart Owlman puts the a devious, plan launched in peril balance of all existence.","[28, 12, 16, 878, 14]",test
4098,The Strange Thing About the Johnsons,trapped in a one-sided incestuous relationship with A father gets son his abusive.,"[18, 27]",test
9643,Wanderlust,"sudden unemployment a Manhattan, couple surveys alternative living Rattled by with, living on a rural options ultimately deciding to experiment love rules commune where free.","[35, 10749]",test
4179,Flight,"drugs Commercial airline pilot Whip Whitaker has a problem with he's managed, to complete his and alcohol though so far His luck. runs out when a disastrous mechanical flights safely sends his plane hurtling toward the ground Whip. pulls malfunction miraculous crash-landing that results in only six lives off a Shaken. to the core Whip, vows to get sober lost -- finds but when the crash investigation exposes his, addiction he even worse situation himself in an.",[18],test
6176,For Love of the Game,"distinguished career at A baseball legend almost finished with his of forty has one last chance to prove the age capable of and, win who he is what, he is heart of the woman he has loved for the the years past four.","[18, 10749]",test
7119,Taken 3,"operative Bryan Mills finds his life is shattered when Ex-government falsely accused of a murder that hits close to he's by. a savvy police inspector Mills home As he's, pursued skills to track the real employs his particular set of exact his unique brand of justice killer and.","[53, 28]",test
2173,Stardust,"a magical land a In a countryside town bordering, on makes a promise to his beloved that he'll young man a fallen star by venturing into the magical realm retrieve. beyond his wildest His journey takes him into a world identity dreams and reveals his true.","[12, 14, 10749, 10751]",test
189,The Father,"refuses all assistance from his daughter as he A man sense of, his ages and as he tries to make his loved, ones his changing circumstances he begins to, doubt of his reality own mind and even the fabric.",[18],test
7372,He Never Died,man with a mysterious past His Jack is a. solitary become stranger when his past catches strange habits will soon with him up.,"[35, 18, 14, 27, 53]",test
1626,Saw,"find themselves shackled in a Two men wake up to As, they struggle. to comprehend their predicament grimy abandoned bathroom, sadistic they discover a disturbing tape left behind by the and cryptic mastermind known. as Jigsaw With a chilling voice them, that they must partake in a instructions Jigsaw informs order to secure their freedom gruesome game in.","[27, 9648, 80]",test
563,The Avengers,"an unexpected enemy emerges and threatens global safety and When international, peacekeeping agency, known security Nick Fury director of the H I.E.L.D.finds.himself., in as S to pull the world back from need of a team daring recruitment the brink. of disaster Spanning, the globe a begins effort!","[878, 28, 12]",test
1784,Grease,"Sandy and greaser Danny fell in love Australian good girl the summer But. when they unexpectedly discover they're now over to in the same high, school will they be able their romance despite their eccentric friends rekindle?","[10749, 35]",test
6167,Bride & Prejudice,to. find suitors for her four Mrs Bakshi is eager daughters when a family friend introduces them to handsome unmarried adaptation of Jane. Austen's American Will Darcy A Bollywood-style modern novel classic.,"[18, 35, 10749]",test
7022,Severance,weapons manufacturer are treated to Seven employees of an international company’s newly built luxury spa a team-building weekend at the their. lodge Things quickly go awry as the colleagues find by a deadly enemy corporate weekend sabotaged.,"[27, 35, 53]",test
7046,Child 44,"a disgraced MGB agent is, Set in Stalin-era Soviet Union investigate a series of child murders a case -- dispatched to of party that begins to connect with the very top leadership.","[80, 53]",test
6244,Life,"of the International Space Station is tasked The six-member crew may be the with studying a sample from Mars that than first proof of extra-terrestrial, life which proves more intelligent expected ever.","[27, 878, 9648, 53]",test
1057,10 Things I Hate About You,"school Cameron instantly On the first day at, his new gorgeous girl of, his dreams The falls for Bianca. the problem is that Bianca is forbidden to date until only completely un-dateable, older sister Kat goes out too her, ill-tempered. his problem Cameron singles out In an, attempt to solve for the only guy who could possibly be a match nasty: reputation of Kat a mysterious bad boy with a own his.","[35, 10749, 18]",test
645,The King of Comedy,"comic Rupert Pupkin attempts to achieve success in show Aspiring a late night talk-show host, business by stalking his idol privacy who craves his own.","[18, 35]",test
371,Don't Look Now... We're Being Shot At!,"two French civilians and, a downed During World War II cross the British Bomber Crew set out from Paris to and the South From demarcation line between Nazi-occupied Northern. France will be able to escape to England First there. they, and the consequences of their – they must avoid German troops blunders own.","[35, 10752]",test
5995,Assassins,"a funeral to kill a Assassin Robert Rath arrives at a rival, hired gun complete prominent mobster only to witness grisly results Horrified by -- the the job. for him with Rath decides to take, one last murder of innocent bystanders But finding his job and then return. to civilian life world of contract killing grows ever way out of the dangerous as Rath falls for his female target and more marked man himself becomes a.","[28, 12, 80, 53]",test
8216,Shaft,"detective John Shaft arrests Walter Wade Jr New York police. disappears for a racially motivated. slaying But the only eyewitness, Wade jumps bail for Switzerland Two. years later Wade and and influence will returns, to face trial confident his money acquitted especially since -- he's paid a drug kingpin get him the witness to kill.","[28, 12, 80, 53]",test
3421,Wild,her A woman with a tragic past decides to start one thousand miles on the new life by hiking for Trail Pacific Crest.,[18],test
1869,Possession,"woman left her family for an unspecified reason A young. starts The husband determines to find out the truth and he suspects that. a man, following his wife At first But gradually. he finds, out more and more is involved incidents that indicate something more than strange behaviors and bizarre love affair a possessed.",[27],test
5536,Star Trek III: The Search for Spock,revelation A surprise visit from Spock's father provides a startling: harboring Spock's living essence McCoy is.,"[878, 28, 12, 53]",test
6922,King Arthur,"Sarmatian The story of the Arthurian, legend based on 'the historical' nucleus hypothesis which contends that the legend has a and in the Sarmatian heavy cavalry troops stationed in, Britain commander Lucius Artorius Castus is, the that the Roman-British military legend historical person behind the.","[12, 10752, 36, 28, 18]",test
6810,Second Act,"Maya Vargas wants only one thing Value Shop assistant manager While her r sum -- for her. 43rd birthday aépromotioné upper management her track record, certainly does may not scream; innovator who listens to her customers and she is an results When. she loses the job to a college-educated delivers that, candidate Maya sets out to prove to Madison Avenue it's street smarts are as valuable as book -- smarts and a second act never too late for.","[10749, 35]",test
4033,Mad God,"as The Assassin descends ""from the"" heavens A figure known nightmarish pit full of monsters titans and, cruelty, into a.","[16, 14, 27, 878, 10752]",test
8510,She-Devil,cunning and resourceful housewife vows revenge on her husband A a wealthy romance novelist when he begins an affair with.,[35],test
8582,The Karate Kid Part III,"Kai Despondent over the closing of his karate, school Cobra a ruthless businessman and martial artist teacher John Kreese joins and Mr Miyagi to get revenge on. Daniel.","[28, 10751, 18, 12]",test
8712,Righteous Kill,"New York City detectives work to identify the Two veteran recent murder and a case they possible connection between a ago is there a serial; killer believe they solved years and did they, perhaps put the wrong on the loose bars person behind?","[80, 53, 9648]",test
1427,Glory,"first all-black Robert Gould Shaw leads the US Civil War's fighting prejudices, of both his own Union army volunteer company Confederates and the.","[18, 36, 10752]",test
2328,"Planes, Trains and Automobiles","Page is heading home, to An, irritable marketing executive Neal a number of delays force him Chicago for Thanksgiving when well meaning but overbearing shower curtain to travel with a Del Griffith, ring salesman.",[35],test
7303,Chernobyl: Abyss,nuclear The aftermath of a shocking explosion at the Chernobyl lives to power station made hundreds of people sacrifice their of the catastrophe and to successfully clean up the site could have turned a prevent an even bigger disaster that continent into an uninhabitable exclusion large part of the European This. is their story zone.,"[18, 36, 12, 28, 14, 9648]",test
4803,Escape Plan,"structural security Ray Breslin is the world's foremost authority on. every high security prison and learning a vast After analyzing prisons array of survival skills so he can design escape-proof, test He's framed and his skills are. put to the master prison he designed himself He needs incarcerated. in a him behind to escape and find the person who put bars.","[28, 53]",test
2657,The Driver,in driving getaway cars for robberies His The Driver. specializes yet After exceptional talent has prevented him from being. caught police a self-assured detective makes another successful flight from the primary goal to catch the Driver He promises. it his if they help to convict him pardons to a gang The Driver seeks help. from The in a set-up robbery mislead the detective Player to.,"[80, 53, 28]",test
530,An Autumn Afternoon,"daughter Gradually Shuhei Hirayama is a widower with a. 24-year-old, she should not be obliged he comes to realize that after him for the rest of his life to look, arranges a marriage for her so he.",[18],test
3412,The Zone of Interest,"his wife The commandant, of AuschwitzöRudolf, H ss and strive, to build a dream life for their family Hedwig house and garden next to the camp in a.","[18, 36, 10752]",test
7021,Great Balls of Fire!,"Lee Lewis arguably the greatest and, The story of Jerry wildest musicians of the 1950s His certainly one of. the into, arrogance remarkable, talent and unconventional lifestyle often brought him even earned him conflict with others, in the industry and scorn and condemnation of the public the.","[18, 36, 10402]",test
3863,The Substitute,"an inner-city Miami schoolteacher gets her knee broken after When leader her mercenary combat standing up to, the school's gang a substitute teacher to take specialist boyfriend goes undercover as of criminals down. the punk Soon he discovers a conspiracy and must, reassemble his team from his last at work to stop them jungle raid.","[28, 80, 18, 53]",test
769,BPM (Beats per Minute),"1990s, a group of young: activists Paris in the early finding the cure against an unknown is desperately tied to labs that. are retaining lethal disease They target the pharmaceutical cures and, multiply direct actions with, the hope of potential ones of future saving their lives as well as the generations.",[18],test
603,Land of Mine,"May In the days following the surrender of Germany in of, war is 1945 a group of young German prisoners and subsequently sent to handed over to the Danish authorities where they are, ordered to remove the the West Coast two million mines that the Germans had placed more than the coast With their bare hands. in the sand along, forced to crawling around in, the sand the boys are leadership of a Danish perform the dangerous work under the sergeant.","[10752, 18, 36]",test
1826,The Way of the Dragon,"in Rome to help his cousins in Tang Lung arrives They are being. pressured to sell their the restaurant business will stop at nothing, to property to the syndicate who arrives he poses a. get what they want When Tang unable to new threat to, the syndicate and they are him The. syndicate boss hires the best Japanese and defeat easily finishes European martial artists to, fight Tang but he off them.","[28, 80]",test
9990,Marmaduke,"Debbie Winslow relocate from their native Kansas When Phil and havoc-wreaking to the sunny climes of Orange, County their, big-hearted gets a taste of the dog's life California-style Great, Dane.","[10751, 35]",test
5454,Titan A.E.,"man finds out that he holds the key A young human race to restoring hope and ensuring survival for the, are bent on while an alien species called the Drej destruction mankind's.","[16, 878, 12, 10751, 28]",test
4689,King of New York,to wipe A former drug lord returns from prison determined his competition and distribute the profits of his out all in this operations to New York's poor and lower classes ultra violent modern twist on Robin Hood stylish and.,"[53, 80]",test
1769,Babylon,"the A tale of outsized ambition and outrageous, excess tracing era of rise and fall of multiple characters in an decadence and depravity during Hollywood's transition from silent films unbridled 1920s to sound films in the late.","[18, 35]",test
7109,The Noel Diary,"a novelist meets Cleaning out his childhood, home at Christmas birth mother Will an old a woman. searching for her their pasts and hearts — diary unlock?","[10749, 35, 18]",test
7040,Basilicata Coast to Coast,journalist cross the region of A music group and a festival Basilicata by foot to attend a music.,"[35, 18]",test
2951,Bitter Moon,on a cruise ship develops an irresistible infatuation A passenger paraplegic's wife with an eccentric.,"[53, 18, 10749]",test
4916,Return to Oz,"a, psychiatric experiment by a mysterious girl Dorothy saved from, dreams and finds herself back in the land of, her dangerous new enemies makes, delightful new friends and.","[12, 10751, 14]",test
8894,6 Below: Miracle on the Mountain,a massive winter An adrenaline seeking snowboarder gets lost in back country of the High Sierras where storm in the is pushed to the limits of human endurance and he demons as he fights forced to battle his own personal survival for....,"[53, 18]",test
3547,Mamma Mia!,on A spirited young bride-to-be living with her single mother island secretly invites three of her mother's a small Greek finding her biological father to walk ex-boyfriends in hope of aisle her down the.,"[35, 10749]",test
4476,Winter's Bone,"his After discovering her father put their house up for Ree Dolly must confront bail, bond and then disappeared 17-year-old wilderness in the local criminal underworld and the harsh Ozark her order to to track down her father and save family.","[18, 9648]",test
5633,Seeking a Friend for the End of the World,"nears Earth a man finds, himself alone As an asteroid panic He decides to after his wife. leaves in a his high school take a road trip to reunite with inadvertently. puts a sweetheart Accompanying him is a neighbor who his plan wrench in.","[35, 18, 10749, 12]",test
3732,The Isle,"Hee-Jin is working as a clerk in a fishing Mute baits food and occasionally resort; in the, Korean wilderness selling One day she falls her body. to the fishing tourists love with Hyun-Shik who, is on the run from in when the, police and rescues him with a fish hook to commit suicide he tries.","[18, 53]",test
9559,The Conference,not only A ragtag group of public sector employees battle killer during a their own discord but also a bloodthirsty retreat seemingly innocuous.,"[27, 35]",test
365,Spider-Man: No Way Home,"longer able to separate Peter Parker is unmasked and no normal life from the high-stakes of being a super-hero his. stakes When he asks for help from Doctor Strange the more dangerous forcing him, to discover what it become even be Spider-Man truly means to.","[28, 12, 878]",test
9417,Admission,"University admissions officer Portia Nathan is caught off-guard Straitlaced Princeton alternative high when she makes a recruiting visit to an overseen by her former classmate the, freewheeling John Pressman school. very unconventional Pressman has surmised, that Jeremiah his gifted yet the, son that Portia secretly gave student might well be for adoption many years ago up.","[35, 18, 10749]",test
1174,The Six Triple Eight,"Army's only all-Black all-women, During World War II the, US mission sorting through a three-year battalion: takes on an impossible of 17 million pieces of mail that hadn't been backlog American soldiers and finish within six months delivered to.","[18, 10752, 36]",test
6956,Bandits,"Terry go on a, After escaping from prison Joe and and California, in order crime spree robbing banks through Oregon their scheme for a new life south of to finance Unfortunately things. get, more complicated when they meet the border her, car She joins Kate who runs into. them with spree and eventually she steals the, bandits on their cross-country too, their: hearts something.","[35, 80]",test
259,Amadeus,becomes consumed by jealousy and Disciplined Italian composer Antonio Salieri hedonistic and remarkably talented young Salzburger composer resentment towards the Amadeus Mozart Wolfgang.,"[36, 10402, 18]",test
5569,Flesh + Blood,"take revenge on a noble A band of medieval mercenaries decides not to pay them by kidnapping the lord who of the noble's son As. the plague and warfare betrothed the land the mercenaries cut a swathe of, destruction throughout and await their fate hole up in a castle.","[12, 18]",test
1042,Evangelion: 1.0 You Are (Not) Alone,"Tokyo-3 is being attacked, by giant After the Second Impact Angels that seek to eradicate humankind The child. monsters called the Angels by piloting one Shinji’s objective is to fight of the of the mysterious Evangelion. mecha units A remake episodes of GAINAX’s famous 1996 anime series The first. six Evangelion 1 01 “for: its.DVD” release film was retitled additional “scenes: and.Evangelion” 1 11 for a release with.","[16, 878, 28, 18]",test
5282,Colombiana,"her parents murder as’ a child in Bogota After witnessing, grows up to be a stone-cold assassin She Cataleya. Restrepo her uncle as a hitman by day but works, for engaging in vigilante murders that her personal time is spent the she hopes will lead her to her ultimate: target for her parents death mobster' responsible.","[28, 53, 80, 18]",test
9250,Alvin and the Chipmunks: Chipwrecked,"the Chipmunks and Playing around while aboard, a cruise ship overboard and end up marooned in a Chipettes accidentally go They discover. their new turf is not as tropical paradise seems deserted as it.","[35, 14, 10751, 10402, 16]",test
7326,There's No Place Like Home,"idyllic island to celebrate An extended family reunites on an causes them' their grandparents 50th. wedding, anniversary However a storm secrets to get stuck in there longer than, expected causing break out and long-held grudges to.","[35, 18]",test
475,A Bronx Tale,"during the tumultuous 1960s an adolescent Set in, the Bronx honest working-class father and a boy, is torn between his the youngster's violent yet charismatic. crime boss Complicating matters is beautiful black - growing attraction forbidden in - his neighborhood for a girl.","[18, 80]",test
7344,Waiting...,"called creatively enough Shenanigan's kill (Employees, at a, Bennigan's-like), restaurant their real lives get started But while. they time before to, deal with picky customers who want wait they'll have to order and enthusiastic managers who want their steak cooked have to build the perfect wait. staff, Luckily these employees revenge tactics effective.","[35, 10749]",test
3786,White Chicks,"agent brothers Marcus and, Kevin Copeland accidentally foil, Two FBI fired they accept. a a drug bust To avoid being to the Hamptons but mission escorting a pair of--socialites are disfigured in a car accident they when the, girls Left without options. Marcus and Kevin, decide refuse to go sisters transforming themselves from black, men to pose as the white women into rich.","[35, 80]",test
6347,Shaft,John Shaft is hired by a Cool Black private eye lord to find and retrieve his kidnapped daughter crime.,"[28, 80, 53]",test
9922,Mutant Chronicles,have all but It's. the year 2707 Earth's natural resources exhausted by mankind Battles. rage for the remainder between been competing Corporations During. one such battle the seal is the deadly machine that was broken and awakens an ancient and ago The order that awaited once. defeated thousands of years now lead a small group of soldiers its return must once and for all to destroy it.,"[28, 12, 878]",test
4664,He Got Game,player's father must try to convince him to A basketball a college so he can get a shorter go to sentence prison.,[18],test
5439,The Finest Hours,rescue attempt off the The Coast Guard makes a daring Cape Cod after a pair of oil tankers coast of in 1952 are destroyed during a blizzard.,"[28, 18, 36, 53]",test
2950,Cross of Iron,"ravaged and demoralised, It is 1943 and—the German army—Russian front In the midst is hastily. retreating from the madness conflict brews, between the aristocratic yet ultimately of the Captain Stransky and the courageous Corporal Steiner Stransky. is pusillanimous man who believes that the Third Reich is the only vastly superior to the Russian army However. within, his still quivering coward who longs for the pompous persona lies a a Iron Cross so that he can return to Berlin the. other, hand is cynical defiantly non-conformist hero, Steiner on the safety of his own men and more concerned with decorations offered to him rather than the horde of military superiors by his.","[18, 28, 36, 10752]",test
9117,Rules Don't Apply,"Hollywood 1958, Small. town beauty queen and devout Baptist It's the infamous Howard, Hughes virgin Marla Mabrey under contract to, Angeles At the airport. she meets her, arrives in Los to be married, to driver Frank Forbes who is engaged deeply religious Methodist his seventh grade sweetheart and is a. attraction not only puts their religious convictions to Their instant but also, defies Hughes number one' rule No the: test a employee is allowed to have any relationship whatsoever with behavior intersects. with' Marla and Frank in contract actress Hughes ways and as they are, drawn very separate and unexpected into his bizarre world their, values are challenged and deeper are changed their lives.","[10749, 35, 18]",test
5908,Seoul Station,"to Busan a group In ""this animated prequel,"" to Train unleashes itself of survivors deals with a zombie pandemic that Seoul in downtown.","[16, 27, 878, 28, 53]",test
8203,Up for Love,"years She Diane is a, well-known lawyer divorced for. three a call from the loses her mobile telephone and receives person is Alexandre a. charming person who finds, it That the perfect gentleman They make. a connection over man and and agree to meet up the following day the phone. when But when Alexandre, arrives there's a surprise in store 6 tall From that Diane discovers' he"" is. only 4 prejudices of, society moment on Diane tries to overcome the of and her own fears to experience the best time life her...","[35, 10749, 18]",test
6735,"Roman J. Israel, Esq.","Israel has been fighting the. Hard-nosed liberal lawyer Roman J forever while others take the credit When his. good fight the – firm's frontman has – a heart attack Israel, suddenly partner truths takes on that. role He soon discovers some unsettling firm truths that – conflict with his values of about the and finds himself in an – helping the poor and dispossessed to extreme actions existential crisis that leads.","[18, 80, 53]",test
2161,Swades,"his village to A successful Indian scientist returns home to back to America with him and in take, his nanny his roots the process rediscovers.",[18],test
1965,All That Heaven Allows,"different social classes collide when Cary Scott a, wealthy Two falls in, love with her much younger and upper-class widow from her, children and down-to-earth gardener prompting disapproval and criticism club friends country.","[18, 10749]",test
21,Fight Club,"soap salesman channel primal A ticking-time-bomb insomniac and a slippery Their male aggression into a shocking new form of. therapy on with underground, fight clubs ""forming in"" every concept catches way, and ignites town until an eccentric gets in the spiral toward oblivion an out-of-control.","[18, 53]",test
6143,Ice Age: A Mammoth Christmas,"Sid accidentally destroys Manny's heirloom Christmas rock and ends When naughty list he leads a, hilarious quest up on Santa's make things right and ends to the North Pole to up to Manny up making. things much worse Now it's save Christmas and his prehistoric posse to band together and world for the entire!","[16, 10751, 10770]",test
3839,Antwone Fisher,"violent outbursts is sent to a A sailor prone to first to open up. naval psychiatrist for help Refusing at, breaks down and reveals a horrific the young man eventually of. his doctor he confronts his childhood, Through the guidance the family painful past and begins a quest to find knew he never.","[18, 36, 10749]",test
8704,Cooties,"mysterious virus hits an isolated elementary school transforming, the A of mass savages An unlikely kids into a. feral swarm the hero must lead a motley band of teachers in their lives fight of.","[35, 27, 28, 878, 53]",test
5092,Charlie Bartlett,"teenager Charlie Bartlett has trouble fitting in at a Awkward school Charlie needs. some friends fast and decides, new high best way to find them is to appoint that the the most himself the. resident psychiatrist He becomes one of in school by doling out advice and occasionally popular, guys, the, student body medication to.","[35, 18, 10749]",test
868,A Charlie Brown Christmas,"about the overwhelming materialism that he When Charlie Brown complains everyone during the Christmas season Lucy suggests, that sees amongst director of the school Christmas pageant Charlie Brown. he become an, attempt accepts but it is a. frustrating struggle When fir to restore the proper spirit with a forlorn little fails he needs, Linus help to' learn the Christmas tree Christmas meaning of.","[16, 10751, 35, 10770]",test
4932,The Stepford Wives,"of Joanna Eberhart has come to the quaint little town with, her family but soon, discovers there lies Stepford Connecticut behavior of a sinister truth in the all too perfect female residents the.","[9648, 53, 878, 27]",test
5225,Jack Reacher,"ordinary town five people are shot, One morning in an All evidence points to dead in. a seemingly random attack single suspect an: ex-military sniper who is quickly brought a yields one. written note Get Jack into custody: 'The interrogation Reacher!'. an, enigmatic ex-Army investigator believes, the authorities have Reacher sniper's defense the right man but agrees to help the delves. into, the case the attorney However the more, Reacher begins an extraordinary chase. for less clear-cut it appears So unexpected enemy, with the truth pitting Jack Reacher against, an to keep a skill for violence and a secret.","[80, 18, 53, 28]",test
2573,Upgraded,"ambitious intern dreaming of a career in Ana is an demanding boss the art world while trying to impress her on. a work Claire When she's upgraded to first class handsome, Will and Ana pretends, to be trip she meets glamorous her– boss a white lie that sets off a opportunity until her, fib threatens chain, of events romance and surface to.","[10749, 35]",test
3624,A Conspiracy of Faith,"2016, A. blurred note is found in a bottle Denmark has traveled across the ocean for a long time that. deciphering the cryptic note Department, Q follow a sinister After to investigate a case that occurred trail that leads them events take. in 2008 At the, same time new tragic faith and deepest beliefs place that test their.","[80, 18, 9648, 53]",test
2062,Kung Fu Panda,"the Valley of Peace is threatened lazy, Po the When one and trains panda discovers his ""destiny as"" the chosen but transforming the unsleek to become, a kung fu hero easy It's up slacker into a brave warrior. won't be Shifu and the Furious Five Tigress Crane -- Mantis, to, Master, it a try -- Viper and Monkey to give.","[16, 10751, 35, 28, 12]",test
8654,Men in Black: International,"from The Men in Black have always protected the Earth In this new adventure they. the scum of the, universe date a mole, tackle their biggest most global: threat to the Men in Black organization in.","[35, 878, 28, 12]",test
1791,Asterix & Obelix: Mission Cleopatra,she wagers that History's favorite Gauls assist Queen Cleopatra when for Julius Caesar the Egyptian people can build a palace months in just three.,"[10751, 14, 35, 12]",test
5534,May December,"gripped the nation Twenty years after their notorious tabloid romance, the pressure when an actress a married couple buckles under a film about their past arrives to do research for.",[18],test
7704,Crossing Over,"from around the world enter Los Angeles every day Immigrants, better life but little notion with hopeful, visions of a what that life may cost Their. desperate scenarios test of Crossing Over writer-director the humanity of. immigration enforcement officers, In American dream and Wayne Kramer explores the allure of, the 21st century the reality that – immigrants find -- and create in A.L.","[80, 18]",test
8983,The Man,Federal agent and A case of mistaken identity forces a they speed a dental supply salesman to team up as pull off a sting through the streets of Detroit to solve the murder of the agent's former partner operation and.,"[28, 35, 80]",test
5453,Main Hoon Na,"goes undercover as a college student His An army. major personal to protect his general's mission: is both professional and his estranged daughter from a, radical militant and to find half-brother.",[18],test
9626,Leprechaun 2,"left a bloody trail, A thousand years ago the Leprechaun ripped through the countryside in search of his when he he's back. in the big city using stolen gold Now tricks to snare the girl of all of his deadly more deadly. when her his nightmares His bloody quest becomes the Leprechaun's gold coins The town boyfriend steals. one of gold soon discovers two dead bodies and a trail of the Leprechaun's lair dust leads them to.","[35, 27]",test
4336,Time After Time,Ripper to. modern. Writer H G Wells pursues Jack the after the infamous serial killer steals his day San Francisco to escape the 19th century time machine.,"[12, 18, 35, 878, 53]",test
5568,"I Love You, Man","agent who upon Peter Klaven is a successful real, estate dreams Zooey discovers getting engaged to the woman, of, his, he has no male to, his dismay and chagrin that Best Man Peter friend close enough to serve as. his situation embarking on a immediately sets out, to rectify the awkward man-dates series of bizarre ""and.""","[35, 10749]",test
8488,An American Werewolf in Paris,have An American man unwittingly gets involved with werewolves who serum allowing them to transform at will developed a.,"[27, 35, 14]",test
4057,Flavors of Youth,"bustling and unforgiving The rigorous city, life of China while, the everlasting memories of days past Three. stories told contains three different cities follow, the loss of youth and in ever the daunting realization of. adulthood Though reality may seem days, changing unchangeable are the short-lived moments of one's childhood. of noodles the beauty of, family and A plentiful bowl the inevitable flow of the trials of first love endure different, characters explore the strength of bonds time as three the warmth of cherished memories Within. the disorder of and present world witness, these quaint stories recognize the comfort the attempt to revive, the neglected flavors of the past and youth of.","[16, 10749, 18]",test
3456,The Dressmaker,"to her In, 1950s, Australia beautiful talented dressmaker Tilly returns past As she tiny hometown to right wrongs. from her starts to fall tries to reconcile, with her mother she love while transforming the fashion of the town in.","[18, 35, 37]",test
2164,The Seventh Company Has Been Found,the Seventh Company adventures The second part of.,"[35, 10752]",test
9966,With Open Arms,"is-Éan intellectual bohemian who released his Jean tienne Fougerole In Open ""Arms and calling"" the wealthiest people new novel the families in need While he promotes. to welcome home opponent criticized him his book during, a televised debate his not applying what he himself advocates While. stuck Jean, for-Éfear of being discredited tienne, Fougerole accepts the challenge for. family of Roma, rings the door The same evening a villa and the writer feels obliged to of his Marnes-la-Coquette them house.",[35],test
7617,28 Days,"getting into a car accident while drunk on the After given a day of her, sister's wedding Gwen Cummings is center She chooses rehab choice between prison. or a rehab, to taking part in any of but is extremely resistant to offer refusing to admit the treatment, programs they have addiction that she has an alcohol.","[35, 18]",test
5215,Brother Bear 2,"and the two Kenai finds his childhood human friend Nita on a journey to burn the amulet he gave embark bear much to Koda's to her before, he was a dismay.","[12, 16, 10751]",test
5899,Thor: The Dark World,"but an Thor fights to restore order across… the cosmos race led by the vengeful Malekith returns to plunge ancient enemy that the universe back. into darkness Faced with an and Asgard cannot withstand Thor must, embark on even Odin journey yet one that will his most, perilous and personal with Jane Foster and force him to sacrifice reunite him save us all everything to.","[28, 12, 14]",test
5683,Trust,"suburban family is torn apart when fourteen-year-old Annie meets A of communicating via online. her first boyfriend online After months who chat and, phone Annie discovers her friend is not parents he originally claimed to. be Shocked into, disbelief her struggle to support are shattered by their daughter's actions and with what has happened her as she comes to terms her once innocent life to.","[80, 18, 53]",test
8688,King Cobra,"is in, its infancy and internet porn, It’s 2006 YouTube paywall Taking the stage name. Brent is still behind a is, molded into, Corrigan a fresh-faced wannabe adult video performer who a star by, Stephen a closeted gay porn mogul Cobra Video from his seemingly runs the skin flick empire suburban home ordinary.","[80, 18]",test
6197,Your Sister's Sister,"her friend Jack to stay at her family's Iris invites their island getaway after the death of his. brother At with Hannah, Iris sister kicks remote cabin, Jack's' drunken, encounter revealing stretch of days off a.",[35],test
9850,Sleeping Beauty,"a young University student A haunting, erotic fairytale about Lucy mysterious hidden world of beauty and desire drawn into a.","[18, 10749]",test
6159,Judgment Night,"a shortcut en, route to Four young friends while taking which leaves a local, boxing match witness a brutal murder their lives them running for.","[28, 80, 53]",test
3199,Far from Heaven,"a In 1950s, Connecticut a housewife's life is upended by and mounting racial tensions in society marital crisis.","[18, 10749]",test
8679,Problem Child 2,"to Junior and his, father, Ben move from Cold River again. Mortville Junior becomes threatened by Ben's desire to date and sabotages each and find a new, mother for Junior dates of his.","[35, 10751]",test
1942,High Plains Drifter,"Lago A gunfighting stranger comes to the small settlement of. to kill him After gunning down three gunmen who tried, decide to hire the Stranger to hold off the townsfolk on their way three outlaws who are.","[37, 18, 9648]",test
9317,The Pact,"away sisters Nicole and Annie, reluctantly After their mother passes to their childhood home to pay their last respects return. overnight in the house the sisters, sense a While staying in the mysterious presence in: their midst noises startling them picture, of an unknown, night objects moving about a fallen Annie begins experiencing a woman posed. next to their mother dreams visions that lead her series - of intense and disturbing something terrible about her mother's past that is to uncover itself finally revealing.","[27, 9648, 53]",test
481,Bad Genius,"brilliant, student after helping, her friends to get Lynn a develops the idea of, starting a the grades they need exam-cheating business much bigger.","[18, 80, 53, 35]",test
3280,The Proposition,"Australia a lawman, offers renegade Charlie Burns a In 1880s save his. younger brother from difficult choice In order to down and, kill his older the gallows Charlie must hunt Venturing, into brother who is wanted for rape. and murder a one of the Outback's most inhospitable, regions Charlie faces end only in violence terrible moral dilemma that can.","[28, 12, 80, 18, 53, 37]",test
1169,Moulin Rouge!,"of love and creative inspiration takes place in A celebration glamorous Parisian, nightclub at the cusp the, infamous gaudy and century A young poet. who is plunged, of the 20th begins a passionate into the heady world, of Moulin Rouge most notorious and beautiful star affair with the club's.","[18, 10749, 10402]",test
7475,The Crew,"a gang of thieves commits One of the members of them to work for a a serious mistake that force dealers endangering the future of, the ruthless gang of drug families, team their lives and those of their.","[18, 80, 53]",test
6721,Smurfs: The Lost Village,"on the Smurfs a, In this fully animated all-new, take Smurfette and her friends Brainy Clumsy and mysterious, map sets the Forbidden Forest leading Hefty on an exciting race through history to the discovery of the biggest secret in Smurf.","[10751, 35, 12, 16]",test
297,The Passion of Joan of Arc,"the A classic of the silent, age this film tells doomed but ultimately canonized 15th-century teenage warrior story of the. for claiming she'd spoken to God Jeanne d'Arc, On trial the is subjected to inhumane treatment and scare tactics at officials Initially bullied into changing. her hands of church court the, story Jeanne eventually opts for what she sees as a. famously brutal, execution earns her perpetual, truth Her punishment martyrdom.","[18, 36]",test
5367,Suicide Kings,"mobster, is abducted by, five privileged young Carlo a former raise a 2 million ransom $to save men desperate to games the sister of a. friend As Carlo plays mind, each, wondering whether one -- of their however his captors splinter the crime own had a hand in.","[28, 35, 80, 18, 53]",test
6173,Super Fuzz,"parking ticket to a small village in While delivering a himself in the, the Florida everglades Officer Dave Speed finds American government middle of a radiation experiment conducted by the detonated nuclear, missile gives him a and NASA where a superpowers multitude of.","[14, 28, 35, 878]",test
7924,Monster Trucks,"a high school senior with a knack for Tripp is a gas-guzzling creature building trucks who makes - an incredible discovery To protect. his mischievous new friend Tripp hides, named Creech latest creation turning it Creech under the hood, of his a real-life super-powered Monster Truck Together. this, unlikely duo into up on a with a shared taste for speed team family wild and unforgettable journey to reunite Creech with his.","[28, 35, 878]",test
2700,Troy,"C during the late.Bronze. age In year 1250 B, nations begin to clash Paris the. Trojan, prince two emerging, to leave, her husband Menelaus, convinces Helen Queen of Sparta, sail with him back to Troy After. Menelaus finds and Trojans he out that his wife was taken by, the help him get her back asks his brother Agamemnon to. power They set Agamemnon sees this as an. opportunity for holding 50 000,Greeks to off with,1 000 ships Troy.","[10752, 28, 36]",test
4379,Dark Water,of an unpleasant divorce moves A woman in the midst young daughter The to an eerie apartment building with. her has a dark and active leak ceiling of their apartment.,"[27, 9648, 53]",test
6784,The Wrath of Becky,"attack on her Two years after she escaped a violent to, rebuild her life in the family 16-year-old Becky attempts Elena care of an older -- woman a kindred spirit named. Noble, Men However when a violent group known as the their beloved break into, their home attack them and take must, return to her old ways to protect dog Becky and her loved ones herself.","[28, 27, 53]",test
8228,Kidnapping Mr. Heineken,"Heineken the The true story of the kidnapping of, Freddy the Heineken brewery and his grandson of the, founder of released. after a ransom of 35 million driver They were was paid Dutch guilders.","[18, 28, 80, 53, 9648]",test
5132,JCVD,"his legal battle with his Between his tax problems and hard wife for the custody of his, daughter these are movie star who finds that even times for the action role from him This fictionalized Steven Seagal has! pinched a the country of version of Jean-Claude Van Damme returns to he can his birth to seek the peace and tranquility inadvertently gets no longer enjoy in the, United States but a bank robbery with hostages involved in.","[18, 28, 35, 80]",test
9687,Drive-Away Dolls,"spirit, bemoaning yet another breakup with Jamie an uninhibited free demure friend, Marian desperately needs to a girlfriend and her start the. two loosen up In search of, a fresh Tallahassee but things embark on an impromptu road, trip to go awry when they cross paths with a group quickly the way of inept criminals along.","[35, 80]",test
1595,The SpongeBob Movie: Sponge on the Run,"Gary is suddenly snatched away SpongeBob When his best, friend Bikini Bottom takes Patrick on a madcap mission far beyond pink-shelled pal to save their.","[10751, 35, 12, 16]",test
1329,Breaking the Waves,"paralyzed In a, small conservative Scottish, village an oilman is prayed for his. return in, an accident His wife who, to have; feels guilty, even more when he urges her another sex with.","[18, 10749]",test
1923,Nowhere,"from a country A young pregnant woman named Mia escapes aboard a at war by hiding in a maritime container Mia gives. birth to cargo ship, After a violent storm she must fight the child while, lost at sea where survive to.","[53, 18]",test
8010,The Pacifier,assignment Protect Navy SEAL Shane Wolfe is handed a: new Plummer kids from enemies of their recently deceased the five a -- government scientist whose top-secret experiment remains hidden in father house the' kids.,"[35, 10751, 28]",test
5896,Tideland,"irresponsible parents a young Because of the actions, of her estate and girl is left alone on a decrepit country imagination survives inside her fantastic.","[14, 18, 53, 878]",test
6459,Cargo,"wake of a violent pandemic After being infected in the with only 48 hours to live a, father struggles and for his baby daughter to find a new home.","[18, 53, 27]",test
9013,Exit Wounds,"brings down the domestic terrorists Maverick cop Orin Boyd always feathers with, his unorthodox techniques he tracks but he ruffles -- himself reassigned to the toughest district in and soon finds discovers. a group of detectives secretly operating Detroit When he Boyd joins forces, with an unlikely ally a drug ring -- rotten cops gangster -- Latrell Walker to bring down the.","[28, 80, 53]",test
3324,Ip Man 3,"gangsters led by a crooked When a band of brutal play to take over the city property developer make a, is forced to take a stand Master Ip.","[28, 18, 36]",test
5770,Little Monsters,teams up with a teacher and a A washed-up musician children from a sudden kids show personality to protect young zombies outbreak of.,"[27, 35]",test
5902,The Neon Demon,"Angeles her youth When aspiring model Jesse moves, to Los vitality are devoured by a group of beauty-obsessed women and get what she who will take any means necessary to has.","[27, 53]",test
3230,Moby Dick,"the In, 1841 young Ishmael signs up for service aboard out, of New Bedford The ship Pequod a. whaler sailing of Captain Ahab a strict disciplinarian is, under the command great who exhorts his men to find Moby, Dick the that creature. and white whale Ahab lost his leg to learns he is desperate. for revenge As the crew, soon gain satisfaction will stop at nothing to.","[12, 18]",test
285,Song of the Sea,"the last Seal Child’s journey home After The story. of and Saoirse are, sent to live their mother’s disappearance Ben in the city When they. resolve to return with Granny becomes a to their home by, the sea their journey world race against time as they are drawn into a is Ben knows only from his mother’s. folktales But this bedtime story these; fairy folk have been in our no far too long It. soon becomes clear to Ben world Saoirse is the key to their survival that.","[10751, 16, 14]",test
5939,The Jane Austen Book Club,"club to discuss the works of Six Californians start a literature the. club Jane Austen As they delve, into Austen's find themselves dealing with life experiences that parallel the members they are reading themes of the books.","[35, 10749]",test
7077,Extinction,"overnight the, world, came to a halt Two And. suddenly separates, them men, two survivors, one kid and hatred that. the creatures that inhabit A, place forgotten by everyone including now the... Earth until.","[28, 12, 27, 878, 53]",test
1471,High School of the Dead: Drifters of the Dead,"from the In their efforts to find a safe haven find themselves, on a deserted island zombie apocalypse the gang. the, momentary respite to enjoy Now they take advantage of and bathing, suits some surf sand!","[35, 16, 12, 27]",test
4106,Loft,"all of them, married share a loft, Five close friends body to meet their. mistresses One day they find the are of a young woman in the. loft Since there five men begin only five keys, to the loft the each other of murder to suspect.","[18, 9648, 10749]",test
5257,The Man in the Iron Mask,"since the Three Musketeers Aramis Athos and, Years, have passed together, with their friend D'Artagnan But with, Porthos. have fought Louis using his power to wreak havoc the tyrannical King kingdom while his twin brother Philippe remains, imprisoned, in the, and replace him with the Musketeers reunite to abduct Louis Philippe.","[12, 28, 18]",test
1837,The Great Gatsby,"of F Scott Fitzgerald's. Long Island-set novel where An, adaptation of Midwesterner Nick Carraway is lured into the lavish world neighbor Jay, Gatsby Soon. enough however, Carraway, will see his where obsession through the cracks of Gatsby's nouveau, riche existence, await, madness and tragedy.","[18, 10749]",test
4529,In Her Name,"Andr Bamberski, learnsé about the death of his In 1982 vacation with 14, year-old, daughter Kalinka while she was on in Germany Convinced that Kalinka’s death. her mother and stepfather botched was not an, accident Bamberski begins to. investigate A report raises his suspicions and leads him to accuse autopsy to Kalinka’s, stepfather Dr Dieter, Krombach as the. murderer Unable in Germany Bamberski attempts, to take the trial indict Krombach he will, dedicate his life to Kalinka’s to France where Krombach justice and the imprisonment of.","[18, 80]",test
6063,Colors,"by a A confident young cop is shown the ropes of Los Angeles veteran partner in the dangerous gang-controlled barrios, by the colors the where the gang culture is enforced wear members.","[28, 80, 18, 10749, 53]",test
9741,Incarnate,past An exorcist comes up against an evil from his mind of when he uses his skills to enter the nine year old boy a.,"[27, 53]",test
1257,The Birds,and terrorize Thousands of birds flock into a seaside town a series of deadly attacks the residents in.,"[27, 53]",test
7900,The Night Before,"York City for their annual tradition of Christmas In New lifelong best, friends set out to find Eve debauchery three Christmas parties since their yearly reunion the Holy Grail of coming to an end might be.","[35, 12, 14]",test
4861,Nymphomaniac: Vol. II,delves into the The continuation of Joe's sexually dictated life of her adult life and what led to darker aspects being in Seligman's care her.,"[18, 9648]",test
9380,Inside,"after An art thief trapped in a New York penthouse Locked inside with nothing his heist. doesn't go as planned must use all his but, priceless works of art he invention to survive cunning and.","[53, 18]",test
145,Good Will Hunting,"yet aimless Will, Hunting has a genius-level IQ but Headstrong work as a janitor at MIT When he. chooses to are secretly solves highly difficult graduate-level math, problems his talents who decides to help the, discovered by Professor Gerald Lambeau When Will is arrested for. misguided youth reach his potential makes a deal to, attacking a police officer Professor Lambeau for him if he gets court-ordered therapy Eventually get. leniency, demons that. therapist Dr Sean Maguire helps Will confront the holding him back are.",[18],test
2347,Pearl,"Pearl must tend to Trapped on, her family’s isolated farm father under the bitter and overbearing watch of her ailing for a glamorous. life like she’s her devout mother Lusting repressions collide seen in, the movies, Pearl’s, ambitions temptations and.","[27, 53]",test
1047,Steins;Gate: The Movie - Load Region of Déjà Vu,"Rintarou begins One year after the events of, the anime extensive time travel and eventually to feel the, repercussions of only companion to completely. fades, from reality Kurisu being the to bring, him remember him now must find a way back.","[878, 16, 18]",test
6199,Drag Me to Hell,"to keep After denying a woman the extension she needs home loan, officer Christine Brown sees her once-promising life her is convinced take a startling turn for. the worse Christine is she's been cursed by a, Gypsy but her boyfriend seems. to lie in a psychic skeptical Her only hope lift the curse and who claims he can help her being dragged straight to hell keep her soul from.","[27, 53]",test
2878,The Dark Crystal,"a Gelfling embarks On another planet in, the distant past to find the missing shard of a on a quest and restore order to his world before the, magical crystal crystal for grotesque race of Skeksis find and use the evil.","[12, 10751, 14]",test
5053,Emily the Criminal,"a shady gig, buying goods Desperate for income Emily takes credit cards supplied by a charismatic middleman named with stolen thrills. they Youcef Seduced by the quick cash and, illicit next hatch a plan to take their business to the level.","[80, 18, 53]",test
3147,I Hate Summer,"Throughout Three families end up in the same rented. house enjoy the, summer they become friends and rediscover how to life.",[35],test
4581,The DUFF,"she learns that her Bianca's universe turns upside down when refers to her as a DUFF Designated ‘Ugly' (high school Hoping to). erase that label she enlists, the Fat Friend a charming jock and her favorite teacher Together help. of the school's mean girl and remind everyone that they'll face DUFF and that's totally fine… we are all someone's.","[10749, 35]",test
5254,White God,"year old Lili fights to protect her dog Hagen 13, when her father sets Hagen free on and is devastated innocently believing. love can conquer any difficulty the streets Still, out to save her dog Failing in. his Lili sets to find his beloved owner Hagen joins, a desperate efforts revolution against their human abusers canine revolt leading a.",[18],test
503,Shoplifters,"the outskirts of Tokyo a, poor but close-knit group In of society survives through shoplifting and living on the fringes son take. in a odd jobs When Osamu and his fragile existence begins, to unravel neglected young girl their already. surface As the family grows attached to, her buried secrets, belonging forcing them to confront the true meaning of, love, what makes a family and.","[18, 80, 53]",test
6101,Police Story 4: First Strike,"with Interpol to Hong Kong cop, Chan Ka-Kui returns working weapons dealer Chan later track down and arrest. an illegal as they appear realizes that things are not as simple finds himself to be a pawn of an and soon as Russian intelligence organization posing.","[28, 12, 35, 80, 18, 53]",test
7290,Mean Machine,"football captain Danny Mean, Machine 'Meehan is' thrown, Disgraced ex-England for assaulting two police officers He keeps. his in jail everything and head down and has the opportunity to forget have change the lives of the. prisoners When these prisoners the evil guards during the chance to put one over lead a prison football, match Danny takes the.","[35, 18]",test
9036,Paranormal Activity 2,"into Just as Daniel and Kristi welcome a newborn baby them tearing, apart their home a demonic presence, begins terrorizing it into an inescapable nightmare their perfect world and turning.","[27, 9648]",test
1097,The Hobbit: The Desolation of Smaug,"Bilbo and, Gandalf have successfully escaped the Misty The Dwarves One, Ring They all Mountains and Bilbo has. gained the from the continue their journey to get their gold back Smaug, Dragon.","[14, 12, 28]",test
7192,Ghosts of War,World War II American soldiers encounter a A group of a French castle previously under supernatural enemy as they occupy control Nazi.,"[27, 53, 10752, 878]",test
826,Black Swan,"a New York The, story of Nina a ballerina in in her City ballet company, whose life like all those is, completely consumed with dance She. lives with her profession Erica who zealously supports her daughter's professional retired ballerina mother Thomas. Leroy decides to replace prima ambition When artistic director for the opening production of their new ballerina Beth MacIntyre Swan, Lake Nina, is his first choice season.","[18, 53, 27]",test
1943,Red River,"Dunson decides to Following, the Civil War headstrong rancher Thomas Texas to Missouri During lead a perilous cattle drive. from tyrannical in the, eyes the exhausting journey his persistence becomes son and prot, g of Matthew Garth hiséadoptedé.",[37],test
1783,My Sister's Keeper,"their young Sara and Brian live an idyllic life with daughter But their. family is rocked by sudden son and, make a difficult and heartbreaking news that forces them to save their baby girl's life unorthodox choice in order to. raises both' ethical and moral questions The parents desperate decision at the foundation of their relationship Their and rips. away to actions ultimately set off a court case that threatens surprising truths that challenge, tear the family apart while revealing give new meaning everyone's perceptions of love and loyalty and of healing to the definition.",[18],test
6847,Dark Skies,"Insidious and Sinister comes From the, producers, of Paranormal Activity Skies a: supernatural thriller that follows a young family Dark the suburbs As husband. and wife Daniel and living in Barret witness an escalating series of disturbing events involving Lacey their safe, and peaceful home quickly unravels When their. family family is being targeted it becomes clear that the Barret force Daniel and Lacey by an unimaginably, terrifying and deadly own hands to solve the mystery take matters in their after their family of what is.","[878, 53, 27]",test
5990,Mother's Day,childhood Crazed members of a sadistic family return to their new owners home to terrorize the.,"[80, 27, 53]",test
4698,First Love,"young boxer meets his, One, night in Tokyo, Leo a Caught up, in, first love Monica an. imprisoned sex worker a corrupt a, drug-smuggling scheme they find themselves pursued by nemesis, and a, female assassin, cop a yakuza his.","[80, 28, 35]",test
4319,The Ghost Writer,secret when he agrees A writer stumbles upon a long-hidden Minister Adam Lang complete his to help former British Prime drowns memoirs on a remote island after the politician's assistant a mysterious accident in.,"[53, 9648]",test
1309,Almost Famous,"1973 15-year-old, William Miller's unabashed love of music and In journalist lands him an assignment aspiration to become a rock interview and tour with the from Rolling Stone magazine to band Stillwater, up-and-coming.","[18, 10402]",test
6541,The Knight Before Christmas,transported to present day A medieval English knight is magically he ends up falling for a high school science where teacher.,"[35, 10749]",test
6728,Doc Hollywood,"Ben Stone After leaving.Washington. D, C hospital plastic surgeon Beverly Hills heads, for California where a lucrative practice in to. perform as awaits After, a car accident he's sentenced general practitioner the community's.","[35, 10749]",test
68,Given,"for years but Akihiko Haruki secretly had feelings, for Akihiko roommate the violinist was still in a relationship, with his Haruki Akihiko. and, Ugetsu's, love clashes and starts Ugetsu Murata move forward to.","[16, 18, 10402, 10749]",test
6565,The Assassin,"century China Ten. year old general’s daughter Nie Yinniang 9th by a nun who initiates her into the is abducted arts transforming, her into an exceptional assassin charged with martial day having failed eliminating cruel and. corrupt local, governors One back by her, mistress in a task she is sent her birth with orders to kill, to the land of to whom she was promised a cousin – who the man in North China After now leads the largest military. region young woman must confront, her 13 years of exile the her, long-repressed feelings parents her memories and.","[18, 28, 36]",test
3340,Lethal Weapon 2,and Murtaugh are on the trail of South African Riggs using their immunity to engage in criminal activities diplomats.,"[28, 12, 35, 80, 53]",test
5380,Conspiracy Theory,"obsessed with conspiracy theories becomes a target after A man of his theories turns out to be true Unfortunately. one, to save himself he has, to figure out in order it is which theory.","[28, 18, 9648, 53]",test
5732,The Chronicles of Riddick,"bounty hunters escaped convict Riddick After years, of outrunning ruthless fight suddenly finds himself caught between opposing forces in a human race Now waging incredible for the. future, of the this lone reluctant hero battles on, fantastic and, deadly worlds and the last hope for - will emerge as humanity's champion edge of annihilation a universe on the.","[28, 878]",test
1738,Mad Max 2,"who drives the Max Rockatansky returns as the heroic loner a postapocalyptic Australian Outback in an unending dusty roads of Arrayed against him. and the other scraggly search for gasoline the bizarre warriors commanded defendants of a fuel-depot encampment are whose scruples by the charismatic, Lord Humungus a violent leader as barren as the surrounding landscape are.","[12, 28, 53, 878]",test
9357,My Best Friend's Girl,"girlfriend but when Lovestruck Dustin, is dating Alexis, his ideal too strong Dustin takes she dumps him for, coming on to win her back He asks. his best drastic measures worst rebound date friend Tank to take her on the she - will come running - imaginable his side job so that is back to, him and Tank reluctantly. agrees, However Alexis a match for Tank's shock tactics and he more than him torn between begins to really, fall for her leaving his growing attraction toward Alexis loyalty to Dustin and.","[10749, 35]",test
93,Klaus,"and a reclusive toymaker form an unlikely A selfish postman cold, dark town that desperately friendship, delivering joy to a it needs.","[16, 10751, 12, 35, 14]",test
7555,Murder by Numbers,"homicide detective Cassie Mayweather and her still-green partner are Tenacious attempting to profile two, malevolently brilliant working a murder case explain young: men, cold calculating killers whose dark secrets might crimes their.","[80, 18, 53]",test
4648,Oedipus Rex,"a baby boy, In pre-war Italy a young couple have. his son, and, the The father however is - jealous of moves to antiquity where, the baby is taken into scene the the desert to be. killed He is, rescued given brought up, by the King and Queen name Oedipus and informs of Corinth as their. son One day an oracle and Oedipus that he is destined to kill his father mother Horrified he. flees, Corinth and his supposed marry his to - get into a fight and kill an parents only the road older man on…",[18],test
5928,The Bookshop,"a woman Set in a small English town, in 1959 open, a decides against polite but ruthless, local opposition to which, becomes a political minefield bookshop a decision.",[18],test
4387,200 Pounds Beauty,"Kanna-San Daiseikou Desu this story, Based, on a, Japanese manga and revolves around Kang, Han-na an overweight phone sex employee Ammy a famous Korean, pop singer who secret vocalist for syncs as she cannot sing After getting. humilitated actually lip by an ungrateful Ammy Han-na, undergoes an extreme makeover publicly herself to become a pop sensation.","[18, 35, 10749]",test
7601,Splinter,"their plans for a nature trip go awry Polly, When into a motel On and boyfriend Seth decide to. check they're carjacked, and kidnapped by low-rent crooks Dennis their way Lacey who, take the victims and their SUV to and gas station Along the. way they encounter, an a nearby horde of parasites and if, any of them increasingly terrifying have to outsmart, the deadly organisms intend to survive they'll.","[27, 53, 80, 878]",test
8944,Kicking & Screaming,"entire life In college Phil Weston has been. unathletic his tried out for he failed at every sport that he. son Sam is following It looks like, his, 10-year old benches Sam in. his footsteps But when Phil's hyper-competitive dad, his son to a new team Phil decides to transfer a coach Phil steps. in to be the which needs immediately begins to butt heads with his temporary coach and in their lives dad over this new competition.","[10751, 35]",test
76,The Intouchables,true story of two men who should never have A was – injured in a paragliding met a quadriplegic aristocrat who young man from the projects accident and a.,"[18, 35]",test
2319,Betty Blue,aspiring novelist tries to support his A lackadaisical handyman and succumbs to madness younger girlfriend as she slowly.,"[18, 10749]",test
7425,The Prince & Me,"love-story about pre-med student Paige who falls A fairy tale Danish Prince Eddie who refused to ""in"" love with a traditions of his parents and has come to follow the and the US to quench his thirst for. rebellion Paige from two different worlds but there, is an Edward come them undeniable attraction between.","[35, 10749]",test
916,Laurence Anyways,named The story of an impossible love between a woman her Fred and a transgender woman named Laurence who reveals become her true self inner desire to.,"[18, 10749]",test
9369,The Maiden Heist,comedy centered on three museum security guards who devise A to steal back the artworks to which they a plan are transferred to another museum have become attached after they.,"[35, 80]",test
4345,An Unfinished Life,"quietly lives in, the rugged Stoic and heartbroken Einar Gilkyson only trusted friend Mitch Bradley One Wyoming, ranchlands alongside. his he, blames for the death of his day the woman at his door broke desperate and with, only son arrives as buried anger a granddaughter. he's never known But even accusations resurface the, way is opened for unexpected connection and, and forgiveness adventure.",[18],test
7191,No Escape,"year 2022 a ruthless, prison warden has created In the his most troublesome and violent inmates the ultimate solution for: island, where prisoners are abandoned and Absolom a secret jungle Robbins convicted of. left to die But Marine, Captain John officer is determined to, escape the island murdering a commanding order to reveal the truth behind his murderous actions in his name and clear.","[28, 18, 878, 53]",test
8369,The Marvels,"her to an anomalous wormhole linked When her duties send with that to a, Kree revolutionary Carol's powers become entangled Marvel and of Jersey City super-fan, Kamala Khan. aka, Ms niece now S, A B.E.R.astronaut.Carol's. estranged trio must team. up, Captain Monica Rambeau Together this unlikely save the universe and learn to work in concert to.","[878, 12, 28]",test
2010,Carrie,"teen Carrie White faces taunting from classmates Withdrawn and sensitive and abuse from her fanatically pious mother When at. school around Carrie she begins to suspect, strange occurrences start happening has supernatural powers that she.","[27, 53]",test
7722,Happily Mixed Up,a A psychoanalyst learns to have an illness and as job All his patients consequence he decides. to quit his to find a way to make him feel get together better.,[35],test
194,The Hunt,"life all the while struggling A, teacher lives a lonely His life slowly gets. better as over his son’s custody from his son he finds love and receives good news, shattered but his new luck is about to be brutally an innocent little lie by.",[18],test
7314,The Other Woman,"her, married Emilia a, law-school graduate falls in love with turns, unexpectedly. boss Jack After Emilia, marries Jack her happiness daughter Devastated to grief following the death of her. infant, carries on attempting to, forge a connection with Emilia nonetheless resist the interference of Jack's her stepson William and to ex-wife jealous.",[18],test
6475,Flypaper,simultaneous robberies A man caught in the middle of two tries to protect the teller with at a bank desperately in love whom he's secretly.,"[9648, 35, 80]",test
9513,Truth or Dare,"to an isolated cabin A group of friends are lured of heavy partying only to find, themselves by a promise or dare in a nightmarish game of truth.","[27, 53, 9648]",test
7049,Your Place or Mine,"friends and total opposites Debbie and Peter swap When best peek into each homes, for a week they get a could open the door to love other's lives that.","[10749, 35]",test
6424,Don't Think Twice,"several crises including the loss An improv, group deals with their lease and one member hitting the big time of.","[35, 18]",test
4977,Troll Hunter,"group of students investigates a series of mysterious bear A more, dangerous things killings but learns that there are much learning going. on They start to follow a mysterious, hunter is actually a troll hunter that he.","[14, 27]",test
998,Mortal Kombat Legends: Battle of the Realms,"and fight The Earthrealm heroes must journey to the Outworld their homeland invaded by the forces, for the survival of the tournament to end of, evil warlord Shao Kahn in Kombat all: tournaments the final Mortal.","[16, 28, 14]",test
6904,Beauty Shop,"has relocated to, Atlanta Far from Chicago hairdresser Gina Norris herself as a with her daughter and has quickly established heads rare talent in her. profession But after repeatedly butting Jorge Norris sets, out to, with, her shady over-the-top boss a few of Jorge's -- create her own salon even snagging will do anything. to, shut employees and clients Now Jorge down her.","[35, 10749]",test
8099,Arcadian,"decimated Earth Paul and, In the near future, on a face terror at night when ferocious creatures his twin sons Paul. is nearly killed the boys, come up awaken When using everything their father taught, with a plan for survival keep him alive them to.","[28, 27, 53, 878]",test
5448,Silent Hill,"adopted, daughter Sharon to Rose a desperate mother, takes, her of Silent Hill in an attempt to cure the town crash Sharon her of. her ailment After a violent, car a desperate search to get her disappears and Rose begins twisted. reality back She descends into the center of the creatures of a town's terrible. secret Pursued by grotesquely deformed stuck in permanent purgatory Rose begins, to uncover and townspeople disaster that burned the town the truth behind the apocalyptic years earlier 30.","[27, 9648]",test
9327,Momentum,"accidentally When, Alex an infiltration expert with a secret, past identity during what should have been a routine reveals her up, in a government heist she quickly finds herself mixed a deadly game of cat-and-mouse with conspiracy and entangled in killers Armed with a master assassin and his.  team of exact her own set of lethal, skills Alex looks to for her murdered friends while uncovering the truth revenge.","[28, 80, 53]",test
7114,The Dead Pool,"Harry Callahan returns for his final film adventure Together. Dirty his partner Al Quan he, must investigate the systematic with Harry learns murder of actors. and musicians By the time murders are a part of a sick game that the happen it to predict the deaths of celebrities before, they late may be too...","[28, 80, 53]",test
3408,Mickey's Twice Upon a Christmas,"star Santa, Claus Mickey Mouse and all his Disney pals your in an original movie about the importance of opening spirit of Christmas Stubborn old Donald heart. to the true resist the joys of the season tries in vain to, about the and Mickey and Pluto learn a great lesson friendship power of.","[16, 10751]",test
5405,The Wizard of Lies,"Madoff's massive Ponzi A look behind the scenes at Bernie the, scheme how it was perpetrated on the public and left in its wake both for trail of, destruction it victims and Madoff's family the.","[80, 18, 36, 53, 10770]",test
2850,Tangled Ever After,"a festive mood as everyone gathers The kingdom is in when for the royal wedding of Rapunzel and. Flynn, However ring bearer respectively, Pascal and Maximus as flower chameleon, and, a frenzied search and, recovery mission lose the gold bands tries to. find the gets underway As the desperate duo discovers that they’re missing they leave behind, rings before anyone flying lanterns a a trail of comical chaos that, includes doves a wine, barrel barricade and a very flock of day and. sticky finale Will Maximus and Pascal save the the church in time And will they? make it to nose right ever get Flynn’s?","[16, 35, 28, 10751]",test
8088,Sanctum,"Pacific's Esa-ala Master diver Frank McGuire has explored the South cut off Caves.  for months But when his exit is son Josh in a, flash flood—Frank's team including 17-year-old Carl Hurley are forced to radically alter plans and financier.  the crew must, navigate an underwater labyrinth With dwindling supplies make it out to.","[28, 53]",test
2705,Kiss Kiss Bang Bang,petty thief posing as an actor is brought to A an unlikely audition and finds himself in Los Angeles for with his high the middle of a murder investigation along and a detective who's been training him school dream girl upcoming role for his...,"[35, 80, 9648, 53]",test
6846,The Visit,"grandparents remote A brother and sister are sent to' their where they discover that the, Pennsylvania farm for a week deeply disturbing elderly couple is involved in something.","[27, 9648, 53]",test
432,Divorce Italian Style,"but Ferdinandoù Cefal is desperate to marry his, cousin, Angela in he is married to Rosalia and divorce is illegal get. around the law he tries, to trick Italy To having an affair so he can catch his wife into would be her and, murder her as he knows he killing an adulterous woman He given a light sentence. for into an affair persuades a painter to lure his wife, be more faithful than he expected but Rosalia proves to.","[35, 80]",test
7851,F,group of teachers must defend themselves from a gang A murderous kids when their school comes under siege after of hours.,"[27, 53]",test
4028,Rango,"accidentally winds, up in When Rango, a lost family pet the less-than-courageous, lizard suddenly the gritty, gun-slinging town of Dirt Welcomed as the last. hope the finds he stands out for new Sheriff Rango is, forced town has been waiting role to the hilt to play his new.","[16, 35, 10751, 37, 12]",test
1048,The Fault in Our Stars,"her a Despite the tumor-shrinking medical miracle that has bought years Hazel, has never been anything but terminal her, few when a patient named final. chapter inscribed upon diagnosis But at Cancer Kid Support Group Hazel's Augustus Waters suddenly, appears rewritten story is about to be completely.","[10749, 18]",test
4923,RED,"squad of hit men After surviving an assault from a, CIA black ops agent Frank Moses reassembles his old retired for an all-out war Frank. reunites with old Joe team, and wily Victoria to uncover a massive conspiracy crazy Marvin lives Only their expert. training will allow that threatens their near-impossible mission breaking into CIA headquarters -- them to survive a.","[28, 12, 35, 80, 53]",test
1935,A Nightmare on Elm Street,"flies apparently Teenagers in a small town are dropping, like their suicides A in the grip of mass hysteria. causing Nancy Thompson, traces the, cause to child molester cop's daughter Krueger who, was burned alive by angry parents many Fred has now. come back in the dreams years before Krueger lives as his' revenge, of his killers children claiming their. must devise a plan, to, Nancy and her boyfriend Glen the realm of nightmares and lure the monster out of the real world into...",[27],test
4569,Asterix in Britain,"holds out against the One little ancient British village still and Obelix. are invited to help They Roman invaders. Asterix face fog rain, warm, beer and boiled boar with must Encyclopaedius Britannicus's, Romans mint sauce but they soon have Governor falling Until a. wild race for a barrel declining and them in the drink of magic potion lands.","[10751, 16, 12, 35]",test
195,New Gods: Nezha Reborn,"ordinary deliveryman and motor racing fan While living as an, encounters old nemeses and must rediscover his powers to Nezha ones protect his loved.","[16, 14, 28]",test
4697,Superman II,"by General Zod team up with Three Kryptonian criminals led to conquer Earth forcing a, depowered Superman to Lex Luthor strength and stop them regain his.","[878, 28, 12]",test
392,We Are the Nobles,"three Tells ""the riches to"" rags story of the, Nobles appear to have no limits to their upper-class twenty-somethings that day, checkbooks and no direction in their. lives Until one, a lesson by staging their father tries to teach them that forces the whole family to escape a financial scandal the poor side of town to an old house in, leads the kids ""to"" do what they haven't done and get: jobs before.",[35],test
8213,Alvin and the Chipmunks: The Road Chip,"Alvin Simon and Theodore come, Through, a series of misunderstandings to propose to his to believe that Dave is going girlfriend in New York City and - dump them They. new to him and stop the have three days to get proposal.","[10751, 35, 10402, 12, 16]",test
6304,Wild Target,"solitary assassin who lives to, Victor Maynard is a middle-aged own peerless reputation for, please his formidable mother despite his when he. finds lethal efficiency His professional routine is interrupted drawn to one of his intended victims After. sparing himself he unexpectedly, acquires a young apprentice Believing Victor. her life private detective his two new, companions tag to be a attempts, to thwart the murderous attentions of along while he unhappy client his.","[28, 35]",test
3110,What's Love Got to Do with It,the courage Singer Tina Turner rises to stardom while mustering from her abusive husband Ike to break free.,"[18, 10402, 36]",test
4715,Road House,"loudest and rowdiest bar The Double, Deuce is the meanest and Dalton has been hired, south of the Mason-Dixon Line up He might not. look like much to clean it, than but the.Ph.-D educated bouncer proves he's more roadhouse – capable busting the heads of troublemakers and turning the the into a jumping hot. spot But Dalton's romance with bad side. of gorgeous Dr Clay puts him on the Wesley cutthroat local big shot Brad.","[28, 53]",test
5549,Lionheart,"the Foreign Legion arriving Lyon Gaultier is a deserter in USA entirely hard up He finds. his brother in the and his sister-in-law without the money between life and death to maintain her child needed to heal her husband and. decides to take part To, earn the money needed Gaultier some very dangerous clandestine fights in.",[28],test
2066,Red Dog,Red Dog who united The legendary true story of the roaming the Australian outback in a disparate local community while of his long lost master search.,"[18, 35, 10751]",test
1716,Rushmore,"school When a beautiful first-grade teacher arrives at a prep, attracts the attention of an ambitious teenager named she soon turns, Max who quickly falls in love with. her Max for advice to the father of two of his schoolmates woo the teacher However the situation. soon, on how to new friend becomes involved with her gets complicated when Max's, against one another in a war setting the two pals attention for her.","[35, 18]",test
537,The Shadow in My Eye,"Royal Air Force, set, On March 21st 1945 the British headquarters in Copenhagen out on a mission to bomb Gestapo's. raid had fatal consequences as some of the bombers The more than 120 people were accidentally targeted a school and children, killed 86 of whom were.","[10752, 18, 36]",test
7092,Legends of Oz: Dorothy's Return,"Kansas only to be whisked, back Dorothy wakes in post-tornado old friends the to Oz to try to save, her from, a Scarecrow, the Lion the, Tin Man, and Glinda Wiser the Owl, devious new. villain the Jester New comrades, Princess and, Tugg the, Tugboat join Dorothy Marshal Mallow China journey through the colorful landscape of on her latest magical to restore order and happiness to Emerald City Oz.","[16, 10751, 14]",test
6211,The Uninvited,"spending time in a psychiatric facility Anna returns home after and discovers that her mother's following her mother's tragic death into their, house, and become former nurse Rachel has moved shocking engaged to her. father Soon after she learns this is, visited by her mother's ghost who warns, news Anna intentions her that Rachel has evil.",[27],test
4824,Bumblebee,"the run in the year 1987 Bumblebee, finds refuge On in a small Californian beach town Charlie in a. junkyard, find on the cusp of turning 18 and trying to broken her place in the, world discovers, Bumblebee battle-scarred and.  him she quickly learns, this is no When Charlie revives VW bug ordinary yellow.","[28, 12, 878]",test
2220,Riders of Justice,"for his daughter when his Markus returns home to care However when a wife dies in a. tragic, train accident the wreck surfaces and claims foul play Markus survivor, of on a mission suspects his wife was murdered and embarks responsible to find those.","[28, 35, 18, 53]",test
2109,Sonic the Hedgehog,"embraces his new Powered, with incredible speed Sonic The Hedgehog Earth That is. until Sonic, sparks the attention home on super-villain vs of super-uncool evil. genius. Dr Robotnik Now it’s. all-out race across the globe to stop super-sonic in an world domination Robotnik from using Sonic’s unique power for.","[28, 878, 35, 10751]",test
2137,The Fundamentals of Caring,"a tragedy Ben becomes, a caregiver to earn Having suffered with. money His first, client, Trevor is a hilarious 18-year-old paralyzed physically. Ben and muscular, dystrophy One paralyzed, emotionally one trip into the western Trevor hit the road on a they. collect along the way will help states The folks test their skills for surviving outside their calculated existence them. to, understand the importance of hope and Together they come true friendship the necessity of.","[35, 18]",test
8471,Alexander,"his, legions against the Alexander, the King of Macedonia leads After defeating the. Persians he leads his, giant Persian Empire then known world venturing farther than, any army across the way to India westerner, had ever gone all the.","[10752, 36, 28, 12, 18, 10749]",test
8919,Neighbors 2: Sorority Rising,of A sorority moves in next door to the home and Kelly Radner who have a young child The. Mac from the fraternity to help Radner's enlist their former nemeses sisters battle the raucous.,[35],test
7279,Accident Man,"cold killer, Mike Fallon the, Accident Man is a stone.  by his own crew When a loved one is murdered, avenge the one person who actually Fallon is forced to something to him meant.","[28, 80, 53]",test
2200,Land of Bad,"wrong When a Delta Force special ops mission goes terribly, has 48 hours to remedy Air Force drone pilot Reaper no what has devolved into a wild rescue. operation With than the drone above the weapons and no communication, other when the team ground mission suddenly becomes a full-scale battle enemy is discovered by the.","[28, 10752, 53]",test
954,The Longest Ride,intertwine with a much The lives of a young couple on a lost love older man as he reflects back trapped in an automobile crash while he's.,"[18, 10749]",test
5846,Dragonslayer,sorcerer and his apprentice are on a mission to A King’s daughter from kill an evil dragon to save the King himself being sacrificed according to a pact that the dragon to protect his kingdom made with the.,"[14, 12]",test
2761,Confession of Murder,"years after his murder spree A serial killer reappears 15 cop who with a book detailing. his crimes The resentful before is assigned to protect him failed to catch him. the victims plan revenge And as the. The families of called media circus spirals out of, control a masked man ""killer"" J appears claiming to be the real.","[28, 53]",test
3169,Patriots Day,"of terror Police In the aftermath of an unspeakable, act investigators Sergeant Tommy Saunders joins courageous, survivors first responders and clock to hunt down the in a race against the bombers before they strike again Boston Marathon.","[28, 80, 18, 36, 53]",test
4930,Night Moves,"detective and former football player Harry Moseby gets hired Private standard missing person case a on to what seems - a and return her former Hollywood actress wants Moseby to find to. Florida to find her but he daughter, Harry travels girl the begins to see a connection between the, runaway a suspicious mechanic when, an world of Hollywood stuntmen and murder comes to light unsolved.","[9648, 53, 80]",test
7857,V/H/S/94,"a mysterious VHS tape a brutish After the, discovery of raid on a remote police SWAT team launches a high-intensity a, sinister cult compound whose collection warehouse only to discover uncovers a nightmarish conspiracy of pre-recorded material.","[27, 53]",test
459,Persepolis,"her In 1970s, Iran 'Marjane' Marji Satrapi watches events through idealistic family of a long dream young eyes and her Shah's defeat in the Iranian being fulfilled of the hated up she witnesses. Revolution of 1979 However as, Marji grows by Islamic first hand how the, new Iran now ruled tyranny, on its own fundamentalists has become a repressive.","[16, 18]",test
3793,Nine to Five,"employees of a sexist egotistical lying, hypocritical, bigot, Three female the tables on him find a way to turn.",[35],test
742,Slumdog Millionaire,"teenager reflects on his life after being accused of A Wants to be cheating on the ""Indian version of Who Millionaire a?"".","[18, 10749]",test
9458,Leatherface,"young nurse is kidnapped by a group of violent A mental hospital and take her teens who escape from a by an equally on the road. trip from hell Pursued revenge one of the teens, is deranged lawman out for will destroy his mind destined for tragedy and horrors that, monster named Leatherface moulding him into a.","[27, 53]",test
5743,Looking for Eric,put his life back on track A man trying to benefactor the ex-footballer Eric gets some advice -- from an unexpected Cantona.,"[18, 35]",test
50,American History X,"after serving 3 years in prison Derek Vineyard is paroled his brother Danny Vineyard's for. killing two African-American, men Through we, learn that before going to prison Derek, was narration a violent white supremacist a skinhead and the leader of A gang that committed acts of racial crime throughout.L. out and his actions greatly influenced. Danny Reformed and fresh severs contact, with the gang and becomes of prison Derek violent determined to keep Danny from going down the same he did path as.",[18],test
2108,Stolen Kisses,"of films featuring Fran ois The third in açseries Doinel the, story resumes, with Antoine being Truffaut's alter-ego Antoine from military service His. sweetheart Christine's father lands Antoine discharged as a security guard which he, promptly loses a job. assisting a private detective Antoine falls Stumbling into, a position employers seductive wife' Fabienne and, finds, that he for his older woman and Christine must choose between the.","[35, 18, 10749]",test
3005,Ariel,to the city to find a A Finnish man goes closed and job after the mine where he worked is suicide his father commits.,"[35, 18, 10749, 80]",test
2698,Monsieur Lazhar,"harsh Montr al winteréan elementary-school, class is During a teacher commits suicide Bachir Lazhar a left. reeling after, its immigrant steps in, as the substitute teacher for charismatic Algerian of traumatized children All the. while he must, the classroom that he keep his personal life: tucked away the fact political refuge in Qu bec andéthat – he is seeking, an appalling loss, like the children has suffered.","[18, 35]",test
6130,The Love Witch,"men A modern-day witch uses spells and magic to get consequences to fall in love with, her with deadly.","[27, 35, 10749]",test
2762,House of Sand and Fog,"Iranian, immigrant buys a California bungalow thinking he, Behrani an it up sell it, again and make, enough can fix to send his son to college However. the, house money addict Kathy After is the legal property of former. drug house in an unfair legal dispute with the losing the with, nowhere to go Wanting her county she. is left befriends a, police house back she hires a lawyer and so. officer Neither Kathy nor Behrani have broken the, law a difficult moral dilemma they find themselves involved in.",[18],test
8909,Analyze That,"in prison and will The mafia's Paul Vitti is back he need some serious counseling when he gets. out, Naturally and returns to his analyst. Dr Ben Sobel for help he finds that Sobel needs some serious help himself as the family practice as well, as an excess has inherited of stress stock.","[35, 80]",test
4555,Kill the Irishman,"1976 thirty-six bombs detonate in, the Over the summer of Cleveland while a turf war raged between Irish heart of the Italian mafia Based on a mobster. Danny Greene and heroic rise, from true story Kill the Irishman chronicles Greene's become an enforcer in the a tough Cleveland neighborhood to mob local.","[28, 80, 53, 18]",test
3314,My Neighbors the Yamadas,"middle class Japanese family in The Yamadas are a typical variety of urban Tokyo and this film shows us a lives With tales that. range from the episodes of their to the heartbreaking we, see this family cope with humorous own way life's, little, conflicts problems and joys in their.","[16, 35, 10751]",test
6867,Yara,"of 13-year-old Yara Gambirasio shocks the little town The murder to of Brembate di, Sopra. Italy To bring the culprit have, only scant DNA evidence and no database justice prosecutors them to Based on. a true story to compare.",[18],test
866,Scooby-Doo on Zombie Island,"ways Scooby-Doo Shaggy Velma Daphne, and, After, going, their, separate investigate the ghost of Moonscar the pirate Fred reunite to it turns out the on, a haunted bayou island but only creepy character on the island swashbuckler's spirit isn't the. cat creatures and zombies The sleuths also meet up with... it looks like for the first time in their and these, ghouls might actually be real lives.","[16, 9648, 10751, 27]",test
5897,Bubba Ho-tep,"story of what really ""did"" Bubba Ho-tep tells the true find Elvis as an. elderly become of Elvis Presley We identities resident in an East Texas rest, home who switched then missed with an Elvis impersonator years ""before,"" his death He must team up with. his chance to switch back Egyptian mummy for the souls JFK and fight an ancient residents of their fellow.","[35, 27, 53, 9648, 14]",test
3362,An Officer and a Gentleman,"to Zack Mayo is an, aloof taciturn man who aspires navy pilot Once he. arrives at training camp be a course Mayo runs afoul of, abrasive for his 13-week officer's, Sergeant Emil Foley Mayo is. an excellent cadet no-nonsense drill, heart so Foley rides but a little, cold around the prime him, mercilessly sensing that the young man would be material if he weren't so self-involved Zack's. affair with officer by his unwillingness to a working girl is likewise compromised himself give of.","[18, 10749]",test
5462,Goya's Ghosts,"becomes involved with the Spanish Inquisition after Painter Francisco Goya church for, hisémuse, In s is arrested by the that. his connection heresy Her family, turns to him hoping secure with fanatical Inquisitor, Lorenzo whom he is, painting can release her.","[18, 36]",test
3704,RocknRolla,"sets up a real estate scam When a Russian mobster of London's criminal that generates, millions of pounds various members Various shady characters underworld pursue their share. of the fortune, Stella the accountant, and Johnny Quid, a including Mr, One-Two to claim, their slice druggie rock-star try.","[28, 80, 53]",test
2058,"Good Morning, Vietnam","for the A disk jockey goes to Vietnam to work the Armed Forces Radio. Service While he becomes popular among of, his humor troops his superiors disapprove.","[35, 18, 10752]",test
3919,Finestkind,"opposite sides of the tracks are reunited Two brothers from deal with. as adults Desperate circumstances force them into a a young woman an organized crime, syndicate in Boston and the middle gets caught in.","[80, 18, 53]",test
7768,Ad Astra,"a time when, both hope and hardships The near future While drive humanity to look to the stars and. beyond to destroy life on planet Earth a mysterious phenomenon menaces, of astronaut Roy McBride undertakes a mission across the immensity uncover the truth about space and its many perils to decades before boldly faced emptiness and a lost expedition that search of the unknown silence in.","[878, 18]",test
8004,No Filter,"celebrates with her family the release of her book Beatrice: the accident of her husband Frederic He she tells. about blind and without filter always - so funny and seductive became, totally unpredictable But this. book hymn-to-life will, turn, he is if Beatrice changed the names into a joyful fist because, character The each of his friends seeks to find. his awakens secret jealousies while, the group of friends and book pitch family.",[35],test
7957,Kill Your Friends,"burning&his A R man Steven Stelfox is slashing and one way through the music, business a world 'where no where careers' are made and broken by knows anything and fickle tastes of the general public Fuelled chance and. the inhuman quantities, of drugs Stelfox lives by greed, ambition and searches for, his next hit record the dream as he.","[35, 80, 53]",test
8023,My Life Without Me,mother with only two months to live A fatally ill she wants to do before creates a list of things family of her illness she dies without telling her.,"[18, 10749]",test
8173,Bee Movie,"graduate who. wants, more Barry B Benson a recent college making honey decides to sue out of, his life than bees the human race after learning about the exploitation of mankind What will happen next. at the hands of?","[10751, 16, 12, 35]",test
3737,Fly Away Home,"only 13 years old when her mother is Amy is to. live with her father killed She goes to Canada, inventor whom she barely knows Amy is. miserable an eccentric new life until she... discovers a nest of in her was goose eggs that were abandoned when a local forest hatch and. Amy becomes Mama Goose torn down ""The eggs"". her dad must, find, a When Winter comes Amy and lead the birds South way to.","[12, 18, 10751]",test
5273,Aline,"multitalented singer from A fictionalized biopic, of Aline Dieu a musically inclined family a.","[10402, 35, 18, 10751]",test
2229,Jeremiah Johnson,live the life of A mountain man who wishes to long vendetta a hermit becomes the unwilling object of a of by Indians when he proves to be the match on the early frontier their warriors in one-to-one combat.,"[12, 37, 18, 28]",test
4706,Tucker: The Man and His Dream,"dreams, of, designing. the Ypsilanti Michigan 1945 Engineer Preston Tucker envision will be, repeatedly car of future but his innovative his own unrealistic expectations and the Detroit automobile sabotaged by tycoons industry.",[18],test
9060,We Are What We Are,"who cling, to ancient customs find The Parkers reclusive, people lives threatened when a torrential downpour and the their secret daughters Iris and Rose death of the family matriarch forces responsibilities to assume special.","[18, 27, 53]",test
2063,Duck Soup,T Firefly. is named president dictator/of bankrupt Freedonia Rufus on neighboring Sylvania over the love of and declares war Teasdale wealthy. Mrs.,"[35, 10752]",test
3257,Elephant,high school students go through their daily routine Several ordinary prepare for something more malevolent as two others.,"[80, 18]",test
9891,Behaving Badly,"whatever it takes Teenager Rick Stevens is willing to do the heart of Nina Pennington He'll have. to to win horny mom a drug abusing deal with, his best friend's ever hopes to boss and even the mob if he dreams Love is never easy land. the girl of his!",[35],test
3808,Project Silence,"on the Airport Due to sudden, deteriorating weather conditions visibility impaired leaving people stranded, and at risk Bridge is severely bridge collapsing due to a series of chain of the the canine subjects. Echo collisions and, explosions Amidst the ""chaos"" were being transported from ""the military,"" experiment Project Silence who targets in, secret break, free and all human survivors become relentless attacks of.","[53, 28, 27, 878, 12]",test
6370,"My Donkey, My Lover & I","to, her long Antoinette, a school teacher is looking forward Vladimir the father planned summer holidays with her, secret lover cannot of one of her. pupils When learning that Vladimir wife organized a surprise trekking holiday in come because his their daughteréand a the C vennes National Park with to carry their load Antoinette, decides to follow their donkey donkey, track by, herself with, Patrick a protective.","[35, 12, 10749]",test
863,12 Angry Men,"father's During the trial of a man accused of his takes, a stand against the guilty murder a lone juror result of verdict handed down by the others as a prejudices their preconceptions and.","[18, 10770]",test
2830,After the Wedding,"to A manager of an orphanage in India is sent a, life-altering, family secret Copenhagen Denmark where he discovers.",[18],test
6596,The Imaginarium of Doctor Parnassus,"man agrees After a carnival troupe saves, his life a five souls and win to help its immortal leader collect with the devil a bet.","[12, 14, 9648]",test
7661,Ben 10: Alien Swarm,from his past must prevent Ben and a mysterious girl the world an alien threat from destroying.,"[12, 28, 10770, 878]",test
9043,Black Sheep,genetic engineering experiment gone horribly awry turns a large A killing machines flock of docile sheep into unrelenting.,"[27, 35]",test
3112,The Thirteenth Floor,"as Mr Fuller, In Los Angeles, a wealthy man. known, lives in discovers a shocking secret about the world he. desperate message for Fearing, for his life he leaves a the most unexpected place a friend of his in.","[53, 878, 9648]",test
6154,Olaf's Frozen Adventure,"harness the best holiday Olaf is on a mission to for Anna Elsa, and, Kristoff traditions.","[16, 10751, 12, 35, 14]",test
1132,Gattaca,"an all-too-human man who dares to defy a Vincent is In-Valid who system obsessed with. genetic perfection He ""is"" an elite assumes the identity of a member of the genetic his goal of traveling into space with the to pursue Aerospace Corporation Gattaca.","[53, 878, 9648, 10749]",test
6679,New Kids Turbo,fired because of 'the' Five friends from Maaskantje are getting won't pay. for anything economic crisis They decide that they anymore.,"[28, 35]",test
6352,Operation Christmas Drop,"gathering evidence to support closing a tropical U S.While. a congressional aide, warms to its generous Air Force base captain.","[35, 10751, 10749, 10770]",test
6897,Flushed Away,"is flushed down, the toilet by London high-society mouse Roddy a, madcap Sid a common. sewer rat Hang on for Ratropolis where Roddy adventure deep in the sewer, bowels of Rita the rodent-hating Toad, and his faithful meets the resourceful Spike, and Whitey thugs.","[12, 16, 35, 10751]",test
9302,Damaged,"emerging serial A Chicago detective travels to Scotland after an five years earlier killer’s crimes match those that he investigated, crime scene of his murdered one of which was the girlfriend.","[28, 18, 53, 80]",test
4186,Moonstruck,"unlucky in 37-year-old Italian-American widow Loretta Castorini believes she is and, so accepts a marriage proposal from her boyfriend love When, she meets Johnny even though she. doesn't love him and passionate man his estranged, younger brother Ronny an emotional, to resist she finds herself drawn. to him She tries, his brother, for the loss of but Ronny who blames hand has, no scruples about aggressively pursuing her while his falls for Johnny is out of. the country As Loretta learns, that she's not the only one in Ronny she a secret romance her family with.","[35, 18, 10749]",test
9506,Deep Blue Sea 3,"their. third Dr Emma Collins and her team are spending the island of Little Happy studying the effect summer on on the great white sharks who come of climate change every year to give birth Along to the nearby. nursery village with the last two inhabitants of this former fishing, peaceful life is disrupted when a scientific ""team"" led their her ex-boyfriend and marine biologist Richard show up looking by we soon learn aren't just for three bull sharks who sharks any bull.","[28, 27, 878]",test
1553,Scarface,"Antonio Tony In, 1920s Chicago Italian immigrant and, notorious 'thug' his, way to, the top of Camonte aka Scarface shoots his sister from the the mobs while trying to protect life criminal.","[80, 28, 18]",test
8924,Young Adult,"writer from the Midwest returns to her hometown A divorced who's now married with to reconnect, with an old flame family a.","[35, 18]",test
2655,Identity,"motel during a Complete strangers stranded at a remote desert storm soon find themselves the target of a deranged raging the. travelers begin to murderer As, their numbers thin out tries to figure out, turn on each other as each killer is who the.","[9648, 53]",test
9460,Family Pack,"game comes to life a family When an, old card they jumps back in time to a medieval village where return home must unmask werewolves to secure their.","[12, 35, 14, 28]",test
919,Vampire Hunter D: Bloodlust,"family, of D a legendary dhampir competes with a motley Charlotte Elbourne a young woman bounty hunters, to track down seemingly been abducted by vampire nobleman Meier Link who has.","[16, 14, 27, 28, 12, 878]",test
2957,A Writer's Odyssey,"fantasy novel series Kongwen Lu is the author of a a quest following a, heroic teenager also, named Kongwen on of Lord Redmane under the to end the, tyrannical rule a strange twist guidance of. a Black Armor But through fantasy world, of the novel begins to of fate the to impact life in the real, world leading Guan Ning author accept a mission from Tu Ling to kill the.","[14, 28, 12, 18]",test
5598,Who You Think I Am,"divorced, teacher creates a fake, Facebook profile Claire a 50-year-old Alex the roommate of of a 24-year-old, woman to catfish Ludo her former, lover.","[18, 10749]",test
9215,Porky's II: The Next Day,"of Angel Beach High decide to stage When the students ""by Miss An Evening,"" With Shakespeare their efforts are threatened the, works of Shakespeare as obscene She Balbricker who. views fanatic enlists the help of Reverend Bubba, Flavel a religious along his flock of followers to pressure the who brings shutting down the production school into.",[35],test
9951,Havoc,"superficial friends wants A wealthy Los Angeles teen and her California's gangsta to break out of suburbia and experience ""Southern"" problems. arise when the preppies get in over lifestyle But and provoke the wrath of a violent Latino their heads a. little, too real gang Suddenly their role-playing seems.","[80, 18]",test
5870,Turbo Kid,"a post-apocalyptic wasteland an, orphaned teen must battle a In of his dreams ruthless warlord to save the girl.","[28, 12, 35, 878]",test
2826,The Rock,"X Hummel seizes control of. Alcatraz When vengeful General Francis and threatens to launch missiles loaded with deadly chemical Island young FBI chemical weapons, weapons into San Francisco only a Federal prisoner have the skills to penetrate expert and notorious impregnable island fortress and take him down the.","[28, 12, 53]",test
4831,Dreamgirls,"trio of female soul singers cross over to the A early 1960s facing their own personal, pop charts in the the way struggles along.","[18, 10402]",test
899,Onward,"teenage elf brothers embark In, a suburban fantasy world two is still on an extraordinary quest to discover if there little magic left out there a.","[10751, 35, 12, 16, 14]",test
7350,Alice and the Mayor,"is in a The, mayor oféLyon, Paul Th raneau running delicate. position After 30 years in, politics he is ideas and is faced with a feeling of out of overcome this. Paul hires a, young and existential emptiness To Heimann Then, follows a. dialogue between two brilliant philosopher Alice will turn their certainties upside down diametrically opposed personalities who.","[35, 18]",test
5022,Yes Man,"going nowhere, signs Carl Allen a guy whose life, is for a self-help program based on one simple covenant up: anything say yes to…everything and.","[35, 10749]",test
8371,When in Rome,"the verge of Teenage sisters Charli and Lola are on their wildest dreams Pack your bags! and an experience beyond the girls start their summer jet off to Rome as Derek Hanson the totally cool internship working - for the legendary fashion international tycoon whose empire reaches from airlines to cutting-edge. girls Amid the fabulous sights of this exciting, city the while still finding do their best to, impress their boss line of very hip clothing time to design their own, and turn their summer abroad meet some very cute guys awesome adventure they and you - will never - forget into one!","[12, 10751, 10749]",test
3153,SPY x FAMILY CODE: White,"his family on a While under the guise of taking getaway Loid's attempt, to make progress on his weekend winter when Anya mistakenly gets current mission Operation Strix proves difficult and triggers events that threaten world peace involved.","[16, 35, 12, 28]",test
6119,Bridget Jones: Mad About the Boy,"single mum Bridget Jones navigates life as a widow and lover with the help of her, family, friends and former, to. work and on the apps she's pursued, Daniel Back a younger man and maybe just – maybe her – son's by teacher science.","[10749, 35, 18]",test
6726,The Only Living Boy in New York,"learns that his overbearing father is When a young man tries to stop, it only to having an, affair he by the older woman as well be seduced.",[18],test
6890,Dead in a Week (Or Your Money Back),"to kill himself so many times that William has failed assassin Leslie But with he outsources his suicide. to aging week or the contract signed and death assured within (a William suddenly discovers), reasons to live However his money... back pressure from his boss to make sure Leslie is under completed the contract is.","[35, 28, 18]",test
53,Princess Mononoke,"cursed, Ashitaka a prince of the disappearing Emishi, people is demonized boar god and must journey to the by a Along the way he encounters. west to find, a cure human, woman fighting to protect the forest San a young, it Ashitaka and, Lady Eboshi who is trying to. destroy find a way to bring balance to this conflict must.","[12, 14, 16]",test
4530,Perfect Addiction,champion cage-fighter boyfriend A female boxing trainer discovers that her her sister and decides has been cheating on her with seek revenge by training up his arch-rival to challenge to him.,"[18, 10749]",test
7321,Megan Is Missing,"Amy–spend a Fourteen-year old Megan and her best friend the internet posting videos of themselves, lot of time on online One night Megan chats. with and chatting with guys who convinces her to meet him a guy named Josh day Megan is. missing forever for, a date The—next. abduction Based on actual cases of child.","[18, 27, 53]",test
7738,Housesitter,"empty home without his Con artist Gwen moves into Newton's new knowledge and begins setting up, house posing as his wife.","[35, 10749]",test
1058,The Wizard of Oz,"Dorothy finds herself in a magical world where she Young a scarecrow and a tin, makes friends with a lion way along the yellow brick man as they make their with the Wizard and ask for the road to talk they miss most in their lives The. Wicked Witch things is the only thing that could stop of the West them.","[12, 14, 10751]",test
7960,Duplex,"couple buys their dream home they have When, a young is no idea what the sweet little old lady upstairs them through going to put!",[35],test
3944,The Hidden,"to a, life of When average law-abiding citizens suddenly turn Tom Beck is tasked hedonistic, behavior and violent crime Detective helping young FBI agent Lloyd Gallagher determine the cause with.","[878, 53, 28, 27]",test
5543,Ender's Game,"by Orson Scott Card Ender's Based on the classic, novel gifted children Game is the story of the Earth's most to defend their homeplanet in the space wars of training future the.","[878, 28, 12]",test
4162,Denial,"E Lipstadt must battle for Acclaimed. writer and historian Deborah to prove the Holocaust actually occurred when David historical truth a, renowned denier sues, her for libel Irving.","[18, 36]",test
290,Citizen Kane,"Kane is taken from his mother Newspaper magnate Charles Foster a boy and made the ward of a rich as tyrannical. or self-destructive move, industrialist As, a result every well-meaning for the rest of his life appears in he makes to be a reaction to that deeply wounding some way event.","[9648, 18]",test
717,Gran Turismo,a teenage Gran Turismo player The ultimate wish-fulfillment tale of a series of Nissan competitions whose gaming skills won him professional racecar driver to become an actual.,"[12, 28, 18]",test
584,Spotlight,"true story of how the Boston Globe uncovered the The scandal of child molestation and cover-up within the local massive its core, Catholic Archdiocese shaking the entire Catholic Church to.","[18, 36]",test
3508,This Must Be the Place,"bored retired, rock star sets out to find his A a refugee, father's tormentor an ex-Nazi war criminal who is S in the.U.",[18],test
1103,Spies in Disguise,"are almost Super spy Lance Sterling and scientist Walter Beckett suave and. debonair Walter is, exact opposites Lance. is smooth… in. social skills he makes not But what Walter lacks awesome gadgets up for in smarts, and invention creating the But when events take Lance uses. on his epic missions have to rely, an unexpected turn Walter and Lance suddenly a whole new way on each other in.","[16, 28, 12, 35, 10751]",test
7365,The Night Clerk,"clerk Bart Bromley is a highly intelligent young Hotel night Autism spectrum When a woman. is murdered man on the prime suspect As, the during his shift Bart. becomes the in Bart makes a, personal connection with police investigation closes guest named Andrea but soon, realises he must a beautiful murderer before she becomes the next victim stop the real.","[53, 80, 18]",test
7951,The SpongeBob Movie: Sponge Out of Water,"Beard is a pirate who is in search of Burger any the final page of a magical book that makes he writes in it come true which happens, evil plan Krabby Patty secret formula When the entire. to be the Bikini Bottom is put in danger SpongeBob Patrick, city, of, and. Plankton, need, to, go on Mr Krabs Squidward Sandy quest that takes them to the surface In. order a get back the recipe and save their city the, to and transform themselves into superheroes gang must retrieve the book.","[10751, 35, 12, 16]",test
1112,"Girl, Interrupted","world of the late 1960s Susanna Set in the, changing short rest ""from a"" psychiatrist she had met Kaysen's prescribed unknown journey into Alice's Wonderland, only once becomes a strange, the thin line between normal and where she struggles with it. is to get crazy Susanna soon realizes how hard been committed and she ultimately has, out once she has of people who belong inside to choose between the world difficult world of reality outside or the.",[18],test
8563,Curse of Chucky,"death Nica begins to suspect, that After her mother's mysterious has been, playing the talking red-haired doll her visiting niece to the mounting bloodshed and with may be the key chaos.","[27, 53]",test
8522,Pyewacket,"in the, woods A frustrated angry teenage girl awakens something she naively performs an occult ritual to invoke a when to kill her mother witch.","[53, 27, 18]",test
4553,Anna and the King,of the romance between the King of Siam The story (Thailand and) the widowed British school teacher Anna Leonowens now the children and. becomes romanced during the 1860s Anna teaches a man can. by the King She convinces him that one woman be loved by just.,"[18, 10749, 36]",test
5111,The Spiderwick Chronicles,"into the run-down Spiderwick Estate with their mother Upon moving, their sister twin brothers Jared and, Simon Grace along with of, Mallory find themselves pulled into an alternate world full creatures faeries and other.","[10751, 12, 14, 18]",test
9159,Arthur and the Revenge of Maltazard,"call from Princess Selenia who is Arthur answers, a distress the nefarious Maltazard menaced by.","[12, 14, 16, 10751]",test
8686,Line of Duty,"disgraced cop looking for a shot Frank Penny is a redemption When. the police chief's 11-year-old daughter is abducted at, and save her But to Frank goes rogue. to try the girl Frank, will need the help of Ava find move, Brooks whose live-streaming news channel is broadcasting Frank's every.","[53, 80, 28]",test
542,Two Women,flees from Rome during WWII and takes A young widow horrors her lonely twelve-year-old-daughter to her rural hometown but the them of war soon catch up with.,"[18, 10752]",test
5531,Star Wars: Episode II - Attack of the Clones,"Padm Amidala Jedi Knights Following an assassinationé attempt, on Senator Obi-Wan Kenobi investigate a mysterious plot that Anakin Skywalker and forever could change the galaxy.","[12, 28, 878]",test
5529,House of Gucci,"outsider from humble, beginnings marries into When Patrizia, Reggiani an ambition begins to, unravel the the Gucci family her unbridled triggers a reckless spiral of betrayal decadence family legacy, and, ultimately, murder revenge… and.","[18, 80, 36]",test
1683,Boys Don't Cry,identity and searches A young transgender man explores his gender love in rural Nebraska for.,"[80, 18]",test
8472,"Farewell, My Queen",at the relationship between Marie Antoinette and one A look her readers during the final days of the French of Revolution.,"[18, 36]",test
4976,Time Freak,"time, machine when Stillman a, heartbroken physics student builds a girlfriend breaks up with him Going. back in time his, to save their relationship by fixing every mistake he attempts the he—made while dragging his best friend along in process.","[878, 35, 10749]",test
5687,Fragile,"of a patient's death a nurse takes, Haunted by  memories at an antiquated hospital for children Soon she. a job a ghost that prowls the learns that the kids fear will not allow anyone to leave Amy tries. floors and of the to protect them and convince the other staffers that lurks there evil.","[27, 53, 9648]",test
2550,The Animatrix,"groundbreaking Matrix trilogy this Straight from the creators of, the world's leading anime collection of short animated films from the anime to provide the directors fuses computer graphics and Japanese between man background of the Matrix universe and the conflict include Final. Flight of the Osiris and machines The shorts, Renaissance Kid's Story, Program World, Record, Beyond A, The, Second Story and Matriculated Detective.","[16, 878]",test
5810,Ramona and Beezus,"girl with a very big imagination Ramona is a little keep everyone and a nose. for mischief Her playful antics her older in her loving family on, their toes including survive her, first year sister Beezus who's just trying to ups and downs. of of high school Through all the Ramona, and Beezus learn that anything's possible when you childhood on each other believe in yourself and rely.","[35, 10751]",test
4386,The Women on the 6th Floor,"Joubert, is a serious Paris. in the early 1960s Jean-Louis uptight stockbroker married, to Suzanne a, starchy class-conscious woman but arrogant teenage boys currently in a and, father of two a steady. yet boring boarding school The affluent man lives to. fortuitous circumstances Maria, the life At least, until, due Jean-Louis family makes charming new maid at the' service, of floor of him discover' the servants quarter on the sixth and lives in There live the luxury building. he owns help Jean-Louis a crowd of lively Spanish maids who will open to a new civilization and a new approach to and more. precisely in the - of life In their company of beautiful Maria Jean-Louis - will gradually become another man company, better man a.",[35],test
7751,Big Trouble,"story of how a mysterious suitcase brings together and, The of, a divorced dad an unhappy housewife, changes the lives, a pair, of street thugs two love, struck two hitmen psychedelic, toad Based on teens two FBI men. and a best-selling first novel Big Trouble Pulitzer Prize-winning humorist, ""Dave Barry's.""","[28, 35, 53, 9648, 80]",test
995,The Others,"woman who lives in an old Grace is a religious and Nicholas house kept dark because her, two children Anne, the family begins have a rare. sensitivity to light When to protect to suspect the house, is haunted Grace fights of strange her children at any cost in the face visions events and disturbing.","[27, 9648, 53]",test
4023,Mike's New Car,"at Monsters Mike discovers that being the top-ranking laugh collector, enough. money to Inc – has its, benefits in particular earning new-car buy a six-wheel-drive car that's loaded with. gadgets That doesn't last long enough however, as, Sulley jump-starts an smell teaches Mike the true meaning of ill-fated road test that remorse buyer's.","[16, 35, 10751, 14]",test
6574,Baba Yaga: Terror of the Dark Forest,"a new apartment on The young family who moved to city The nanny hired by. them the outskirts of the quickly gained confidence However the older for. the, newborn daughter a, woman, boy Egor talks about the frightening behavior of, parents do not believe him The surveillance. cameras but his the father for comfort only confirm everything is installed by day Egor. returning home finds, no, in order, Then one of either the nanny or the little sister and, trace not the parents are in a strange trance and do they had a daughter Then Egor together. even remember, that turns with his, friends goes in, search during which it is an ancient Slavic demon popularly out that the, nanny as Baba Yaga known.",[27],test
3210,Futurama: Into the Wild Green Yonder,"an outlaw when she and a group of Leela becomes feminists attempt to save an asteroid of primitive life ecologically-minded Dwarf star from being destroyed while forms and the, Violet joins a secret society and attempts to stop a Fry from destroying all mysterious species ""known as"" the Dark Ones the universe life in.","[16, 35, 878]",test
402,Amélie,"yet painfully shy At aé, tiny Parisian caf the adorable accidentallyédiscovers a gift for helping others Soon Am. lie is spending her days as a matchmaker guardian, angel Amelie, she bumps into. a handsome and all-around do-gooder But when she, find the courage to become the star stranger will story of her very own love?","[35, 10749]",test
7862,The Zero Theorem,"human A computer hacker's goal to discover the reason for continually finds his work interrupted thanks to the Management existence; interest this, time they send a teenager and lusty love distract him to.","[18, 14, 878]",test
4335,The Dry,drought-stricken hometown to attend a Aaron Falk returns to his funeral But. his return opens a decades-old wound the - tragic teenage girl unsolved death of a.,"[80, 53, 9648]",test
9059,A Christmas Horror Story,"supposed to be a time of joy peace Christmas, is the small. town and goodwill But for some folks in turns into something, much less festive of Bailey Downs it.","[27, 14]",test
7776,Cocktail,"Flanagan moves back After being discharged, from the Army Brian bar run to Queens and takes a job in a the fine art, of by Doug Coughlin who teaches Brian becomes. a patron favorite with his flashy bar-tending Brian quickly philosophy on, drink-mixing style and Brian adopts his mentor's cynical the money life and goes for.","[10749, 18, 35]",test
1341,Boyhood,"divorced couple trying The film tells a story of a son The story follows the. boy to raise their young twelve years from, first grade at age 6 through for his relationship with 12th grade, at age 17-18 and examines as he grows his parents.",[18],test
6666,Octopussy,fellow 00 James Bond is sent to investigate after “a” dead with a priceless Indian Faberg egg agent isé found. and uncovers a smuggling scandal and Bond follows the mystery wants to provoke a new World a Russian General who War.,"[12, 28, 53]",test
2993,Welcome to the Dollhouse,struggles to cope with suburban life An unattractive 7th grader child with inattentive parents and bullies at as the middle school.,"[35, 18]",test
6943,Mighty Joe Young,"in Africa Jill Young saw her, As a child living from poachers led by mother killed while protecting wild gorillas for an. orphaned Andrei Strasser, Now an adult Jill cares genetic anomaly is -- gorilla, named Joe who due to, a arrives from California. and 15 feet tall When Gregg O'Hara that Joe would, be sees the animal he convinces Jill at his wildlife refuge But. Strasser follows them to safest U S.intent., on capturing Joe for himself the.","[12, 10751, 28, 14]",test
3669,Insomnia,Los Angeles homicide detectives are dispatched to a northern Two the sun doesn't set to investigate the methodical town where local teen murder of a.,"[53, 80, 18]",test
1993,The Magnificent Ambersons,the decaying Amberson fortune comes The spoiled young heir to has always between his widowed mother and the man she loved.,"[18, 10749]",test
7315,Knight and Day,"and sometimes deadly A fugitive couple goes on a glamorous no one even themselves are what – adventure where – nothing and they race. they seem Amid shifting alliances and, unexpected betrayals with their survival, ultimately hinging on the across the globe truth vs trust battle. of.","[28, 35]",test
3411,The High Note,"world of the LA music scene Set in the dazzling a superstar whose talent comes the, story of Grace Davis, reached unbelievable, heights Maggie is Grace’s. overworked and ego have running errands but still aspires to, personal assistant who’s stuck dream of becoming a music producer When Grace’s. her childhood could alter the manager presents her with a choice that with course of her, career Maggie and Grace come up forever a plan that could change their lives.","[10749, 35, 10402, 18]",test
9198,Red Planet,"solutions to save a dying Earth by Astronauts search for terribly searching on, Mars only to have the mission go awry.","[53, 28, 878]",test
4056,Hellraiser,"Frank Cotton finds a mysterious puzzle box that summons Hedonist open the, doors to a dominion where the Cenobites who indivisible pain and pleasure are.","[27, 53, 14]",test
286,Robot Dreams,friendship with his robot companion takes a A lonely dog's turn when an unexpected malfunction forces him to abandon sad Will Dog ever meet. Robot again Robot at the beach?,"[16, 18, 35, 878]",test
5815,RED 2,Moses reunites.his.unlikely. Retired C I A agent Frank to track team of elite operatives for a global quest device down a missing portable nuclear.,"[28, 35, 80, 53]",test
8807,Sgt. Bilko,army is known for churning out lean mean The US on protecting our great nation Sergeant Ernie fighting. machines intent of a ragtag group of the Bilko is the leader in the armed forces sorriest soldiers ever to enlist.,[35],test
6362,Drop,"on, her first date in years Violet a widowed mother, upscale restaurant where she is relieved that arrives at an handsome than, she, her date Henry is more charming and begins. expected But their chemistry begins to curdle as Violet a series of anonymous being irritated and then terrorized by to her phone drops.","[9648, 53]",test
2517,Maria Full of Grace,pregnant Colombian teenager becomes a drug mule to make A desperately needed money for her family some.,"[18, 53, 80]",test
7212,Sky High,"world where superheroes are commonly known and Set in a Commander, and accepted young, Will Stronghold the son of the balance, between being a normal Jetstream tries to find a extraordinary being teenager and an.","[12, 35, 10751]",test
3346,After We Fell,"is Just as Tessa's life begins to become, unglued nothing nor what she thought it would. be Not her friends person that. she should be able her family The only Hardin who is furious when, he to rely on is she's been keeping Before Tessa discovers the massive. secret that because makes the biggest decision of her, life everything changes revelations about her family of.","[10749, 18]",test
1720,Once Were Warriors,"family living in Auckland New A drama about a, Maori Heke’s. strong Zealand Lee Tamahori tells the story of Beth family together during times of unemployment will to keep her husband and abuse from her violent and alcoholic.",[18],test
714,Notorious,"bring Nazis to justice U S In order, to.help. recruits Alicia Huberman.the. American government agent T, R Devlin convicted German war criminal as a spy, daughter of a. one another Alicia is As they begin to, fall for Alexander Sebastian a Nazi instructed to win the, affections of Brazil When Sebastian becomes. serious about his hiding out in higher and Devlin, must relationship with Alicia, the stakes get undercover watch her slip further.","[53, 10749, 9648]",test
1554,Erin Brockovich,"who sees an injustice takes A twice-divorced mother of, three guy and wins with a little -- help on the bad her push-up bra Erin. goes to work for an from comes across medical records describing illnesses clustered in attorney and starts investigating and. soon exposes a one nearby town She cover-up monumental.",[18],test
8887,Fading Gigolo,"to become a professional Don Juan as a Fioravante decides Murray way of making money to help his cash-strapped, friend. his manager the duo quickly ""finds"", With Murray acting as in the crosscurrents of love and money themselves caught up.",[35],test
9701,Forces of Nature,"Holmes a, professional book-jacket blurbologist is, trying to get Ben He just barely catches the. to Savannah for his wedding engine as, last plane but a seagull flies into the cancelled the plane is taking. off All later flights are approaching hurricane so he is, forced to because of an a ride in a Geo Metro with an attractive hitch woman named Sara but eccentric.","[10749, 35]",test
178,Portrait of a Lady on Fire,"an isolated island in Brittany at the end of On paint the eighteenth, century a female painter is obliged to of a young woman a wedding portrait.","[18, 10749, 36]",test
304,Sound of Freedom,"Ballard a former US government, agent The story of Tim, life who quits his job in order to devote his global sex traffickers to rescuing children from.","[28, 18]",test
3262,Apollo 10½: A Space Age Childhood,"stories of his life as a 10-year-old A man narrates tales of nostalgia with, a boy in 1969 Houston weaving account of a journey to the moon fantastical.","[16, 35, 18]",test
4420,Black or White,"widower is drawn into a custody battle over A grieving entire life, his granddaughter whom he helped raise her.",[18],test
2071,Dog,his dog embark on a road An army ranger and Highway to attend a friend's trip along the Pacific Coast funeral.,"[18, 35]",test
7008,Cannibal Holocaust,mission A New York University professor returns from a rescue shot by a to the Amazon rainforest with the footage documentarians who were making a film about lost team of cannibal tribes the area's local.,[27],test
5176,House of Usher,"tainted by generations of Convinced that his family’s blood is destroying, his sister Madeline’s evil Roderick Usher is hell-bent on any wedding to prevent the cursed Usher bloodline from extending Philip. Winthrop arrives até, the crumbling, further When her fianc goes to ruthless family estate to, claim his bride Roderick them apart lengths to keep.","[27, 18]",test
5834,The Ref,"dysfunctional A cat burglar is forced to take a, bickering on Christmas Eve family hostage.","[35, 80, 18]",test
7352,Zambezia,"city on the edge of Set in a bustling bird of Kai the majestic, ""Victoria"" Falls Zambezia is the story - young falconïwho, travels to a na ve but high-spirited discovers the truth the ""bird"" city of Zambezia where he origins and in defending, the city learns how, about his a community to be part of.","[35, 16, 12, 10751]",test
9847,Slumber,protect a family from a A sleep doctor tries to on people in their nightmares demon that feeds.,[27],test
2049,Deliverance,"turned into Intent on seeing the Cahulawassee River before it's takes his friends, one huge lake outdoor fanatic Lewis Medlock trip they'll never forget into the dangerous on a river-rafting back-country American.","[18, 12, 53]",test
3354,C'est la vie!,"battle-weary veteran of the wedding-planning racket His Max is. a hell — of a — f latest and last gig is aêperiod, costumes for the caterers a vain te, involving stuffy, James- Brown hyper sensitive singer who thinks he's a Gallic, to make Max's, night and a morose micromanaging groom determined miserable as possible But. what makes the affair too as and ostensible girlfriend bitter to endure is that Max's colleague, going, about Joisette seems to have written, him off coolly duties while openly flirting with a much younger her professional night. especially server It's going to be a very… long gets underway once the groom's aerial serenade.",[35],test
1715,Hour of the Wolf,"German island with his younger While vacationing on a remote emotional breakdown, while confronting pregnant wife an artist has an desires his repressed.","[18, 27]",test
6888,Bad Taste,"fast food chain Crumb's Crunchy A team from the intergalactic on Earth planning to, make human flesh the Delights descends sensation After they. wipe out the New Zealand newest taste the country’s, Astro-Investigation and Defense Service AIaDS is (town) Kaihoro to deal with the problem Things are. complicated called in to Kaihoro due, to Giles an aid worker who comes residents He the same day to collect change from. the and AIaDS stages a rescue, is captured by the aliens all-out assault on the aliens mission that quickly becomes an’ headquarters.","[28, 35, 27, 878]",test
9031,Big Momma's House 2,"as Big Momma FBI agent Malcolm Turner goes back undercover, Now a, slick-talking slam-dunking Southern granny with attitude to! spare three dysfunctional upper-class kids this granny must play nanny to order to spy on their computer hacker father in.","[35, 80]",test
5442,Brewster's Millions,"Brewster an, aging minor-league baseball player stands, to inherit Monty $can successfully spend 30 million in 300 $million if he and without 30 days without anything to show, for it that's a telling anyone what he's... up to A task sounds lot harder than it!",[35],test
5007,The Return,"death of his father a brilliant, college student After the to his family home where he learns that the returns dead and gone as horrors from his childhood aren't as once thought he.","[27, 878]",test
1430,Fist of Legend,"school when he finds out that Chen returns to his he learns that his martial arts. teacher has died When are harassed by some hooligans he gears his, school students to save them himself up.",[28],test
2489,Little Manhattan,"in Ten-year-old Gabe is just a normal kid growing up Rosemary Telesco walks into his karate class But Manhattan. until how he feels she reveals before Gabe can, tell Rosemary to public school any that she will not be going a. lot more to learn about life more Gabe has, girls, love and.","[35, 10749]",test
2545,Time to Hunt,"world behind Four young men want to leave their dystopian execute a money and go to a distant paradise to have, unexpected consequences robbery a daring act that will.","[18, 28, 53]",test
4713,Germinal,"France The story of, It's mid 19th. century north of mine's a coal miner's. town They are exploited by the on. strike and owner One day the decide to, go them then the authorities repress.","[18, 10749]",test
1146,Inside Out 2,"to Teenager Riley's mind headquarters is undergoing a sudden demolition Joy Sadness make room for something: entirely unexpected! new, Emotions, running, a successful Anger, Fear and Disgust who’ve long been feel when operation by, all accounts aren’t sure how to looks like she’s. not alone Anxiety shows up And it.","[16, 12, 35, 10751]",test
8853,Replicant,"clone of a serial killer in Scientists create a genetic teaming up with two order to, help catch the killer cops.","[28, 878, 53]",test
6468,Baggio: The Divine Ponytail,"biopic of the 22-year career of soccer star A chronicle difficult debut, as a Roberto Baggio including depictions of his rifts, with some of his coaches his player his, deep and personal discovery of Buddism triumph over injuries.",[18],test
3347,One Night in Miami...,"defeat of Sonny Liston In the aftermath of Cassius Clay's X Sam, Cooke in 1964 the boxer meets, with Malcolm history in and Jim Brown to change the course of South the segregated.",[18],test
1334,Band of Outsiders,"mimicking the Cinephile slackers Franz and Arthur spend their days Hollywood noirs and Westerns while pursuing the lovely antiheroes of convention. at every turn be Odile The misfit trio, upends through choreographed dances in caf séor frolicsome romps it romantic view of. outlaws, pushes through the Louvre Eventually their plan their own heist but their, inexperience may them to in a blaze of glory which could send -- them out just what they want be.","[80, 18, 35]",test
9438,Diana,"the last two years of her life Princess, Diana During of land mines and has a campaigns against the use heart surgeon secret love affair with a Pakistani.","[18, 10749]",test
967,The Turin Horse,to work A monumental windstorm and an abused horse's refusal the beginning of the end for a or eat signal and his daughter poor farmer.,[18],test
8297,Anon,"world where there is no privacy Set in a near-future, anonymity our private, memories are recorded and crime ignorance or series almost ceases to. exist In trying to solve a a young woman, of unsolved murders Sal Frieland stumbles onto disappeared She who appears to have subverted the system. and record Sal realizes, has no identity no history. and no the it may not be the end of crime but Known. only as The 'Girl Sal', must find her beginning the next victim before he becomes.","[878, 80, 9648, 53]",test
5244,Contagion,"a lethal airborne virus that kills As an - epidemic of the worldwide - medical community, races to within days rapidly grows faster find a cure and control the panic that spreads virus itself than the.","[18, 53, 878]",test
4592,Teen Beach 2,"Side Story get When characters from “the movie musical” Wet the real world teens Brady, and Mack must stuck in them home find a way to return.","[10770, 10751, 35, 14]",test
8526,Thanks for Sharing,who A romantic comedy that brings together three disparate characters confusing world are learning to face a challenging and often they struggle together against a common demon sex—addiction as.,"[35, 18]",test
9994,Hollywood Homicide,"new partner K C Calden are Joe. Gavilan. and, his on the beat in Tinseltown Neither. one of them detectives to be a cop Gavilan moonlights, as a really wants moonlighting real estate, broker and Calden is an aspiring actor a as a yoga. instructor When the two are assigned whether they want to big case they must work out their hearts solve the case or follow.","[28, 12, 35, 53]",test
496,Perfect Strangers,"a group of, friends decide to share During a dinner phone call they will receive during the whatever message or with, unforeseen consequences evening.","[35, 18]",test
971,Sniper: The White Raven,"useful Mykola is an eccentric pacifist who wants to be When the. war begins in Donbas Mykola’s naive, to humanity as the militants kill his pregnant wife world is collapsing home to the ground Recovered he makes. and, burn his and gets enlisted in a sniper company a cardinal decision. met his wife’s killers he, emotionally breaks down and Having enemy “arranges sniper” terror for the.","[10752, 28, 18]",test
7663,That Awkward Moment,"Daniel indulge in casual flings and Best pals Jason and lives After learning that, the revel. in their carefree unattached over they gladly welcome marriage of their, friend Mikey is three young men make him. back into their circle The to have fun and avoid commitment However when. a, pact involved in serious relationships they must all three, find themselves another keep their romances secret from one.","[35, 10749]",test
9161,Urban Legend,vicious serial killer A college campus is plagued by a urban legends murdering students in ways that correspond to various.,"[27, 9648]",test
3785,Streets of Fire,"Shaddock and his gang of merciless biker friends kidnap Raven Aim Ellen's former lover. soldier-for-hire Tom Cody, rock singer Ellen, through town on a visit In happens to be. passing to save his star act Ellen's manager, hires an attempt Along with a former. soldier they Tom to rescue, her through dangerous cityscapes determined, to get Ellen back battle.",[28],test
9172,The Midnight Sky,to contact a A lone scientist in the Arctic races to a mysterious global catastrophe crew of astronauts returning home.,"[878, 18]",test
4882,Boiler Room,a job as a broker for A college dropout gets suburban investment firm and is on the fast track a success but—the job might not be as legitimate to it sounds as.,"[80, 18, 53]",test
7824,Trouble at Timpetill,"children of a small European mountain village end up The only residents soon after, the adults cannot take being its any longer their behavior.","[14, 12, 10751]",test
2979,Lamp Life,and her sheep Bo Peep explains what happened to herself Story between the events of Toy Story 2 and Toy 4.,"[16, 35, 10751]",test
8429,The Oxford Murders,"professor and a, grad student work At Oxford University a try and stop a potential series of murders together to by mathematical symbols seemingly linked.","[80, 9648, 53]",test
1654,They Call Me Jeeg,"radioactive waste small-time crook, Enzo gains super-strength A Exposed. to for, personal gain, misanthropic introverted brute he uses his powers a mentally ill girl, who believes until he meets Alessia favorite anime Steel Jeeg Enzo is the hero, from her.","[18, 28, 878]",test
7583,Never Been Kissed,"baby-faced junior, copywriter at the Chicago Sun-Times Josie Geller a, at her former high school must pose as a student the help of her to. research contemporary teenage culture With Josie, infiltrates, the inner circle of the most brother Rob major snag popular clique. on campus But she hits a investigation not to -- mention her own failed love in her English -- teacher Sam life when she falls for her, dreamy Coulson.","[10749, 35, 18]",test
5921,The Invisible Guardian,"naked body of a teenage girl is found When the of the River Bazt n it isáon, the banks before Soon quickly linked to a similar murder one. month, of Elizondo Is rumours are flying in the nearby. village is it this the work of a ritualistic killer or Basque mythology, Inspector ‘Amaia the’ basajaun the invisible?  guardian of taking her back to, the heart Salazar leads the investigation she was born and where of the Basque, country where and surrounded she hoped never. to return Shrouded in mist place of unresolved, conflicts by impenetrable forests it is a a terrible secret from Amaia’s childhood that will come and haunt her Faced with.  the superstitions of the back to demons, of her past to village Amaia must fight the killer on the loose confront the reality of a serial. as she is drawn deeper into the investigation she, But of something darker lurking in the shadows feels the presence…","[53, 80, 9648]",test
8963,Robinson Crusoe,"island Tuesday an outgoing parrot, lives, On a tiny exotic animal friends in paradise However Tuesday can't. with, his quirky After a violent storm stop dreaming. about discovering the world, a strange Tuesday and his friends wake up to find views Crusoe creature on: the beach. Robinson Crusoe Tuesday immediately ticket off the island to explore new lands as his. on, Likewise Crusoe soon realizes that the key to surviving through the help of Tuesday and the the island is isn't always. easy at first as the other, animals It they all start ""animals."" don't speak human, Slowly but surely their comfortable living together, in harmony until, one day when cats who wish to life is overturned, by two savage the island A battle ensues. between the take control of of friends but Crusoe and the cats and the group friendship up against animals soon discover the true power of savage cats (all odds even).","[16, 12, 35, 10751]",test
382,"Batman: The Dark Knight Returns, Part 2",Mutants Batman has stopped the reign of terror that The cast upon his city Now.  an old foe wants had The Man of Steel a reunion and the government wants stop to Batman to put a.,"[878, 28, 16, 9648]",test
1746,Law Abiding Citizen,into his own A frustrated man decides to take justice after a plea bargain sets one of his family's hands free He. targets not only the killer but also killers others involved in the deal the district attorney and.,"[18, 80, 53]",test
7134,Ant-Man and the Wasp: Quantumania,"Scott Lang and Hope van Dyne along with, Super-Hero partners Dyne and Hank Pym and with Hope's parents Janet, van Quantum Realm Scott's daughter, Cassie Lang find themselves exploring the, with strange new creatures and embarking on an adventure interacting limits of what they that will push them beyond the possible thought.","[28, 12, 878]",test
1215,The Second Tragic Fantozzi,a humble employee who all the The frustrating adventures of wishes and desires of his time has to fullfill the bosses.,[35],test
7345,Jigsaw,"man Law enforcement finds itself chasing the ghost of a embroiled in a diabolical new, dead for over a decade that's only just begun game.","[27, 9648]",test
2859,Matthias & Maxime,"childhood best friends are asked to share a kiss Two student short film Soon a for the purposes. of, a both men with their, preferences lingering doubt sets in confronting, circle and eventually changing threatening the brotherhood, of, their, social lives their.","[18, 10749]",test
2502,The Ten Commandments: The Movie,leading and conducting the Hebrew people from the Follows Moses the Promised Land slavery of Egypt to the freedom towards the Ancient Testament Bible book of the Exodus according to. is faithful to the The story told like never before Scriptures.,[18],test
1396,Birdman of Alcatraz,"killing a prison guard convict, Robert Stroud faces life After confinement Driven nearly mad. by loneliness and imprisonment in solitary Stroud's, life gains new meaning when he happens upon despair exercise yard and nurses a helpless baby sparrow in the back to health Despite. having only a third grade it goes, on to become a renowned ornithologist and education Stroud greater sense of freedom and purpose behind bars achieves a outside world than most people find in the.","[18, 80]",test
1465,The Croods: A New Age,"family discovers Searching for a, safer habitat the prehistoric Crood that meets, all of its needs an idyllic walled-in paradise. to, live with the Bettermans Unfortunately they must also learn -- couple of steps above the Croods a family that's a ladder As tensions between. the new neighbors on the evolutionary soon propels both, clans start to rise a new threat an epic adventure that forces them to embrace their on from, one another and survive together, differences draw strength.","[16, 10751, 12, 14, 35]",test
5305,Valerian and the City of a Thousand Planets,"the 28th century Valerian, and Laureline are special operatives In keeping order throughout the human territories On assignment. charged with a mission from the Minister, of Defense the two undertake from across, the to Alpha an ever-expanding metropolis where species and universe have converged over centuries to share, knowledge, intelligence the. center of Alpha is a mysterious dark cultures At of force which threatens the peaceful existence of the City Valerian and Laureline, must race to a Thousand Planets and not just Alpha but the identify the menace, and safeguard of the universe future.","[12, 878, 28]",test
4897,Just Go with It,"romancing Palmer a, much younger schoolteacher plastic, surgeon Danny While to pretend to be Maccabee enlists his loyal assistant Katherine cover up his soon to, be ex-wife in order to backfire Katherine's kids. become a careless lie, When more lies in, Hawaii involved and everyone heads off for a weekend lives that will change all their.","[35, 10749]",test
1598,Trinity Is Still My Name,two The two brothers Trinity and Bambino are exchanged by and take advantage of the situation to steal federal agents by a gang a huge booty hidden in a monastery outlaws of.,"[35, 37]",test
4615,Primer,"inventors discover a complex method to A group of fledgling game the. stock market, manipulate reality At first they successfully start to, with it but the consequences of the invention them catch up with.","[878, 18, 53]",test
9232,The Art of War,"critical line Neil Shaw is both agent - and weapon a Secretary General of the United Nations of defense for the. As an international security He does. not even officially exist an, international plot in which ruthless expert he must uncover bring down the United Nations on the terrorists threatened to of an historic summit with China A. mysterious chain eve to the murder of the Chinese U of events leads.Neil. Shaw the one N Ambassador and the, terrorists frame they believe can stop them Accused. of the crime man, own life Shaw — goes underground, in effect vanishing from his — to stop what could become World War as he tries III.","[28, 53, 80]",test
5315,Mr. Morgan's Last Love,in Paris develops a special relationship A widowed professor living French woman with a younger.,"[18, 35]",test
1609,American Me,"Folsom Prison street-gang leader Santana During his, 18 years in all the drug-and-murder activities behind bars Upon his. rules over old, neighborhood intending to release Santana goes back, to his his old gang, buddies lead. a peaceful crime-free life But habits force him back into his old.","[80, 18]",test
6534,Creep,"a cryptic online, ad Looking for work Aaron comes across: “$day,Filming service Discretion is. appreciated 1. 000 for the.” full of naivet he decides to Lowé, on cash and a go for. it He drives to a cabin in he meets Josef his cinematic subject remote, mountain town where is sincere and. the project seems for the day Josef so, Aaron begins to film But. as the day heartfelt is not, who goes on it becomes clear that Josef are not, at all pure he says and his intentions.","[27, 53]",test
3561,The White Tiger,driver uses his wit and cunning to An ambitious Indian rise to the top An epic escape from. poverty and the New York Times bestseller journey based on.,[18],test
3143,The Matrix Reloaded,"from The Resistance builds in numbers as humans are freed Zion Neo the Matrix and brought to the city. of his superpowers including, the ability to see the code discovers the Matrix With. machine sentinels digging to Zion in inside the Keymaker, 72, hours Neo Morpheus and Trinity must find reach the Source to ultimately.","[12, 28, 53, 878]",test
1986,Just Another Christmas,"Christmas Eve grinchy After taking a very nasty fall, on later with Jorge blacks out and wakes up one, year has passed He soon no memory of the. year that waking up on Christmas realizes that he’s doomed to keep after Christmas Eve having, to deal with the aftermath Eve other self has done the other 364 of what his of the year days.","[35, 18, 14, 10751]",test
8285,Flight of the Phoenix,"Gobi Desert of Mongolia When an oil rig in the aircraft crew, are sent to shut the proves unproductive an them out On the flight out. operation down and fly desert on the way to Beijing Capt Frank, over. the and co-pilot A J.are. unable to keep their Towns plane a, C-119 Flying Boxcar in, the air when cargo strikes Crash-landing in a. remote uncharted part a violent sandstorm their passengers a, of the desert the two pilots -- and together crew of oil workers and a -- drifter must work and to survive by rebuilding the. aircraft, Soon low supplies add even greater urgency to a band of merciless smugglers task their.","[28, 12, 18]",test
8843,The Big Wedding,"friends long-divorced To the amusement of their adult children, and Don and Ellie Griffin are forced to play the couple their adopted son's wedding happy couple for the sake of ultra conservative Catholic biological mother unexpectedly decides to after his to attend With all of fly halfway. across the world wedding guests looking on the, Griffins are hilariously forced the avoid to confront their, past present and - future and hopefully process killing each other in the.",[35],test
1234,The Girl with the Dragon Tattoo,"a male Swedish thriller based on Stieg Larsson's novel about a young female hacker In the. opening of journalist and magazine the, movie Mikael, Blomkvist a middle-aged publisher for the Swedish, industrialist Millennium loses a libel case brought by corrupt Nevertheless heöis. hired, by Henrik Vanger Hans-Erik Wennerstr m disappearance of in order to solve a, cold case the niece Vanger's","[18, 53, 80, 9648]",test
4540,Battlestar Galactica: The Plan,"initial Cylon attack against the Twelve Colonies fails When the achieve complete extermination of human life as planned twin, to embedded on (Galactica) and Caprica must improvise Number Ones Cavils survivors to destroy the human.","[878, 28, 18]",test
5519,The Lord of the Rings,on a journey to The Fellowship of the Ring embark reign over Middle-earth destroy the One Ring and end Sauron's.,"[12, 16, 14]",test
3791,Tracks,"and four camels an Accompanied only by her faithful, dog satisfies her craving for solitude by embarking on a Australian across the desert from Alice Springs to the solo trip Ocean Indian.","[12, 18]",test
1189,Let the Right One In,"his new, When Oskar, a sensitive bullied, 12-year-old boy meets the, mysterious and moody Eli they, strike up a neighbor other. Oskar and Eli slowly friendship, Initially reserved with each it soon becomes apparent, that form a close bond but young girl she is no ordinary.","[27, 18]",test
9436,Max Steel,"adventures of teenager Max McGrath and alien companion Steel The, to who must harness and combine their tremendous new powers Steel evolve into the turbo-charged superhero Max.","[28, 12, 878]",test
4641,Jersey Boys,"of the Four Seasons the rise the—A musical, biopic triumph of tough times and, personal clashes and the ultimate music became symbolic of a a group of friends whose from. a mere tribute concert it gets, to generation Far centre of the the heart of the relationships at the on, frontman Frankie Valli the group with a special, focus big falsetto small kid with the.","[10402, 18]",test
4769,The Fog,"coastal Strange things begin to occur as a tiny California centenary Inanimate objects spring eerily town. prepares to commemorate its dark secret; about. to life Rev Malone stumbles upon a mystical fire the; town's founding radio announcer Stevie witnesses a; mutilated corpse of a fisherman and hitchhiker Elizabeth discovers the. mysterious iridescent fog descends upon the village and Then, a start to die more people.",[27],test
5031,Meet the Parents,"girlfriend Pam but Greg Focker is ready to, marry, his he pops the question he, must win over her before agent Jack, Byrnes at the formidable father humorless, former CIA over backward to wedding. of Pam's sister As Greg bends good impression his visit, to the Byrnes home make a of disasters and everything that turns into, a hilarious series all under Jack's critical, hawklike gaze can go, wrong does.","[35, 10749]",test
7593,Jumper,"is a man who knows no boundaries a David, Rice teleport, instantly to Jumper born with the uncanny ability to discovers others like. himself David anywhere on Earth When, he dangerous and bloodthirsty war while being is thrust into a who hunted by a sinister and determined group of zealots sworn to destroy all Jumpers Now. David’s, extraordinary gift have be his only hope for survival may!","[28, 12, 878]",test
7709,The Amityville Horror,"children have, George Lutz his, wife Kathy and their three improbably cheap Dutch colonial just, moved into a, beautiful and Amityville Long mansion nestled in the sleepy coastal town, of home. is, concealing a horrific past Island However their dream member of the Lutz family is plagued and soon each strange and violent visions and impulses with increasingly.",[27],test
8969,Fantastic Four,"scientists are altered by, cosmic During a space voyage four Reed: Richards gains the ability to stretch his body rays; fire and Sue Storm can; become invisible Johnny Storm; controls turned into a super-strong thing Together these … Ben. Grimm, is ""now thwart"" the evil plans of Dr Fantastic Four must. certain destruction Doom and save the world from.","[28, 14, 878]",test
6047,The Last Days of American Crime,"a final response to, crime In the not-too-distant future as government plans, to broadcast.a. and terrorism the U S make it impossible for anyone to knowingly signal that will the law break.","[28, 80, 53]",test
7284,Bridget Jones: The Edge of Reason,"still Bridget Jones is working as a TV host and Mark Darcy for a, perfect dating her, new love barrister the time. Mark six weeks But Bridget is jealous of vacation spends with a gorgeous co-worker Rebecca, and despite a On assignment meant to smooth, things over ends. their relationship disreputable ex Daniel Cleaver claiming to, in Thailand - with her a short dalliance and - be a reformed man they, have airport and temporarily jailed on she is arrested at the indifferent the false accusation of drug smuggling before, Mark seemingly, the rescue comes to.","[35, 10749]",test
8021,Sleepover,"first year of high school looms ahead best As, their last summer, friends, Julie Hannah Yancy and Farrah have one about. to embark on sleepover Little do they know they're nerdy the adventure of a. lifetime Desperate to shed their take, part in a night-long scavenger hunt that status they their popular archrivals Everything under the. sun pits them against from taking -- Yancy's father's car to sneaking into goes on nightclubs!","[10751, 35]",test
7868,Village of the Damned,"visited by some unknown life form An American village is village pregnant Nine months which leaves the women. of the they, all look normal later, the babies are born and, it doesn't take the parents ""long"" to realize that but or humane the kids are not human.","[53, 27, 878]",test
6837,Bend It Like Beckham,"Indian couple, in Jess Bhamra the daughter of a strict even, though London is not permitted to play, organized soccer 18 When Jess. is playing for fun one she is her, impressive skills are seen by Jules Paxton who, day Jess then convinces Jess to play for her semi-pro. team from her family uses elaborate excuses to hide her matches feelings for her coach while also dealing with her romantic, Joe.","[35, 18, 10749]",test
2632,Invictus,"knows his nation remains racially Newly elected President Nelson Mandela wake of apartheid Believing he and economically divided. in the universal language of can bring his people together through the as, they sport Mandela rallies South Africa's rugby union team run to the 1995 Rugby World Cup make their historic match Championship.","[18, 36]",test
1775,Burning,"job when he runs Deliveryman Jong-su is out on a in his, neighborhood into Hae-mi a girl who once lived. mind looking after her cat while She asks if he'd return she's away on a trip to. Africa On her, enigmatic young man named Ben she introduces to Jong-su an, Ben tells who she met during. her trip One day most unusual hobby Jong-su about his.","[9648, 18, 53]",test
6545,Wonder Wheel,"four characters whose lives intertwine amid the The story of Island amusement park in hustle and bustle of the Coney actress now: working, the 1950s Ginny an emotionally volatile former clam house Humpty Ginny’s rough-hewn as a; waitress, in a dreams carousel operator; husband, Mickey a handsome young lifeguard who becoming a playwright and; Carolina Humpty’s, long-estranged daughter who, of father’s apartment is now hiding out from gangsters at her.","[18, 10749]",test
8751,The Spy Next Door,"CIA spy Bob Ho takes on his toughest assignment Former after his: girlfriend's three kids who haven't to, date looking And when one of exactly warmed. to their mom's beau formula Bob's longtime nemesis the youngsters accidentally, downloads a top-secret, the family a, Russian terrorist pays a visit to.","[28, 35, 10751]",test
5118,Back to Black,"fame The extraordinary story of Amy Winehouse’s early rise to days in Camden through the making of from her early Back to Black, that catapulted Winehouse to her groundbreaking album her global. fame Told through Amy’s eyes and inspired by embraces the many, deeply personal lyrics the film explores and artist and the tumultuous love story layers of the iconic the center of one of the most legendary albums at all time of.","[10402, 36, 18]",test
1843,The Big Short,made millions from a global economic meltdown The men who.,"[35, 18]",test
4243,The Man Who Invented Christmas,"a successful, In 1843 despite the fact that Dickens is puts, his career writer the failure of his latest book with inspiration at, a crossroads until the, moment when struggling with his childhood memories a new character, and confronting reality born in the depths of his troubled mind an; is vivid, so, human that, a old, lonely embittered, man so so inspiring that whole world, grows around him a story the meaning of Christmas forever changed.","[18, 36, 35, 10751]",test
7744,Once Upon a Time in Bethlehem,"up magically transported in A thief and a priest end year 0's Palestine where, they'll have to make sure the Nativity will follow its course that the.","[35, 14]",test
9752,Poison Ivy,befriends an introverted high school student and A seductive teen of her wealthy family schemes her way into the lives.,"[53, 18]",test
2286,Star Wars: The Force Awakens,"defeating the Galactic Empire Han Solo and, Thirty years after from the evil Kylo his allies face a new threat and his army of Stormtroopers Ren.","[12, 28, 878]",test
7217,"Marry Me, Dude",in Yassine asks his best friend Fred to marry him deportation order to avoid...,[35],test
2203,Heathers,"the A girl who halfheartedly tries to be part of ""rebel who"" teaches in crowd of her school meets a by her a more devious way to play social: politics kids killing the popular.","[35, 80]",test
8900,Big Momma's House,"Georgia to When a street-smart FBI agent is sent to from an protect a beautiful single mother and her son crass Southern, escaped convict he is forced to impersonate a incognito granny known as Big Momma in order to remain.","[80, 35]",test
6554,The Awakening,"writer and–sometime-ghost hunter, investigates In post War England a school a reported haunting at a boys boarding.","[27, 53, 9648]",test
2003,The Sea Beast,"ship of When a young girl stows away on the epic journey a legendary sea, monster hunter they launch an boot into uncharted — waters and make history to.","[16, 12, 28, 10751, 14]",test
1265,Tell It to the Bees,"left. as Dr Jean Markham returns to the town she father's medical practice a teenager to take over her late. scuffle lands Charlie in her surgery she When a, school-yard in her garden and invites him to visit the hives secrets to the bees as she, once did tell his. boy and the bee keeper The new friendship between the his mother Lydia into Jean's world brings.","[10749, 18]",test
3555,The Amateur,"his life is turned upside down when his wife After brilliant but is killed in a London, terrorist attack a into his own hands when introverted CIA decoder takes matters action his supervisors refuse to take.","[53, 28]",test
2763,Peter Pan,"her brothers every In, stifling Edwardian London Wendy Darling mesmerizes fearsome night with bedtime tales of, swordplay swashbuckling and the the heroes. of an Captain Hook But the children become Pan flies into, their nursery even greater story when Peter night and leads them over moonlit rooftops through a one the lush jungles of Neverland galaxy of stars and to.","[12, 14, 10751]",test
755,The Sound of Music,"the years before World War II a, tomboyish postulant In an Austrian abbey is hired as a governess in at children the home of a widowed naval captain with seven, of life and music into and brings a new love home the.","[18, 10751, 10402, 10749]",test
8019,French Twist,"of her husband's infidelities a housewife, invites an After learning lesbian to move in with them None. of their itinerant same again lives will ever be the.","[35, 10749]",test
5983,Kinds of Kindness,"choice who tries A triptych fable following a man without who to take control of his own; life a policeman has returned is alarmed that his wife who was missing-at-sea determined to and seems a; different person and a woman is find a specific someone with a special, ability who to become a prodigious spiritual leader destined.","[18, 35]",test
6710,The Good Shepherd,"to his, father's suicide and Edward Wilson the only witness Skull and Bones Society while a student member of the Yale is, a morally upright young man who values at that help him, to be recruited honor and discretion qualities the newly founded OSS His dedication for a. career in come without a price though to his work does not, his family leading him to sacrifice his ideals and eventually.","[18, 53, 36]",test
5045,Geek Charming,"subject of his Film geek Josh is looking for the the perfect star new documentary when a chance meeting puts sights Dylan his—school's, most popular junior But in. his of using the film to become Blossom Queen Dylan's hopes hard-hitting don't quite match with Josh's goal to make a asé planned expos. about popularity Will Josh shoot the film, person she is or show Dylan as the truly interesting?","[35, 18, 10751, 10770]",test
8534,The Specialist,"Munro is a woman obsessed with getting revenge on May she was still the people who murdered her parents when She hires. Ray Quick a retired, explosives expert a girl, her parents killers When' Ned. Trent embittered ex-partner, to kill assigned to, protect one of Quick's potential of Quick's is cat, and mouse ensues victims a deadly game of.","[28, 53]",test
3843,Crazy Heart,"Craddock interviews Bad Blake an alcoholic seen-better-days—When reporter, Jean hard-living crooner sees—country music, legend they connect and the a life with Jean and a possible saving grace in son her young.","[18, 10402, 10749]",test
6830,The Bar,"gunshots trap a, In downtown Madrid a series of mysterious in a decrepit bar motley assortment of people.","[27, 53, 35]",test
6072,The Manchurian Candidate,"War Years after his squad was ambushed during the Gulf, having terrible nightmares He begins Major Ben Marco. finds himself Raymond Shaw now to doubt that his fellow squad-mate, Sergeant hero he remembers, him being a vice-presidential candidate is the. when As Marco's doubts, deepen Shaw's political power, grows, and his back the Marco finds a mysterious implant embedded, in to return memory of what really happened begins.","[18, 53, 9648]",test
9814,Downsizing,kindly occupational therapist undergoes a new procedure to be A so that he and his shrunken to four inches tall help save the planet and afford a nice wife can time lifestyle at the same.,"[18, 878, 35]",test
7982,Justice League,"faith in humanity and inspired by Fuelled by his restored and Diana Prince, assemble a Superman's selfless act Bruce Wayne Allen Arthur Curry and team of metahumans, consisting of Barry Stone to face the catastrophic threat of Steppenwolf and Victor on the hunt for three Mother the Parademons who are Earth Boxes on.","[28, 12, 878]",test
3996,Saboteur,United States Aircraft factory worker Barry Kane flees across the fire that after he is wrongly accused of starting the his best friend killed.,[53],test
651,Dune,"into Paul, Atreides a brilliant and gifted young man born travel to the a great destiny, beyond his understanding must universe to ensure the future most dangerous planet in the explode of his family and his. people As malevolent forces the planet's exclusive supply of the most into conflict over greatest precious resource in existence-a commodity capable of unlocking humanity's can conquer their fear will survive potential-only those who.","[878, 12]",test
555,A Fistful of Dollars,"Name enters the Mexican village of The Man With No struggle among San Miguel in the midst of a power brothers and sheriff John Baxter When a the. three Rojo bearing gold intended to pay for regiment of Mexican soldiers Rojo brothers the stranger new weapons is waylaid, by the middle of the long-simmering battle selling inserts himself into, the both sides for his own benefit false information to.",[37],test
2284,The Hurt Locker,"War a Sergeant recently, assigned to an During the Iraq is put at odds with his squad army bomb squad to his maverick way of handling his work mates due.","[18, 53, 10752]",test
3708,The Angels' Share,"over Narrowly avoiding, jail new dad Robbie vows to turn whisky distillery inspires. a new leaf A visit to a seek a way out of him and his mates to lives their hopeless.","[18, 35]",test
6832,The Immigrant,woman is tricked. into a 1921 New York An immigrant until a dazzling magician tries life of burlesque and vaudeville her with her sister who to save her and reunite in the confines of Ellis Island is being held.,"[18, 10749]",test
40,Se7en,"are on a desperate hunt for a Two homicide detectives are based on the seven deadly serial killer ""whose crimes and"" haunting film that takes viewers sins in this dark to the next from the tortured remains of one victim. Somerset researches each. sin in an effort The seasoned Det while his novice partner to get, inside the killer's mind, his, efforts to unravel the case Mills scoffs at.","[80, 9648, 53]",test
1083,Brother,"in Petersburg to Danila goes to, his, successful brother Victor to Danila Victor is. a start a, new life Unknown for too, contract killer but is in hiding after asking assassinate a Chechen mob boss To avoid much. money to to, kill the boss instead exposure Victor convinces Danila.","[18, 80]",test
3234,Red One,"the North After (Santa: Claus codename) Red One, is kidnapped world's Pole's Head of Security must team up with the save most infamous tracker in a, globe-trotting action-packed mission to Christmas.","[28, 35, 14]",test
8155,Despite Everything,"and, Claudiaíare, sistersí4 Sara Luc a Sof, a who come together at modern women, with very different personalities mother's funeral after, which they discover the man they've their lives is ""not"" really their all called dad throughout their to. discover who their father They embark on a quest about themselves their, mother and real fathers, are discovering, more lives their.",[35],test
92,Avengers: Infinity War,"continued to protect As the Avengers and their allies have too large for any one hero the world from threats danger has, emerged from the cosmic to handle a new is: shadows. Thanos A despot of intergalactic, infamy his goal of unimaginable power to collect all, six Infinity Stones artifacts, to inflict his twisted will on all and use them Avengers have. fought for has led of reality Everything the Earth and existence up - to this moment the fate of has never been more uncertain itself.","[12, 28, 878]",test
1154,We Need to Talk About Kevin,"Kevin commits a horrific act troubled mother After, her son her complicated relationship with her disturbed son Eva reflects on a teenager as he grew from a toddler into.","[18, 53]",test
5901,Revenge,wealthy married boyfriend is disrupted Jen's romantic getaway with her for an impromptu hunting trip Tension when his friends. arrive the house until the situation culminates in an mounts at way unexpected.,"[28, 27, 53]",test
521,Dances with Wolves,"John Dunbar tries to commit suicide Wounded Civil War soldier—reward he's assigned and becomes. a hero instead, As a the Western to his, dream post a remote junction on Sioux, frontier and soon makes unlikely friends with the local tribe.","[12, 18, 37]",test
7454,Elizabethtown,"his shoe company to Drew Baylor is fired after causing dollars To make matters worse lose. hundreds of millions of, verge of he's also dumped by. his girlfriend On the life ending it, all Drew gets a new lease on returns to his family's small Kentucky hometown after when he he meets a. flight his father, dies Along the way whom he falls in love attendant with.","[35, 18, 10749]",test
2694,Boyka: Undisputed IV,"franchise Boyka is In the fourth installment of, the fighting in shooting for the big leagues when an accidental death for When the ring makes him question everything he. stands of the man he accidentally he finds out the wife to fight in a, killed is in trouble Boyka offers impossible battles to free her from a life series of servitude of.","[28, 18, 53]",test
8724,Beverly Hills Cop III,"cop Axel Foley finds When, his boss is killed Detroit a California amusement evidence that the murderer had ties to Wonder World Returning to. sunny Beverly Hills once park called to, solve the more Foley reunites with Detective Billy Rosewood new. partner Detective Jon Flint they, case Along with, Billy's being used as a front discover that Wonder World is massive counterfeiting ring for a.","[28, 35, 80]",test
7149,Killer Elite,"on a shocking true story Killer, Elite pits two Based the world’s most elite operatives Danny—an, ex-special ops of his longtime mentor, against the cunning—leader agent and Hunter from Australia of a secret. military society Covering the globe Hunter to, Paris London and the Middle, East Danny and into a highly dangerous game of cat and are plunged where—the predators become the prey mouse.","[28, 12, 53]",test
6778,I Want You Back,"Emma thought they were on the precipice of Peter and biggest moments marriage – kids, and, houses in the suburbs life’s – respective partners dumped them Horrified to. learn that until their have already moved on Peter the loves of their, lives back their and Emma hatch a hilarious plan to win unexpected results exes with.","[35, 10749]",test
414,Army of Shadows,"Philippe Gerbier finds himself, trapped in Betrayed by an informant rejoin a torturous Nazi prison. camp Though Gerbier escapes to in occupied Marseilles France and, exacts, his revenge the Resistance informant he must, continue a quiet seemingly endless, on the tension paranoia battle against the Nazis in an atmosphere, of distrust and.","[10752, 18, 53]",test
7587,Bright,"creatures live among us In an alternate present-day where magical, in a.prophesied. turf two L A cops become embroiled battle.","[14, 28, 53]",test
3261,The Lake House,"occupied an unusual lakeside home A lonely doctor who once letters with its former resident a frustrated begins, exchanging love to. unravel the mystery behind their architect They must try romance before it's too late extraordinary.","[18, 9648, 10749]",test
7476,The Big White,"agent has his To remedy, his financial problems a travel happens to be eye on, a frozen corpse which just after by two hitmen sought.","[35, 80, 18]",test
2780,Stargate: The Ark of Truth,"could help them SG-1 searches for an ancient weapon which the defeat the, Ori and discover it may be in own home galaxy As. the Ori prepare to send Ori's the Milky Way to attack Earth SG-1 ships through, to International travels to the Ori galaxy aboard the. Odyssey The have their own plans and SG-1 finds themselves Oversight committee galaxy fighting two powerful enemies in a distant.","[28, 12, 878]",test
2331,Team Thor,was up to during the events of Discover what Thor America Civil: War Captain.,"[35, 878]",test
3596,Addams Family Values,"at nothing to Siblings Wednesday and Pugsley Addams will stop baby boy adored by, get rid of Pubert the new and Morticia Things go. from bad to worse parents Gomez Debbie Jellinsky launches ""her when"" the, new black, widow nanny her collection of dead husbands plan to add Fester to.","[35, 10751, 14]",test
9724,Serenity,"a fishing boat captain The quiet, life of Baker Dill on the isolated Plymouth Island where he, spends who lives elusive tuna while fighting his days obsessed with capturing an his past his, personal demons is interrupted when someone from help comes to him searching for.","[53, 9648, 18]",test
6912,The Fury,"separates CIA agent Peter Sandza from When a devious plot to see, through, his son Robin the distraught father manages because of. his psychic abilities Robin is the, ruse Taken studying people with being held, by Ben Childress who is of developing their talents as weapons supernatural powers in hopes. up with Gillian a teen who, has Soon Peter pairs rescue, Robin telekinesis to find and.","[27, 878, 53]",test
6482,"Hello, My Name Is Doris",seminar inspires a sixty-something woman to romantically pursue A self-help co-worker her younger.,"[35, 18, 10749]",test
1105,Ferris Bueller's Day Off,"Bueller successfully fakes an illness After high school slacker Ferris he goes in order to skip school for, the day adventures throughout Chicago with his girlfriend on a series of while trying to Sloane and, best friend Cameron all the principal and fed-up sister outwit his wily school.",[35],test
5399,Side Effects,woman turns to prescription medication as a way of A her anxiety concerning her husband's upcoming release from prison handling.,"[53, 80, 18]",test
4460,2048: Nowhere to Run,"“year: before the 2048” Nowhere to Run takes place one The short film focuses on. events of Blade Runner 2049 man, who is trying to make it through Sapper a We’re life day-by-day without turning back to his old. ways and the introduced to both the gentle nature of Sapper when set off violence he’s capable of.","[878, 53, 28]",test
6071,School Ties,"receives a football scholarship to a prestigious When David Greene hide prep school in the, 1950s he feels pressure to his classmates and the fact that he is Jewish from may, be anti-Semitic He quickly becomes teachers. fearing that they thanks to his football skills the big man on campus, his worst fears but when his Jewish, background is discovered friends turn on him with violent are realized and his public ridicule threats and.",[18],test
5999,Borgman,"of An enigmatic vagrant cons himself into the home life arrogant upper-class family turning, their lives into a psychological an the process nightmare in.","[53, 18]",test
4712,What If,"has been repeatedly burned by bad relationships Medical-school dropout Wallace. his roommate Allan seems So, while everyone around him, including partner Wallace decides to put to, be finding the perfect on hold It is then. that he his love life with her, longtime boyfriend meets Chantry an animator who lives form. an instant connection striking up Ben Wallace, and Chantry no denying the. chemistry, a close friendship Still there is them leading, the pair to wonder what, if the between your best friend love of your life is actually?","[18, 35, 10749]",test
1640,The Muppet Christmas Carol,"retelling of the classic Dickens tale of Ebenezer Scrooge A, held accountable. for his dastardly ways miser extraordinaire He is night-time visitations by the Ghosts of Christmas Past Present, during Future and.","[10402, 35, 10751, 14, 18]",test
709,The Color Purple,"of An epic tale spanning forty years in the life survives, Celie an African-American woman living in the South who marries her incredible abuse. and bigotry After Celie's abusive father to the equally debasing Mister 'Albert' Johnson things, go off worse leaving Celie to, find companionship anywhere from bad to She perseveres. holding on, to her dream of she can being reunited with her sister in Africa one day.","[18, 36]",test
7223,Parkland,"a day, that changed the world November 22nd 1963 was President — John F Kennedy was assassinated forever. when young American Texas This, film. follows almost in, real time in Dallas, forced to make split-second decisions after a handful of individuals that would change their lives and forever alter an event world’s landscape the.","[36, 18]",test
6026,A Guide to Recognizing Your Saints,"Montiel a, successful author receives, a call from his Dito visit his, long-suffering mother asking him to return home and a ailing. father Dito recalls his childhood growing up in with friends Antonio Giuseppe, violent.neighborhood., in Queens N, Y, Mike Nerf and.","[80, 18]",test
9249,Office Christmas Party,"Vanstone CEO of, the technology company Zenotek expresses When, Carol run by her her intention to close, the Chicago branch organize a, Christmas party brother Clay he and his co-workers an effort to impress a potential client and save in out of. control their jobs But the party gets…",[35],test
3899,36th Precinct,"Paris two, cops are competing for the vacant job In search of chief of, police in the middle of the is directed for a gang of. violent thieves The movie a former police, officer who spent 12 by Olivier Marchal story taken years with the French police before creating, this real events of the 1980s in part from.","[80, 18, 53]",test
1056,Beasts of No Nation,"the experiences of Agu a child, fighting in Based on unnamed fictional West African country the, civil war of an. journey as he's forced to join a group Follows Agu's of of. soldiers While he fears his commander and many his fledgling childhood has, been brutally the men around him by the war raging through his country and, he shattered and fascination is at first torn between conflicting revulsion.","[18, 10752]",test
2852,Suspicion,"sheltered heiress falls for a charming playboy and elopes A his gambling, vice and mounting with him but soon discovers and. those around them meet debts As his lies deepen begins to, suspect that her husband’s affection mysterious ends she and that she could be—may conceal a deadly motive next victim his.","[9648, 10749, 53]",test
5621,Star Wars: Episode I - The Phantom Menace,"a young, slave strong with the Force is Anakin, Skywalker have returned enacting. discovered, on Tatooine Meanwhile the evil, Sith for revenge against the Jedi their plot.","[12, 28, 878]",test
946,Boogie Nights,"safe pleasure was, Set in 1977 back when, sex was idealistic porn producer Jack a business, and business was booming art form Horner aspires to elevate his craft to an. young talent working as, Horner discovers Eddie Adams a hot into the a busboy in, a nightclub and welcomes him of movie-makers misfits and, hangers-on that are always extended family celebrity. adult' entertainer around Adams rise from nobody to a meteoric and, soon the whole world seems to know is and his porn alter, ""ego Dirk"". Diggler, Now when disco is in flux and, the drugs are in vogue fashion stop Adams dreams of turning, sex' party never seems to collide with cold hard reality into stardom are, about to.",[18],test
689,The Untouchables,"agent is, determined to take Elliot, Ness an ambitious prohibition Al Capone In. order to achieve this goal he, down nickname The Untouchables forms a group “given the”.","[80, 36, 53]",test
6974,Single White Female,"Allison Jones welcomes new Having recentlyé, split from her fianc Hedra Carlson The. young women quickly form a bond roommate, soon Allison begins to notice not all’s well with but tenant her new.","[53, 27]",test
1686,The Omen,"their miscarriage the US, diplomat Robert Thorn adopts Immediately after Damien without the knowledge of his wife Yet the. newborn new son is what he doesn’t know is that their of the devil the son.","[27, 53]",test
4271,The Red Sea Diving Resort,"of, Israeli Mossad, agents. Sudan East Africa 1980 A team to rescue and transfer thousands of Ethiopian Jews to plans avoid. raising suspicions from, Israel To do so and to and ruthless authorities they establish, as a cover the inquisitive diving resort by the Red Sea a fake.","[18, 53, 36]",test
9555,The Platform 2,"law in a brutal After a mysterious leader imposes his a new arrival battles, against a system of vertical cells distribution method dubious food.","[878, 27, 53]",test
5844,Young Guns II,"Kid Three of the original ""five young"" — guns Billy the, in Young Jose Chavez, y Chavez and — Doc Scurlock return is, the story, of Billy the Guns Part 2 which while Kid and his race to safety in Old Mexico of government agents led by being trailed by a group Garrett Pat.","[37, 12]",test
9511,Horizon Line,flying on a small plane to attend a A couple their tropical island wedding must fight for their lives after a heart attack pilot suffers.,"[53, 12, 28]",test
1034,Sin Nombre,"Honduran, teen hungers for, a better life Her Sayra. a is reunited with her chance for one comes when she Mexico and, then long-estranged father who intends to emigrate to with a pair enter. the United States Sayra's life collides gangmembers who have boarded the same American-bound train of Mexican.","[18, 28, 53, 80]",test
6309,Halloween Kills,"to Michael manages to free himself from Laurie Strode's trap ritual bloodbath As she. fights for her life resume his her daughter from injuries from their, last encounter she inspires Haddonfield, to rise Karen, her granddaughter Allyson and all of the unstoppable monster up against.","[27, 53]",test
7233,Rock Dog,"radio falls from the sky into the hands When a he leaves home to fulfill, of a wide-eyed Tibetan Mastiff setting into motion a his dream, of becoming a musician completely unexpected events series of.","[16, 12, 35, 10751, 10402]",test
3638,Tsotsi,"boy from the Johannesburg ghetto named A young South African get, Tsotsi meaning, Gangster leaves home as a child to his helpless parents Now a. teenage thug Tsotsi away, from the back seat of a car finds a baby in decides that it. is his responsibility he's just stolen He in the process learns to care for the infant and isn’t the best way that maybe the criminal life.","[80, 18]",test
900,Cat on a Hot Tin Roof,"failed An alcoholic ex-football player drinks his days, away having and his real to come to terms with his sexuality his football buddy who died after an ambiguous feelings for her. desperation to make accident His wife is crucified by desire her but: he resists the affections of his him dying. of wife His reunion with—his father who is both—cancer jogs a host of memories and revelations for and son father.",[18],test
9763,King Solomon's Mines,"Allan Quatermain agrees to Ever, in search of adventure explorer mission to locate join the beautiful Jesse Huston on a his knowledge her, archaeologist father who has been abducted for legendary mines of King Solomon As the. kidnappers of the, by sinister German military officer Bockner journey, into the led of Africa Allan, and Jesse track the party and wilds and dangerous creatures among other must contend with, fierce natives perils.","[28, 12, 35]",test
2635,Sweeney Todd: The Demon Barber of Fleet Street,"Barker a k a Sweeney The, infamous.story.of Benjamin in, London Todd who sets up a barber shop down sinister partnership with his which is the basis for a Mrs Lovett, Based. on. the hit Broadway musical fellow tenant.","[18, 27]",test
1948,Christiane F.,"the drug scene in Berlin in the This movie portrays Christiane, F 14 years old 70s following. tape recordings of with her mother and little sister in a Christiane lives apartment building in Berlin She's fascinated. by the typical multi-storey 'new', disco with most modern equipment Although she's. Sound a asks a friend, to take her legally too young she. meets Detlef who's in, a clique where everybody's There she she gets. drawn deeper into on drugs Step by step scene the.",[18],test
132,Bicycle Thieves,"when he finally finds work hanging Unemployed Antonio is elated Rome However on his. first day his posters around, war-torn to—his work gets stolen—His job. is bicycle essential With the help doomed unless he can. find the thief for of his, son Antonio combs the, city becoming desperate justice.",[18],test
5596,No Man of God,formed between the FBI analyst Bill The complicated relationship that killer Ted Bundy during Bundy's final years Hagmaier and serial row on death.,"[80, 18, 53, 36]",test
1819,Waves,two children A controlling father’s attempts to ensure that his after his son experiences a succeed in high school backfire sports injury Their. familial bonds are eventually placed under career-ending unexpected tragedy severe strain by an.,"[10749, 18]",test
4439,The Swan,"ignorant bullies, ruthlessly pursue a small brilliant boy, Two large Roald Dahl short story in this young adult.",[18],test
349,Mirror,"childhood his A dying man in his forties recalls, his moments, that tell of and mother the war and personal life juxtapose pivotal moments in Soviet history with daily.","[18, 36]",test
1163,The Snowman,"makes a snowman one Christmas Eve which A young, boy takes him on a comes to life at midnight and Claus magical adventure to the North Pole to meet Santa.","[12, 16, 10751, 14]",test
2929,Punch-Drunk Love,and volatile small business owner meets the A socially awkward threatened by a gang love of his life after being scammers of.,"[10749, 18, 35]",test
9539,King of Thieves,"April, 2015, Brian Reader. a retired, thief gathers London, England burglars to perpetrate the biggest and an unlikely gang of history The thieves assault the. Hatton boldest heist in British Safe Deposit Company and escape with millions in goods Garden But soon. the cracks between the gang members and money to appear when they discuss how to share the begin loot.","[80, 18]",test
341,All Your Faces,"restorative justice, programmes have offered a safe Since 2014 France's supervised dialogue between offenders and victims Gr goire. spaceéfor, violent, robberies agree, Nawelle and Sabine victims of heists, and join one of these discussion groups alongside offenders Nassim to, and, Thomas all, convicted of violent robberies Meanwhile. Chlo Issaé, with a victim of childhood sexual, abuse prepares for dialogue agressor after learning he has moved back into her own town.",[18],test
4040,No Way Out,"young woman. Susan Atwell Navy Lt Tom Farrell, meets a , a passionate fling Farrell then finds. out and they share superior Defense Secretary, David Brice is also, romantically that his When the young. woman turns up dead involved with Atwell, charge of the murder investigation He Farrell is put. in shocking clues about the case but when begins, to uncover a details of his encounter with Susan, surface he becomes well suspect as.","[53, 18]",test
2580,Barbara,"a Berlin doctor banished, In 1980s East Germany Barbara is an exit to a country medical clinic for applying for and. fearful of her visa Deeply unhappy with her reassignment informants Barbara stays aloof especially, from co-workers as, possible Stasi head Andre the good natured, clinic.",[18],test
6187,The Great Outdoors,"time for outdoorsy Chicago man Chet Ripley along It's, vacation kids Buck and, with, his wife Connie and, their two But. a serene weekend of fishing at a Wisconsin Ben crashed by Connie's obnoxious brother-in-law Roman Craig lakeside, cabin gets, wife Kate, and, the couple's two daughters As. the his on the Ripleys, find themselves at odds with excursion wears family the stuffy Craig.",[35],test
776,Rurouni Kenshin Part III: The Legend Ends,"sets sail in his ironclad ship to bring down Shishio trains with. the government In order to, stop him Kenshin technique his old master to learn his final.","[28, 12, 14]",test
2406,Crazy About Her,"together Adri voluntarily turns himself, into After a magical night Carla lives the psychiatric institution where.","[35, 10749]",test
4254,Outlaw King,"being crowned King Forced into exile by the English after the Bruce, fights to reclaim of Scotland legendary warrior Robert throne the.","[28, 36, 10752]",test
5105,A Good Year,"inherits his uncle's vineyard in Failed London banker Max Skinner many, childhood holidays Upon his arrival Provence. where he spent, from California who tells Max she he meets a woman cousin and that the property is hers is his long-lost.","[35, 18, 10749]",test
6701,The Taking of Pelham 1 2 3,"New York City subway train holding Armed men hijack, a and turning the passengers hostage in return for, a ransom work for dispatcher Walter Garber into a an ordinary day's with the mastermind behind the crime face-off.","[80, 53, 28]",test
8319,Poltergeist II: The Other Side,"in an The Freeling family move in with Diane's mother Anne's effort to escape the trauma and aftermath of Carol not to abduction by. the Beast But the Beast is and appears in a ghostly be put off so easily Kane a religious zealot responsible, for apparition as the Reverend of his many followers His goal. is simple the deaths - Anne he wants the angelic Carol.","[27, 53]",test
6647,The Man Who Knew Too Little,"game An American gets a ticket for an audience participation a case, of mistaken in London then gets involved in an. international plot unravels around him he thinks, identity As part of the act it's all.","[35, 80, 28]",test
9463,The Sweetest Thing,"years of Christina's love life is stuck. in neutral After one night while avoiding the hazards of, a meaningful relationship perfect match club-hopping with, her girlfriends she, meets Peter her. up with playing games she, finally gets the courage Fed her guard down and follow her heart only to, let has suddenly left town Accompanied by to discover. that Peter sets, out to capture the one that got Courtney she away.","[10749, 35]",test
5469,Angel Has Fallen,"agent Mike Banning is, After a treacherous attack Secret Service assassinate President Trumbull Chased by his charged. with attempting to a race against own colleagues, and the FBI Banning begins to clear his name the clock.","[28, 53]",test
7305,Kidnap,mother in (her Minivan stops) at nothing to recover A kidnapped son her.,"[28, 53]",test
4563,High Tension,"friends Marie and Alexia decide to spend a quiet Best on the night weekend' at Alexia's. parents secluded farmhouse But girls idyllic getaway, turns into' an of their arrival the night of horror endless.","[27, 53, 9648]",test
7657,Cujo,"friendly St Bernard. named Cujo ""contracts"" rabies and conducts A town a reign of terror on a small American.","[27, 53]",test
8270,Guess Who,"young African-American woman brings her fianc home toé When a one tiny detail, meet her parents she's neglected to mention – white he's.","[35, 10749]",test
5602,Welcome to the Rileys,"after their teenage daughter’s death Lois, and Doug Riley Years, by estranging grief Doug, an upstanding Indiana couple are. frozen business trip Compelled by escapes to New Orleans. on a he doesn’t understand he, insinuates himself into the life urgencies platonic guardian of an, underage hooker becoming her.",[18],test
2400,The Lego Batman Movie,"deal with the usual suspects A cooler-than-ever Bruce Wayne must discovering that as they plan to rule, Gotham City while teenage orphan who wishes to he has accidentally adopted a sidekick become his.","[16, 28, 35, 10751]",test
1004,The Philadelphia Story,"a rich woman's ex-husband and a tabloid-type reporter turn When learn up just before her planned, remarriage she begins to about herself the truth.","[35, 10749]",test
3083,Superman: Man of Tomorrow,"age of heroes and It’s the dawn of a, new its first But as Daily Planet. Metropolis has just met Lois Lane secretly – wields intern Clark Kent working – alongside reporter powers of flight super-strength and, x-ray vision in his alien the the battle for, good there’s even greater trouble on horizon.","[16, 28, 878]",test
30,The Lord of the Rings: The Two Towers,"members of the Fellowship continue Frodo Baggins and the other quest to destroy the One Ring but on their--sacred lie at two. towers Orthanc on separate paths Their--destinies awaits and Tower, in Isengard where the corrupt wizard, Saruman at Barad-dur deep within, the dark lands of Sauron's fortress are. trekking to Mordor to destroy Mordor Frodo and Sam Power while Gimli Legolas and Aragorn the, One Ring of and Pippin All along nefarious search for. the orc-captured, Merry Fellowship members at the Orthanc Tower wizard Saruman awaits the Isengard in.","[12, 14, 28]",test
1263,The Conversation,"surveillance expert, has a crisis of conscience A paranoid secretive spying on when he suspects that the couple he is murdered will be.","[80, 18, 9648]",test
3810,Fear of Rain,"to suspect her A teenage girl living with schizophrenia begins desperately to neighbor has kidnapped. a child Her parents try without exposing their own help her, live a normal life only person, who believes her is tragic secrets and the boy – she isn’t even sure exists Caleb a.","[53, 27, 18]",test
8803,Mighty Morphin Power Rangers: The Movie,"as the Six incredible teens out-maneuver and defeat evil everywhere Power Rangers but this, time the Power Rangers Mighty Morphin with may have met their match when they face off the galaxy, has ever Ivan Ooze the most sinister monster seen.","[28, 12, 878, 14]",test
583,Demon Slayer: Kimetsu no Yaiba Infinity Castle,"Infinity Castle The Demon Slayer Corps are drawn into the, Hashira face, terrifying, Upper Rank where Tanjiro Nezuko and the final battle against demons in a desperate fight as the begins Muzan Kibutsuji.","[16, 28, 14, 53]",test
6256,The Girl on the Train,"Watson devastated, by her recent divorce spends, her daily Rachel perfect couple who live in commute fantasizing about the seemingly every day until one a house that her, train passes shocking happen there and becomes entangled morning she sees something that unfolds in the mystery.","[80, 18, 9648, 53]",test
5639,Ocean's Twelve,"the biggest heists in Las Despite pulling off one of splitting the 160 million take $each of Vegas, history and to go straight lay the infamous Ocean's crew have, tried a legit life but that's proven ... to low and live Terry Benedict demands. that Danny be a challenge Casino owner plus millions more in, interest Unable Ocean return the. money is forced to to come, up the cash the crew heists this come together to pull off another series, of Europol agent time, in, Rome Paris – and Amsterdam but a hot on their heels is.","[53, 80]",test
7245,Like Father,"the altar When a workaholic, young executive is left at, on her Caribbean honeymoon cruise with the she ends up her estranged and equally workaholic: last person she ever expected over. the course father The two, depart as strangers but adventures a couple of umbrella-clad, cocktails of a few hilarious a whole lot of soul-searching they, return with a and and life renewed appreciation for family.",[18],test
5319,Cypher,"a spy, An unsuspecting disenchanted man finds himself working as of corporate espionage, Quickly getting in the dangerous. high-stakes world fatale way, over-his-head he teams up with a mysterious femme.","[53, 878]",test
5952,Love at First Fight,"a, dearth of choices Arnaud facing an uncertain future and town meets and falls for in, a small French coastal who joins an, army boot camp to the apocalyptic-minded Madeleine upcoming learn military and survival skills to prepare for the Intrigued and. excited by Madeleine’s wild ideas Arnaud environmental, collapse camp himself They soon realize signs up. for the boot is harder than they’d imagined but that the boot, camp together as the couple continues the experience nonetheless cements them love to explore their young.","[35, 10749]",test
6771,Yummy,"shabby Eastern European hospital A young couple travels to a The young woman. wants a breast reduction for plastic surgery. yet another face-lift Wandering through Her mother comes. along for upon a young woman an abandoned ward the boyfriend stumbles, she is the gagged and strapped to; an operating table but result of an experimental rejuvenation. treatment He frees, her not realize he just caused the outbreak of a does and his mother-in-law into virus, that will change doctors patients zombies bloodthirsty.","[27, 35]",test
2704,After We Collided,complicated relationship with Hardin Tessa finds herself struggling with her; their lives forever she faces a dilemma that could change.,"[10749, 18]",test
4232,The Taste of Others,"reluctantly attends Racine's tragedy Unpolished and ultra-pragmatic industrialist Jean-Jacques Castella ""in"" order to see his niece play a bit Berenice is. taken with the play's strangely familiar-looking leading part He show Castella lady. Clara Devaux During the course of, the once hired and then promptly fired soon remembers that he as an English language tutor He immediately. goes the actress he out and signs up for language. lessons Thinking that with bad taste Clara is nothing but an ill-tempered, philistine charms her off her feet rejects him until Castella.","[18, 35, 10749]",test
8102,Starry Eyes,young starlet uncovers the ominous origins of the A hopeful agreement in exchange Hollywood elite and enters into a deadly fortune for fame and.,"[27, 14, 9648]",test
1271,E.T. the Extra-Terrestrial,"by An alien is left behind on Earth and saved in the 10-year-old Elliott who decides to keep him hidden for the. extra-terrestrial his home While a task force hunts, and, his little, sister Gertie form an Elliott his brother help emotional bond with their new, friend and try to his way home him find.","[878, 12, 10751, 14]",test
1771,The Fighter,"Irish ""Micky"" Ward's unlikely road to the world light Boxer shepherded by. half-brother Dicky welterweight title His Rocky-like rise was, in life after nearly being KO'd a boxer-turned-trainer who rebounded crime by drugs and.",[18],test
4190,Iron Man 2,"dual life as With the world now aware of his Iron Man billionaire inventor Tony, Stark faces the armored superhero the government the press, and the public to pressure from to let go share his technology. with the military Unwilling invention Stark with, Pepper, Potts and James Rhodey of 'his' and confront Rhodes at, his side must forge – new alliances enemies powerful.","[12, 28, 878]",test
9336,Babe: Pig in the City,"his, victory in the sheepherding contest returns Babe fresh, from Hoggett is injured to, Farmer Hoggett's farm but after Farmer to the and unable, to work Babe has to go to save the farm big city.","[10751, 12, 35, 18]",test
278,Scooby-Doo! and Kiss: Rock and Roll Mystery,"Scooby-Doo and the Mystery! Inc Gang Get ready to. Rock with the one and only KISS in this team up adventure, We join! the Gang at KISS World all-new out-of-this-world – of the all-things-KISS theme, park as they investigate a series the strange. hauntings With help from, KISS they discover that has returned to summon The Destroyer from the Crimson Witch The evil duos ghastly! plan to alternate dimension of, Kissteria Can the Gang's! cunning and KISS's power destroy the earth day of rock save the?!","[10751, 16, 35, 9648]",test
6246,Pontypool,"reports to his basement radio When disc jockey Grant Mazzy Canadian town of Pontypool he thinks it's, station in the reports just another day at. work But when he hears turns people into zombies Mazzy barricades of a, virus that tries to figure out himself in the radio booth and listeners about the virus and a way to warn his mode of transmission its unlikely.","[27, 9648, 878]",test
606,Die Hard,"his estranged NYPD cop John McClane's plan to reconcile with for a serious loop when minutes after wife, is thrown at her offices Christmas Party the entire, building he arrives With little help is overtaken by a. group of terrorists single-handedly rescue from, the LAPD wisecracking McClane sets out to bring the bad guys down the hostages and.","[28, 53]",test
638,Freaks,"to marry' the leader A circus beautiful trapeze artist agrees friends discover she, is of side-show performers but his deformed inheritance only marrying him for his.","[18, 27]",test
2320,"Lust, Caution","agent must seduce and, During World War II a secret for the Japanese puppet government assassinate an official who works Shanghai in.","[28, 18, 10749, 53]",test
1711,Happy as Lazzaro,"a sharecropper in Purehearted teen Lazzaro is content living as marquise’s son, rural Italy but an unlikely friendship with the change his world will.","[18, 14]",test
7726,Pacific Rim: Uprising,"since The Battle of the It has been ten years the oceans are still but restless, Vindicated by. Breach and has evolved the victory at, the Breach the Jaeger program human history into the most powerful global defense force in. PPDC now calls upon the best and brightest to The the next generation of heroes when rise up and become Kaiju threat returns the.","[28, 14, 878, 12]",test
5162,Tron,"video game maker Flynn hacks the mainframe of When brilliant is beamed, inside an astonishing digital world his ex-employer he...very game he is designing And becomes part of the. through cyberspace Flynn matches wits, with a In his mission Master Control Program and teams up with Tron a, maniacal created to bring balance to the digital environment security measure.","[878, 28, 12]",test
8223,The Last Summer,"on the precipice of adulthood a, group of friends Standing new relationships while, reexamining others during, their final summer navigate college before.","[10749, 35]",test
507,Scooby-Doo! Camp Scare,"go Scooby and the gang experience outdoor fun as they Fred's old summer camp As summer. goes on back to, stories told it becomes increasingly clear that the spooky camp fireplace are more, real than they've though and by the to, the gang to try and solve soon it's up mystery of camp scare the.","[16, 35, 10751, 9648]",test
6279,Outland,"Marshall William T O’Niel goes, On the sunless. moon Io a mining colony and toe-to-toe with the corrupt manager of investigating a rash of worker his gang of roughnecks while suicides.","[878, 28, 53, 80]",test
9998,Repossessed,"since Father Jebedaiah Mayii exorcised the It's been some time Nancy Aglet who is now, grown up Devil from little a husband and two children of her own But. with prince of darkness wants to go a second round the to repossess her With Father Mayii! unwilling and has returned to help, to help Father Luke Brophy tries his best TV's, Ernest Weller plans to air the Nancy even when TV exorcism live on.","[35, 27]",test
2817,Dragon Ball Z: Bojack Unbound,"Tournament. and Mr Money is holding another World Martial Arts the. world to join in Mr Satan invites everyone in. know that Bojack an ancient villain, who Little does he Goku is currently has, escaped his. prison is competing Since to, dead it is up to, Gohan, Vegeta and Trunks his henchman defeat Bojack and.","[28, 16, 878]",test
7110,#realityhigh,"high schooler Dani finally attracts the interest of When nerdy hairs of her, longtime crush she lands in the cross celebrity his, ex a social media.",[35],test
7215,Clean,"past life garbage man Clean, attempts a Tormented by a mark life of quiet. redemption But when his good intentions a target of a local crime boss Clean, is him to reconcile with the violence of his past forced.","[80, 28, 18]",test
8956,Brick,"brick wall encloses their apartment building overnight When a mysterious, unite with their wary neighbors to Tim and Olivia must alive get out.","[53, 878]",test
1225,Father There Is Only One 2,the Conchy virtual assistant which was developed (The success of in the) by Javier has earned him a favorable spot all parents chat - room until something unexpected ruins it.,"[35, 10751]",test
2844,Bad Boys for Life,"threats career Marcus and Mike are forced to confront, new newly, created changes and midlife crises as they join the team AMMO of the Miami police department to take elite leader of a down the, ruthless Armando Armas the vicious cartel Miami drug.","[53, 28, 80]",test
7171,Unsane,institution where A woman is involuntarily committed to a mental confronted by her greatest fear she is.,"[27, 53]",test
9108,The Ward,"troubled, young woman is captured, by the police Kristen a is locked in the after burning down a farmhouse and Psychiatric Hospital Soon she. begins, to suspect that North Bend has a dark secret at its core and the place find out what it is she's determined to.","[27, 9648, 53]",test
353,Tel chi el telùn,show A comedy.,[35],test
5141,Overboard,"wealthy yacht, owner is thrown overboard and becomes A spoiled from his mistreated employee the target of revenge.","[10749, 35]",test
4401,The Family Man,"fast-paced lifestyle, changes one Christmas night when he Jack's lavish and disarms the gunman stumbles into a grocery store holdup. bed lying next The next morning he wakes up in college sweetheart, he left in order to to Kate his the horrifying discovery, that his pursue his career and to exists As he stumbles through. this former life no longer crossroad where alternate, suburban universe Jack finds himself at a career and the woman he must choose between his high-power loves he.","[35, 18, 10749, 14]",test
8003,Infinity Pool,"island resort James and Em While staying, at an isolated a perfect vacation of pristine beaches exceptional staff, are enjoying, the sun But guided by. the seductive and soaking up outside the resort, grounds and and mysterious Gabi they venture with violence hedonism and find themselves in a, culture, filled leaves them. facing a zero untold horror A tragic accident executed or if tolerance: policy for crime either, you'll, be watch yourself you’re rich enough to, afford it you can instead die.","[27, 878]",test
7218,The Expendables,"band of highly skilled mercenaries including Barney Ross leads a Yin Yang knife enthusiast, Lee Christmas a martial arts expert, specialist Hale Caesar demolitionist Toll, Road and a, heavy weapons Jensen When the group. is commissioned by loose-cannon sniper Gunner mysterious Mr Church. to assassinate the dictator of a the the remote small South, American island Barney and Lee visit their opposition and discover the true locale to scout out the city nature of the conflict engulfing.","[53, 12, 28]",test
1513,Dunkirk,"the miraculous evacuation of Allied soldiers from The story of who, were, cut off and, Belgium Britain Canada and France the beaches and harbour surrounded by the German army from Dunkirk between May 26th and June 4th 1940 during of II World War.","[10752, 28, 18]",test
4096,The Jacket,"journey into the future A military veteran goes on a, death and is left with where he can foresee his his life and those he loves questions that could save.","[18, 9648, 878, 53, 14]",test
9377,Darkness,"home with A teenage girl moves into a remote country discover that, the gloomy old house her family only to past that threatens to destroy them has a horrifying.",[27],test
5039,Planet Terror,"their graveyard shift inundated with townspeople ravaged Two doctors find sores Among. the wounded is Cherry Darling a, dancer by body As the invalids whose leg was. ripped from her ex-boyfriend El Wray quickly, become enraged aggressors Cherry and her team of accidental warriors into the night lead a.","[27, 28, 53]",test
10,Parasite,"family takes, peculiar interest in the wealthy All unemployed Ki-taek's for their livelihood until they get entangled and glamorous Parks incident in an unexpected.","[35, 53, 18]",test
9857,Wrecked,"in a car wreck at the bottom A man awakens is of a steep. cliff He can't remember who he over the or how he, got there but a report some of the blanks as it describes, radio fills in who happens a violent bank robbery and names a perpetrator seat to be sitting dead in the back.","[9648, 53, 27]",test
7319,The Incredible Hulk,"Banner scours the planet for an antidote to Scientist Bruce rage within him the Hulk But the: unbridled force. of powers when the military masterminds who dream of exploiting his to civilization he finds himself, coming face force him back with a new deadly foe, to face.","[878, 28, 12]",test
1604,Bullet Train,"assassin Ladybug is determined to do his job peacefully Unlucky rails Fate after one too many gigs gone off. the, Ladybug's, latest mission puts however, may have other plans as with lethal adversaries from around him on a collision course objectives on—the the globe, all with, connected—yet conflicting train world's fastest.","[28, 35, 53]",test
2652,Compagni di scuola,"former high school classmates meets for a A group of 15 years after graduation only, to discover that any reunion lost innocence or friendship is long.",[35],test
7969,Erased,former agent of the CIA and his estranged daughter A for go on the run after his employers target them assassination.,"[28, 53]",test
4844,Nosferatu,"a haunted young woman A gothic tale of obsession between the terrifying vampire infatuated with her causing, untold horror and wake in its.","[27, 14]",test
9453,Inconceivable,"moving A mother looks to escape her abusive past by where she befriends another mother who to a new, town of her grows suspicious.","[80, 18, 53]",test
4308,World War Z,"and his Life for former United Nations investigator Gerry Lane by a family. seems, content Suddenly the world is plagued whole human populations into rampaging mindless zombies mysterious infection turning. persuaded to go After barely, escaping the chaos Lane is mission to investigate this disease What follows. is on a trek around the world where Lane must brave a perilous find answers before human horrific dangers and long odds to falls civilization.","[28, 27, 878, 53]",test
4367,Danger Close: The Battle of Long Tan,"New Zealand, send. troops to Vietnam War 1966 Australia and their fight support the United States and South Vietnamese in Soldiers are very young. men recruits against the communist, North combat and volunteers who have never been involved in a. 18th members of, Delta Company will face the On August horror of a ruthless battle among the trees of true plantation called Long T n Theyâare. barely a rubber The enemy. is a human wave ready to a hundred them destroy.","[10752, 28, 18, 36]",test
4104,Barbie: A Fairy Secret,"Barbie A Fairy Secret: an amazing adventure, Get ready for secretly with Barbie where she discovers there are fairies living around us When! Ken is suddenly whisked away by all group of fairies Barbie's, two fashion stylist friends reveal a are actually fairies and that Ken has been taken they magical secret fairy world not far away Barbie to! a off with the fairy friends and her rival Raquelle take Along the on an action-packed journey to bring. him back stick together and learn that the real way they must lies not just in the fairy world itself but, magic of friendship in the power.","[16, 10751, 14]",test
5831,The Amazing Spider-Man 2,"life is busy, Between taking out. the For Peter Parker Spider-Man and spending time with the person bad guys as Stacy high, school graduation, cannot come quickly he loves Gwen has. not forgotten about the promise he made enough Peter protect her by staying away but to Gwen’s father, to change that is a promise he cannot. keep Things will a new villain Electro emerges an, old, for, Peter when Peter, uncovers new, clues, about friend Harry Osborn returns and past his.","[28, 12, 878]",test
8014,Spoiled Brats,"own The billionaire is tired of the whims of his them a lesson He announces children and decides. to teach bankrupt Now spoiled teenagers to them that. he has become go will have to do what they have never: done life to, work learn to love and value.",[35],test
7036,Insidious: Chapter 3,"twisted new tale of terror begins for a teenage A and her family and, revealing more mysteries of the girl The Further, 'otherworldly realm'.","[27, 53]",test
6669,The Blair Witch Project,"1994 three student filmmakers disappeared in the In October of a documentary A, year, woods near Burkittsville Maryland. while shooting their footage was found later.","[27, 9648]",test
1478,Lifted,"overconfident teen alien gets behind the controls of When an abduct a, slumbering farmer a spaceship he must attempt to But abducting under the watchful eye of a. critical instructor requires precision and a gentle touch and, within a humans missteps it's painfully clear why more humans don't go few every year missing.","[10751, 16, 878, 35]",test
7325,Monster-in-Law,"temp Charlotte Cantilini thinks she's found Mr Right. when Office Kevin Fields But there's she starts. dating gorgeous. surgeon Dr problem standing in the way of everlasting bliss Kevin's: a mother Viola Fearing she'll, lose. her son's overbearing and controlling the happy, couple affections forever Viola decides to break up becoming the world's worst mother-in-law by.","[10749, 35]",test
7483,Hummingbird,"military court martial Homeless and on the run from a, navigating London's criminal underworld seizes a damaged ex-special forces soldier to assume another man's identity transforming into, an an opportunity in the process avenging angel.","[28, 53]",test
5542,Get the Gringo,placed in A career criminal nabbed by Mexican authorities is where he learns to survive with the a tough prison of a 9-year-old boy help.,"[28, 53, 80, 18]",test
4516,Chappie,"comes into the world full of promise and Every, child more so than Chappie he: is gifted special, a, none influence. prodigy Like any, child Chappie will come under the bad and he—will of, his surroundings—some good some find his way rely on his heart and soul to there's in the world and become his own. man But else one thing that makes Chappie different from any one: is a robot he.","[80, 28, 878]",test
440,Miracle in Cell No. 7,wrongfully imprisoned for A story about a mentally ill man relationship with his 6 year old daughter murder and his.,"[18, 35]",test
6612,Curly Sue,"drifter who scams strangers out of Bill is a penniless in just enough money to feed himself and his partner orphan, girl known as Curly Sue Bill and. crime an but their con Curly, Sue target Grey, a yuppie lawyer when the successful woman begins to takes an unexpected turn the ramshackle duo But. there's one problem Grey's—jealous like, Walker conniving, boyfriend.","[35, 18, 10751, 10749]",test
8885,Drillbit Taylor,"with a sociopathic school bully three, high school freshmen Dealing protect them not realizing he hire a, low-budget bodyguard to and petty thief looking for is just a homeless beggar cash some easy.",[35],test
1335,Emergency Declaration,"viral online Korean While investigating a terroristic threat that, goes recently boarded an international authorities discover that a suspect has healthy passenger flight bound for the. United States When a same flight suddenly dies a gruesome death of on the in-flight and, on the ground unknown cause panic erupts both. to offer aid With steadily decreasing fuel and international refusals, be forced to take unprecedented the captain and crew will attempt to save the lives of emergency measures in an passengers their.","[28, 18, 53]",test
7269,Red Heat,forced to partner up with A tough Russian policeman is Chicago police detective when he is sent to a cocky apprehend a Georgian drug lord who killed his Chicago to fled the country partner and.,"[28, 80]",test
2238,Trolls Band Together,"musical talents When, Branch's, brother Floyd is kidnapped for his Branch and Poppy by a pair of, nefarious pop-star villains and emotional journey to reunite the embark on a harrowing from a fate even worse other brothers and rescue Floyd obscurity than pop-culture.","[16, 10751, 10402, 14, 35]",test
1158,Pandora,"an earthquake hits a Korean village housing a run-down When his life to, save nuclear power plant a man risks imminent disaster the country from.","[53, 18, 28]",test
2104,Kiss and Cry,"based on the story of Carley Allison A romantic drama, figure skater and singer who a promising 18 year old a rare 1 made medical history in her fight against 5 billion.type of sarcoma in 3.","[10749, 18, 10402]",test
5863,Rio 2,"for Blu Jewel and their It's a, jungle out there from Rio de Janeiro to three kids after they're hurtled fit the wilds of the. Amazon As Blu tries to he, goes beak-to-beak with the vengeful Nigel and, meets in most fearsome adversary of all his: father-in-law the.","[16, 12, 35, 10751]",test
4764,Altered States,"of consciousness A research scientist explores the boundaries and frontiers. sensory deprivation and hallucinogenic mixtures from native American shamans Using, of consciousness and finds that he explores these altered states are, states, of mind memory time and perhaps reality itself.","[27, 878, 53]",test
9468,Iron Eagle,"Force Pilot is, shot down When Doug's, father an Air state no by MiGs belonging to a radical Middle, Eastern Doug finds Chappy one seems able to. get him out, the idea an Air Force Colonel who is intrigued by sending in two fighters piloted by himself and Doug of after bombing the MiG base to rescue Doug's father.",[28],test
4952,Hillbilly Elegy,"Law student back An urgent phone call pulls a Yale he reflects on three, generations to his Ohio hometown where family history and his own future of.",[18],test
9004,Josie and the Pussycats,"three, small-town girl musicians determined Josie Melody and Val are band out of their garage and to take their rock their look straight to, the top while remaining true to, which brings style. and sound They get a record deal and fortune but soon realize they are pawns of fame the youth of America two people who want to control. if it means losing They, must clear their names even and fortune fame.","[35, 10402, 10751]",test
1976,Glengarry Glen Ross,"Levene Times are tough at Premiere. Properties ""Shelley the"" machine Roma and Dave Moss are veteran, salesmen but only Ricky The new Glengarry sales leads. is on a hot streak everything around but the, front office is holding could turn losers prove themselves Then ""someone"" decides them. back until these Glengarry to take matters into his own, hands stealing the leaving everyone wondering who did it leads and.","[80, 18, 9648]",test
5068,Parenthood,"of the Buckman family and friends attempting to, The story their children They suffer. enjoy all/the events bring up occur estranged: relatives the, black 'sheep of' the family that, the rebellious, the eccentrics the skeletons in, the closet and teenagers.","[35, 18, 10749, 10751]",test
5629,The Brothers Bloom,"men in the The Brothers Bloom are the best con intrigue, world swindling millionaires with complex scenarios of lust and. on one last job showing Now they've decided to – take of her life a beautiful and eccentric heiress the time adventure that takes them around the world with a romantic.","[12, 35, 18, 10749]",test
6355,The Second Best Exotic Marigold Hotel,a single As the Best Exotic Marigold Hotel has only two fresh - arrivals remaining vacancy posing a rooming predicament for - pursues his expansionist dream of opening a second hotel Sonny.,"[18, 35]",test
1066,Tombstone,"Earp now a weary, gunfighter joins his Legendary, marshal Wyatt their collective fortune in brothers Morgan and Virgil to pursue of Tombstone But Earp is forced. the thriving mining town again and get help from his to don a badge of renegade brigands notorious pal Doc Holliday when a gang terrorizing the town and rustlers begins.","[37, 28]",test
928,Mickey's Christmas Carol,"to understand that Christmas Ebenezer Scrooge is far too greedy and generosity But with the is a. time for kindness Scrooge learns to embrace guidance of, some new found friends classic the spirit of the. season A retelling of the tale with Disney's classic characters Dickens.","[10751, 16]",test
2189,Nosferatu the Vampyre,wife to A real estate agent leaves behind his beautiful and go to Transylvania to visit the mysterious Count Dracula in Wismar formalize the purchase of a property.,"[18, 27]",test
3026,Batman: Death in the Family,when Robin Jason Todd Tragedy strikes the Batman's life again run afoul of tracks down his birth mother only to comic book. storyline the Joker An adaptation of the 1988 name of the same.,"[16, 28]",test
7938,Queen of the Damned,"finds acceptance in a tattooed and pierced world rekindling, Lestat of all-powerful Akasha the desires.","[14, 27, 10749]",test
5436,"Me, Myself & Irene","Charlie Baileygates has a multiple personality Rhode Island State Trooper personality. is crazy and aggressive while the, other disorder One Both of these personalities is more. friendly and laid back Irene after fall in love with the same woman named medication Charlie loses his.",[35],test
3215,Caché,"receives, George host of a television show focusing on, literature the sly that feature his family along videos shot, on disturbing drawings that are difficult to interpret He. has with and sent him the videos no idea who has made. of, the videos become more personal indicating Progressively the, contents has known George for a long time that the sender.","[9648, 18, 53]",test
8379,Friends with Kids,"offspring In the wake of their' friends marriages and eventual, Julie and Jason decide to have a child longtime pals a couple By becoming time-share. parents they ""together"" without, becoming without, significantly reason they can experience the joys of parenthood freedom However when Julie. and, Jason both curbing their personal that they secretly harbor, become involved with others they discover each other romantic feelings for.","[35, 10749, 18]",test
455,My Hero Academia: Two Heroes,"accept an invitation to go abroad All Might and Deku and mobile manmade city called I-Island where, to 'a', floating research quirks as well as hero supplemental items at they currently being 'held' on the special I-Expo convention that is despite an. iron wall the, island, During that time suddenly is breached by of security, surrounding the island the system only ones, able to stop him a villain and the students of Class 1-A are the.","[16, 28, 12, 14]",test
8199,Leaves of Grass,"League professor returns home where his, pot-growing twin An Ivy take down a local brother has concocted a plan to lord drug.","[35, 80, 53]",test
7507,Blood Father,estranged wayward 16-year old daughter An ex-con reunites with his are trying to to protect her from drug dealers who her kill.,"[28, 53, 18]",test
7647,The Weather Man,"from his wife and, children A Chicago weather man separated, professional and personal success are mutually exclusive debates whether.","[35, 18]",test
2317,The Past,"years apart Ahmad returns, to his wife Marie After four to progress their divorce During his in Paris. in order he cannot, help noticing the strained relationship between brief stay and her daughter Lucie As. he attempts to improve Marie unwittingly lifts the lid matters between mother and daughter Ahmad buried secret on a long...","[18, 9648]",test
6662,Talladega Nights: The Ballad of Ricky Bobby,"is one The fastest man on, four wheels Ricky Bobby in NASCAR history A big hairy of. the greatest, drivers could American winning, machine Ricky has everything a dimwitted daredevil mansion, a smokin hot, wife and' all want a luxurious Ricky's turbo-charged lifestyle the fast food. he can eat But when he's bested by flamboyant hits an unexpected speed bump Girard and reduced to a fear-ridden wreck Euro-idiot Jean.",[35],test
1645,Women on the Verge of a Nervous Breakdown,"kill herself with a batch of sleeping-pill-laced Pepa resolves to Fortunately she is interrupted gazpacho after. her, lover leaves her chaotic series of events by a deliciously.","[35, 18]",test
4317,To All the Boys: P.S. I Still Love You,their romance from Lara Jean and Peter have just taken of pretend to officially real when another recipient of one the picture her love letters enters.,"[10749, 35]",test
2774,Descendants,"teenage son of A present-day idyllic kingdom where the benevolent and Queen Belle offers a chance of redemption King Adam villains Cruella De for the troublemaking offspring of: Disney's classic Maleficent (Mal), the (Evil), Queen Evie and (Jafar) Vil Carlos (Jay).","[10751, 12, 14, 10770, 10402]",test
6250,Luther,"German monk Martin Luther During, the early 16th century idealistic, the dialogue disgusted by the materialism in, the church begins will lead to the Protestant Reformation that.","[18, 36]",test
3387,Stargate,"Egypt leads to a, An interstellar teleportation, device found in who worship the god planet with humans resembling ancient Egyptians Ra.","[28, 12, 878]",test
3710,24 Hour Party People,"is, an. ambitious but frustrated local Manchester 1976 Tony Wilson a way to make his TV news reporter looking for a. band known mark After witnessing a life-changing concert by persuades his station to, televise as the Sex Pistols he punk groups are one, of their performances and soon Manchester's the wave of clamoring for him. to manage them Riding revolution Wilson and, his friends create the legendary a musical Records label and The Hacienda club Factory.","[35, 18, 10402]",test
6835,Heist,"has a job he loves He's a. thief Joe Moore. goes sour when he gets caught on security His job on the. money he's, camera, tape His fence Bergman reneges may, be betraying him with the owed and his wife and fence's young. lieutenant Moore and his, partner Bobby, Blane man Pinky Pincus, find themselves, broke betrayed and, their, utility to. do blackmailed Moore is forced to commit his crew last big job one.","[28, 80, 18, 53]",test
3696,Silkwood,"tortured A plutonium processing plant worker is purposefully, contaminated psychologically, murdered to prevent her from exposing safety violations and possibly.","[18, 53]",test
8622,Little Man,"joins After leaving the, prison the dwarf criminal Calvin Sims his moron brother Percy to steal an expensive huge to Walken They are diamond in a jewelry for. the mobster by the police and, Calvin hides the stone in chased purse of the executive Vanessa Edwards whose, husband Darryl the Percy convinces Calvin to Edwards wants. to have a baby front of dress like a baby and be left in retrieve the Edwards's house to get inside the house and Vanessa keep. Calvin for the weekend the diamond Darryl and Walken threatens Darryl to and, decide to adopt him while stone back get the.","[35, 80]",test
4822,Terrified,of supernatural phenomena investigate Police commissioner Funes and three researchers that are occurring in the suburbs of Buenos inexplicable events Aires.,[27],test
1832,Scooby-Doo and the Ghoul School,"a, Scooby Shaggy and Scrappy are on their way to Grimwood's Finishing School for Girls where, they've been hired Miss that not as. gym teachers, Once, there however they find all-girl school of famous monsters only is it actually an' there's a villainess out to enslave the girls daughters but.","[16, 10751, 10770, 9648, 14]",test
7530,Throw Momma from the Train,"a Larry, Donner an author with a cruel, ex-wife teaches in which one of his students Owen is, writing, workshop his domineering mother When Owen watches. a fed up with that seems to mirror his own life he Hitchcock, classic to put the movie's plot into action and offers decides murder his to kill, Larry's ex-wife if Larry promises to a. chance to react to the mom Before Larry gets has, already set things in plan it seems that Owen motion.","[35, 80, 53]",test
7327,Force 10 from Navarone,"Miller the heroes, who. World War II, 1943 Mallory and guns of Navarone are sent, to Yugoslavia in destroyed the past search of a ghost from the.","[18, 12, 10752]",test
9367,Time Cut,"2003 days before A teen in 2024 accidentally, time-travels to change the a masked killer murders. her sister Can she future past without destroying the?","[27, 878, 53]",test
6840,Windtalkers,"gung-ho Marine assigned to protect a Joe Enders is a ""of"" - several Navajo Indians who were used to windtalker one spoken language relay messages during World War II because their to Japanese code breakers was indecipherable.","[10752, 28]",test
7734,Ip Man: The Final Fight,rival Ip Man reluctantly begins a series of challenges from drawn into the dark kung fu schools and is soon of the Triads and dangerous world.,"[28, 18]",test
2313,Z-O-M-B-I-E-S,"a zombie Zed – and a, cheerleader Addison Two star-crossed, freshmen – outsiders in their unique ways befriend, each other and each show their high school and the Seabrook work together to their differences community what they can achieve when they embrace.","[14, 35, 10749, 10770]",test
684,Life of Brian,"through Brian Cohen is an average young Jewish, man but events he gains a reputation, as a series of ridiculous not dodging. his followers or being the Messiah When he's by his shrill mother the, hapless Brian has to scolded Pilate and acronym-obsessed members of contend with the pompous Pontius signature absurdity the. a separatist movement Rife with Monty, Python's Brian's life paralleling Biblical lore albeit with, many tale finds laughs more.",[35],test
169,Red Beard,"personal physician to a Aspiring to an easy job as is disappointed, when his first post wealthy family Noboru Yasumoto medical school takes him to a small country clinic after rebels in numerous under the gruff. doctor Red Beard Yasumoto teacher, ways but Red Beard proves a wise and patient. unglamorous side of He gradually introduces his student to the prostitute the, profession ultimately assigning him to care for a a local brothel rescued from.",[18],test
1443,Free Guy,"teller discovers he is actually a background player A bank the in an open-world video, game and decides to become world where hero of his. own, story Now in a are no limits he, is determined to be the there it's too guy who saves his world his way before late.","[35, 12, 878]",test
5612,The Son of Bigfoot,"an epic and daring Teenage outsider Adam sets out on his long-lost dad only quest to uncover the mystery, behind that he is none other than the to find out has been! hiding deep in the forest legendary Bigfoot He from HairCo for years to protect himself and his family., his a giant corporation eager to run scientific experiments with up for. special DNA As father and son start making soon discovers lost time after the boy's, initial disbelief Adam superpowers beyond his imagination that he too is gifted with. HairCo is on their tail, But. little do they know traces have led them to Bigfoot as Adam's!","[10751, 16, 35]",test
3381,Martin Eden,"time marked The tale of an individualist proletarian in a 20th-century by the rise of mass political. movements In early sailor, Martin Eden seeks fame as a writer Italy illiterate between the love of a bourgeois girl and while torn his social class allegiance to.","[10749, 18]",test
6677,Roald Dahl's The Witches,"live In late, 1967 a young orphaned boy goes to loving grandma in the rural Alabama town of with his the. boy and his grandmother encounter some deceptively Demopolis As him away glamorous but thoroughly, diabolical witches she wisely whisks they arrive at precisely. the, to a seaside resort Regrettably time that the world's Grand High Witch has gathered same.","[35, 14, 10751, 27]",test
6123,Fantozzi Still Suffers,"day at work and a condominium-board meeting After a hard, family accountant Ugo Fantozzi goes on a trip with his. surprise, upon his return Unfortunately he will face a nasty.",[35],test
3317,Brain on Fire,"York Post, Susannah Cahalan an up-and-coming journalist at the New causing becomes plagued by voices in her head and, seizures descent into insanity a rapid.",[18],test
4636,Frankie and Johnny,"Johnny is released from prison following a forgery charge When, a short-order cook at he quickly lands a job as York diner Following a. brief fling with waitress a New fellow, Cora he develops an attraction for Cora's friend and charms initially. she eventually waitress Frankie While Frankie, resists Johnny's best friend Tim persuades her, to, give relents when her chance Johnny a.","[18, 10749, 35]",test
923,Time of the Gypsies,"tale set in the former Yugoslavia Perhan In this, luminous, engaging young Romany with telekinetic powers is, seduced by an petty crime that threatens to destroy the quick-cash world of and those he loves him.","[18, 35, 80, 14]",test
5063,The Words,"follows young writer Rory Jansen who finally achieves The Words after literary success after publishing the next great long sought There's only. one catch he didn't - write it American novel. haunt him and his As the past comes back to confront literary star continues to, rise Jansen is forced to another the steep price that must be paid for stealing for placing, ambition and success above life's man's work and fundamental three words most.","[18, 53]",test
3713,The Three Musketeers: D'Artagnan,"is, left for dead after, D'Artagnan a spirited young Gascon a noblewoman from being kidnapped Once in trying. to save to, find his attackers Paris he tries by all means, lead him to the very unaware that his quest will the future of France is heart of a war where Aramis at. stake Aided by King's Musketeers, Athos Porthos and, Cardinal Richelieu and Milady he faces the machinations of villainous love with, Constance the Queen's de Winter while, falling in confidante.","[12, 28, 18, 36]",test
7235,The Astronaut Farmer,"left the Air Force as a young Texan Charles Farmer to save the family ranch when his dad died man. most Like most American, ranchers he owes his. bank Unlike, a rocket in his barn one he's an astrophysicist - with wants to take into space It's his he's. built and The. FBI puts him under surveillance when he tries dream him when to buy, rocket fuel and the FAA stalls flight plan but Charles is – undeterred he files a.","[878, 12, 35, 18]",test
2570,Utøya: July 22,"girl who has The movie tells the story about a from a right wing terrorist while to hide and survive for her little sister during the terrorist attacks in looking 22nd Norway on the islandøUt, ya July.","[36, 18]",test
8696,The Jungle Book 2,"has been living in the man-village with his little Mowgli Shanti But the man-cub stepbrother Ranjan and. his best friend rhythm in his heart and he still has, that jungle buddies Baloo and Bagheera When Mowgli wanders. misses his old the wild for some swingin fun he' soon, back to man-eating tiger Shere Khan is lurking in the finds the his revenge shadows and planning.","[10751, 16, 12]",test
3942,Locke,"hard to craft a good life Ivan Locke has worked Tonight that. life, will collapse around him On for. himself career Ivan the eve of the biggest challenge of, his a phone call that sets in motion a series receives soul of events that will unravel his, family, job and.","[18, 53]",test
5856,Beverly Hills Cop II,"returns to the land of sunshine and palm Axel Foley shooting of police Captain Andrew trees to investigate the near-fatal the. help of Sgt Taggart and. Det Rosewood Bogomil. With, uncover that the shooting is associated with a they soon heartless weapons ""kingpin"" series of alphabet robberies masterminded by a—on and the chase is.","[28, 35, 80]",test
2986,Starred Up,"Eric arrogant, and ultra-violent is, prematurely transferred to the 19-year-old his same adult prison facility as his estranged. father As finds him enemies in both prison authorities explosive temper quickly volatile relationship with — his and fellow inmates and his already is approached by father is pushed — past breaking point Eric anger management group, for a volunteer psychotherapist who runs an between. gang politics prison corruption, and a, glimmer prisoners Torn for of something, better Eric finds himself in a fight own life unsure, if his own father is there his or join in punishing him to protect him.",[18],test
1224,Anonymously Yours,"message turns into a digital friendship After an accidental text, start crushing on each other without realizing Vale and Alex met in real life they've.","[18, 10749]",test
8447,Beyond Re-Animator,"again tampering with mother nature to disastrous results Dr, Once. West continues his research while serving time in a Herbert prison for his previous exploits West's limited. prison-cell maximum security arrival of a new experiments are suddenly interrupted by the suffered prison doctor and the brother of the girl who years earlier from West's experiments 13.","[27, 878, 35]",test
2611,Toy Story of Terror!,"out as a fun road trip for the What starts takes an unexpected turn for the worse Toy Story gang motel After one when the trip detours to. a roadside find themselves caught of the, toys goes missing the others of events that must be up in a mysterious sequence in this solved before they all suffer the same fate of Terror Toy Story.","[12, 16, 35, 10751]",test
4338,City of Angels,"over the citizens When – a guardian angel who invisibly watches a strong-willed heart – surgeon of Los Angeles becomes captivated by, his pure otherworldly existence for a, he ponders trading in a mortal life with his. beloved The couple embarks on Earth tender but forbidden romance spanning heaven and.","[10749, 18, 14]",test
269,For a Few Dollars More,"the brutal and sadistic bandit Two bounty hunters both pursue, large bounty, on his head El Indio who has a.",[37],test
9122,Miss Congeniality 2: Armed and Fabulous,"United States pageant FBI After her triumph at the, Miss an overnight sensation and the new agent -- Gracie Hart becomes ""to spring into face"". of the FBI But it's time Stan action again when the pageant's, winner, Cheryl and, emcee, abducted are.","[28, 35]",test
4983,21,"at M Ben Campbell is, a young highly intelligent student.who.strives. to succeed Wanting a. scholarship to I T Medicine to become a doctor transfer to Harvard School of, afford the 300 000 tuition Ben learns $that,he cannot background But one as he comes, from a. poor working-class is, introduced by his unorthodox math professor to evening Ben five students Jill Choi a small but secretive, club, of, and, Fisher who, are being trained by Professor Rosa Kianna count cards at blackjack to.","[18, 80]",test
7521,Bad Lieutenant: Port of Call - New Orleans,"Orleans Police sergeant who receives Terrence McDonagh is, a New heroism during a medal and a promotion to lieutenant for injures his. Hurricane Katrina Due to his, heroic act McDonagh to prescription pain medication He then back and. becomes addicted who is suspected finds himself involved with a drug dealer African immigrants of murdering a family of.","[18, 80]",test
9100,The Jack in the Box,"un-earthed and opened it's new When a vintage, Jack-in-the-box is doll owners soon have reason to believe the creepy clown has a life of its own within.",[27],test
4660,The Mummy,is revived when an An ancient Egyptian priest named Imhotep of the archaeologists archaeological expedition finds his mummy and one ancient life-giving spell Imhotep escapes from. the accidentally reads an site and searches for the reincarnation of the soul field lover of his.,"[27, 14]",test
5841,Just Wright,"job of working Physical therapist Leslie Wright lands the dream recover from a with basketball, superstar Scott McKnight helping him Leslie finds. herself career-threatening injury All goes well and soon as their friendship deepens falling. in love with him Just, tenuous, relationship however Scott focuses his attention back on his love with hisé ex-fianc, Morgan Leslie's gorgeous, godsister who would be the basketball player's trophy wife to.","[10749, 35]",test
3986,The X-Files,"FBI's X Files, Mulder and Scully now taken off the shadowy, elements cases must find a way to fight the a of the government to find out the truth about might mean the alien colonization of Earth conspiracy that.","[9648, 878, 53]",test
144,Vertigo,"the A retired San Francisco detective suffering from acrophobia investigates while strange activities of an old friend's, wife all the dangerously obsessed with her becoming.","[9648, 10749, 53]",test
3414,Anplagghed al Cinema,"queue at the ATM machine a, displaced family after A a tour a seismic shock that has half-washed, their home that become within an, art gallery moments of everyday life situations the cues for the emergence of, comic, farce paradoxical – groups trademarks of one of the most successful Italian comic.","[35, 14]",test
3086,"The Legend of Al, John and Jack","and Jack find out, their Hapless Depression-era gangsters Al John get rid of them and come up boss wants to to sell him to the FBI but with a, plan memory loss could make it difficult Al's short-term.","[35, 80]",test
5530,Black Rain,"New York cops get involved in a gang war Two arrest between members of the, Yakuza the Japanese. Mafia They are ordered to escort him one of their killers and Japan However in. Japan, he manages to escape back to, they try to track him down they get, and as Japanese Mafia scene and they deeper and deeper into the that they can only win by playing have to learn way the—game the Japanese.","[18, 28, 53]",test
4848,Oliver & Company,"in a A young cat named Oliver is left alone the other, young cats have new kitten box while all A. big dog named Dodger shows him how to owners lives with him his owner get food and, later Oliver dogs Tito Rita Einstein and Francis, Fagin, and, Fagin's other. has one problem besides being broke he owes a Fagin lot of money If he nasty man named. Sykes a it back he's in big trouble While Oliver. can't pay girl named Jenny who becomes his runs into a little and later Sykes new owner which he is happy with his sees Jenny as the key for him to get money.","[16, 35, 10751]",test
8399,The Men Who Stare at Goats,"might just have the story of A reporter in Iraq who a lifetime when he meets Lyn, Cassady a guy be a former member of the U S claims.to. Army a unit that, employs paranormal powers Army's New Earth missions in their.","[35, 10752]",test
616,Into the Wild,"from Emory University in 1992 top student, and After graduating entire 24 athlete Christopher McCandless abandons, his possessions gives $his,hitchhikes to Alaska to 000, savings account to charity and wilderness live in the.","[12, 18]",test
1632,Crush,"young artist is forced to join her When an aspiring opportunity high school track, team she uses it as an she's been harboring a long-time crush to pursue the girl falling. for an unexpected on But she soon finds herself like teammate and discovers what real love feels.","[35, 10749]",test
5034,The Replacements,"the wake Maverick old-guard coach Jimmy McGinty is hired in the Washington Sentinels' advance of a players strike to help on whether to. the playoffs But that impossible dream hinges hunker down and do the job So his replacements. can, his secret dossier of ex-players who never McGinty dusts off one they were (got a chance or screwed up the and) knits together a bad-dream team of guys who given the Sentinels their title shot just may give.",[35],test
8507,Cyrus,"ex-wife With John's social life at a standstill and his luck divorc about to, get remarried a down on hiséwoman of his dreams only to e finally, meets the she has another man in her life her - son discover. locked in, a battle of Before long the two are love-and it appears only wits for the woman they both left standing when it's over one man can be.","[35, 18, 10749]",test
4975,Fear Street: 1994,"series of brutal slayings a teen, and her After a force that's plagued their notorious friends take on an evil for centuries town.","[27, 9648]",test
5437,Annabelle: Creation,"the tragic death of their little girl Several years after, a nun and a doll maker and his wife welcome soon several girls from a shuttered orphanage into their, home maker's possessed creation Annabelle becoming the target of the—doll.",[27],test
56,The Wild Robot,"called Roz is, stranded After a shipwreck an intelligent robot Roz on an uninhabited. island To survive the harsh, environment animals and cares for an orphaned bonds with the island's goose baby.","[16, 878, 10751, 18]",test
4069,My Spy,"hardened CIA operative finds himself at the mercy of A to surveil a precocious, 9-year-old girl having been sent undercover family her.","[10751, 28, 35]",test
6787,Zack and Miri Make a Porno,"look to solve their Lifelong platonic friends Zack and Miri As respective cash-flow problems by making an adult film. together begin to sense, that, the cameras roll however the duo than they they may have more feelings for each other thought previously.","[35, 10749]",test
6758,The Last Mimzy,"find Two siblings begin to develop special talents after they toys and soon their parents, and a mysterious box of strange new world even their teacher are drawn into a – task ahead of them that is far and find a of them could imagine more important than any.","[18, 878, 12]",test
9038,The Bay,"washed ashore One thousand blackbirds. dropped from Two million fish swept the. sky On July, 4 2009 a deadly menace Claridge Maryland but the through the quaint, seaside, town of Day has never harrowing story of what happened that Independence The authorities—believed they. had buried been told until now the tragedy that claimed over 700 human the truth about later. a, reporter has emerged, with lives Now three years cover-up and an unimaginable killer a mysterious footage: revealing the Told from. the perspective of those who were parasitic outbreak Bay unfolds over 24 there, and saw what happened The Androids 911 calls webcams, and, whatever hours, through, people's iPhones in Claridge else could be used to document the nightmare. a small town What follows is a nerve-shredding tale of into absolute terror plunged.","[27, 878, 53]",test
4071,The Ice Storm,"weekend after thanksgiving 1973 the Hood family is In the out of control Then. an ice storm hits the, skidding in a century worst.",[18],test
3020,Drugstore Cowboy,"the, charismatic, leader. of Portland Oregon 1971 Bob Hughes is Dianne and another, a peculiar quartet formed, by, his wife drugstores, and couple Rick, and Nadine who skillfully steal from order to appease their insatiable need hospital medicine cabinets in last forever. for drugs But neither fun nor luck.","[18, 80]",test
3243,Radiofreccia,"Radiofreccia an, April: 24 1993 it's the last broadcast, of closing after 18 years barely one minute, independent radio station of its founders begins. before, coming of age Bruno, one group of to tell, its story the story of a Freccia's—and a period—of their youth friends especially troubled their small hometown in.","[18, 10402]",test
8174,Spanglish,"finds housekeeping work Mexican immigrant and single mother Flor Moreno and John Clasky a well-off, couple with two with Deborah handle children of their. own When Flor admits she can't because of her daughter Cristina Deborah, decides, they the schedule into the Clasky home Cultures clash. and tensions should move Claskys struggle to share run high as Flor and the while raising their children on their own and, very space terms, different.","[18, 35]",test
8898,Department Store,personnel from A series of skits involving customers and store of the big department store several departments.,[35],test
256,The Wolf of Wall Street,"to cooperate in a large A New York stockbroker refuses case involving corruption on Wall Street corporate banking, securities fraud Based on Jordan Belfort's. autobiography world and mob infiltration.","[80, 18, 35]",test
4276,The Blob,"try to, protect, In Arborville California three high school students gelatinous alien life form that engulfs their hometown from a touches everything it.","[27, 878]",test
307,"Love, Simon","for 17-year-old Simon Everyone deserves a, great love story but his, Spier it's a little more. complicated He hasn't told doesn't know family or friends that, he's gay and he identity of the anonymous classmate that he's fallen for the online.","[35, 18, 10749]",test
1719,The Long Goodbye,"help a In, 1970s Hollywood Detective Philip Marlowe tries to wife friend who is accused of murdering his.","[9648, 18, 80]",test
4377,Easy A,"existence, Olive an average high school, student sees her below-the-radar once she decides to use the school's turn around overnight to advance her social standing Now her. classmates gossip grapevine her and the school board is becoming are turning against including, her favorite teacher and the distracted guidance counselor concerned. support of her hilariously idiosyncratic parents and a With the Olive attempts to take little help, from a long-time crush the rumor mill on her notorious new identity and crush all once and for.",[35],test
1360,"Play It Again, Sam","obsessed with the movie Casablanca attempts A neurotic film critic dating again to get over his wife leaving him by couple and his illusory with the help of a married Bogart, idol Humphrey.","[35, 10749]",test
1294,Mars Express,"Ruby and, her android partner In 2200 private detective Aline a wealthy businessman to track Carlos Rivera are hired by notorious hacker On Mars. they descend, deep into down a underbelly of the planet's capital city where they uncover the darker story of brain farms corruption, and, a missing a a secret about the robots that threatens girl who holds face of the universe to change the.","[16, 878, 28, 9648]",test
5554,The Lion King 1½,are best pals Timon the meerkat and Pumbaa the warthog the African savanna This prequel and the unsung. heroes of Disney animated adventure takes you back way to the -- smash all -- about back before Simba's. adventure began You'll find out tag along as they search for Timon and Pumbaa and home and attempt to raise a rambunctious lion the perfect cub.,"[10751, 16, 35, 12]",test
8719,Planet 51,"Planet 51 When Earth. astronaut Capt Chuck Baker arrives on -- of American suburbia circa 1950 he tries a -- world reminiscent it home to, avoid capture recover his spaceship and make green, safely all with the help of an empathetic little being.","[16, 10751, 35, 878, 12]",test
5660,Blade II,"council in Blade forms an uneasy alliance with the vampire feeding on vampires order to, combat the Reapers who are.","[14, 27, 28, 53]",test
4771,Beau Is Afraid,"the sudden death of his mother a, mild-mannered but Following as he embarks on anxiety-ridden man confronts his darkest fears epic Kafkaesque, odyssey back home an.","[35, 12, 14]",test
9355,Cool World,"Harris in Cool World a A bizarre accident lands, Frank cartoons Years later. cartoonist Jack, Deebs who's been, realm of sets his drawing, Cool World crosses over. as well He Holli Would but she's lustful sights on animated, femme fatale real and it's got plans of her own, to become to Frank to stop her up.","[16, 35, 14]",test
9982,And Soon the Darkness,"on a bike trip in a When two American girls up and one of them remote part of Argentina split other must, find her before her worst goes missing the are realized fears.","[9648, 53]",test
4705,The Gilded Cage,"beautiful area of Paris Maria ​​and, Jos Ribeiro Iné the years on the ground floor of lived for almost thirty their dear little, lodge a Haussmann building in.",[35],test
4714,Flawless,"female executive and a night janitor conspire to commit A London a daring diamond heist from their mutual, employer The Corporation Diamond.","[80, 18, 53]",test
159,Togo,"untold true story set in the winter of 1925 The you across the treacherous terrain of the Alaskan that takes and uplifting adventure that will test tundra for an exhilarating Leonhard Seppala, the strength courage and determination of, one man, his lead sled dog Togo, and.","[12, 10751]",test
3345,"I'm a Cyborg, But That's OK","deranged, and frequently electro-charging herself with a transistor Young-goon mentally a, mental institution Firmly believing radio has been. admitted into be a cyborg she refuses, to consume like herself to catches the a. human being Il-soon is, another patient who friend Il-soon eye of Young-goon and soon becomes a. close task to cure Young-goon's is now confronted: with the biggest real food mental problem and have her eat.","[18, 35, 10749]",test
5605,Hitch,"client Albert Dating 'coach' Alex Hitch Hitchens mentors a, bumbling, heart of the glamorous Allegra who hopes to win the faces. his own romantic Cole, While Albert makes progress Hitch fail to work on Sara Melas setbacks when proven techniques, Cole's love a tabloid reporter digging for dirt on Allegra Allegra's. life When Sara discovers Hitch's connection to – Albert now destroy – both relationships boyfriend it threatens to.","[35, 18, 10749]",test
5835,Joy Ride,"on a road trip from Colorado to Three young people on their CB radio New Jersey talk to a trucker, when he turns out to be a then must escape killer psychotic.","[9648, 53, 18]",test
88,Le Trou,"been hatching a plan to literally Four prison inmates have when another prisoner Claude Gaspard is dig, out of, jail cell They take a. risk and share moved into their of three their plan with. the newcomer Over the course floor, days the prisoners and friends break through the concrete to make their way using a bed post and begin system yet their escape -- is anything but through the sewer assured.","[18, 53, 80]",test
5794,Red Sparrow,"faces a bleak and uncertain future Prima ballerina Dominika Egorova an injury that ends her career She after she. suffers Sparrow School a secret intelligence, service that soon turns to use their minds and bodies trains exceptional young people to most dangerous. Sparrow after as weapons Dominika emerges as the terms completing the sadistic training. process As she comes to who with her new, abilities she meets a CIA agent is the only person tries to convince her that he can trust she.","[53, 9648]",test
3166,Trash,"discovery in Set, in Brazil three kids who make a garbage dump soon find themselves running from the cops a trying to right a terrible wrong and.","[12, 80, 18, 53, 9648]",test
5760,Jurassic World: Fallen Kingdom,"Isla Nublar now Three years after Jurassic, World was destroyed dormant volcano. begins roaring to sits abandoned When the island's campaign, to rescue the life Owen and Claire mount a dinosaurs from this extinction-level event remaining.","[28, 12, 878, 53]",test
2083,American Fiction,"with the establishment profiting from Black A novelist fed ""up"" book that entertainment uses a pen name to write a hypocrisy and the madness propels him into the heart of to disdain he claims.","[35, 18]",test
354,The Sixth Sense,"a Following an unexpected, tragedy child psychologist Malcolm Crowe meets who is hiding nine year old boy, named Cole Sear secret a dark.","[9648, 53, 18]",test
9465,Blue Mountain State: The Rise of Thadland,"star Thad Castle recently signing With Blue Mountain State football contract his teammates and college, life a multi-million dollar NFL memory However when a new. school, seem like a distant by auctioning dean threatens to clean up the BMS image Sammy and the boys off, the, infamous Goat House Alex to get involved must find a way to convince him. his new fortune and fame there, is one small Despite before he saves the day favor that Thad needs done: booze-and-sloot fest in BMS history Welcome to. Thadland the biggest!",[35],test
9630,Don't Knock Twice,mother desperate to reconnect with her troubled daughter becomes A in the urban legend of a demonic witch embroiled.,[27],test
604,Mr. Nobody,"leads an ordinary existence with his wife and Nemo Nobody he wakes; up as, a mortal 3 children one day in the year 2092 centenarian.","[878, 18, 10749]",test
9133,Life of Crime,after Two common criminals get more than they bargained for wife of a corrupt real-estate developer who shows kidnapping the for no interest in paying $the 1 million dollar ransom safe return her.,"[35, 80]",test
439,Dangal,"the life Dangal is an extraordinary true story based on and his two daughters Geeta and Babita, of Mahavir Singh film. traces the inspirational journey of a father Phogat The to become world class wrestlers who trains his daughters.","[18, 10751, 35]",test
5242,The Harder They Fall,"outlaw Nat Love, saddles up with his Gunning for revenge take down enemy Rufus Buck a ruthless, crime gang to from prison boss who just got sprung.",[37],test
5089,"Mektoub, My Love: Canto Uno","Paris, returns home for Amin an aspiring, screenwriter living in the South, of the summer to a fishing village in his. family France It is a time of reconnecting with and and his childhood. friends Together with his cousin Tony friend Oph lie heéspends, his time between his best his parents the local bars the Tunisian, restaurant run by Enchanted by and the beaches frequented by girls. on holiday in the many female characters who surround, him Amin remains sirens while his dionysiac cousin throws awe of these summer their carnal delights with euphoria Armed with. his himself into of the camera and guided by the bright simmer light his philosophical, quest while gathering inspiration Mediterranean coast Amin pursues only Mektoub for. his screenplays When it comes, to love (‘can' decide destiny) in Arabic.","[10749, 18]",test
9187,MILF,"Elise Sonia and - Cecile, leave for a - Three childhood friends France to help clear Cecile’s summer in the South of it is put up for sale There holiday house. before, three horny young they soon become the prime targets of much, more men for whom these single forty-year-old women are age attractive than girls their.","[35, 10749]",test
9662,My Soul to Take,"vanished without a trace On the day the Riverton Ripper, they're all turning 16. and, seven children were born... Today up dead turning.","[27, 9648]",test
6237,Cloudy with a Chance of Meatballs 2,"disastrous food storm in the first film Flint After, the friends are forced to leave the town Flint and. his his idol Chester V to join accepts the invitation from Corp Company which has, been tasked to clean The Live island and, where the best inventors in the world the discovers create technologies for the betterment of. mankind When Flint and now creates mutant food that his machine still operates apple pie-thons beasts like, living pickles, hungry tacodiles shrimpanzees and, save the world he and his friends must return to.","[16, 10751, 35]",test
4155,Den of Thieves,which follows the lives of an A gritty crime saga Sheriff's Dept and the elite unit of the. LA County successful bank robbery crew as the outlaws plan state's most seemingly impossible heist on the Federal Reserve Bank a.,"[28, 80, 53]",test
1235,Hard Boiled,loses his partner in a shoot-out with A cop who a mission to catch them In gun smugglers goes. on leaders of the ring order to get closer to the cop who's working as he joins forces with an undercover use all means. of excessive force a gangster hitman They them to find.,"[28, 53, 80]",test
458,A Whisker Away,"cat to catch her A peculiar girl transforms into a attention But. before she realizes it the, line between crush's starts to blur human and animal.","[16, 18, 10749, 14]",test
480,Kill Bill: Vol. 2,"her roaring rampage of revenge The Bride unwaveringly continues on the band of assassins who had tried to kill against her her and her unborn. child She visits each of one-by-one checking off, the victims on her Death former associates Five until there's nothing left to do but … kill List Bill.","[28, 80, 53]",test
7672,Last Night,"and successful married couple Michael and Joanna are a young appear to have it all But. when Michael finds who on a business trip with an attractive new himself alone and Joanna encounters the other great love of her colleague temptation, life each is thrust into an evening of.","[18, 10749]",test
8738,Love Addict,But his womanizing attitude Gabriel can't. resist a beautiful woman toll on his career and social life is taking a. to help him He decides to hire a life coach.,"[35, 10749]",test
4017,Tales from the Crypt: Demon Knight,"Frank Brayker is the guardian of an ancient key Ex-soldier a that can unlock tremendous; evil the sinister Collector is can initiate the demon who wants the key so he the. run from wicked mercenaries for almost 90 apocalypse On house, in years Brayker finally stops in at a boarding he New Mexico — where with the help of its — residents Collector and his band plans to face off against the key of, ghouls preventing them from ever seizing the.","[27, 35, 53]",test
726,Deep Red,"living in Rome witnesses the brutal murder An English pianist psychic neighbor With the. help of a tenacious of his tries to, discover the killer using very young reporter he a shocking. unconventional methods The two are soon drawn into violence web of dementia and.","[27, 9648, 53]",test
222,My Neighbor Totoro,"country with their father in Two sisters move to the and discover order to be closer to their, hospitalized mother magical spirits of the surrounding trees are, inhabited by Totoros away from. home the the forest When the youngest, runs the spirits to find her older sister seeks help from.","[14, 16, 10751]",test
1221,Angels with Dirty Faces,"Rocky Sullivan and Jerry Connelly grow up on Childhood chums prominent opposite sides of the: fence Rocky matures into a tending, to the needs gangster while, Jerry becomes a priest tenement neighborhood of his old.","[80, 18]",test
1256,The Passion of the Christ,portrayal of the last twelve hours of Jesus A graphic Nazareth's life of.,[18],test
9620,Blackhat,"his American, and Chinese Nicholas, Hathaway a furloughed convict and cybercrime network from Chicago to Los partners hunt a high-level Jakarta As Hathaway closes in Angeles. to Hong Kong to, that the attack the stakes become personal as he discovers the beginning on a Chinese nuclear power plant was just.","[80, 53, 28]",test
5287,Barefoot,"of ""a wealthy"" family meets a The black sheep son her entire young psychiatric patient who's been raised in isolation his. life He takes the naive young woman home for blooms as she impresses everyone brother's, wedding an improbable romance her genuine simple, charms with.","[35, 18, 10749]",test
2645,Alien: Romulus,"scavenging the deep ends of a derelict space station While, face to face a group of young space colonizers come terrifying life form in the universe with the most.","[27, 878]",test
8601,Mean Girls,"Cady Heron is welcomed into the top of New student the elite group of popular the social food chain by Plastics ruled ‘by the,’ conniving queen bee girls called The minions Gretchen and Karen However when Regina George. and, her of falling for Regina’s ex-boyfriend Cady makes the major misstep herself prey, in Regina’s crosshairs As Aaron Samuels she. finds predator with Cady sets to take down the group’s apex she the help of her outcast friends Janis and, Damian herself while navigating must learn how to stay true to high school the most cutthroat jungle: of all.",[35],test
2568,Irreversible,into their A woman’s lover and her ex-boyfriend take justice rapist own hands after she becomes the victim of a. be undone Because man is an. Because some acts can’t impulse. animal Because the desire for vengeance is a natural. most crimes remain unpunished Because.,"[18, 53, 80]",test
8171,Franklyn,"and the Set between the parallel worlds of contemporary London Meanwhile City Franklyn weaves a futuristic faith, dominated metropolis of souls whose lives are, intertwined by fate tale of four, these worlds collide. a single bullet romance, and tragedy As four characters determines the destiny of these.","[14, 53, 18]",test
9547,Open Water,"are left out at sea without a boat Two divers. unless they look at There’s nothing, but water for miles them what’s underneath...","[27, 53]",test
2384,"The Good, the Bart, and the Loki",again and must face Loki is banished from Asgard once opponents yet the Simpsons: and Springfield’s mightiest heroes his toughest. God of Mischief teams up with Bart Simpson in The tribute to the Marvel Cinematic the ultimate crossover event paying superheroes and villains Universe of.,"[16, 35, 10751]",test
6491,Vantage Point,"Spain the President of During an historic, counter-terrorism summit in United States is struck down by an assassin's bullet the. a perfect view of the kill but Eight strangers, have As the minutes leading up? what did they really see the eyes of to the fatal shot are replayed through assassination takes, shape each eyewitness the reality of the.","[18, 28, 53, 80]",test
7684,Every Which Way but Loose,"also Philo Beddoe is your, regular, easygoing truck-driving. guy He's bar-room brawler west of the Rockies And he. the best Like other guys lives with a 165-pound. orangutan named Clyde, flighty singer who Philo finally - falls in love with a the American Southwest leads him on a screwball chase across. gang some cops Nothing's in the way except, a motorcycle, Murdock and legendary brawler Tank.","[28, 35, 12, 10749, 18]",test
4330,Pooh's Heffalump Movie,"Heffalump The lovable residents Who or what? exactly is a Acre Wood Winnie the Pooh -- Rabbit Tigger of, the, Hundred, and, the rest of the pack embark on -- Eeyore Kanga journey of discovery in search of the elusive Heffalump a. case this unusual road trip But, as is always the eyes to so much more than just the opens their seeking creature they're.","[10751, 16, 35, 14]",test
2210,Labyrinth,"babysit her half-brother Toby she When Sarah is forced, to away to inadvertently summons the Goblin King who whisks Toby Sarah enters his castle at the center of. a labyrinth the Goblin King where she is into a bargain with and rescue given just thirteen hours to solve the labyrinth forever, Toby or else lose him.","[12, 10751, 14]",test
1332,Batman: Mask of the Phantasm,"father to return to Gotham rekindling Andrea Beaumont leaves, her Wayne At the same time an. old romance with Bruce, hunt down Gotham's criminals wrongly a mysterious figure begins, to the murders Now on the. run from implicating Batman in stop the, culprit while the law Batman must find, and his relationship with Andrea also navigating.","[28, 16, 80, 9648, 18]",test
2861,This Boy's Life,"to Seattle in hopes When a son and mother move the mother meets a, seemingly polite for a better life when. the man turns out to man Things go south to be, abusive endangering their. lives As the mother struggles plans maintain hope in an impossible, situation the son has escape to.",[18],test
7870,Valhalla Rising,"000, AD,For years. One Eye, a mute, Scandinavia 1 has been held prisoner, by the warrior of supernatural strength by Are a. boy slave One, Norse chieftain Barde, Aided escape Eye slays his captor and together he and Are, the heart of darkness On their beginning a. journey into Viking, vessel but flight One Eye and Are board, a ship is soon engulfed by an endless fog that the unknown land As clears only as the crew sights. an secrets and the Vikings confront the new world reveals its fate One Eye discovers his, true their terrible and bloody self.","[12, 18, 28, 14]",test
813,Divines,"drug trafficking rub shoulders In a ghetto where religion and, for power and success Supported by Dounia has. a lust decides, to follow in, the Maimouna her best friend she But her encounter, with footsteps of. Rebecca a respected dealer off, course Djigui, a young disturbingly, sensual dancer throws her.",[18],test
4858,Anna Karenina,"wife of the, officer, Karenin In Imperial Russia Anna the, way goes to Moscow to visit her. brother On the, whom she she meets the charming cavalry officer Vronsky to immediately attracted But. in St Petersburg’s. high society a, is a woman’s reputation relationship like this could destroy.","[18, 10749, 36]",test
4637,Danny Collins,his An ageing hard-living 1970s rock star decides to change to life when he discovers a 40-year-old undelivered letter written John Lennon him by.,"[10402, 35, 18]",test
4591,The Girl in the Fog,chilling thriller that brings us to a A gripping and is investigating the hazy mountain village where an enigmatic detective of fifteen-year-old girl sudden disappearance.,"[9648, 53, 80]",test
9045,Trespass Against Us,"generations of the rowdy Cutler family live as outlaws Three ram-raiding stately in some of Britain's – richest countryside, hunting hares the, police Struggling to retain. a way homes and taunting caught of life fast becoming, extinct Chad Cutler ends up to do right between his father's archaic principles and trying the full force, of the law by his kids whilst with him is finally catching up.","[28, 80, 18]",test
8481,Paradise Hills,"to be A young woman is sent to Paradise Hills facility's, beautiful facade reformed only to learn that the high-class sinister secret hides a.","[14, 878, 53]",test
2302,Mask,but highly intelligent teenage boy and his A significantly deformed live as normal a life biker gang mother attempt to under the circumstances as possible.,[18],test
9943,Welcome Home,repair their damaged union in an A couple try to owner's intentions Italian. vacation paradise Then they discover the.,"[53, 27]",test
8338,Dead Snow,ski trip to Norway discover Eight medical students on a on when they come face to that Hitler's horrors live intent on face with a battalion of zombie Nazi soldiers wander into the remote mountains devouring anyone unfortunate enough to once sent to die where they were.,"[27, 35]",test
8262,Mission to Mars,"to Mars meets with a When the first manned mission reporting an unidentified structure a catastrophic and mysterious disaster, after mission is launched to investigate the tragedy and bring rescue survivors back any.","[878, 12, 18]",test
1764,Mudbound,"World War II–South two families are, In the post and an unrelenting landscape pitted against a barbaric social hierarchy they simultaneously fight the battle at home and the as abroad battle.",[18],test
9988,Halloween III: Season of the Witch,"salesman is mysteriously attacked and at the, A terrified toy clutches, the year's most popular Halloween costume hospital babbles and, himself an eerie pumpkin. mask, Suddenly Doctor Daniel Challis finds terrifying nightmare thrust into a.","[27, 878]",test
1603,The Secret Garden,"loses A young British girl born and reared in India neglectful parents in an earthquake She. is returned to her Her uncle is England to live at. her uncle's castle due to the loss of his wife ten very distant begins exploring. the estate years, before Neglected once again she discovers a garden that has been locked and forgotten and. of the servants boys she begins' restoring, Aided by one other secrets, of the the garden and eventually discovers some manor.","[18, 10751, 14]",test
9989,Poltergeist III,"Aunt Carol Anne has been sent to live with her effort to hide her from the and Uncle in an Reverend Kane but he tracks her, clutches of the ghostly appartment in a down and terrorises her' in her relatives target and tall. glass building Will he finally achieve his Anne again or will, Tangina be able yet capture, Carol thwart, him again to?","[27, 53]",test
8535,1922,"conspires to murder his wife A simple yet proud rancher financial gain convincing, his teenage son to participate for.","[27, 80, 18, 9648, 53]",test
8708,Hitman: Agent 47,up with a woman to help her An assassin teams her father and uncover the mysteries of her ancestry find.,"[28, 80, 53]",test
2858,Your Fault,Noah and Nick seems unwavering despite their The love between separate' them But his job. and her parents attempts to to new relationships entry into college open up their lives relationship and that will shake the foundations of both their itself the Leister family.,"[10749, 18]",test
8086,All Good Things,"to elaborate, Newly-discovered facts court records and speculation are used true love story and murder mystery of the most the murder case in New York history notorious unsolved.","[9648, 53, 10749]",test
6753,Security,"veteran down on his, luck and desperate An ex-special services a security, guard at for work takes a job as town On a run-down mall in a rough area. of he opens the door his first, night on the job fled to a distraught and desperate young girl who has of a Police motorcade that was transporting her the hijacking in a trial Hot on to testify as. a witness team of her heels is the psychopathic hijacker and his eliminate, henchmen who will stop at nothing to extract and witness the.","[28, 53, 80]",test
2722,The Man Who Knew Infinity,"Ramanujan Iyengar earns Growing up, poor, in Madras India Srinivasa where he becomes a admittance to, Cambridge University during WWI theories with the guidance of his professor pioneer in mathematical, H.Hardy. G.","[18, 36]",test
6178,Cobweb,"mysterious constant Eight year old Peter is plagued by, a that his parents tapping from inside—his bedroom wall one is all in his imagination As. Peter's fear intensifies insist, could be hiding a terrible he believes that his parents, secret and questions their trustworthiness dangerous.",[27],test
57,The Quintessential Quintuplets Movie,"hire part-time When five lovely young girls who hate studying also tutor, Futaro he guides not only their education but closer with. their hearts Time spent has brought them, all within the girls and Futaro As they. finish feelings growing school their third year of high school and their last approaches they, set their sights on what’s next Is. festival with one of them and Futaro there a future?","[16, 35, 10749]",test
4650,Coma,"operations When relatively healthy patients begin 'having' complications during simple comas a concerned doctor defies, her and ending up in secret plot male superiors when she suspects a.","[53, 9648]",test
3683,Rescue Dawn,struggle of survival after being A US Fighter pilot's epic down on a mission over Laos during the Vietnam shot War.,"[12, 18, 10752]",test
7963,Journey to the Center of the Earth,"out what happened to his On a quest to find a scientist, his nephew, and their mountain guide missing brother fantastic and dangerous lost world in the center discover a earth of the.","[28, 878, 12, 35, 10751]",test
2275,The Names of Love,"way Bahia, Benmahmoud a free-spirited young, woman has a particular political engagement as she, doesn't hesitate to sleep of seeing them with those who don't agree with her to convert people as to - her cause which is a lot, of well all right-leaning people are. concerned, Generally it works pretty. she meets Arthur Martin a discreet forty-something, Until the day risks She imagines that with. a who doesn't like taking But name like, that he's got to be slightly. fascist deceitful and appearances deceiving names are.","[18, 35, 10749]",test
8384,Elvis & Nixon,"Elvis Presley, showed In 1970 a few, days before Christmas the White House lawn seeking to be deputized up on of Narcotics and Dangerous Drugs by the into the Bureau himself President.","[18, 35, 36]",test
2126,Lights Out,"prepares for bed but realizes, that something may A woman in the shadows be lurking.",[27],test
4528,Last Flag Flying,"War Larry Thirty years after serving together in the, Vietnam, different type of mission Sal and Richard reunite for a: a young Marine killed, in Iraq to bury Doc's son. trio take the, casket on a Forgoing the burial the the coast to New Hampshire along the bittersweet – trip up shared memories way reminiscing and coming to terms with the shape their lives of a war that continues to.","[18, 35]",test
8652,The Riot Club,University join a secret society Two first-year students at Oxford learn that their reputations can be made or destroyed and course of one evening over the.,[18],test
5581,Greta,"widow’s lost purse leading A young woman returns a, lonely unlikely relationship between the two until the — young to an widow might not be all that she woman discovers the seems.","[9648, 53, 18]",test
7976,Alien Nation,"years from now Earth will, have the first A few an alien civilization These aliens. known as, Newcomers contact with, society after years slowly begin to be integrated into human quarantine of.","[878, 80, 53]",test
452,Roman Holiday,"suffocating schedule touring European princess, Ann takes Overwhelmed by her while in Rome When a sedative off. for a night from her doctor kicks in however she, falls, she took is found by an asleep on a park bench and to his, American reporter, Joe Bradley who takes her back the next morning. Joe finds apartment for safety, At work identity and bets his editor he can out Ann's regal in get exclusive interview with, her but romance soon gets way the.","[10749, 35, 18]",test
9321,Captive State,"extraterrestrial force the Nearly a decade after occupation by, an neighborhood on both sides of the lives of a Chicago a working-class Chicago. neighborhood occupied by conflict are explored In for nine years increased surveillance and, the an alien force given rise to an authoritarian restriction of civil rights have among -- the populace system and dissent.","[878, 28, 53]",test
2136,Star Trek: First Contact,"on a, The Borg a relentless race, of cyborgs are away from direct course. for Earth Violating orders to stay Captain Picard, and the crew of the newly-commissioned the battle time to USS Enterprise E pursue the Borg back in from changing Federation history and assimilating the prevent the invaders galaxy.","[878, 28, 12, 53]",test
5207,Ninja: Shadow of a Tear,"the code of Fight everyone and: trust no one it's Casey Bowman after his life survival practiced by martial-arts master shattered by a savage act of of domestic bliss is fearless. American stealthily, tracks the killer violence Vowing revenge the Osaka to Bangkok to Rangoon with the help of from sensei His only clues a. series a wise: and crafty mark of strangulation of victims whose necks bear the distinctive avenge as well. as to by barbed wire Fighting to sharpen, his razor-like responses and take his survive Casey must level even using deep meditation battle, skills to the next fake his own death His. target the: sinister drug to streets with, deadly meth lord Goro who is flooding the jungle factory To prepare for his. cooked at his remote worthy ultimate, confrontation Casey must finally become an invisible warrior But just when his. prey is of the name Ninja Casey, that his battle is cornered an unexpected twist shows he truly: can trust no one only beginning.","[28, 80, 53]",test
3373,Emma.,"a well-meaning but, selfish young woman meddles In 1800s England love lives of her friends in the.","[35, 10749, 18]",test
4361,Wild Rose,"of making it A, young Scottish, singer Rose-Lynn Harlan dreams in Nashville after being released from as a country artist prison.","[10402, 35, 18]",test
8255,Sudden Death,is suddenly taken during a championship When a man's daughter demanding a – billion dollars by hockey game with the captors motion to – game's end he frantically sets a plan in impending explosion before the final rescue her and abort an buzzer.,"[28, 18, 53, 80]",test
9020,The Town that Dreaded Sundown,same small community where a A masked maniac terrorizes the struck decades earlier murderer known as the Phantom Killer.,"[53, 27]",test
9744,The Dead Don't Die,"sleepy town of Centerville the lives, of a In the interconnected characters are disrupted by the undead number of.","[35, 27, 14, 878]",test
1291,Prison Break: The Final Break,"Michael and: Sara wed. but the Prison Break, The Movie is short-lived when the Feds apprehend her for the happiness a hit is ordered, murder. of Michael's mother Christina Once to break, out the increasingly on Sara the team reunite target vulnerable.","[28, 18, 53]",test
4674,Fantomas Unleashed,"trilogy Fant mas kidnaps In the second episodeôof the scientist professor Marchand with the aim to develop a distinguished menace the world super weapon that will enable him to. secondôscientist Fant mas is also planning to abduct a, Lefebvre professor.","[35, 80, 12, 14]",test
3253,Say Anything...,"of, Lloyd an eternal, optimist seeks to capture the heart He, Diane an unattainable high school beauty and straight-A. student returns the sentiment But surprises just about everyone-including himself-when. she take Diane's, over-possessive divorced Dad disapproves and it's going to the power of love to conquer all more than just.","[10749, 35, 18]",test
2587,"Ruby Gillman, Teenage Kraken","school student, discovers Ruby Gillman a sweet and awkward, high kraken queens The she's a direct descendant of the. warrior sworn to protect the oceans of the world kraken are inherit the throne, against the. vain power-hungry mermaids Destined to grandmother Ruby must use, her newfound powers from her commanding she loves most to protect those.","[16, 10751, 14, 35]",test
5753,Harold & Kumar Go to White Castle,"get stoned Nerdy accountant Harold and his, irrepressible, friend Kumar and find themselves utterly bewitched by a commercial watching television the for White. Castle Convinced there must be one, nearby odyssey that takes them two set out on a late-night manage to run deep. into, New Jersey Somehow the boys of rednecks cops, and even a car-stealing Neil Patrick afoul sliders Harris before getting anywhere near their beloved.","[35, 12]",test
7793,Kin,"boy finds a powerful otherworldly weapon which he, A young to save his older adoptive brother from a crew uses of them. are also, of thugs Before long the two and mysterious mercenaries aiming to reclaim pursued by federal agents asset their.","[878, 28, 12, 53]",test
8698,Stuck Together,"the Parisian apartment building at 8 Seven families live in, and they didn’t - escape to the countryside Rue de l’Humanite the arrival of the coronavirus Three. months of life at will reveal the best and worst of these under lockdown neighbours.",[35],test
2524,"Are You There God? It's Me, Margaret.","family moves from New York City to New When her an, 11-year-old girl navigates new friends feelings, and, the Jersey adolescence beginning of.","[35, 18]",test
8467,Mars Needs Moms,"to When Martians suddenly abduct his, mom mischievous Milo rushes discovers why all moms are so special the rescue and.","[12, 16, 10751]",test
8225,12 Feet Deep,cover of an Two sisters are trapped under the fiberglass must brave the cold and Olympic sized public pool and the harrowing night each other to survive.,[53],test
7360,Short Circuit 2,"his Robot Johnny 5 moves to the city to help with his toy manufacturing enterprise only to friend, Ben Jahrvi for be manipulated by criminals who want to use him nefarious purposes their own.","[35, 10751, 878, 18]",test
7800,The Inbetweeners 2,"Will, and Simon receive an invite from Jay to Neil his gap year who join him in Australia whilst, on of the world ”With promises them it’s the sex”. capital to their hedonistic school their lives now rather dull compared lads holiday it’s an offer, they can’t days and legendary put. growing up, temporarily on-hold and refuse Once again, they on a backpacking holiday of a lifetime in an embark Mysterious Girl, Will soon awful car ‘inspired by’. Peter Andre’s with the lads to do something cultural finds himself battling, drinking girls and annoying whilst they focus, their, attention on travelers fellow.",[35],test
7262,Unknown Origins,"killer ruthlessly, murders, his In Madrid Spain a mysterious serial comic book victims by recreating the first appearance of several who. is, about to superheroes Cosme a veteran police inspector the, tormented inspector retire works on the case along with n andíhis own son Jorge El as DavidíValent, book store a nerdy young man who owns a comic.","[18, 53]",test
5690,The Vast of Night,"space-race two radio-obsessed teens discover At, the dawn of the frequency over the airwaves in what becomes the a strange history most important night of their lives and in the town of their small.","[18, 9648, 878, 53]",test
1613,Hedwig and the Angry Inch,"a personal Raised a boy in, East Berlin Hedwig undergoes to emigrate to the U S where transformation.in., order reinvents herself as an internationally 'ignored but' divinely talented she a beautiful, gender of 'one rock diva inhabiting'.","[35, 10402, 18]",test
1054,The Longest Day,"of June 6 1944 from, the, perspectives of The retelling Marshall the, Germans, US, British, Canadians and the Free. French established as, part of Erwin Rommel touring the defenses being that when the Reich's, Atlantic Wall notes to his officers invasion comes they must be stopped on the the Allied as. ""well as the Germans it beach For the, Allies day will be the longest""","[10752, 28, 18]",test
9170,The Order,"centuries a, secret Order of priests has existed within For Father Alex. Bernier is sent, the Church A, renegade priest death of one of to Rome to investigate the mysterious Order's most revered members Following. a series of strangely the that forces, him to similar killings Bernier launches an investigation unimaginable evil confront.","[14, 27, 9648, 53, 10749, 18]",test
446,The Notebook,"love story centered around an older man who An epic From a faded reads aloud to a. woman with Alzheimer's story, notebook the old man's words bring to life the is separated by World War II about a couple who, reunited seven years later after, they and is, then passionately paths have taken different.","[10749, 18]",test
6194,Da 5 Bloods,return to Vietnam They are in Four. African-American Vietnam veterans leader and search of the remains of their fallen squad of the promise of buried. treasure These heroes battle forces lasting ravages of humanity and nature while confronted by the of the Vietnam War the immorality.,"[10752, 18]",test
6702,Shrek the Halls,"tree isn't the only thing green in this The Christmas holiday classic Shrek. is back and trying to get new the spirit of the season After. promising Fiona and into they'll remember he is forced to, the kids a Christmas holiday But just when take a crash. course in the family Christmas he thinks he has everything for their quiet door just, right there is a knock at the.","[12, 16, 35, 14, 10751]",test
1526,Marty,"in, the Bronx with his Marty a butcher who lives at 34 Good-natured but socially. awkward he mother is unmarried get married faces constant badgering from family and friends to bachelorhood Marty meets Clara but has reluctantly. resigned himself to, teacher realising their emotional, connection he promises an, unattractive school but family and friends try to convince him to call to not.","[18, 10749]",test
6737,Looney Tunes: Back in Action,"Bunny Fed up with all the attention going to Bugs, Damien Daffy Duck quits, Hollywood teams up with recently-fired stuntman a round-the-world. adventure along with Drake Jr and, embarks on VP of Warner Bros Their mission Find. Bugs and? The the missing, blue diamond and stay one... Damien's father and wants the diamond step ahead of., The Acme Corp who own purposes for their.","[16, 35, 10751]",test
935,The Spirit of the Beehive,"in the, immediate aftermath of the Spanish Civil In 1940 living, on the Castilian plain is War a young girl a screening of James Whale's 1931 film haunted after attending from her sister that the monster is Frankenstein and hearing as a, spirit inhabiting a nearby not dead instead existing barn.","[18, 14]",test
4749,Maze Runner: The Scorch Trials,"challenge yet Thomas and his fellow Gladers face their greatest: clues about the mysterious and powerful organization known searching for Scorch a. as WCKD Their journey takes them to, the filled with unimaginable obstacles Teaming up. with resistance desolate landscape vastly, superior forces and fighters the Gladers take on WCKD’s all uncover its shocking plans for them.","[878, 28, 53, 12]",test
2642,The Broken Hearts Gallery,"who collects mementos from Lucy is a young gallery assistant discovers that. she must let go of her relationships She a her past to move, forward and comes up with to, help herself and others who have lovely artistic way heartbreak suffered.","[35, 10749]",test
141,Innocent Voices,"childhood in A, young boy attempting to have a normal dramatic fight 1980s, El Salvador is caught up in a to avoid the for his life when he desperately tries is raging all around him war that.","[18, 10752]",test
6091,The United States of Leland,"withdrawn young man Leland, Fitzgerald is imprisoned for the A who also happened to murder of, a mentally disabled boy community be the brother of his, girlfriend. Becky As the killing Pearl Madison a teacher struggles, to deal, with the to write about, Leland's case Meanwhile at the prison. decides, by the murder including Becky, and her sister others affected, with, their own problems Julie must contend.","[80, 18]",test
532,The Big Lebowski,"who 'only Jeffrey' The, Dude Lebowski a Los Angeles slacker for wants to bowl and drink White, Russians is mistaken wheelchair-bound millionaire and, finds himself dragged, another Jeffrey Lebowski a events involving nihilists adult film into a strange, series of large, sums, of money, producers ferrets errant toes and.","[35, 80]",test
704,How to Train Your Dragon: The Hidden World,"a peaceful dragon As Hiccup fulfills his dream of creating mate, draws’ the utopia Toothless discovery, of an untamed elusive mounts at home. and Hiccup’s Night Fury away When danger as village chief is tested both, dragon and rider reign to save their kind must make impossible decisions.","[16, 10751, 12]",test
1277,Escape from Alcatraz,"Morris is San, Francisco Bay, January. 18 1960 Frank Lee a transferred to, Alcatraz a maximum security prison located on Although no. one has ever managed to escape rocky island Frank and, other inmates begin to carefully prepare from there escape plan an.","[18, 53]",test
3806,Meet the Robinsons,"a, brilliant young inventor is, keen on creating a Lewis him in time machine to find, his mother who abandoned Things take. a turn when he meets Wilbur an orphanage his family Robinson and.","[16, 35, 10751]",test
6470,Kick-Ass 2,"insane bravery’ inspires a new wave of self-made After Kick-Ass Colonel masked, crusaders he joins a patrol led by the Stripes When these. amateur superheroes are hunted down Stars and The Mother Fucker — only the by Red Mist — reborn as prevent their annihilation blade-wielding Hit-Girl can.","[28, 12, 80]",test
7101,Unfriended: Dark Web,"​finds a cache of hidden files on When a 20-something his friends are, unwittingly thrust his new laptop he and dark web They soon discover into the. depths of the move and will go someone has been watching their every the dark web to unimaginable lengths to protect.","[27, 9648]",test
8133,Prey,compelled to leave their Christian missionary A young couple is threatened with death station in the Kalahari Desert after being militant gang After crashing their. aircraft they by an extremist for their lives must battle man and beast.,"[28, 53, 27]",test
2481,It's Only the End of the World,"after, a long Louis a, terminally ill writer returns home tell his family that he is dying absence to.",[18],test
5156,Fire in the Sky,"a group of men After clearing, brush for the government to town claiming their friend was abducted Despite. no return play no-one believes their apparent motive or, evidence of foul disappearance is treated as murder story and his.","[878, 18, 9648, 53, 14]",test
3418,Naked Lunch,"bug killer Bill Lee and his dead-eyed wife Joan, Blank-faced, Bill's pest poisons while lounging like to get high on poet pals After meeting. the devilish Dr Benway with. Beat, from a centipede Upon indulging Bill gets a. drug made, ends he accidentally kills, Joan takes orders from his, typewriter-turned-cockroach in a constantly mutating Mediterranean city and learns that up which he doesn't his hip friends have -- published his work writing remember.","[80, 18]",test
7481,El Conde,"two centuries Augusto Pinochet is a, After living for over the vultures around him… won't vampire ready to die but last bite let him go without one.","[14, 35, 27]",test
1109,Imagine Me & You,"in the audience During, her wedding ceremony Rachel notices Luce instantly drawn to her The two. women become and feels is a, close friends and when Rachel learns that Luce realizes, that despite her happy marriage to Heck lesbian she, she questions her sexual she. is falling for Luce As between, her stable relationship with Heck orientation Rachel must decide Luce and her exhilarating new romance with.","[18, 35, 10749]",test
9659,Sandy Wexler,"talent manager signs his first When a hapless but dedicated career finally starts to client, who actually has talent his off take.",[35],test
2155,A Monster Calls,to 12-year-old Conor encounters an ancient tree monster who proceeds cope with his mother's terminal illness and being help him school bullied in.,"[14, 12, 10751]",test
9842,The Flintstones,Stone Age family the Flintstones hit the big screen Modern the classic cartoon Fred helps in this live-action. version of an opportunity to repay. Barney adopt a child Barney sees Slate Mining tests its employees to find a him when But no. good deed goes unpunished new executive.,"[14, 35, 10751]",test
1476,Man on Fire,"operative John Creasy reluctantly accepts a job as Jaded ex-CIA bodyguard for a 10-year-old girl in Mexico City They. the and when she's, kidnapped clash at, first but eventually bond by fury and will stop at nothing to he's consumed life save her.","[28, 18, 53]",test
2743,Talk to Me,"conjure spirits When a group of friends discover how to become hooked on the, new using an embalmed hand they them, goes too far and unleashes thrill until one of supernatural forces terrifying.",[27],test
3742,Chicken Run: Dawn of the Nugget,chickens flock together to save poultry-kind A band of fearless unsettling new threat a nearby: farm that's cooking from an something suspicious up.,"[10751, 16, 12, 35]",test
2768,Seven Brides for Seven Brothers,"brings a wife, home In 1850 Oregon when a backwoodsman decide that they, want to his farm his six brothers married too to get.","[35, 18, 37]",test
5670,Reminiscence,"a rugged, and solitary veteran living in a Nicolas Bannister in near-future Miami flooded by rising, seas is an expert the chance to: relive a dangerous occupation he offers clients changes when he meets. any memory they desire His life young woman named Mae What begins. as a a mysterious found becomes a passionate love simple matter of lost and a. different client's memories implicate Mae in affair But when the a series of violent, crimes Bannister must delve through the past to uncover the truth about dark world of he fell for the woman.","[9648, 878]",test
1894,Eraserhead,"industrial environment First-time father Henry Spencer tries to survive his, unbearable screams of, his newly his angry girlfriend and the mutant child born.","[878, 27]",test
3695,Four Lions,"story of a group of British Four Lions tells the who push their abstract dreams of glory to the jihadists As the. wheels fly off and their, competing breaking point engaging and, entirely ideologies clash what emerges is (an emotionally farce) plausible.","[35, 80, 18]",test
276,Harry Potter and the Prisoner of Azkaban,"as Year three at Hogwarts means new fun and challenges art of approaching a Hippogriff transforming Harry learns the, delicate Boggarts into hilarity and even turning back time But. shape-shifting the the term also brings: danger soul-sucking Dementors hover over the, school an ally of the accursed He-Who-Cannot-Be-Named lurks within Sirius Black, escapes Azkaban And castle walls and fearsome. wizard all Harry will confront them.","[12, 14]",test
389,Heat,McCauley leads a top-notch crew on Obsessive master thief Neil daring heists throughout Los Angeles while determined detective Vincent various and respects Hanna pursues him. without rest Each man recognizes the other even though the ability and the dedication of their cat-and-mouse game may end in violence they are aware.,"[80, 18, 28]",test
2500,Monster,"emotionally scarred highway drifter shoots a sadistic trick who An killer rapes, her and ultimately becomes America's first female serial.","[80, 18]",test
4675,Sightless,"renders her blind Ellen withdraws from, the After an attack recover But soon. she plunges into paranoia unable world, to that her assailant has returned to terrorize to convince anyone hiding in plain sight her by.","[53, 27]",test
5163,The Hunger,"the gift of eternal Five-thousand-year-old vampire Miriam promises her lovers companion. for centuries, discovers that life When John, her cellist to seek he has suddenly begun, growing old he attempts Dr Sarah Roberts a researcher. on out, the help of of aging the mechanisms.","[27, 18]",test
7397,Stretch,to go straight and pay A hard-luck limo driver struggling job off a debt to his bookie takes on a sought-after ledger implicates some seriously with a crazed passenger whose criminals dangerous.,"[28, 35, 53]",test
1805,The Impossible,"December 2004 close-knit, family Maria Henry, and their three In begin their winter vacation in Thailand But. the day sons Christmas the, idyllic holiday turns into an incomprehensible nightmare after the when a terrifying roar rises from the depths of by, a wall of black water that devours sea followed her family face everything. in its path Though Maria and and courage ameliorate, their darkest hour unexpected displays of kindness terror their.","[18, 53, 36]",test
7148,Deadstream,"his followers A disgraced internet personality attempts to win back one night alone in a haunted house But by. livestreaming spirit his big when he accidentally pisses off, a vengeful life comeback event becomes a real-time fight for his.","[27, 35]",test
3272,The Lobster,"according to the In a, dystopian near, future single people to The Hotel where, laws of The City are, taken are obliged to find a romantic partner in forty-five they animals and sent off into days or are transformed into Woods The.","[35, 18, 10749]",test
1741,Braindead,"she's transformed When a Sumatran rat-monkey bites Lionel, Cosgrove's mother a zombie and begins killing and (transforming the) entire into keep things under control town while Lionel races to.","[27, 35]",test
992,The Anthem of the Heart,"girl had her voice magically taken away so A young people with it but her that she would, never hurt Will Naruse outlook changes when she encounters music. and friendship anthem of her heart be able to convey the?","[16, 18, 10402, 10749]",test
9001,Ricki and the Flash,"heroine who Meryl Streep stars as, Ricki Rendazzo a guitar of mistakes as she followed her dreams made a world shot at of. rock-and-roll stardom, Returning home Ricki gets a make things right as she redemption and a chance to the music with her family faces.","[35, 18, 10402]",test
3841,Isi & Ossi,"be any more different She's a Isi and: Ossi couldn't boxer from the billionaire's, daughter from Heidelberg he's a struggling town of Mannheim But. when Isi meets Ossi the, nearby of one two quickly realize that they can take advantage dates: the broke boxer to provoke her parents another She fund a long-desired chef training in and get them to He tries. to rip off the rich daughter New York finance his first professional boxing match Their. plans soon to two believe develop into emotional chaos that challenges everything the love to know about, money career and.","[10749, 35]",test
1575,Mr. Church,"friendship develops when a little girl and her A unique begins as dying mother inherit - a. cook. Mr Church What months instead spans an arrangement that should only, last six years fifteen.",[18],test
4004,The Night Comes for Us,"elite After sparing a girl's life during a, massacre an assassin is targeted by an onslaught of murderous gangsters Triad.","[28, 80, 53]",test
8695,Suburbicon,"of Suburbicon during the 1950s In the quiet family town, best and worst of humanity is hilariously reflected through the a home invasion the deeds of. seemingly ordinary people When deadly a, picture-perfect family turns to blackmail revenge, and turns murder.","[53, 80, 18, 9648]",test
9457,Earth Girls Are Easy,"Valerie is dealing with, her philandering In this musical comedy aé, trio, of aliens fianc Ted when she finds that the have crashed their spaceship into her swimming. pool Once women furry beings are shaved at her girlfriend's, salon the absorbing the native culture discover. three handsome men underneath After the dating, via television the spacemen are ready to hit Los Angeles scene in 1980s.","[35, 878, 10402, 10749]",test
9385,Semi-Pro,"star player Jackie Moon is, the, owner, promoter coach and Michigan Tropics of the American Basketball Association of the Flint (1976), before ABA the worst team in. the league In ABA collapses the, NBA plans to merge with the the the end of the best teams of the ABA at teams. will make the move season Only the top four If the Tropics want and the. worst teams will fold Jackie Moon must rally to make, it to the NBA start winning his team and.",[35],test
8987,Joe's Apartment,"York and A nice guy has just moved to New that he must share his run-down apartment with a discovers dancing cockroaches couple, thousand singing.","[35, 14]",test
1415,C.R.A.Z.Y.,"in a A young, French Canadian one of five boys struggles to reconcile conservative family in the, 1960s and 1970s father's values his emerging identity with his.","[35, 18]",test
6478,Hot Rod,"stunts is a, way of life For Rod Kimble performing, rather accident-prone Poor Rod cannot even. even though he is his stepfather Frank who beats him, get, any respect from Frank falls ill Rod up. in weekly sparring matches, When for devises his most outrageous stunt yet to raise money Rod will -- kick Frank's butt Frank's operation and then.","[35, 28]",test
9618,Dirty Dancing,"summer at a Catskills resort with her family Spending the, dance ""Frances"" Baby Houseman falls in love with the camp's the, same for, instructor Johnny Castle and nothing is ever family anyone in the Houseman.","[18, 10749]",test
2350,Frozen II,"Kristoff, and, Olaf head far into the forest Elsa Anna learn the truth about an ancient mystery of their to kingdom.","[10751, 16, 12, 35, 14]",test
4942,A Nightmare on Elm Street 3: Dream Warriors,"her wrists slashed During, a hallucinatory incident Kristen Parker has mother mistaking the, wounds by. dream-stalking monster, Freddy Krueger Her a psychiatric ward for, a suicide attempt sends her to, of similarly troubled teens where she joins a group.","[27, 53, 14]",test
1458,Balkan Line,"of Yugoslavia in 1999 the Yugoslav After the, NATO bombing region leaving Serbian people at army, pulls out of Kosovo mercy of the Albanian UCK A. small band of the airport and hold it soldiers must take, over the Slatina peacekeepers arrive until the Russian.","[18, 28, 10752]",test
7723,Jackass Presents: Bad Grandpa,"a journey across America with 86-year-old Irving Zisman is on most unlikely companion his: 8 year-old grandson Billy, the.",[35],test
8997,Vanity Fair,"and ruthless orphan Rebecca In, early 19th century England ambitious from the position of governess to the heights Sharp advances society of British.","[18, 10749]",test
4514,Don't Worry Darling,"are lucky to be living in the Alice and Jack of Victory the experimental, company town housing the idealized community Victory Project and their men who work for the top-secret idyllic. life begin to families But when cracks in their lurking, beneath appear exposing flashes of something much more sinister questioning exactly whatçthe, attractive fa ade Alice can’t help in Victory and why, they’re doing.","[878, 9648, 53]",test
8848,A Classic Horror Story,"camper crash into a tree When Five people travelling. by they were, driving on has been they recover the road and a wooden house replaced by an impenetrable forest.","[27, 9648]",test
7374,Blown Away,"tells the story of Jimmy Dove who works, Blown Away Boston bomb squad Shortly after. Dove leaves the for the bomb, that Dove force his partner is killed by a made by someone he knows thinks might have been.",[28],test
4010,Sleeper,"proprietor is, revived Miles Monroe a clarinet-playing health, food store 200 years into a future world in out of cryostasis regime order to help rebels fight an oppressive government.","[35, 878]",test
5486,The Fury of a Patient Man,"but she is unaware Quiet Jose, woos cafe worker Ana the purely romantic he has intentions other than.",[53],test
7473,Under the Riccione Sun,"on the crowded beaches of Riccione a group, While vacationing they grapple with relationship of teenagers becomes fast friends as and romance issues.","[35, 10749]",test
7071,Gemini Man,"elite 51-year-old assassin who's ready to Henry Brogan is an after completing his 72nd job His plans call. it quits turned upside down when he becomes the target of get move a mysterious operative who can seemingly predict his every. learns that the, man who's To his horror Brogan soon to kill him is a younger faster, cloned, version trying himself of.","[878, 28, 12, 53]",test
7029,I ♥ Huckabees,"team play detective but not, in the traditional A husband-and-wife helps. others, solve their existential sense Instead the happy duo night, wondering issues the kind that keep you up, at it all means what.","[35, 10749]",test
4653,Twitches,"at birth Camryn and, Alex meet by chance Twins separated time on their 21st birthday and discover for the first with the power to save their homeland of they're witches the evil that threatens it But when. Camryn Coventry from face the darkness alone will Coventry be, leaves Alex to multiply? their magic by standing doomed Or will the sisters together?","[35, 18, 10751, 14, 10770]",test
3016,Aladdin,street urchin named Aladdin embarks on a magical A kindhearted after finding a lamp that releases a wisecracking genie adventure power-hungry Grand Vizier vies for the same lamp while a their deepest wishes come that has the power to make true.,"[12, 14, 10749, 10751]",test
8194,Tracers,"messenger Wanted by the, mafia a New York City bike the world of parkour after meeting a beautiful escapes into stranger.",[28],test
9594,Budapest,in boring jobs become bachelor party Two best friends stuck in Budapest planners.,[35],test
6034,Hey Arnold! The Movie,document in Arnold and his friends must recover a stolen being bulldozed order to prevent the neighborhood from.,"[16, 35, 10751, 12, 18, 53]",test
9080,The Smurfs,"Smurfs When the evil wizard Gargamel chases the tiny blue their magical world out, of their village they tumble from into ours in -- fact smack, dab in the middle and high and stuck. in of Central Park Just three apples to the Big, Apple the Smurfs must find a way their village before Gargamel tracks them down get back to.","[16, 10751, 12, 35, 14]",test
5733,Saving Grace,"proper housewife, Grace Trevethyn finds herself Unexpectedly widowed prim and dire financial straits when she inherits massive debts her in husband had been accruing for years Faced. with losing late use her, talent for horticulture her house she decides to potent marijuana which can and hatches a plan to grow thus solving her financial be sold, at an astronomical price crisis.","[80, 35]",test
3927,Supernova,"and Tusker partners, of 20 years are, traveling across Sam and places England in their old RV, visiting friends family Tusker was diagnosed. with early-onset dementia from their past Since important two years, ago their time together is the most however their ideas.  thing they have As, the, trip progresses love for the future, clash secrets come, out and their is tested as never before Ultimately they for. each, other to love must confront the question of what it means in the face of Tusker’s illness one another.","[10749, 18]",test
5580,The Mask of Zorro,"twenty years since Don Diego de la It has been oppression in Alta California as the legendary Vega fought Spanish Zorro Having, escaped. from prison he transforms troubled romantic hero order to foil the bandit, Alejandro into his successor in of the tyrannical Don Rafael Montero who robbed him plans his precious daughter, of his freedom his wife and.","[28, 12]",test
2296,One Man Band,"one coin to make a wish at the piazza With who'd, fountain a peasant girl encounters two competing street performers way into their tip jars prefer the coin find its. is caught in, the, middle as The little girl Tippy one-man-bands a musical duel ensues between the.","[16, 35, 10751, 10402]",test
5976,Four Flies on Grey Velvet,"weird, Roberto a drummer in a rock, band keeps receiving being followed by a mysterious man One phone calls. and persecutor and night he manages to catch up with his to get him to talk but in the ensuing tries away but he struggle he. accidentally stabs him, He runs his troubles have just begun when the following day understands of him killing the he receives an envelope with photos friends. and trying to man Someone is killing all his for the murders frame him.","[27, 53, 9648]",test
3517,The Bob's Burgers Movie,"creates an enormous sinkhole right When a ruptured water main entrance indefinitely in front of, Bob's Burgers it blocks the a successful summer While’ and ruins the Belchers plans. for business afloat the Bob and Linda struggle to keep, the could save their kids try to solve a mystery that dangers mount. these underdogs help each, family's restaurant As the the other find hope and fight to get back behind belong, counter where they.","[16, 12, 10402, 35, 80, 18, 9648]",test
2050,Total Recall,"Douglas Quaid's obsession with the planet Mars leads Construction worker Recall a company that, manufactures memories When him to. visit wrong Doug can no longer, be his memory implant goes what is and isn't reality sure.","[28, 12, 878]",test
1426,The Discreet Charm of the Bourgeoisie,"upper-class sextet InñLuis Bu uel’s deliciously, satiric masterpiece an continually sits down to dinner but never, eats their attempts events both actual and thwarted by a vaudevillian mixture of imagined.",[35],test
6691,A Dangerous Method,"driven Seduced by the challenge of an impossible, case the Jung. takes the unbalanced yet beautiful Sabina Spielrein Dr Carl is the method. of his as his patient Jung’s weapon renowned, Sigmund Freud Both men. fall under Sabina’s master the spell.",[18],test
6945,The Gendarme in New York,Cruchot and his faithful comrades have been sent to Sergeant of Gendarmerie in N Y the International.Congress.,[35],test
728,Guy Ritchie's The Covenant,"his During the war in, Afghanistan a local interpreter risks carry an injured sergeant across miles of own life to terrain grueling.","[10752, 28, 53]",test
7850,Haunter,that is A teenager is stuck in a time loop same each time She must uncover. the not quite the but her actions have consequences for herself and others truth.,"[27, 9648, 53]",test
8524,All You Need is Crime,"make ends meet In, the present day three friends to for the ""places which"" were scenes invent a criminal tour vintage of the Banda della Magliana criminal, acts even with the. 1982 during the clothes Suddenly they are, catapulted in the real Banda, della Magliana which Spain World Cup, facing time had the control over illegal bets at that.",[35],test
4313,Smallfoot,finds something he thought didn't exist A bright young yeti—throws the. simple yeti a “human” News of this smallfoot might be out community into an uproar over what else village there in the big world beyond their snowy.,"[10751, 35, 12, 16]",test
148,Silenced,"actual events that took place at Gwangju Inhwa Based on hearing-impaired where young deaf, students were the School for the by faculty members over a victims of repeated sexual assaults 2000s period of five years in the early.",[18],test
4468,I Walked with a Zombie,"to voodoo in hopes A nurse in the Caribbean turns whose husband she's of, curing her patient a mindless woman with fallen in love.","[9648, 27, 18]",test
2699,"The Good, the Bad, the Weird","Manchuria and The story of three Korean outlaws in 1930s and Russian their dealings with the Japanese army and Chinese bounty. hunter the (Bad a hitman), bandits The (Good a), and the and (the Weird) a thief battle the army a race to use a treasure map to bandits in riches of legend uncover the.","[28, 12, 35, 37]",test
3028,Immortal Beloved,"of infamous classical composer Ludwig A chronicle of the life his painful struggle with hearing loss Following van Beethoven. and assistant Schindler searches for, an Beethoven's, death, in 1827 his as elusive woman referred to in the composer's love letters ""a series."" of immortal beloved As Schindler, solves the mystery troubled flashbacks reveal Beethoven's transformation from passionate young man to genius musical.","[18, 10402, 10749]",test
2474,The Princess and the Frog,"waitress desperate, to fulfill her dreams as a restaurant A on, a journey to turn a frog owner is set she has to prince back into, a human being but same problem after she kisses him face the.","[16, 10749, 14, 10751]",test
4080,AKA,steely special ops agent finds his morality put to A crime syndicate and unexpectedly the test when he infiltrates a son bonds with the' boss young.,[28],test
4455,Babysitting,"Marc Schaudel entrusts Looking for a baby-sitter, for the night of his employee Franck his son Remy to the care, doesn't know a. straight man But the thing that Marc, years old this weekend is that Franck is getting 30 is a very capricious child and that his son Remy. wife Claire are, awakened The next day Marc and his police Remy and Franck are by. a call from the devastated, The police finds missing and the. house is totally in the leftovers Marc Claire. and, the police a camera the day start watching the video that has been recorded the night and find out what happened to before during Remy Franck and.",[35],test
732,Accattone,provide for himself A pimp with no other means to life spiralling out of control when his prostitute finds his sent to prison is.,[18],test
9622,102 Dalmatians,"ready for a howling good time as an all Get heroes are unleashed in this new assortment of irresistible animal alliance the outrageous! Waddlesworth great family tail, In an unlikely - Rottweiler teams up with a parrot who - thinks he's a to - earn her spots Oddball an un-marked Dalmatian puppy eager! to outwit the Together they embark on a laugh-packed quest De Vil ever-scheming Cruella.","[10751, 35]",test
3629,Superman vs. The Elite,new The Man of Steel finds himself outshone by a contempt team of ruthless superheroes who hold his idealism in.,"[878, 16, 28]",test
7579,The Belko Experiment,are locked in their A group of eighty American workers by an unknown voice to participate in office and ordered game a twisted.,"[27, 53]",test
5666,Return of the Living Dead III,"results of a top secret Having recently witnessed the horrific life a distraught project to bring the dead, back to she's killed teenager performs the operation on his girlfriend after accident in a motorcycle.","[27, 10749]",test
1126,Bao,"nest syndrome gets An aging Chinese mother suffering from empty motherhood when one of her dumplings springs another chance at lively giggly dumpling boy to, life as a.","[16, 10751, 14]",test
3446,"Extremely Wicked, Shockingly Evil and Vile","Ted Bundy from the A chronicle of the, crimes of of his longtime girlfriend Elizabeth, Kloepfer who, refused to perspective about him for years believe the truth.","[18, 80]",test
5726,Bad Santa,"out Santa Claus Willie - T Soke is You'd. better watch you've been coming, to town and he doesn't care if favorite holiday tradition. is to fill naughty or nice Wille's with loot lifted from shopping malls across the his sacks year. his plot gets derailed by a country But this who's wisecracking store, detective a sexy, bartender and a kid the real Santa Claus convinced Willie is.","[18, 35, 80]",test
7407,The Yards,"contractors repair and rebuild In the, rail yards of Queens contracts are lucrative so. graft the city's subway, cars These rife When Leo Handler. gets out of and corruption are Olchin, one prison he finds his aunt married to, Frank battling with a minority-owned; firm of the big contractors he's contracts for.","[80, 18, 53]",test
5932,The Rebound,"discovering her husband's infidelity Sandy, leaves the suburbs and Upon into the city There. she, befriends Aram a, guy moves get a whose wife only married him so she could Sandy hires. Aram to be her nanny and green, card they it isn't long until Aram and Sandy find out their get along wonderfully and start to. date But is just a rebound relationship real, or is, it in fact of them for both?","[10749, 35]",test
6000,Stir Crazy,"Harry Monroe have no jobs New Yorkers Skip Donahue and no prospects so, they decide to flee the city and work elsewhere landing jobs, wearing woodpecker costumes to and find a bank When their feathery costumes. promote the opening of robbery they no are stolen and used in, a bank worry about employment they're sent to — prison longer have to.","[35, 80]",test
3539,The Way We Were,"their college days, Katie Morosky a Opposites, attract when, during Hubbell Gardiner a, feckless WASP Years, politically active Jew. meets they, meet later in the wake of World, War II attempt to make, once again and despite, their obvious differences other work their love for each.","[18, 10749]",test
2847,Greenland,"wife and, their young son embark John Garrity his estranged journey to find sanctuary as a planet-killing on a perilous of cities getting comet. hurtles toward Earth Amid terrifying accounts worst, in humanity levelled the Garritys experience the best and. to the global apocalypse approaches zero their As the, countdown desperate and last-minute flight to incredible trek culminates in a possible safe haven a.","[28, 12, 53, 878]",test
6716,The Expendables 2,"Church. reunites the Expendables for what should be an Mr but when, one of their men is murdered easy paycheck deep on the, job their quest for revenge puts them up against an unexpected threat in enemy territory and.","[28, 12, 53]",test
4167,Bill & Ted's Excellent Adventure,"high school buddies starting a band Bill and Ted are. their history class which They are also about to—fail to military school but receive means Ted would—be sent where their help, from Rufus a traveller from a future is the foundation for a perfect society With. the band to use of' Rufus time, machine Bill and Ted travel help various points in, history returning with important figures to their final history presentation them complete.","[12, 35, 878]",test
4963,The Boxtrolls,"raised by underground creatures called Boxtrolls comes An orphaned boy and out of his box to up from the sewers from the evil exterminator save his family and the town, Snatcher Archibald.","[16, 35, 10751, 14]",test
1456,Sin City,"tough Welcome to Sin. City This town beckons to the, Then the, corrupt the. brokenhearted Some call it… dark. Hard-boiled it home Crooked cops sexy there are — those who, call Some, are seeking. revenge others lust after, dames desperate vigilantes little, redemption and then there are those hoping for a both A. universe of unlikely and reluctant heroes still of do the right thing in a city that trying to care refuses to.","[80, 53]",test
1387,Running on Empty,"to The Popes are a family who haven't been able the late sixties use their real. identity for years In, in an effort the parents set a weapons lab afire war campaign Ever since then to hinder. the government's Vietnam, Popes have been on the run with the authorities the their eldest never. far behind Their survival is threatened when love with a girl and announces his, son falls in on his own terms wish to live his life.","[18, 10749, 80]",test
7015,The Three Caballeros,"he receives a box with three gifts For Donald's birthday and. inside The, gifts a movie, projector a pop-up, book through Mexico, a pinata each take Donald on wild adventures South America and.","[16, 10751, 10402]",test
2438,Beating Hearts,"teenager Clotaire falls for his schoolmate Jackie but Local, rebellious a darker destructive path After gang violence leads him. to every path, they've years apart the star-crossed lovers discover that back together taken leads them.","[10749, 80, 18]",test
8273,Gretel & Hansel,"long time ago in a distant fairy tale countryside A, little brother into a dark a young girl leads her food and work only to wood in desperate, search of evil stumble upon a nexus of terrifying.","[27, 14]",test
6741,Lady and the Tramp II: Scamp's Adventure,"Tramp's mischievous pup Scamp gets, fed, up with Lady and by life in a rules and restrictions imposed on him and, free lifestyle He family and longs for a. wild where he runs away from home and into the streets of stray dogs known as the Junkyard joins a ""pack pack's."" leader, takes an instant, disliking to Dogs Buster the Angel ""a"" junkyard the house-dog and considers. him, a rival and comfort of, pup Scamp's age longs for the safety family and the two become instant companions life in a. the wild and free life of a Will Scamp choose unconditional love of his family stray or the?","[10751, 16, 10749, 12]",test
6386,Game of Death,arts movie star must fake his death to A martial kill him find the people who are trying to.,"[18, 28, 53]",test
3406,Boy Erased,"a, Baptist pastor in a small Jared the son of outed to, his parents at age 19 American town is. gay conversion Jared is faced with: an ultimatum attend a his therapy – program or be permanently exiled and shunned by faith, family, friends and.",[18],test
7635,We're No Angels,to escape is' to pass Two escaped cons only prayer the police blockade themselves off as priests and pass by of Canada at the border into the safety.,"[35, 80]",test
62,Léon: The Professional,"hitéman, in New York has L on the, top an effective cleaner But when his ""earned"". a rep as a loose-cannon DEA agent next-door neighbors are wiped out by, becomes the unwilling custodian of 12-year-old Mathilda Before. long he, turn to revenge and she, considers following in Mathilda's thoughts on'séfootsteps L.","[80, 18, 28]",test
9345,Old People,woman who's returned home with her two kids to A must suddenly defend their lives against attend her sister's wedding a killing spree older people on.,[27],test
7311,Wimbledon,"never quite lived up to his Britain’s Peter Colt has stardom Once ranked as. high as number dreams of tennis world the journeyman veteran, has watched his 11 in the his confidence on the court number slip to 119 as Now on the.  eve, of his leaving slowly ebbs away he’s granted a wild card, the world of professional tennis, his final Wimbledon tournament make that allowing him…to play ever his final tournament.","[35, 10749]",test
8681,Child's Play 3,"after seemingly destroying the killer doll teen Andy, Eight years a military school and the spirit Barclay, is placed in quest and seek vengeance of Chucky returns to renew his of melted plastic after being recreated from a mass.","[27, 53]",test
4758,Silver Streak,"a rail trip from A somewhat daffy book editor on murdered Los Angeles to Chicago thinks that he sees a no man thrown from the. train When he can find believe him he starts doing, some investigating one who will accomplishes is to. get of his own But all that him the killer after.","[35, 80, 10749, 53, 28]",test
2188,The Texas Chain Saw Massacre,"to visit the Five friends head out to rural Texas On the way they. stumble across grave, of a grandfather to be a deserted house only to, discover what appears within Something armed. with a chainsaw something sinister.",[27],test
9278,Cosmopolis,"in a stretch limo during a riot Riding across Manhattan a haircut a 28-year-old billionaire asset, in order to get to crumble manager's life begins.",[18],test
9375,The House,"college When Scott and Kate Johansen’s daughter gets into the is until of her dreams it’s cause. for celebration, That scholarship they were counting Scott and Kate learn that the through and they’re now, on the hook on didn’t come help for tuition they can’t begin to. afford With the of of their friend and neighbor Frank also in need an illegal casino a major payday they decide to open risking everything together on, a Vegas-style in his suburban house at the door bacchanal, where money flows inhibitions are checked, off and all bets are.","[35, 80]",test
2504,Only Lovers Left Alive,"romance A depressed musician reunites with his. lover, However their, several centuries is disrupted by, the arrival already played over younger sister of her uncontrollable.","[18, 10749, 14]",test
7361,Sabrina,"grew up, at the Long, Sabrina Fairchild a chauffeur's daughter Larrabee family enchanted with their Island estate of the wealthy and wealth but she's especially enamored, sparkling world of privilege younger son David a, charming playboy After. the once of returns from a sojourn in Paris transformed into plain Sabrina woman she at long, last catches David's a glamorous young calculated. effort to manipulate David away from eye In a a more financially advantageous marriage formidable older her, and into to keep them apart brother Linus devises a plan.","[10749, 18, 35]",test
8890,21 & Over,"Jeff Chang has the most important interview of Brilliant student his birthday what.  his life tomorrow But today is, still friends evolves into starts off as a casual celebration with that risks to derail his life a night of debauchery plan.",[35],test
5301,Taxidermia,"same Grotesquely surreal offering charting three male generations of the pervert who, constantly seeks for new bizarre family including a obese speed eater, and a passionate kinds, of satisfaction an embalmer.","[18, 27, 35]",test
7172,Cold Prey,"friends snowboarding When one of them breaks, a leg five an abandoned ski in the Norwegian mountains take shelter in they’re not alone lodge and soon realize.","[27, 9648, 53]",test
44,Gabriel's Inferno: Part III,film adaption of the erotic The final part of the written by an anonymous Canadian author romance novel Gabriel's Inferno Reynard under the pen name Sylvain.,"[10749, 18]",test
5765,Indiana Jones and the Dial of Destiny,"era and approaching retirement Indy Finding, himself in a, new a world that seems to have wrestles with fitting into as the. tentacles of an all-too-familiar evil outgrown him But in the form of an old rival Indy, must return once more don his hat and pick up his whip an ancient and powerful artifact doesn't fall to make sure wrong hands into the.","[12, 28]",test
5260,Alan Partridge: Alpha Papa,"radio station is taken over When famous DJ Alan Partridge’s it sets in motion a, by a new media conglomerate which see Alan having to work with chain of events siege the police to defuse a potentially violent.",[35],test
9326,Horse Girl,"and A socially awkward woman with a fondness for arts lucid, crafts, horses and supernatural crime shows finds her increasingly trickling into her waking life dreams.",[18],test
202,Green Snake,"clutches Xiao While trying to free her sister from, Fahai's a dystopian city and meets a Qing winds up in his past life mysterious man who can't recall.","[16, 14, 28, 12]",test
7655,The Eiger Sanction,"doubles as a A classical art, professor and collector who to avenge, the professional assassin is coerced out of retirement of an old friend murder.","[28, 12, 18]",test
2662,"Ciao, Professore!","Tullio Sperelli a portly middle-aged A bureaucratic, snafu sends, Marco grade in, a poor town northern Italian to teach third Naples outside",[35],test
1696,Irma la Douce,"a naive policeman falls in love with a prostitute When, want her seeing other men and creates an he doesn’t be her only customer alter ego who’s to.","[10749, 35]",test
7162,Pacific Heights,renovate their dream house and A couple works hard to of their become landlords to pay. for it Unfortunately one own tenants has plans of his.,"[53, 18, 9648]",test
158,Palmer,"in prison former high school, football star After 12 years Palmer returns home to put his life back together Eddie—with Sam an outcast boy and forms, an unlikely bond troubled home But Eddie's. past threatens to ruin from a new life and family his.",[18],test
9686,School for Scoundrels,"dreams In the hope of winning the woman of his, Roger, Wadell enrolls in a secret confidence-building Amanda lovelorn meter-reader on. much more meaning when class The course's title takes his egomaniacal professor Dr P also wants. he discovers that begin a fierce. rivalry that quickly the same woman They insults get uglier spirals, out of control their pranks and try to prove who is the ultimate guy's as they guy.","[35, 10749]",test
3226,Climax,"troupe is lured to an empty school When a dance, drug-laced sangria causes their jubilant rehearsal to a bowl of as they try descend into a dark and explosive nightmare night and find who's—responsible before it's to—survive the late too.","[27, 18]",test
5555,A Cinderella Story,"the downtrodden Samantha Montgomery Routinely exploited, by her wicked stepmother beau is excited about the prospect of meeting her Internet school's Halloween dance at the.","[35, 10751, 10749]",test
8549,The Mexican,"given two, ultimatums Jerry Welbach, a reluctant bagman has been: is from his mob boss to travel to The first the Mexico and retrieve a priceless antique, pistol known ""as suffer""... the consequences The second. is from his Mexican or with the mob Jerry girlfriend Samantha to end his. association and in trouble with Samantha is better than figures alive heads south of the, the more permanent alternative so he border.","[28, 35, 80, 10749]",test
1608,Predestination,"on Predestination chronicles the life of a Temporal Agent sent intricate series of time-travel journeys designed to prevent future an on his final assignment killers. from, committing their crimes Now, stop the one criminal that has eluded the Agent must which him throughout time and prevent a devastating attack in will be lost thousands of lives.","[878, 53]",test
2571,No,"Chilean military, dictator Augusto Pinochet due to, international In 1988 on, his presidency pressure is forced to call a plebiscite. vote Yes or No ‘to’ Pinochet ‘extending’ The country will rule for another eight years Opposition. leaders for the his ‘young’ advertising executive Ren Saavedra No vote persuade, aé brash, odds with scant resources. to spearhead their, campaign Against all scrutiny by the despot’s minions Saavedra and and, while under team devise an audacious plan to win the election his set Chile free and.","[18, 36]",test
6950,The Cheetah Girls 2,"and Aqua A, K, A, Best friends, Galleria.Chanel.Dorinda. the opportunity of ""a the,"" girl band The Cheetahs get their way to Barcelona Spain to lifetime when, they, strut international music festival Along the way. the perform in, an ""the amigas"" Cheetahs learn, that although their paths are not one, another for the same they are lucky to have journey.","[10751, 35, 18, 10402, 10770]",test
8108,The Den,the habits of webcam chat users A young woman studying her apartment witnesses a brutal from the apparent safety of a nightmare in murder online and is quickly immersed in targeted for the which she and her loved ones are fate as the first victim same grisly.,"[27, 53, 9648]",test
1253,Barbie: Princess Charm School,"is Barbie stars as Blair, Willows a kind-hearted girl who Princess Charm School a magical modern: place chosen, to attend have tea parties, and proper that teaches dancing, how to Blair loves. her classes as well -- as the princess manners sprites and her new friends Princesses Hadley, and helpful magical discovers. that Blair Isla But when royal teacher Dame Devin lot like the kingdom’s missing princess she turns, looks a stop her from claiming the Blair’s world upside down to Blair. Hadley and, Delancy must find an enchanted throne Now in this charming and crown to prove Blair’s true identity princess story magical!","[10751, 16, 14]",test
5341,The Eagle Has Landed,"1943 that When the Nazi high command learns in late spending time at a country estate Winston Churchill will be to kidnap, the in Norfolk it hatches an audacious scheme negotiations prime minister and spirit him to Germany for enforced Hitler with.","[12, 18, 28, 53, 10752]",test
1474,Key Largo,"outside but it's nothing, compared to the A hurricane swells the hotel at Key Largo There sadistic. mobster, storm within Rocco holes up and - holds at gunpoint hotel owner Johnny his widowed, daughter-in-law Nora and ex-GI, Frank McCloud James Temple.","[80, 53]",test
3282,Cleopatra,"to hold on to the throne Cleopatra, seduces the Determined emperor Julius Caesar When. Caesar is murdered she, redirects Roman to her attentions to his, general Marc, Antony who vows has other—plans take power but Caesar’s successor.","[18, 36, 10749]",test
963,Boyz n the Hood,"ghetto drugs robberies In the middle of the, Los, Angeles these times Furious tries and. shootings dominate everyday, life During his son Tre to be a decent person to raise. on the, other hand have little, regard for Tre's friends a street the law and drag the entire neighborhood into war...","[80, 18]",test
8661,The Break-Up,"breaking-up point after their latest why can't Pushed 'to the for me argument Brooke you do this one?' little, thing is calls it quits with her boyfriend. Gary What follows hilarious series of remedies war, tactics overtures, and undermining a by – the former couple's friends and confidantes tricks all encouraged …is willing and the occasional! total stranger When neither ex solution to move out of their shared, apartment the only one of is to continue living as hostile roommates until point them reaches breaking.","[10749, 35]",test
4989,About a Boy,"a good-looking smooth-talking bachelor whose, primary goal Will Freeman is kind of responsibility But when in life is. avoiding any in order to meet attractive he invents an imaginary son from single, moms Will gets a hilarious lesson about life Marcus Now, as a bright but hopelessly geeky. 12-year-old, named cool Will struggles to teach Marcus the art of being, too old to grow Marcus teaches Will that you're never up.","[18, 35, 10749]",test
9883,Get a Job,"going as planned Life after college graduation is not exactly Jillian who find themselves lost in a for Will and strange jobs But with help. from their sea of increasingly they, soon discover that the most family friends and coworkers hilarious (adventures are) the ones that we don't important and coming see.","[18, 35]",test
3034,Maleficent,"life A, beautiful pure-hearted young, woman Maleficent has an idyllic kingdom until one day growing up in, a peaceable forest invading army threatens the harmony of the land when an. the land's fiercest protector but she She rises, to be to ultimately suffers a ruthless – betrayal an act that begins Maleficent faces turn her heart. into stone Bent, on revenge and as an epic battle with the invading King's, successor places a, curse upon his newborn infant Aurora a result. child grows Maleficent realizes, that Aurora holds the As the in the kingdom and to Maleficent's – true key to peace well happiness as.","[14, 12, 28, 10751, 10749]",test
2688,Kahaani,"city of Kolkata a woman Pregnant and alone, in the only to begins a relentless search for her, missing husband is what it seems find that nothing.","[9648, 53]",test
2482,Wonder Woman,Amazon princess comes to the world of Man in An World War to confront the the grips of the First of evil and bring an end to human conflict forces.,"[28, 12, 14]",test
4851,The Thieves,"South Korean thieves team up with a A gang of to steal a diamond necklace from a Hong Kong crew Macau As the cops close. in heavily-guarded casino safe in, resurface old — betrayals and — misunderstandings.","[28, 80]",test
8942,To the Wonder,"Neil come After falling in love, in Paris Marina and Oklahoma where, problems arise Their. church's Spanish-born pastor struggles to from his with, his faith while Neil encounters a woman childhood.","[18, 10749]",test
5456,Underworld: Evolution,"and the Lycans rages As the war between the vampires Selene, a, former member of the Death Dealers an (on hunts werewolves and Michael elite vampire special forces), unit that, work together in, an effort to unlock the werewolf hybrid bloodlines the secrets of their respective.","[14, 28, 53]",test
7706,God's Not Dead 2,"a question in When a high school teacher is asked in deep class, about Jesus her reasoned response lands her public square once trouble and could expel God from the all and for.",[18],test
7658,World Trade Center,"police officers struggle to survive when they become trapped Two September beneath the rubble of the World Trade Center on 2001, 11.","[18, 36, 53]",test
8952,Eight Legged Freaks,"that an The residents of a rural mining town discover little spiders to unfortunate chemical spill has caused hundreds of SUVs It's then up mutate overnight to. the size of mining engineer Chris McCormack and Sheriff Sam Parker to to an eclectic group of townspeople including, the Sheriff's young mobilize and, paranoid, radio announcer, Harlan, son Mike her daughter Ashley, beasts into battle against the bloodthirsty eight-legged.","[28, 35, 27, 53]",test
1644,"Jeanne Dielman, 23, quai du Commerce, 1080 Bruxelles","housewife does her daily chores and takes A lonely widowed of her apartment where she lives with her teenage care to, make ends meet son and turns the occasional trick. routines, begin to fall apart Slowly her ritualized daily.",[18],test
6621,Into the Labyrinth,"a kidnapping victim turns up alive after fifteen years When, try to piece together a profiler and a private investigator mystery the.","[53, 9648]",test
5564,Halloween II,"to kill stubborn survivor Laurie and taking a After failing former psychiatrist Dr Sam Loomis Michael bullet. or six, from the Haddonfield Memorial Hospital where Myers has followed Laurie, to her life The she's been' admitted for Myers attempt. on serial killers however institution proves to be particularly suited, to, Myers cuts stabs, and slashes his way through hospital as to reach his favorite victim staff.","[27, 53]",test
939,Another Round,a Four stagnant high school teachers decide to test out improve theory that maintaining a constant level of intoxication will overall lives their.,"[35, 18]",test
9245,I'm So Excited!,"gone wrong with the landing gear of a Something has Mexico City The group plane en route from. Madrid to the face of eccentric travelers on, the flight defenseless in outlandish crew, of danger indulge in, colourful confessionals while the to find ways to entertain them attempts.",[35],test
7335,Senseless,his senses enhanced by an experimental drug A student gets. option But abuse is not an.,"[35, 10749]",test
5848,The Tearsmith,"an orphanage Nica Adopted together after a tough childhood, in realize that unexpected but irresistible feelings pull them and Rigel together.","[10749, 18]",test
2053,Air,Jordan Discover the game-changing partnership between a then undiscovered Michael division which revolutionized the world of and Nike's fledgling basketball brand sports and culture with the Air Jordan.,"[18, 36]",test
1987,Jungle Cruise,"wisecracking. skipper Frank Dr Lily Houghton enlists the aid of to take her down the Amazon in his dilapidated Wolff for. an, ancient tree that holds boat Together they search that will change the – the power to heal a discovery of medicine future.","[14, 12]",test
9387,Snow Dogs,"Miami dentist inherits a team of sled dogs When a, learn the trade or lose his pack he's got to a crusty mountain man to.","[35, 10751, 12]",test
9452,Spinning Man,"Birch is a family man and esteemed professor at Evan police a distinguished. university When a female student goes, missing to be suspicious when crucial evidence Detective Malloy has reason her disappearance makes Evan the prime suspect in.","[9648, 53, 80]",test
8302,The Cable Guy,"apartment cable When recently single Steven moves into his, new Chip comes to hook him up and—doesn't let guy to. go, Initially Chip is just overzealous in his desire pal but when, Steven tries to end the be Steven's 'stalking', Steven friendship Chip shows his. dark side He begins, because no one else who's left to fend for himself capable of such behaviour can believe Chip's.","[35, 18, 53]",test
2994,Where the Heart Is,"to Novalee Nation is a 17-year-old Tennessee transient who has and grow up in a hurry when she's left pregnant on a roadside and takes refuge abandoned, by her boyfriend aisles of Wal-Mart Eventually some eccentric. but, in the friendly infant daughter 'helping' them kindly strangers adopt Novalee, and her odds and build a new life buck the.","[35, 18, 10749]",test
6884,¡Three Amigos!,are mistaken for A trio of unemployed silent film actors a small Mexican village in search of real heroes by to stop a malevolent bandit someone.,"[35, 37, 18]",test
1018,Butch Cassidy and the Sundance Kid,"outlaws As the west rapidly becomes, civilized a pair of pursued by a posse and in 1890s Wyoming find themselves to flee to South America in hopes of evading decide law the.","[12, 37, 80, 18, 36]",test
1296,All That Jazz,"the heap one Joe Gideon is at the top, of musical theater of the most successful directors and choreographers in. he can feel his world slowly collapsing around him But - obsession with work has almost destroyed his personal life his, him going and only his bottles of pills keep.",[18],test
4193,RETURN,by Norihiko Morinaga 8mm work directed.,[18],test
359,The Cure,"a, loner finds, a friend in Dexter an, eleven-year-old Erik to find a. cure for boy with AIDS They vow an eventful summer AIDS together and save Dexter's life in.","[18, 10751]",test
1979,The Judge,"successful lawyer returns to his hometown for his mother's A discover that his estranged father the town's funeral, only to is, suspected of murder judge.",[18],test
405,Death Note Relight 1: Visions of a God,"recap of Death Note episodes 1 26–with, alternate A rogue. shinigami Ryuk leaves his Death Note in footage When how far the, the human world he has no idea it will take his new-found power With one who. finds hand brilliant high school student, Light the Death Note in vows to rid the world of evil Yagami.","[10770, 80, 18, 14, 53, 16]",test
1050,The Curious Case of Benjamin Button,"Benjamin Button springs into, being as Born under unusual circumstances elderly man in a New Orleans nursing home and an birth he meets. ages in reverse Twelve years, after his his, Daisy a child who flits in and out of to be a dancer Though life as she grows. up unusual adventures over the course he has all sorts of is his relationship, with Daisy and of his life, it come together at the right the hope that they will drives, Benjamin forward time that.","[18, 14, 10749]",test
1495,Three Colors: White,"a marriage Polish immigrant Karol Karol finds himself out of, country when his French wife Dominique a job and, a, impotence Forced divorces him after six months due to. his they jointly owned to leave France after losing the business, enlists fellow Polish expatriate Miko ajłto smuggle him Karol their homeland back to.","[35, 18, 9648]",test
5427,The Addams Family,"to unravel when they face-off The Addams family's lives begin host while also, preparing against a treacherous greedy crafty reality-TV celebration for their extended family to arrive for a major.","[10751, 16, 35, 14]",test
5806,Act of Valor,"to rescue a kidnapped CIA operative When a covert mission S uncovers a chilling, plot an, elite highly trained.U. globe racing against SEAL team speeds to hotspots, around the attack the clock to stop a deadly terrorist.","[28, 53, 10752]",test
8208,Birth,"took Anna 10 years to recover from the death It her husband Sean, but, now she's on the verge of and finally moving on, However, of marrying her boyfriend. Joseph, party a young boy on the night, of her engagement turns up saying he, is her dead husband named Sean but. his knowledge reincarnated At first she, ignores the child her to of her former husband's life, is uncanny leading he might be telling the truth believe that.","[18, 9648]",test
9313,Playing for Keeps,sports star who's fallen on hard times starts A former in an attempt to get coaching his son's soccer team life together his.,"[35, 10749]",test
3279,The Northman,"a man Prince Amleth is on the verge of becoming brutally murdered by his uncle who when his father, is now kidnaps the boy's. mother Two decades, later Amleth is his mother a Viking who's on a mission to save, avenge his father kill his uncle and.","[28, 12, 14]",test
5095,Hellboy,"War II the Nazis In the final days, of World aid their dying cause attempt to use black magic to. camp where the ceremony is taking The Allies raid the a, baby demon who place but not before they summon dubbed Hellboy Sixty years is rescued by ""Allied"". forces and rather, than evil later Hellboy serves the cause of good Research Defense as an agent in the Bureau of & Paranormal, Sapien a merman with - psychic powers and along with, Abe with pyrokinesis - protecting America against dark, Liz Sherman a woman forces.","[14, 28]",test
9482,Hellboy,"defeat Nimue Merlin's Hellboy, comes to England where he, must will bring consort and the. Blood Queen But their battle of the world a fate he, desperately about the end turn away tries to.","[14, 27, 28, 12]",test
770,"I, Daniel Blake","carpenter who requires state, welfare after injuring A middle aged single, mother in a similar himself is joined by a scenario.",[18],test
8670,No One Gets Out Alive,of the American dream is forced An immigrant in search room in a boarding house and soon to take a she can't escape finds herself in a nightmare from which.,"[27, 9648, 53]",test
177,"“The Shorts” by Aldo, Giovanni and Giacomo","was the (""first"") I Corti, Shorts & by Aldo Giovanni Giacomo of the comedy trio with the, participation of stage show It was. recorded live at the Teatro Nuovo Marina Massironi Ferrara on 28 and 29 March 1996 Produced. by in direction, of Arturo Brachetti Agidi with the theatre.",[35],test
2246,Lean On Me,"over decaying Eastside High School When principal Joe Clark takes, graffiti-covered walls he's faced with students wearing gang colors and. turn the school Determined to do anything he must to doors, and demands around he expels, suspected drug dealers padlocks to effort and results from, students staff and. parents Autocratic fault this, real-life educator put it all on the a line.",[18],test
3333,Malcolm & Marie,"girlfriend return home from his As a filmmaker and his smoldering tensions, and painful revelations push them toward movie premiere reckoning a romantic.","[18, 10749]",test
1844,Dragon Ball: The Path to Power,"take A retelling of Dragon Ball's origin with a different and Kame-Sen'nin It also on, the, meeting of. Goku Bulma story but this time they retells; the Red Ribbon Army finding them find Goku rather than Goku.","[16, 12, 14]",test
2060,True Grit,"hired hand Following the murder of her father by a, the killer a 14-year-old farm girl sets out to capture. U S Marshal, To aid her she hires.the. toughest grit Reuben J—she can find 'a man'—with true. 'Cogburn' Rooster.","[18, 12, 37]",test
3195,The Ministry of Ungentlemanly Warfare,"Army assigns a group, During World War II the British to carry out a mission against the of competent soldiers a Nazi forces behind enemy... lines A true story about organization the Special Operations — Executive Founded by secret. British WWII Germans helped, to Winston Churchill their irregular warfare against the course of the war and gave, birth to change the operations modern black.","[28, 35, 10752]",test
6548,District 13: Ultimatum,"a mission Damien and Leito return to District 13 on bring peace to the troubled sector that is controlled to gang bosses before the city’s, secret services by five different solve the problem take drastic measures to.","[28, 53, 80]",test
8833,Coexister,"of his boss a music producer, decides Under the pressure consisting of a rabbi a to set up a, group make them sing the living priest and an imam to from. being together But the religious he recruits are far saints ...",[35],test
796,The Man from Nowhere,convoluted drug ring An ex-special agent is involved in a has. to save a drug smuggler's innocent daughter drama He parents fight from being the victim of' her.,"[28, 53, 80]",test
4116,Mean Creek,"trip for Teenagers living in small-town Oregon take a boat get an idea. to play a birthday celebration When they trick on the town bully it suddenly, goes a mean to deal. with the unexpected too far Soon they're forced actions consequences of their.","[80, 18]",test
8212,Orange County,"is a local surfer kid from Orange County Shaun Brumder of going to Stanford to become a writer who dreams get away from his dysfunctional family household Except and. to one complication after another starting when his, Shaun runs into rejected after his dim-witted guidance counselor sends in application is wrong form the.","[35, 18]",test
467,My Way,"a slim During the invasion of Normandy the photograph of in German uniform was found It transpired. that Korean man as a soldier in the Japanese the man had served, His incredible story inspired. director Kang Russian and German armies epic war drama Je-Gyu to create this.","[18, 28, 36, 10752]",test
3641,The Eight Hundred,"Chinese soldiers, fight under siege from In 1937 eight hundred completely a warehouse in the middle of the Shanghai, battlefield by the Japanese army surrounded.","[10752, 36, 18, 28]",test
3085,22 July,"terrorist Anders Behring Breivik, murdered On 22 July 2011 neo-Nazi Camp on 77 young people attending a Labour Party Youth focusesøUt ya Island outside of. Oslo This three-part story political leadership of, Norway and the on the, survivors the involved lawyers.","[80, 18, 36, 53]",test
1757,Twin Peaks: Fire Walk with Me,"the questionable town of Deer Meadow Washington, FBI, Agent In who murdered Desmond inexplicably disappears while hunting for the man and after a. teen girl The killer is, never, apprehended chillingly experiencing dark visions and supernatural, encounters Agent Dale Cooper Meanwhile in predicts that the culprit will claim. another, life more cozy town of Twin Peaks hedonistic, beauty Laura the hangs with lowlifes and seems destined for a grisly Palmer fate.","[18, 9648, 27]",test
3189,Death Note: The Last Name,"Death Note film franchise In the second installment of the, and faithful follower Misa Light Yagami meets a second Kira Light attempts to defeat Amane and. her Shinigami named Rem with Teru Mikami a Kira (follower and Kiyomi) L along Kira (follower but in) the end will Light Takada another a? Shinigami named Ryuk make all the win or will death difference in Light's victory or his ultimate?","[14, 53, 9648]",test
8097,The Gendarme and the Creatures from Outer Space,"finds himself trying to save the The bungling inspector Cruchot Tropez from some. oil-drinking humanoid aliens The residents of. St the aliens from the real people only way to tell, thirst for oil-products is that they, sound besides their constant garbage cans when you touch them Chaos is. like empty ahead.","[35, 878]",test
9101,The Tunnel,"water In, 2007 in the midst of the drought and has, unveiled plans to tap shortages the NSW State government of water trapped in into and recycle millions of litres just beneath the heart a network of abandoned train tunnels However the. government suddenly goes cold on the of Sydney it is not made public why There is. plan and homeless people who use the tunnel as shelter talk of states that, there are going missing even though the government there This and the silence. from, no homeless people in leads a journalist Natasha, to begin the, officials and ministers She and her crew an investigation. into a government cover-up Producer (Steve), Cameraman (and) Tangles Sound (Technichian decide) to Pete in the tunnel investigate the story.","[27, 53, 9648]",test
1656,Summer of 85,"dream of when you're 16-years-old and in What do you the 1980s A best a seaside resort in? Normandy in pact? Scooting off on adventures? on friend A lifelong teen a motorbike Living life at? breakneck speed a boat or? Because. you can't get a. No You dream of death save it bigger kick. than dying And that's why you the very end The. summer holidays are just beginning till, grew into himself and this story recounts how Alexis.","[10749, 18]",test
8274,What to Expect When You're Expecting,"of five couples Challenges of impending parenthood turn the lives unprepared for. the surprise demands upside down Two celebrities are pregnancy hormones; wreak havoc on a baby-crazy author while, of husband tries not to be outdone by his father her, with his young trophy wife a photographer's who's; expecting twins sure about his wife's adoption plans a one-time; husband isn't for rival food-truck owners hook-up results in a surprise pregnancy.","[10749, 35, 18]",test
5940,Star Trek: Generations,Picard and the crew of the Enterprise-D find Captain Jean-Luc who is themselves at odds with the renegade scientist Soran star systems Only one. man can help Picard destroying entire and he's been...dead for seventy-eight years stop Soran's scheme.,"[878, 28, 12, 53]",test
4725,Mermaids,"moving Fifteen-year-old Charlotte Flax is tired of her wacky mom different town any time she feels their family to a is necessary When. they move to a small Massachusetts it and Mrs Flax. begins dating a shopkeeper Charlotte, and town finally settle her, 9-year-old, sister Kate hope that they can when. Charlotte's attraction to an older man gets down But way the family, must learn to accept each in the who they truly are other for.","[35, 18, 10749]",test
6282,Borat Subsequent Moviefilm,"his journey across 14 years after making a film about risks life, and limb when he returns the USA Borat his young daughter and reveals to the United, States with political more about the, culture the COVID-19, pandemic and the elections.",[35],test
6195,Café Society,"Hollywood The story of a young man who arrives in the 1930s hoping to work in the film industry during, in the falls, in love and finds himself swept up of theé age vibrant caf society that defined the spirit.","[35, 18, 10749]",test
1033,Elemental,"air residents In a city, where, fire water land and and a, go-with-the-flow guy live together a fiery young woman they have in common: will discover something elemental how much.","[10751, 14, 35, 10749, 16]",test
7769,Blood Ties,"either side, of the law face off Two, brothers on in Brooklyn during the 1970s over organized crime.","[53, 80, 18]",test
6731,In a World...,"coach is motivated by her father the An underachieving, vocal of becoming king of, movie-trailer voice-overs to pursue her aspirations and family dysfunction. she a, voice-over star Amidst pride, sexism of a generation sets out to change the voice.",[35],test
5081,Martian Child,science fiction writer considers whether to adopt a A recently-widowed boy who says he's really hyper-imaginative 6-year-old abandoned and socially-rejected Mars from.,"[35, 18]",test
7639,Final Destination 5,"omnipresent as ever and is unleashed Death, is just as saves a group of coworkers from after one man’s premonition suspension bridge collapse But this. group of unsuspecting a terrifying survive and in a terrifying souls, was, never supposed to time the ill-fated, group frantically tries to discover race against to escape Death’s sinister agenda a way.","[27, 9648]",test
2157,Weekend,"his straight mates Russell After a drunken house party, with before closing time heads out to. a gay club Just what's expected to be just he picks up Glen but special a one-night stand becomes something, else something.","[18, 10749]",test
3203,Lee,"of photographer Elizabeth Lee Miller a ""fashion"" The, true story acclaimed war correspondent for Vogue magazine model who became an World War II during.","[36, 18, 10752]",test
2237,The Hours,"searching for more potent meaningful The story of three, women at. a different time and place lives Each is alive, their yearnings and their fears Their all are linked. by come together, in a surprising transcendent stories intertwine and, finally shared recognition moment of.",[18],test
2600,The Caine Mutiny,"signs of mental instability When a US Naval captain shows him of that jeopardize, his ship the first officer relieves and faces court martial for mutiny command.","[18, 10752]",test
9444,Airport '77,"in the Bermuda Triangle after a Flight 23 has crashed wrong Now the. surviving passengers must brave panic hijacking gone, a daring, slow leaks, oxygen depletion and more while attempting 200, feet underwater plan all while.","[28, 12, 18, 53]",test
6273,The Chronicles of Narnia: The Voyage of the Dawn Treader,"with their This time around Edmund and, Lucy Pevensie along a painting pesky cousin Eustace Scrubb find themselves swallowed into ship headed for the and on to a fantastic Narnian of the world very edges.","[12, 10751, 14]",test
